week,away,away_score,home,home_score,neutral,away_state,home_state
1,Archbishop Alter (Kettering),7,Kettering Fairmont (Kettering),24,0,,
1,Archbishop Carroll (Dayton),36,Ponitz Tech (Dayton),8,0,,
1,Canton Central Catholic (Canton),0,Perry (Massillon),35,0,,
1,Chardon (Chardon),29,Timber Creek (Orlando),7,0,,FL
1,Conneaut (Conneaut),29,Grand Valley (Orwell),26,0,,
1,Crestview (Columbiana),9,Western Reserve (Berlin Center),27,0,,
1,Elder (Cincinnati),28,Withrow (Cincinnati),6,0,,
1,Fairless (Brewster),21,Sandy Valley (Magnolia),14,0,,
1,Frontier (New Matamoras),34,Bridgeport (Bridgeport),38,0,,
1,Greenville (Greenville),7,Eaton (Eaton),23,0,,
1,Warren G Harding (Warren),19,Canton McKinley (Canton),26,0,,
1,Jackson-Milton (North Jackson),24,Mathews (Vienna),6,0,,
1,John F Kennedy (Warren),22,Liberty (Youngstown),19,0,,
1,John Hay (Cleveland),7,Lutheran East (Cleveland Heights),12,0,,
1,Niles McKinley (Niles),0,Howland (Warren),28,0,,
1,Mohawk (Sycamore),27,Calvert (Tiffin),28,0,,
1,North College Hill (Cincinnati),0,Jefferson (Delphos),33,0,,
1,Pandora-Gilboa (Pandora),7,Columbus Grove (Columbus Grove),35,0,,
1,Portsmouth (Portsmouth),15,Valley (Lucasville),12,0,,
1,River (Hannibal),13,Colonel Crawford (North Robinson),55,0,,
1,Shadyside (Shadyside),7,Martins Ferry (Martins Ferry),56,0,,
1,Shawnee (Lima),33,Lima Central Catholic (Lima),19,0,,
1,Walsh Jesuit (Cuyahoga Falls),37,Ursuline (Youngstown),35,0,,
1,Wynford (Bucyrus),13,Galion (Galion),49,0,,
1,IMG Academy (Bradenton),34,Corner Canyon (Draper),35,0,FL,UT
1,NFL Academy London (London),20,Massillon Washington (Massillon),35,1,UK,
1,Ada (Ada),15,Upper Scioto Valley (McGuffey),14,0,,
1,Africentric Early College (Columbus),38,West Jefferson (West Jefferson),14,0,,
1,Amanda-Clearcreek (Amanda),18,Linden McKinley (Columbus),21,0,,
1,Anna (Anna),37,Indian Lake (Lewistown),0,0,,
1,Ansonia (Ansonia),32,Riverside (De Graff),41,0,,
1,Antwerp (Antwerp),34,Montpelier (Montpelier),0,0,,
1,Arcadia (Arcadia),22,Cory-Rawson (Rawson),29,0,,
1,Arcanum (Arcanum),27,Covington (Covington),54,0,,
1,Ashland (Ashland),41,River Valley (Caledonia),27,0,,
1,Lakeside (Ashtabula),21,North (Eastlake),14,0,,
1,Athens (The Plains),28,Philo (Duncan Falls),14,0,,
1,Aurora (Aurora),42,Twinsburg (Twinsburg),6,0,,
1,Avon (Avon),42,St Ignatius (Cleveland),21,1,,
1,Avon Lake (Avon Lake),21,Strongsville (Strongsville),12,0,,
1,Barnesville (Barnesville),51,Fort Frye (Beverly),16,0,,
1,Bath (Lima),14,New Bremen (New Bremen),17,0,,
1,Beachwood (Beachwood),6,Orange (Pepper Pike),44,0,,
1,Beaver Local (East Liverpool),7,Struthers (Struthers),41,0,,
1,Bellbrook (Bellbrook),7,Tippecanoe (Tipp City),28,0,,
1,Beechcroft (Columbus),6,Eastmoor Academy (Columbus),26,0,,
1,Bellefontaine (Bellefontaine),48,Sidney (Sidney),21,0,,
1,Belmont (Dayton),0,Deer Park (Cincinnati),40,0,,
1,Berkshire (Burton),26,Cuyahoga Heights (Cuyahoga Heights),15,0,,
1,Bethel-Tate (Bethel),13,New Richmond (New Richmond),42,0,,
1,Bexley (Columbus),0,Franklin Heights (Columbus),12,0,,
1,Bishop Hartley (Columbus),48,Elyria Catholic (Elyria),28,0,,
1,Bishop Rosecrans (Zanesville),46,Beallsville (Beallsville),0,0,,
1,Bishop Watterson (Columbus),20,Big Walnut (Sunbury),0,0,,
1,Black River (Sullivan),12,Hillsdale (Jeromesville),44,0,,
1,Bloom-Carroll (Carroll),38,Chillicothe (Chillicothe),0,0,,
1,Bluffton (Bluffton),50,Benjamin Logan (Bellefontaine),3,0,,
1,Bowling Green (Bowling Green),7,Otsego (Tontogany),41,0,,
1,Bowsher (Toledo),6,Oak Harbor (Oak Harbor),44,0,,
1,Briggs (Columbus),12,Grandview Heights (Columbus),28,0,,
1,Brookfield (Brookfield),19,Hubbard (Hubbard),49,0,,
1,Brookside (Sheffield),26,Brooklyn (Brooklyn),0,0,,
1,Brookville (Brookville),42,Tri-County North (Lewisburg),6,0,,
1,Brunswick (Brunswick),27,Berea-Midpark (Berea),34,0,,
1,Brush (Lyndhurst),25,Lorain (Lorain),40,0,,
1,Bryan (Bryan),8,Van Wert (Van Wert),48,0,,
1,Buchtel (Akron),22,Hoover (North Canton),13,0,,
1,Buckeye Local (Rayland),6,Bellaire (Bellaire),38,0,,
1,Butler (Vandalia),49,Northmont (Clayton),20,0,,
1,Harrison Central (Cadiz),28,Claymont (Uhrichsville),13,0,,
1,Caldwell (Caldwell),19,Buckeye Trail (Lore City),21,0,,
1,Cambridge (Cambridge),13,Indian Creek (Wintersville),41,0,,
1,Canal Winchester (Canal Winchester),38,Thomas Worthington (Worthington),13,0,,
1,Canfield (Canfield),7,West Branch (Beloit),27,0,,
1,Cardinal (Middlefield),34,LaBrae (Leavittsburg),58,0,,
1,Carrollton (Carrollton),20,East Liverpool (East Liverpool),13,0,,
1,Catholic Central (Springfield),37,Bradford (Bradford),6,0,,
1,Cedarville (Cedarville),42,Fayetteville (Fayetteville),0,0,,
1,Centennial (Columbus),0,Westland (Galloway),42,0,,
1,Centerburg (Centerburg),21,Utica (Utica),6,0,,
1,Centerville (Centerville),31,Lakota East (Liberty Township),21,0,,
1,Chippewa (Doylestown),7,Wickliffe (Wickliffe),42,0,,
1,Cincinnati Country Day (Cincinnati),65,Summit Country Day (Cincinnati),27,0,,
1,Cincinnati Hills Christian Academy (Cincinnati),21,Columbus Academy (Gahanna),22,0,,
1,Circleville (Circleville),32,Warren (Vincent),27,0,,
1,Clay (Oregon),38,Sandusky (Sandusky),21,0,,
1,Clear Fork (Bellville),0,Perkins (Sandusky),55,0,,
1,Cleveland Central Catholic (Cleveland),0,Bay (Bay Village),33,0,,
1,Clinton-Massie (Clarksville),31,Waynesville (Waynesville),21,0,,
1,Cloverleaf (Seville),21,Buckeye (Medina),49,0,,
1,Clyde (Clyde),34,Bellevue (Bellevue),0,0,,
1,Thurgood Marshall (Dayton),6,Dohn Community (Cincinnati),14,0,,
1,Columbiana (Columbiana),38,Lowellville (Lowellville),51,0,,
1,Crestline (Crestline),44,Buckeye Central (New Washington),27,0,,
1,Crestwood (Mantua),20,Rootstown (Rootstown),2,0,,
1,Cuyahoga Valley Christian Academy (Cuyahoga Falls),21,Streetsboro (Streetsboro),29,0,,
1,Dalton (Dalton),34,Kirtland (Kirtland),55,0,,
1,Dawson-Bryant (Coal Grove),14,Greenup County (Greenup),37,0,,KY
1,Defiance (Defiance),34,Napoleon (Napoleon),35,0,,
1,Delta (Delta),55,Ayersville (Defiance),6,0,,
1,Dixie (New Lebanon),3,Perry (Lima),33,0,,
1,Dublin Coffman (Dublin),14,Whitmer (Toledo),42,0,,
1,Dunbar (Dayton),8,Hughes (Cincinnati),28,0,,
1,East (Akron),6,Chaney (Youngstown),21,0,,
1,East (Columbus),30,Meadowdale (Dayton),0,0,,
1,Dublin Jerome (Dublin),7,Westerville South (Westerville),14,0,,
1,Eastern (Reedsville),42,River Valley (Bidwell),0,0,,
1,East Knox (Howard),7,Northridge (Johnstown),8,0,,
1,Eastwood (Pemberville),38,Kenton (Kenton),35,0,,
1,Edgerton (Edgerton),26,Edon (Edon),36,0,,
1,Edgewood (Ashtabula),27,Garfield (Garrettsville),47,0,,
1,Edgewood (Trenton),3,Milford (Milford),33,0,,
1,Edison (Milan),47,Firelands (Oberlin),16,0,,
1,Edison (Richmond),40,Shenandoah (Sarahsville),42,0,,
1,Elgin (Marion),22,Cardington-Lincoln (Cardington),26,0,,
1,Elida (Elida),40,Rogers (Toledo),0,0,,
1,Ellet (Akron),8,Indian Valley (Gnadenhutten),51,0,,
1,Elyria (Elyria),7,Mayfield (Mayfield),16,0,,
1,Euclid (Euclid),12,Austintown-Fitch (Austintown),49,0,,
1,Evergreen (Metamora),35,Elmwood (Bloomdale),7,0,,
1,Fairbanks (Milford Center),21,Jonathan Alder (Plain City),35,0,,
1,Fairborn (Fairborn),33,Tecumseh (New Carlisle),0,0,,
1,Fairport Harding (Fairport Harbor),40,Leetonia (Leetonia),7,0,,
1,Fairview (Fairview Park),0,Clearview (Lorain),34,0,,
1,Federal Hocking (Stewart),0,Green (Franklin Furnace),42,0,,
1,Bishop Fenwick (Franklin),13,Franklin (Franklin),22,0,,
1,Findlay (Findlay),21,Central Catholic (Toledo),54,0,,
1,Finneytown (Cincinnati),14,Clermont Northeastern (Batavia),16,0,,
1,Firestone (Akron),34,Cuyahoga Falls (Cuyahoga Falls),0,0,,
1,Fredericktown (Fredericktown),30,Highland (Marengo),28,0,,
1,Fremont Ross (Fremont),11,Tiffin Columbian (Tiffin),27,0,,
1,Gallia Academy (Gallipolis),19,Meigs (Pomeroy),26,0,,
1,Garfield Heights (Garfield Heights),22,Lutheran West (Rocky River),9,0,,
1,Genoa Area (Genoa),14,Archbold (Archbold),27,0,,
1,Girard (Girard),56,Jefferson Area (Jefferson),25,0,,
1,Glenville (Cleveland),6,Upper Arlington (Upper Arlington),0,0,,
1,Granville (Granville),47,Marion-Franklin (Columbus),12,0,,
1,Green (Uniontown),24,Dover (Dover),28,0,,
1,Greenon (Enon),0,Miami East (Casstown),33,0,,
1,Hamilton Township (Columbus),21,Whitehall-Yearling (Whitehall),0,0,,
1,Hardin Northern (Dola),33,Arlington (Arlington),53,0,,
1,Delaware Hayes (Delaware),28,Buckeye Valley (Delaware),14,0,,
1,Hicksville (Hicksville),6,Patrick Henry (Hamler),47,0,,
1,Highland (Medina),31,Hudson (Hudson),24,0,,
1,Hilliard Bradley (Hilliard),7,Groveport Madison (Groveport),28,0,,
1,Hilliard Darby (Hilliard),13,Anthony Wayne (Whitehouse),35,0,,
1,Hillsboro (Hillsboro),39,Western Brown (Mount Orab),42,0,,
1,Holy Name (Parma Heights),0,Lakeview (Cortland),33,0,,
1,Hopewell-Loudon (Bascom),27,Carey (Carey),22,0,,
1,Huntington (Chillicothe),28,East Clinton (Sabina),14,0,,
1,Independence (Columbus),22,Central Crossing (Grove City),29,0,,
1,Independence (Independence),20,Columbia (Columbia Station),41,0,,
1,Indian Hill (Cincinnati),30,Roger Bacon (St Bernard),17,0,,
1,Ironton (Ironton),37,Wheelersburg (Wheelersburg),7,0,,
1,Jackson (Jackson),42,Logan (Logan),7,0,,
1,Jackson (Massillon),13,Mentor (Mentor),36,0,,
1,John Adams (Cleveland),28,Woodward (Toledo),8,0,,
1,Johnstown (Johnstown),38,Zanesville (Zanesville),0,0,,
1,Kenston (Chagrin Falls),18,Boardman (Youngstown),19,0,,
1,Lake (Millbury),34,Leipsic (Leipsic),22,0,,
1,Lake (Uniontown),36,McKeesport (McKeesport),35,1,,PA
1,Lake Catholic (Mentor),14,Cardinal Mooney (Youngstown),0,0,,
1,La Salle (Cincinnati),20,Colerain (Cincinnati),7,0,,
1,Lehman Catholic (Sidney),27,St John's (Delphos),54,0,,
1,Lexington (Lexington),14,Ontario (Ontario),31,0,,
1,Liberty-Benton (Findlay),34,Ottawa-Glandorf (Ottawa),6,0,,
1,Liberty Union (Baltimore),7,Heath (Heath),50,0,,
1,Licking Heights (Pataskala),21,Newark (Newark),31,0,,
1,Little Miami (Morrow),0,Springboro (Springboro),31,0,,
1,Logan Elm (Circleville),33,Zane Trace (Chillicothe),27,0,,
1,Loudonville (Loudonville),24,Mapleton (Ashland),32,0,,
1,Loveland (Loveland),7,Harrison (Harrison),40,0,,
1,Madeira (Cincinnati),26,Batavia (Batavia),21,0,,
1,Madison (Middletown),0,Preble Shawnee (Camden),52,0,,
1,Madison Comprehensive (Mansfield),14,Shelby (Shelby),40,0,,
1,Madison-Plains (London),19,Westfall (Williamsport),29,0,,
1,Manchester (New Franklin),41,Coventry (Akron),0,0,,
1,Manchester (Manchester),38,Pendleton County (Falmouth),15,0,,KY
1,Maple Heights (Maple Heights),34,North Royalton (North Royalton),23,0,,
1,Mariemont (Cincinnati),14,Oakwood (Dayton),21,0,,
1,Marietta (Marietta),13,Morgan (McConnelsville),12,0,,
1,Marion Local (Maria Stein),45,Linton-Stockton (Linton),6,0,,IN
1,Marlington (Alliance),24,Warrensville Heights (Warrensville Heights),12,0,,
1,Marysville (Marysville),13,Olentangy Orange (Lewis Center),49,0,,
1,Mason (Mason),10,Gahanna Lincoln (Gahanna),24,0,,
1,Maumee (Maumee),41,Springfield (Holland),8,0,,
1,Maysville (Zanesville),0,John Glenn (New Concord),42,0,,
1,McClain (Greenfield),8,Adena (Frankfort),24,0,,
1,McDonald (McDonald),35,Champion (Warren),9,0,,
1,Archbishop McNicholas (Cincinnati),16,Steubenville (Steubenville),18,0,,
1,Meadowbrook (Byesville),12,Tri-Valley (Dresden),43,0,,
1,Mechanicsburg (Mechanicsburg),21,Kenton Ridge (Springfield),35,0,,
1,Campbell Memorial (Campbell),48,St Thomas Aquinas (Louisville),0,0,,
1,Miamisburg (Miamisburg),10,Chaminade Julienne (Dayton),21,0,,
1,Miami Valley Christian Academy (Cincinnati),0,Grove City Christian (Grove City),42,0,,
1,Middletown (Middletown),28,Troy (Troy),18,0,,
1,Mifflin (Columbus),8,West (Columbus),56,0,,
1,Miller (Corning),33,Eastern (Beaver),34,0,,
1,Millersport (Millersport),20,New London (New London),34,0,,
1,Milton-Union (West Milton),0,Versailles (Versailles),33,0,,
1,Mineral Ridge (Mineral Ridge),27,Pymatuning Valley (Andover),38,0,,
1,Minford (Minford),12,Rock Hill (Ironton),28,0,,
1,Minster (Minster),49,Fort Loramie (Fort Loramie),21,0,,
1,Mississinawa Valley (Union City),12,Waynesfield-Goshen (Waynesfield),36,0,,
1,Archbishop Moeller (Cincinnati),38,Princeton (Cincinnati),21,0,,
1,Mogadore (Mogadore),12,Field (Mogadore),14,0,,
1,Monroe (Monroe),35,Goshen (Goshen),0,0,,
1,Monroe Central (Woodsfield),59,Belpre (Belpre),12,0,,
1,Monroeville (Monroeville),45,Lakota (Kansas),13,0,,
1,Mount Vernon (Mount Vernon),27,Marion Harding (Marion),31,0,,
1,National Trail (New Paris),14,Bethel (Tipp City),41,0,,
1,New Albany (New Albany),21,Lebanon (Lebanon),28,0,,
1,Newcomerstown (Newcomerstown),42,Berne Union (Sugar Grove),7,0,,
1,New Lexington (New Lexington),49,Fairfield Union (Lancaster),7,0,,
1,New Philadelphia (New Philadelphia),12,Louisville (Louisville),7,0,,
1,Newton Falls (Newton Falls),14,East Palestine (East Palestine),45,0,,
1,Nordonia (Macedonia),41,Bedford (Bedford),6,0,,
1,North (Akron),8,Lancaster (Lancaster),38,0,,
1,Northeastern (South Vienna),35,Urbana (Urbana),44,0,,
1,Northridge (Dayton),12,Greeneview (Jamestown),34,0,,
1,North Ridgeville (North Ridgeville),48,North Olmsted (North Olmsted),0,0,,
1,Norwalk (Norwalk),26,Start (Toledo),7,0,,
1,Northwest (Canal Fulton),29,Norton (Norton),14,0,,
1,Northwest (McDermott),0,Piketon (Piketon),26,0,,
1,Northwestern (West Salem),14,Keystone (La Grange),62,0,,
1,Norwayne (Creston),21,St Clairsville (St Clairsville),28,0,,
1,Notre Dame-Cathedral Latin (Chardon),7,Riverside (Painesville),31,0,,
1,Oberlin (Oberlin),0,Plymouth (Plymouth),31,0,,
1,Olentangy Liberty (Powell),28,Olentangy (Lewis Center),0,0,,
1,Olmsted Falls (Olmsted Falls),16,Solon (Solon),13,0,,
1,Orrville (Orrville),41,Wooster (Wooster),18,0,,
1,Ottawa Hills (Toledo),7,Gibsonburg (Gibsonburg),26,0,,
1,Padua Franciscan (Parma),34,Alliance (Alliance),6,0,,
1,Paint Valley (Bainbridge),28,Blanchester (Blanchester),14,0,,
1,Parkway (Rockford),7,Crestview (Convoy),49,0,,
1,Paulding (Paulding),34,Swanton (Swanton),0,0,,
1,Perry (Perry),42,Madison (Madison),10,0,,
1,Perrysburg (Perrysburg),28,St Francis de Sales (Toledo),21,0,,
1,Piqua (Piqua),20,Lima Senior (Lima),35,0,,
1,Pleasant (Marion),44,North Union (Richwood),0,0,,
1,Portsmouth West (West Portsmouth),0,Fairland (Proctorville),34,0,,
1,Purcell Marian (Cincinnati),28,Williamsburg (Williamsburg),35,0,,
1,Ravenna (Ravenna),7,Kent Roosevelt (Kent),14,0,,
1,Reading (Reading),33,Woodward (Cincinnati),0,0,,
1,Reynoldsburg (Reynoldsburg),30,Dublin Scioto (Dublin),7,0,,
1,Rhodes (Cleveland),0,Hawken (Gates Mills),42,0,,
1,Ridgedale (Morral),14,Hilltop (West Unity),13,0,,
1,Ridgemont (Mt Victory),19,Spencerville (Spencerville),29,0,,
1,Ridgewood (West Lafayette),42,Coshocton (Coshocton),2,0,,
1,Rittman (Rittman),35,Strasburg-Franklin (Strasburg),22,0,,
1,Riverdale (Mt Blanchard),13,Bucyrus (Bucyrus),6,0,,
1,River View (Warsaw),0,Garaway (Sugarcreek),56,0,,
1,Rocky River (Rocky River),35,Harvey (Painesville),13,0,,
1,Ross (Hamilton),14,Wyoming (Cincinnati),28,0,,
1,Rossford (Rossford),21,Northwood (Northwood),14,0,,
1,St Charles (Columbus),28,West Carrollton (West Carrollton),0,0,,
1,St Edward (Lakewood),28,Pickerington North (Pickerington),0,0,,
1,St Francis DeSales (Columbus),10,Olentangy Berlin (Delaware),17,0,,
1,St Henry (St Henry),14,St Marys Memorial (St Marys),33,0,,
1,St John's Jesuit (Toledo),21,Wapakoneta (Wapakoneta),35,0,,
1,Villa Angela-St Joseph (Cleveland),42,GlenOak (Canton),7,0,,
1,St Paul (Norwalk),0,Huron (Huron),38,0,,
1,St Vincent-St Mary (Akron),21,Mansfield Senior (Mansfield),14,0,,
1,St Xavier (Cincinnati),13,Lakota West (West Chester),17,0,,
1,Salem (Salem),10,Poland Seminary (Poland),28,0,,
1,Scott (Toledo),12,Allen East (Harrod),46,0,,
1,Seneca East (Attica),35,Crestview (Ashland),20,0,,
1,Shaw (East Cleveland),7,Normandy (Parma),31,0,,
1,Shawnee (Springfield),34,Stebbins (Riverside),35,0,,
1,Sheridan (Thornville),7,Licking Valley (Newark),30,0,,
1,Shroder (Cincinnati),46,Norwood (Norwood),16,0,,
1,Smithville (Smithville),17,Tuslaw (Massillon),0,0,,
1,Canton South (Canton),7,Benedictine (Cleveland),43,0,,
1,South (Columbus),13,Celina (Celina),55,0,,
1,South (Willoughby),14,Shaker Heights (Shaker Heights),28,0,,
1,South Central (Greenwich),7,Willard (Willard),32,0,,
1,Southeastern (Chillicothe),46,Sciotoville Community (Portsmouth),8,0,,
1,Southeastern Local (South Charleston),6,Northwestern (Springfield),41,0,,
1,South Gallia (Crown City),20,Southern (Racine),38,0,,
1,South Point (South Point),0,Boyd County (Ashland),38,0,,KY
1,Springfield (Akron),0,Waterloo (Atwater),28,0,,
1,Springfield (New Middletown),14,South Range (Canfield),42,0,,
1,Amherst Steele (Amherst),34,Copley (Copley),18,0,,
1,Stow-Munroe Falls (Stow),14,Medina (Medina),42,0,,
1,Sycamore (Cincinnati),7,Kings (Kings Mills),42,0,,
1,Sylvania Southview (Sylvania),42,Sylvania Northview (Sylvania),0,0,,
1,Symmes Valley (Willow Wood),28,Chesapeake (Chesapeake),37,0,,
1,Taft (Cincinnati),43,Pleasure Ridge Park (Louisville),0,0,,KY
1,Talawanda (Oxford),7,Taylor (Cleves),21,0,,
1,Tallmadge (Tallmadge),13,Brecksville-Broadview Heights (Broadview Heights),7,0,,
1,Teays Valley (Ashville),7,Grove City (Grove City),42,0,,
1,Tinora (Defiance),0,Liberty Center (Liberty Center),38,0,,
1,Toronto (Toronto),41,East Canton (East Canton),0,0,,
1,Triad (North Lewisburg),19,Mount Gilead (Mount Gilead),46,0,,
1,Trimble (Glouster),14,Nelsonville-York (Nelsonville),21,0,,
1,Tri-Village (New Madison),56,Troy Christian (Troy),0,0,,
1,Trotwood-Madison (Trotwood),0,Cleveland Heights (Cleveland Heights),6,0,,
1,Turpin (Cincinnati),31,Oak Hills (Cincinnati),34,0,,
1,Twin Valley South (West Alexandria),7,Carlisle (Carlisle),52,0,,
1,Union Local (Belmont),34,Southern (Salineville),20,0,,
1,United (Hanoverton),27,Minerva (Minerva),0,0,,
1,University School (Hunting Valley),7,Geneva (Geneva),27,0,,
1,Upper Sandusky (Upper Sandusky),14,Northmor (Galion),48,0,,
1,Valley Forge (Parma Heights),14,Gilmour Academy (Gates Mills),49,0,,
1,Valley View (Germantown),0,Coldwater (Coldwater),38,0,,
1,Van Buren (Van Buren),38,Fostoria (Fostoria),0,0,,
1,Vanlue (Vanlue),14,North Baltimore (North Baltimore),56,0,,
1,Vermilion (Vermilion),26,Margaretta (Castalia),0,0,,
1,Vinton County (McArthur),8,Unioto (Chillicothe),45,0,,
1,Wadsworth (Wadsworth),42,Barberton (Barberton),0,0,,
1,Waite (Toledo),6,Port Clinton (Port Clinton),55,0,,
1,Walnut Ridge (Columbus),8,Northland (Columbus),6,0,,
1,Washington (Washington Court House),6,London (London),51,0,,
1,Waterford (Waterford),40,Alexander (Albany),0,0,,
1,Wauseon (Wauseon),12,Fairview (Sherwood),30,0,,
1,Waverly (Waverly),28,Miami Trace (Washington Court House),23,0,,
1,Wayne (Huber Heights),31,Fairfield (Fairfield),13,0,,
1,Waynedale (Apple Creek),35,Tuscarawas Valley (Zoarville),41,0,,
1,Wayne Trace (Haviland),6,Fort Recovery (Fort Recovery),20,0,,
1,Wellington (Wellington),23,Western Reserve (Collins),34,0,,
1,Wellston (Wellston),15,Oak Hill (Oak Hill),7,0,,
1,Western Hills (Cincinnati),8,Walnut Hills (Cincinnati),30,0,,
1,Westerville North (Westerville),34,Westerville Central (Westerville),0,0,,
1,West Clermont (Cincinnati),20,Mount Healthy (Cincinnati),18,0,,
1,West Geauga (Chesterland),15,Chagrin Falls (Chagrin Falls),17,0,,
1,West Holmes (Millersburg),7,Triway (Wooster),17,0,,
1,Westlake (Westlake),14,Midview (Grafton),34,0,,
1,West Liberty-Salem (West Liberty),42,Graham Local (St Paris),14,0,,
1,West Muskingum (Zanesville),42,Lakewood (Hebron),0,0,,
1,Wilmington (Wilmington),30,Northwest (Cincinnati),0,0,,
1,Windham (Windham),49,Lisbon David Anderson (Lisbon),6,0,,
1,Winton Woods (Cincinnati),16,Springfield (Springfield),6,0,,
1,Woodmore (Elmore),37,North Central (Pioneer),0,0,,
1,Woodridge (Peninsula),6,Revere (Richfield),7,0,,
1,Harvest Prep (Canal Winchester),24,Pickerington Central (Pickerington),21,0,,
1,Worthington Christian (Worthington),21,Danville (Danville),50,0,,
1,Worthington Kilbourne (Columbus),16,Watkins Memorial (Pataskala),13,0,,
1,Xenia (Xenia),26,Beavercreek (Beavercreek),7,0,,
1,Valley Christian School (Youngstown),16,Malvern (Malvern),36,0,,
1,Gamble Montessori (Cincinnati),8,New Miami (Hamilton),14,0,,
1,KIPP Columbus (Columbus),13,McComb (McComb),20,0,,
1,Ashland Blazer (Ashland),28,Raceland (Raceland),7,0,KY,KY
1,Bishop Brossart (Alexandria),31,Walton-Verona (Walton),6,0,KY,KY
1,Campbell County (Alexandria),63,Scott (Covington),27,0,KY,KY
1,Covington Catholic (Park Hills),14,Ryle (Union),30,0,KY,KY
1,DuPont Manual,20,Central (Louisville),13,0,KY,KY
1,Fairview (Ashland),32,Bath County,22,0,KY,KY
1,Holy Cross (Covington),0,Sayre (Lexington),49,0,KY,KY
1,Ludlow (Ludlow),33,Lockland (Lockland),0,0,KY,
1,Paintsville (Paintsville),46,Floyd Central (Eastern),6,0,KY,KY
1,Pikeville (Pikeville),7,Corbin,22,0,KY,KY
1,Russell (Russell),12,Mason County,21,0,KY,KY
1,Shelby Valley (Pikeville),12,Letcher County Central,47,0,KY,KY
1,Simon Kenton (Independence),50,Dixie Heights (Edgewood),35,0,KY,KY
1,South Oldham (Crestwood),6,Anderson (Cincinnati),51,0,KY,
1,St Xavier (Louisville),56,Floyd Central (Eastern),14,0,KY,KY
1,Trinity (Louisville),28,Bryan Station,10,0,KY,KY
1,Central Dauphin,0,Central York (York),47,0,PA,PA
1,State College,49,Gateway (Monroeville),14,0,PA,PA
1,Uniontown,20,Laurel Highlands (Uniontown),45,0,PA,PA
1,Pine-Richland (Gibsonia),35,Hilliard Davidson (Hilliard),24,0,PA,
1,Carlynton,33,Carrick (Pittsburgh),18,0,PA,PA
1,Bentworth,48,Brownsville (Brownsville),0,0,PA,PA
1,Taylor Allderdice (Pittsburgh),20,Fox Chapel,9,0,PA,PA
1,McDowell (Erie),34,Woodland Hills,28,0,PA,PA
1,Cathedral Prep (Erie),18,Erie (Erie),6,0,PA,PA
1,Meadville,41,Fort LeBoeuf,27,0,PA,PA
1,General McLane (Edinboro),47,New Castle (New Castle),49,0,PA,PA
1,Oil City (Oil City),6,Harbor Creek (Harborcreek),13,0,PA,PA
1,Grove City,21,North East (North East),0,0,PA,PA
1,Slippery Rock,0,Fairview (Fairview),35,0,PA,PA
1,Titusville (Titusville),22,Corry (Corry),28,0,PA,PA
1,Sharon (Sharon),55,Mercyhurst Prep (Erie),6,0,PA,PA
1,Girard (Girard),23,Sharpsville,32,0,PA,PA
1,Seneca,35,Saegertown,7,0,PA,PA
1,Greenville,7,Wilmington (New Wilmington),28,0,PA,PA
1,Reynolds (Greenville),15,Eisenhower,0,0,PA,PA
1,Union City,0,Maplewood (Guys Mills),21,0,PA,PA
1,Lakeview,32,Northwestern (Albion),26,0,PA,PA
1,Iroquois,40,Cochranton,6,0,PA,PA
1,University Prep (USO co-op) (Pittsburgh),18,Hampton,22,0,PA,PA
1,Conneaut Area (Linesville),61,Warren,0,0,PA,PA
1,Churubusco,0,Columbia City,42,0,IN,IN
1,Bishop Dwenger (Fort Wayne),13,Brownsburg,45,0,IN,IN
1,Blackhawk Christian (Fort Wayne),6,Bluffton (Bluffton),39,0,IN,IN
1,Fort Wayne Wayne,40,Crispus Attucks (Indianapolis),34,0,IN,IN
1,Homestead,10,Carmel (Carmel),34,0,IN,IN
1,Bishop Chatard (Indianapolis),58,Brebeuf Jesuit Preparatory,35,0,IN,IN
1,Cathedral (Indianapolis),24,Ben Davis,6,0,IN,IN
1,Lawrence North (Indianapolis),33,Lawrence Central,26,0,IN,IN
1,Lawrenceburg (Lawrenceburg),3,East Central (St Leon),24,0,IN,IN
1,Richmond (Richmond),20,Connersville,26,0,IN,IN
1,Roncalli (Indianapolis),37,Southport,13,0,IN,IN
1,Sullivan,48,North Knox,6,0,IN,IN
1,Terre Haute North Vigo,20,Northview,34,0,IN,IN
1,Westfield,34,Center Grove (Greenwood),28,0,IN,IN
1,Yorktown,41,Anderson,2,0,IN,IN
1,Purdue Poly - Englewood (Indianapolis),8,Indianapolis Shortridge (Indianapolis),26,0,IN,IN
1,KIPP Memphis (Memphis),28,Innovation Academy (Springfield),21,0,TN,TN
1,St Michael the Archangel (Fredericksburg),47,Life Christian Academy (Chester),0,0,VA,VA
1,Archbishop Spalding (Severn),28,Archbishop Hoban (Akron),14,0,MD,
1,Mt Zion Prep (Lanham),6,McDonogh School (Owings Mills),41,0,MD,MD
1,Christ Prep Academy (Lenexa),27,Landmark Eagles (club) (Cincinnati),19,1,KS,
1,Football North (via Clarkson SS) (Mississauga),20,Imhotep Charter (Philadelphia),38,1,ON,PA
1,Kodiak (Kodiak),0,Houston (Houston),52,0,AK,AK
1,Benedictine Military School (Savannah),28,Buford (Buford),29,0,GA,GA
1,Bishop Ready (Columbus),51,Newark Catholic (Newark),19,0,,
1,Conotton Valley (Bowerston),39,Tuscarawas Central Catholic (New Philadelphia),6,0,,
1,Crooksville (Crooksville),36,Fisher Catholic (Lancaster),0,0,,
1,Dayton Christian (Miamisburg),6,St Bernard-Elmwood Place (St Bernard),32,0,,
1,Youngstown East (Youngstown),40,Whetstone (Columbus),6,0,,
1,Fairfield Christian Academy (Lancaster),48,Notre Dame (Portsmouth),60,0,,
1,Hamilton (Hamilton),15,Badin (Hamilton),0,0,,
1,Lakewood (Lakewood),43,John Marshall (Cleveland),6,0,,
1,Lucas (Lucas),48,Smethport (Smethport),12,0,,PA
1,St John School (Ashtabula),8,Trinity (Garfield Heights),28,0,,
1,Southeast (Ravenna),13,Garfield (Akron),21,0,,
1,Wellsville (Wellsville),6,Catholic Central (Steubenville),20,0,,
1,Cincinnati College Prep (Cincinnati),46,Clark Montessori (Cincinnati),0,0,,
1,Columbus Crusaders (club) (Columbus),48,Grand Valley Patriots (club),0,0,,MI
1,Southern Buckeye (club) (Russellville),0,North Adams (club) (Seaman),69,0,,
1,West Union (club) (West Union),6,C4 Lions (club) (Trenton),19,0,,
1,Foxfire (Zanesville),0,Peebles (club) (Peebles),45,0,,
1,Bellevue (Bellevue),12,Eminence,33,0,KY,KY
1,Boyle County (Danville),35,Lexington Christian,13,1,KY,KY
1,Clairton,30,Steel Valley,7,1,PA,PA
1,Cornell,44,Brashear (Pittsburgh),0,0,PA,PA
1,Westinghouse (Pittsburgh),26,Beaver,28,1,PA,PA
1,Hickory (Hermitage),35,Farrell (Farrell),31,0,PA,PA
1,Mercer,8,Franklin,7,0,PA,PA
1,Cambridge Springs,67,Kennedy Catholic (Hermitage),0,0,PA,PA
1,Riverdale Baptist (Upper Marlboro),56,Conwell-Egan,3,0,MD,PA
1,Nikiski (Nikiski),46,Monroe Catholic (Fairbanks),24,0,AK,AK
1,Seward (Seward),64,Valdez (Valdez),8,0,AK,AK
1,Kenai-Central (Kenai),12,Barrow (Barrow),18,0,AK,AK
1,Prince Avenue Christian (Bogart),21,Mallard Creek (Charlotte),31,1,GA,NC
1,Rabun Gap - Nacoochee,14,Baylor (Chattanooga),21,0,GA,TN
2,Big Walnut (Sunbury),56,Dunbar (Dayton),8,0,,
2,Toledo Christian (Toledo),41,Adrian Lenawee Christian,7,0,,MI
2,Thurgood Marshall (Dayton),0,Beechcroft (Columbus),40,0,,
2,East (Columbus),22,Independence (Columbus),36,0,,
2,Sciotoville Community (Portsmouth),0,Alexander (Albany),21,0,,
2,Hawken (Gates Mills),34,Berkshire (Burton),7,0,,
2,Kirtland (Kirtland),42,Crestview (Ashland),6,0,,
2,Linden McKinley (Columbus),22,Walnut Ridge (Columbus),32,0,,
2,Madison (Middletown),57,Gamble Montessori (Cincinnati),0,0,,
2,National Trail (New Paris),26,Tri-County North (Lewisburg),12,0,,
2,Richmond Heights (Richmond Heights),0,Colonel Crawford (North Robinson),48,0,,
2,South (Columbus),12,Centennial (Columbus),14,0,,
2,Waynesville (Waynesville),28,Greeneview (Jamestown),40,0,,
2,Independence (Coal City),30,Herbert Hoover (Elkview),37,0,WV,WV
2,Weir (Weirton),40,Oak Glen (New Cumberland),21,0,WV,WV
2,Linsly (Wheeling),0,Westinghouse (Pittsburgh),52,0,WV,PA
2,Birmingham Groves,35,U of D Jesuit (Detroit),14,0,MI,MI
2,Blissfield,6,Ottawa Lake Whiteford (Ottawa Lake),35,0,MI,MI
2,Climax-Scotts,24,NorthPointe Christian (Grand Rapids),32,0,MI,MI
2,Dearborn Divine Child (Dearborn),14,Parma Western,36,0,MI,MI
2,Detroit Cass Tech (Detroit),23,Rockford,30,0,MI,MI
2,Hudsonville,17,Howell,20,0,MI,MI
2,Litchfield,20,Concord,64,0,MI,MI
2,Mendon,60,New Buffalo,0,0,MI,MI
2,Michigan Center,21,Lumen Christi (Jackson),49,0,MI,MI
2,Muskegon Mona Shores (Muskegon),28,Grand Blanc,26,0,MI,MI
2,Pittsford,58,Britton-Deerfield (Britton),68,0,MI,MI
2,Portage Northern,19,Orchard Lake St Mary (Orchard Lake),50,0,MI,MI
2,Reading (Reading),14,White Pigeon,52,0,MI,MI
2,Novi Detroit Catholic Central (Novi),56,Dearborn,12,0,MI,MI
2,River Rouge (River Rouge),37,Westland John Glenn,8,0,MI,MI
2,Riverview Gabriel Richard (Riverview),15,Montrose,10,0,MI,MI
2,Warren De La Salle (Warren),21,Davison,3,0,MI,MI
2,Waterford Our Lady,0,Petersburg Summerfield (Petersburg),22,0,MI,MI
2,Flint New Standard Academy (Flint),6,Erie Mason (Erie),28,0,MI,MI
2,Central York (York),10,Manheim Township,28,0,PA,PA
2,Warren,6,Corry (Corry),42,0,PA,PA
2,The Hun School,42,Mt Carmel (Chicago),38,0,NJ,IL
2,Bergen Catholic (Oradell),14,IMG Academy (Bradenton),27,0,NJ,FL
2,Holy Names (Windsor),7,Caledonia (Caledonia),48,0,ON,MI
2,Bishop Moore (Orlando),42,Tottenville (Staten Island),21,0,FL,NY
2,Allen East (Harrod),62,Newark Catholic (Newark),28,0,,
2,Alliance (Alliance),14,Louisville (Louisville),40,0,,
2,Anderson (Cincinnati),52,West Clermont (Cincinnati),7,0,,
2,Anthony Wayne (Whitehouse),34,St John's Jesuit (Toledo),0,0,,
2,Arcanum (Arcanum),41,Twin Valley South (West Alexandria),18,0,,
2,Archbold (Archbold),14,St Henry (St Henry),42,0,,
2,Arlington (Arlington),31,Riverdale (Mt Blanchard),7,0,,
2,Ashland (Ashland),53,Marion Harding (Marion),29,0,,
2,Lakeside (Ashtabula),14,Notre Dame-Cathedral Latin (Chardon),49,0,,
2,Athens (The Plains),55,Gallia Academy (Gallipolis),6,0,,
2,Austintown-Fitch (Austintown),27,Jackson (Massillon),17,0,,
2,Barberton (Barberton),21,Stow-Munroe Falls (Stow),35,0,,
2,Bay (Bay Village),17,Field (Mogadore),24,0,,
2,Beachwood (Beachwood),10,John Adams (Cleveland),40,0,,
2,Beallsville (Beallsville),0,Newcomerstown (Newcomerstown),40,0,,
2,Bellaire (Bellaire),6,Barnesville (Barnesville),50,0,,
2,Bellbrook (Bellbrook),35,Bellefontaine (Bellefontaine),14,0,,
2,Bellevue (Bellevue),28,Wauseon (Wauseon),7,0,,
2,Belpre (Belpre),6,Fort Frye (Beverly),72,0,,
2,Benedictine (Cleveland),40,Avon Lake (Avon Lake),16,0,,
2,Benjamin Logan (Bellefontaine),21,West Liberty-Salem (West Liberty),31,0,,
2,Bexley (Columbus),49,Mifflin (Columbus),8,0,,
2,Bishop Ready (Columbus),21,Cincinnati Hills Christian Academy (Cincinnati),35,0,,
2,Bishop Watterson (Columbus),45,Dublin Scioto (Dublin),0,0,,
2,Black River (Sullivan),21,Northwestern (West Salem),28,0,,
2,Blanchester (Blanchester),27,Cincinnati Country Day (Cincinnati),29,0,,
2,Bluffton (Bluffton),42,Pandora-Gilboa (Pandora),0,0,,
2,Boardman (Youngstown),13,Lake (Uniontown),34,0,,
2,Bowsher (Toledo),8,Genoa Area (Genoa),38,0,,
2,Bradford (Bradford),12,Ansonia (Ansonia),60,0,,
2,Brecksville-Broadview Heights (Broadview Heights),14,Maple Heights (Maple Heights),30,0,,
2,Bridgeport (Bridgeport),0,Monroe Central (Woodsfield),48,0,,
2,Brookfield (Brookfield),13,Springfield (New Middletown),35,0,,
2,Brooklyn (Brooklyn),42,Oberlin (Oberlin),26,0,,
2,Brookville (Brookville),20,Anna (Anna),46,0,,
2,Buchtel (Akron),18,Warren G Harding (Warren),20,0,,
2,Buckeye Central (New Washington),0,Ada (Ada),42,0,,
2,Buckeye Local (Rayland),21,Union Local (Belmont),42,0,,
2,Buckeye Trail (Lore City),44,Harrison Central (Cadiz),41,0,,
2,Buckeye Valley (Delaware),21,Heath (Heath),20,0,,
2,Bucyrus (Bucyrus),12,Triad (North Lewisburg),19,0,,
2,Caldwell (Caldwell),26,Waterford (Waterford),14,0,,
2,Canal Winchester (Canal Winchester),15,Hilliard Davidson (Hilliard),36,0,,
2,Canton McKinley (Canton),14,Avon (Avon),21,0,,
2,Cardinal Mooney (Youngstown),7,Villa Angela-St Joseph (Cleveland),38,0,,
2,Cardington-Lincoln (Cardington),6,Mohawk (Sycamore),54,0,,
2,Carlisle (Carlisle),36,Miami East (Casstown),52,0,,
2,Archbishop Carroll (Dayton),41,Tecumseh (New Carlisle),6,0,,
2,Catholic Central (Steubenville),19,Strasburg-Franklin (Strasburg),34,0,,
2,Celina (Celina),6,St Marys Memorial (St Marys),35,0,,
2,Centerburg (Centerburg),21,Ontario (Ontario),35,0,,
2,Canton Central Catholic (Canton),7,Norwayne (Creston),45,0,,
2,Central Crossing (Grove City),14,Franklin Heights (Columbus),21,0,,
2,Chagrin Falls (Chagrin Falls),23,Youngstown East (Youngstown),22,0,,
2,Chaminade Julienne (Dayton),7,Taft (Cincinnati),12,0,,
2,Chaney (Youngstown),6,Struthers (Struthers),28,0,,
2,Chesapeake (Chesapeake),42,Minford (Minford),0,0,,
2,Circleville (Circleville),35,Vinton County (McArthur),14,0,,
2,Claymont (Uhrichsville),27,Smithville (Smithville),30,0,,
2,Clear Fork (Bellville),14,Granville (Granville),31,0,,
2,Cleveland Heights (Cleveland Heights),21,Detroit King (Detroit),25,0,,MI
2,Coldwater (Coldwater),31,Clinton-Massie (Clarksville),15,0,,
2,Tiffin Columbian (Tiffin),0,Chardon (Chardon),42,0,,
2,Columbus Grove (Columbus Grove),42,Liberty-Benton (Findlay),14,0,,
2,Conneaut (Conneaut),6,Independence (Independence),27,0,,
2,Cory-Rawson (Rawson),6,Upper Scioto Valley (McGuffey),48,0,,
2,Coshocton (Coshocton),0,Johnstown (Johnstown),39,0,,
2,Coventry (Akron),6,Rittman (Rittman),28,0,,
2,Covington (Covington),14,Dayton Christian (Miamisburg),7,0,,
2,Crooksville (Crooksville),27,Southern (Racine),20,0,,
2,Danbury (Lakeside),28,Waldron,48,0,,MI
2,Danville (Danville),24,Utica (Utica),14,0,,
2,Defiance (Defiance),9,Wapakoneta (Wapakoneta),34,0,,
2,Dixie (New Lebanon),6,Mississinawa Valley (Union City),20,0,,
2,Dublin Coffman (Dublin),28,Miamisburg (Miamisburg),16,0,,
2,East (Akron),20,Bedford (Bedford),27,0,,
2,East Canton (East Canton),28,United (Hanoverton),31,0,,
2,East Clinton (Sabina),6,Cedarville (Cedarville),40,0,,
2,Eastern (Beaver),34,Huntington (Chillicothe),7,0,,
2,East Liverpool (East Liverpool),14,Indian Creek (Wintersville),20,0,,
2,Eastmoor Academy (Columbus),21,KIPP Columbus (Columbus),26,0,,
2,East Palestine (East Palestine),12,Windham (Windham),45,0,,
2,Eaton (Eaton),42,Richmond (Richmond),6,0,,IN
2,Edgewood (Ashtabula),18,Grand Valley (Orwell),7,0,,
2,Edison (Milan),41,St Paul (Norwalk),2,0,,
2,Edon (Edon),55,Antwerp (Antwerp),6,0,,
2,Ellet (Akron),0,Tallmadge (Tallmadge),49,0,,
2,Elmwood (Bloomdale),6,Eastwood (Pemberville),49,0,,
2,Evergreen (Metamora),6,Ottawa Hills (Toledo),40,0,,
2,Fairborn (Fairborn),0,Tippecanoe (Tipp City),41,0,,
2,Fairfield (Fairfield),33,Colerain (Cincinnati),13,0,,
2,Fairfield Christian Academy (Lancaster),28,Oak Hill (Oak Hill),35,0,,
2,Fairland (Proctorville),30,Point Pleasant (Point Pleasant),13,0,,WV
2,Fairview (Fairview Park),20,Columbia (Columbia Station),14,0,,
2,Fairview (Sherwood),28,Delta (Delta),35,0,,
2,Fayetteville (Fayetteville),0,Clark Montessori (Cincinnati),58,0,,
2,Firestone (Akron),14,Copley (Copley),33,0,,
2,Fort Loramie (Fort Loramie),0,Versailles (Versailles),41,0,,
2,Fort Recovery (Fort Recovery),6,Urbana (Urbana),43,0,,
2,Fostoria (Fostoria),6,Bowling Green (Bowling Green),49,0,,
2,Fredericktown (Fredericktown),13,Northridge (Johnstown),19,0,,
2,Frontier (New Matamoras),14,Miller (Corning),35,0,,
2,Galion (Galion),14,Carey (Carey),8,0,,
2,Geneva (Geneva),49,Harvey (Painesville),7,0,,
2,Gibsonburg (Gibsonburg),56,Seneca East (Attica),34,0,,
2,Gilmour Academy (Gates Mills),48,Warrensville Heights (Warrensville Heights),0,0,,
2,Glenville (Cleveland),13,Olentangy Liberty (Powell),24,0,,
2,Graham Local (St Paris),7,Mechanicsburg (Mechanicsburg),34,0,,
2,Grandview Heights (Columbus),40,West (Columbus),6,0,,
2,Greenville (Greenville),0,Troy (Troy),49,0,,
2,Grove City (Grove City),38,Westland (Galloway),28,0,,
2,Grove City Christian (Grove City),45,Green (Franklin Furnace),0,0,,
2,Groveport Madison (Groveport),8,Gahanna Lincoln (Gahanna),7,0,,
2,Hamilton (Hamilton),0,Lakota West (West Chester),31,0,,
2,Hamilton Township (Columbus),14,St Charles (Columbus),21,0,,
2,Hardin Northern (Dola),30,North Baltimore (North Baltimore),13,0,,
2,Highland (Marengo),26,Dalton (Dalton),48,0,,
2,Hilliard Darby (Hilliard),7,Hilliard Bradley (Hilliard),28,0,,
2,Hillsboro (Hillsboro),32,Goshen (Goshen),7,0,,
2,Hillsdale (Jeromesville),26,Lucas (Lucas),8,0,,
2,Hilltop (West Unity),14,Edgerton (Edgerton),69,0,,
2,Holgate (Holgate),48,Camden-Frontier,22,0,,MI
2,Holy Name (Parma Heights),14,Niles McKinley (Niles),0,0,,
2,Hoover (North Canton),18,Hudson (Hudson),7,0,,
2,Hopewell-Loudon (Bascom),36,Pleasant (Marion),15,0,,
2,Howland (Warren),7,Poland Seminary (Poland),41,0,,
2,Hughes (Cincinnati),19,Dixie Heights (Edgewood),66,0,,KY
2,Huron (Huron),41,Brookside (Sheffield),7,0,,
2,Indian Lake (Lewistown),19,Fairbanks (Milford Center),16,0,,
2,Indian Valley (Gnadenhutten),62,Meadowbrook (Byesville),21,0,,
2,Ironton (Ironton),51,Jackson (Jackson),14,0,,
2,Jefferson (Delphos),13,Parkway (Rockford),17,0,,
2,Jefferson Area (Jefferson),0,Lakeview (Cortland),40,0,,
2,John F Kennedy (Cleveland),0,University School (Hunting Valley),52,0,,
2,John F Kennedy (Warren),31,Garfield (Garrettsville),13,0,,
2,John Glenn (New Concord),49,Cambridge (Cambridge),7,0,,
2,Jonathan Alder (Plain City),9,Columbus Academy (Gahanna),27,0,,
2,Garfield (Akron),7,Revere (Richfield),50,0,,
2,Kenton (Kenton),18,Ottawa-Glandorf (Ottawa),34,0,,
2,Kenton Ridge (Springfield),35,Bethel (Tipp City),3,0,,
2,Kettering Fairmont (Kettering),27,Trotwood-Madison (Trotwood),18,0,,
2,Keystone (La Grange),14,Cloverleaf (Seville),21,0,,
2,Kings (Kings Mills),5,Winton Woods (Cincinnati),19,0,,
2,River Valley (Bidwell),7,South Gallia (Crown City),42,0,,
2,LaBrae (Leavittsburg),26,Campbell Memorial (Campbell),25,0,,
2,Lake Catholic (Mentor),33,Cuyahoga Valley Christian Academy (Cuyahoga Falls),7,0,,
2,Lakewood (Hebron),12,Maysville (Zanesville),35,0,,
2,Lakewood (Lakewood),12,Clearview (Lorain),40,0,,
2,Lakota (Kansas),35,Arcadia (Arcadia),0,0,,
2,Lebanon (Lebanon),19,Loveland (Loveland),10,0,,
2,Leetonia (Leetonia),0,Waterloo (Atwater),24,0,,
2,Lehman Catholic (Sidney),47,Southeastern Local (South Charleston),19,0,,
2,Leipsic (Leipsic),18,Van Buren (Van Buren),6,0,,
2,Liberty (Youngstown),7,Girard (Girard),41,0,,
2,Lima Senior (Lima),35,Findlay (Findlay),31,0,,
2,Little Miami (Morrow),13,Turpin (Cincinnati),34,0,,
2,Lockland (Lockland),3,Bethel-Tate (Bethel),28,0,,
2,Logan (Logan),19,Nelsonville-York (Nelsonville),0,0,,
2,London (London),42,Chillicothe (Chillicothe),0,0,,
2,Loudonville (Loudonville),7,Worthington Christian (Worthington),42,0,,
2,Lowellville (Lowellville),26,Toronto (Toronto),57,0,,
2,Lutheran West (Rocky River),0,Aurora (Aurora),48,0,,
2,Madison (Madison),17,South (Willoughby),14,0,,
2,Madison-Plains (London),41,Southeastern (Chillicothe),6,0,,
2,Malvern (Malvern),35,Conotton Valley (Bowerston),20,0,,
2,Mansfield Senior (Mansfield),14,Canfield (Canfield),20,0,,
2,Margaretta (Castalia),14,Western Reserve (Collins),42,0,,
2,Marion Local (Maria Stein),49,Franklin (Franklin),0,0,,
2,Marion-Franklin (Columbus),0,Delaware Hayes (Delaware),30,0,,
2,Marlington (Alliance),14,Northwest (Canal Fulton),31,0,,
2,Marysville (Marysville),0,Perrysburg (Perrysburg),37,0,,
2,Mason (Mason),13,Lakota East (Liberty Township),20,0,,
2,Mathews (Vienna),6,Southeast (Ravenna),41,0,,
2,Maumee (Maumee),56,Bryan (Bryan),14,0,,
2,Mayfield (Mayfield),32,Elyria Catholic (Elyria),26,0,,
2,McComb (McComb),31,Crestview (Convoy),14,0,,
2,McDonald (McDonald),35,Columbiana (Columbiana),3,0,,
2,Medina (Medina),14,Olentangy (Lewis Center),38,0,,
2,Meigs (Pomeroy),6,Fairfield Union (Lancaster),48,0,,
2,Mentor (Mentor),20,St Ignatius (Cleveland),14,0,,
2,Miami Trace (Washington Court House),21,Wilmington (Wilmington),19,0,,
2,Miami Valley Christian Academy (Cincinnati),14,Clermont Northeastern (Batavia),0,0,,
2,Milford (Milford),38,Walnut Hills (Cincinnati),0,0,,
2,Milton-Union (West Milton),7,Valley View (Germantown),49,0,,
2,Minerva (Minerva),0,Crestwood (Mantua),38,0,,
2,Minster (Minster),41,Africentric Early College (Columbus),14,0,,
2,Archbishop Moeller (Cincinnati),42,Bishop Dwenger (Fort Wayne),18,0,,IN
2,Mogadore (Mogadore),0,Ravenna (Ravenna),21,0,,
2,Monroeville (Monroeville),23,Calvert (Tiffin),9,0,,
2,Montpelier (Montpelier),14,Woodmore (Elmore),44,0,,
2,Morgan (McConnelsville),21,Warren (Vincent),24,0,,
2,Mount Gilead (Mount Gilead),18,Upper Sandusky (Upper Sandusky),27,0,,
2,Mount Healthy (Cincinnati),62,Ross (Hamilton),35,0,,
2,Napoleon (Napoleon),7,Liberty Center (Liberty Center),31,0,,
2,Newark (Newark),36,Mount Vernon (Mount Vernon),14,0,,
2,New Bremen (New Bremen),10,Norton (Norton),0,0,,
2,New London (New London),14,Bishop Rosecrans (Zanesville),41,0,,
2,New Miami (Hamilton),40,Manchester (Manchester),20,0,,
2,Newton Falls (Newton Falls),6,Jackson-Milton (North Jackson),48,0,,
2,Nordonia (Macedonia),35,Berea-Midpark (Berea),28,0,,
2,Normandy (Parma),0,Streetsboro (Streetsboro),58,0,,
2,North (Akron),6,Twinsburg (Twinsburg),44,0,,
2,North Central (Pioneer),0,Paulding (Paulding),58,0,,
2,Northmont (Clayton),6,La Salle (Cincinnati),27,0,,
2,Northmor (Galion),49,South Central (Greenwich),0,0,,
2,North Olmsted (North Olmsted),0,Midview (Grafton),14,0,,
2,North Ridgeville (North Ridgeville),49,Valley Forge (Parma Heights),13,0,,
2,North Royalton (North Royalton),20,Highland (Medina),50,0,,
2,North Union (Richwood),34,Liberty Union (Baltimore),39,0,,
2,Norwalk (Norwalk),12,North (Eastlake),17,0,,
2,Northwest (Cincinnati),12,Indian Hill (Cincinnati),35,0,,
2,Northwest (McDermott),19,McClain (Greenfield),13,0,,
2,Northwestern (Springfield),35,Greenon (Enon),0,0,,
2,Northwood (Northwood),0,Lake (Millbury),35,0,,
2,Norwood (Norwood),6,Mariemont (Cincinnati),48,0,,
2,Notre Dame (Portsmouth),8,Adena (Frankfort),28,0,,
2,Oak Hills (Cincinnati),14,Middletown (Middletown),34,0,,
2,Oakwood (Dayton),21,Northridge (Dayton),16,0,,
2,Olentangy Berlin (Delaware),14,Upper Arlington (Upper Arlington),17,0,,
2,Olmsted Falls (Olmsted Falls),27,Brunswick (Brunswick),3,0,,
2,Orange (Pepper Pike),50,Mineral Ridge (Mineral Ridge),22,0,,
2,Olentangy Orange (Lewis Center),54,Westerville North (Westerville),41,0,,
2,Otsego (Tontogany),14,Tinora (Defiance),9,0,,
2,Patrick Henry (Hamler),48,Ayersville (Defiance),2,0,,
2,Ponitz Tech (Dayton),0,Beavercreek (Beavercreek),41,0,,
2,Perkins (Sandusky),35,Padua Franciscan (Parma),0,0,,
2,Perry (Lima),0,Ridgemont (Mt Victory),32,0,,
2,Perry (Massillon),17,St Vincent-St Mary (Akron),0,0,,
2,Perry (Perry),42,Euclid (Euclid),0,0,,
2,Philo (Duncan Falls),19,New Lexington (New Lexington),44,0,,
2,Pickerington Central (Pickerington),45,Wayne (Huber Heights),40,0,,
2,Piketon (Piketon),27,Wellston (Wellston),34,0,,
2,Piqua (Piqua),7,Butler (Vandalia),17,0,,
2,Plymouth (Plymouth),21,Willard (Willard),24,0,,
2,Port Clinton (Port Clinton),43,Rossford (Rossford),7,0,,
2,Portsmouth West (West Portsmouth),7,Portsmouth (Portsmouth),41,0,,
2,Preble Shawnee (Camden),42,Tri-Village (New Madison),25,0,,
2,Princeton (Cincinnati),52,Sycamore (Cincinnati),0,0,,
2,Pymatuning Valley (Andover),48,Cardinal (Middlefield),0,0,,
2,Reading (Reading),29,Batavia (Batavia),52,0,,
2,Reynoldsburg (Reynoldsburg),14,Dublin Jerome (Dublin),23,0,,
2,Rhodes (Cleveland),8,Westlake (Westlake),26,0,,
2,Ridgedale (Morral),8,Elgin (Marion),27,0,,
2,River (Hannibal),14,Martins Ferry (Martins Ferry),50,0,,
2,Riverside (De Graff),13,Northeastern (South Vienna),28,0,,
2,Riverside (Painesville),10,Green (Uniontown),17,0,,
2,River Valley (Caledonia),35,Madison Comprehensive (Mansfield),14,0,,
2,River View (Warsaw),0,Ridgewood (West Lafayette),56,0,,
2,Rock Hill (Ironton),35,Symmes Valley (Willow Wood),6,0,,
2,Roger Bacon (St Bernard),47,Western Hills (Cincinnati),0,0,,
2,Kent Roosevelt (Kent),14,Wooster (Wooster),31,0,,
2,Rootstown (Rootstown),35,Champion (Warren),0,0,,
2,St Bernard-Elmwood Place (St Bernard),28,Finneytown (Cincinnati),6,0,,
2,St Clairsville (St Clairsville),34,Zanesville (Zanesville),0,0,,
2,St Francis DeSales (Columbus),17,Badin (Hamilton),3,0,,
2,St Francis de Sales (Toledo),49,Scott (Toledo),12,0,,
2,St John's (Delphos),13,Lima Central Catholic (Lima),14,0,,
2,St Xavier (Cincinnati),34,Centerville (Centerville),10,0,,
2,Salem (Salem),0,South Range (Canfield),35,0,,
2,Sandusky (Sandusky),14,Fremont Ross (Fremont),21,0,,
2,Sandy Valley (Magnolia),2,Manchester (New Franklin),27,0,,
2,Shaker Heights (Shaker Heights),28,Brush (Lyndhurst),20,0,,
2,Shawnee (Lima),21,Elida (Elida),14,0,,
2,Shawnee (Springfield),19,Madeira (Cincinnati),41,0,,
2,Shelby (Shelby),21,Lexington (Lexington),10,0,,
2,Shenandoah (Sarahsville),21,Shadyside (Shadyside),19,0,,
2,Sidney (Sidney),67,Stebbins (Riverside),55,0,,
2,Canton South (Canton),3,Dover (Dover),31,0,,
2,Southern (Salineville),14,Crestview (Columbiana),35,0,,
2,Spencerville (Spencerville),28,Wayne Trace (Haviland),27,0,,
2,Springboro (Springboro),38,Edgewood (Trenton),7,0,,
2,Springfield (Akron),6,Cuyahoga Falls (Cuyahoga Falls),21,0,,
2,Springfield (Holland),16,Rogers (Toledo),8,0,,
2,Start (Toledo),25,Clyde (Clyde),49,0,,
2,Amherst Steele (Amherst),42,Buckeye (Medina),21,0,,
2,Steubenville (Steubenville),27,New Philadelphia (New Philadelphia),21,0,,
2,Strongsville (Strongsville),10,Solon (Solon),14,0,,
2,Summit Country Day (Cincinnati),6,Cincinnati College Prep (Cincinnati),36,0,,
2,Swanton (Swanton),6,Hicksville (Hicksville),22,0,,
2,Sylvania Northview (Sylvania),0,Clay (Oregon),49,0,,
2,Talawanda (Oxford),6,Bishop Fenwick (Franklin),14,0,,
2,Taylor (Cleves),0,Lawrenceburg (Lawrenceburg),15,0,,IN
2,Teays Valley (Ashville),28,Bloom-Carroll (Carroll),10,0,,
2,Trimble (Glouster),46,Berne Union (Sugar Grove),13,0,,
2,Tri-Valley (Dresden),31,Licking Heights (Pataskala),0,0,,
2,Triway (Wooster),26,Carrollton (Carrollton),7,0,,
2,Troy Christian (Troy),0,Catholic Central (Springfield),37,0,,
2,Tuscarawas Valley (Zoarville),14,Fairless (Brewster),42,0,,
2,Tuslaw (Massillon),21,Chippewa (Doylestown),0,0,,
2,Unioto (Chillicothe),21,Amanda-Clearcreek (Amanda),27,0,,
2,Ursuline (Youngstown),41,Bishop Hartley (Columbus),10,0,,
2,Valley (Lucasville),16,Dawson-Bryant (Coal Grove),30,0,,
2,Vanlue (Vanlue),12,Millersport (Millersport),52,0,,
2,Van Wert (Van Wert),37,Bath (Lima),43,0,,
2,Vermilion (Vermilion),42,Firelands (Oberlin),23,0,,
2,Wadsworth (Wadsworth),42,New Albany (New Albany),21,0,,
2,Waite (Toledo),6,Sylvania Southview (Sylvania),41,0,,
2,Walsh Jesuit (Cuyahoga Falls),47,McDowell (Erie),21,0,,PA
2,Massillon Washington (Massillon),45,GlenOak (Canton),0,0,,
2,Watkins Memorial (Pataskala),7,Sheridan (Thornville),17,0,,
2,Waynedale (Apple Creek),0,Garaway (Sugarcreek),41,0,,
2,Wellington (Wellington),15,Mapleton (Ashland),12,0,,
2,Wellsville (Wellsville),28,Madonna (Weirton),30,0,,WV
2,West Carrollton (West Carrollton),0,Xenia (Xenia),66,0,,
2,Western Brown (Mount Orab),56,Washington (Washington Court House),22,0,,
2,Westerville Central (Westerville),11,Westerville South (Westerville),41,0,,
2,Westfall (Williamsport),14,Logan Elm (Circleville),42,0,,
2,West Geauga (Chesterland),7,Kenston (Chagrin Falls),38,0,,
2,West Holmes (Millersburg),43,Orrville (Orrville),29,0,,
2,West Jefferson (West Jefferson),14,Paint Valley (Bainbridge),28,0,,
2,West Muskingum (Zanesville),26,Licking Valley (Newark),20,0,,
2,Wheelersburg (Wheelersburg),3,Archbishop McNicholas (Cincinnati),34,0,,
2,Whetstone (Columbus),7,Briggs (Columbus),59,0,,
2,Whitehall-Yearling (Whitehall),12,Northland (Columbus),37,0,,
2,Whitmer (Toledo),17,Central Catholic (Toledo),27,0,,
2,Wickliffe (Wickliffe),24,St John School (Ashtabula),14,0,,
2,Williamsburg (Williamsburg),19,New Richmond (New Richmond),34,0,,
2,Withrow (Cincinnati),12,Archbishop Alter (Kettering),13,0,,
2,Woodridge (Peninsula),7,West Branch (Beloit),52,0,,
2,Woodward (Cincinnati),0,Meadowdale (Dayton),26,0,,
2,Woodward (Toledo),0,Oak Harbor (Oak Harbor),48,0,,
2,Harvest Prep (Canal Winchester),46,Purcell Marian (Cincinnati),8,0,,
2,Thomas Worthington (Worthington),14,Worthington Kilbourne (Columbus),49,0,,
2,Wynford (Bucyrus),12,East Knox (Howard),25,0,,
2,Wyoming (Cincinnati),23,Monroe (Monroe),6,0,,
2,Zane Trace (Chillicothe),7,Waverly (Waverly),28,0,,
2,Southern Buckeye (club) (Russellville),0,Peebles (club) (Peebles),68,0,,
2,Brooke (Wellsburg),0,Beaver Local (East Liverpool),35,0,WV,
2,Buckhannon-Upshur,0,Bridgeport (Bridgeport),77,0,WV,WV
2,Cameron (Cameron),22,Edison (Richmond),30,0,WV,
2,Doddridge County,41,St Marys (St Marys),0,0,WV,WV
2,Greenbrier West (Charmco),21,Pendleton County,27,0,WV,WV
2,Hundred (Hundred),6,Clay-Battelle (Blacksville),44,0,WV,WV
2,Jefferson,0,Spring Mills (Martinsburg),50,0,WV,WV
2,John Marshall (Glen Dale),0,Marietta (Marietta),10,0,WV,
2,Moorefield,7,Frankfort (Ridgeley),28,0,WV,WV
2,Morgantown (Morgantown),24,Parkersburg (Parkersburg),13,0,WV,WV
2,Ravenswood,7,Williamstown (Williamstown),47,0,WV,WV
2,Ritchie County (Ellenboro),7,Tyler Consolidated,55,0,WV,WV
2,Shady Spring,12,Roane County (Spencer),36,0,WV,WV
2,Spring Valley (Huntington),55,South Point (South Point),20,0,WV,
2,Tygarts Valley,33,Valley (Wetzel) (Pine Grove),46,0,WV,WV
2,Wahama (Mason),45,East Hardy (Baker),14,0,WV,WV
2,Wayne,21,Tolsia,7,0,WV,WV
2,Wheeling Central Catholic (Wheeling),28,James Monroe,6,0,WV,WV
2,Wheeling Park (Wheeling),35,Parkersburg South (Parkersburg),14,0,WV,WV
2,Wirt County (Elizabeth),16,Eastern (Reedsville),47,0,WV,
2,Trinity Christian (Morgantown),0,Federal Hocking (Stewart),8,0,WV,
2,Ashland Blazer (Ashland),42,West Jessamine,6,0,KY,KY
2,Bishop Brossart (Alexandria),48,North College Hill (Cincinnati),26,0,KY,
2,Boyd County (Ashland),31,Bell County,36,0,KY,KY
2,Campbell County (Alexandria),20,Beechwood (Fort Mitchell),42,0,KY,KY
2,Central (Louisville),7,St Xavier (Louisville),37,0,KY,KY
2,Dayton (Dayton),26,Pendleton County (Falmouth),27,0,KY,KY
2,Greenup County (Greenup),38,Russell (Russell),9,0,KY,KY
2,Highlands (Fort Thomas),32,Covington Catholic (Park Hills),22,0,KY,KY
2,Nelson County,14,South Oldham (Crestwood),45,0,KY,KY
2,Paris,63,Paintsville (Paintsville),30,0,KY,KY
2,Pleasure Ridge Park (Louisville),12,Bullitt East,48,0,KY,KY
2,Ryle (Union),46,Conner (Hebron),8,0,KY,KY
2,Shelby Valley (Pikeville),34,Lawrence County,49,0,KY,KY
2,Trimble County,16,Bellevue (Bellevue),48,0,KY,KY
2,Trinity (Louisville),23,Frederick Douglass (Lexington),13,0,KY,KY
2,Brother Rice (Bloomfield Hills),0,Roseville,35,0,MI,MI
2,Plymouth Canton,31,Bedford (Temperance),28,0,MI,MI
2,Grand Rapids West Catholic (Grand Rapids),13,Elder (Cincinnati),20,0,MI,
2,Grandville (Grandville),51,Pickerington North (Pickerington),53,0,MI,
2,North Adams-Jerome,46,Stryker (Stryker),48,0,MI,
2,LakeVille Memorial (Otisville),34,Burton Bendle,18,0,MI,MI
2,Zeeland West (Zeeland),28,Muskegon (Muskegon),13,0,MI,MI
2,Altoona (Altoona),0,State College,57,0,PA,PA
2,Hollidaysburg,42,Taylor Allderdice (Pittsburgh),0,0,PA,PA
2,Central Catholic (Pittsburgh),17,Pine-Richland (Gibsonia),22,0,PA,PA
2,McKeesport (McKeesport),7,Peters Township,42,0,PA,PA
2,Farrell (Farrell),28,Fort LeBoeuf,29,0,PA,PA
2,Brashear (Pittsburgh),0,Butler,42,0,PA,PA
2,Carrick (Pittsburgh),6,Albert Gallatin (Uniontown),42,0,PA,PA
2,Perry Traditional Academy (Pittsburgh),6,Uniontown,34,0,PA,PA
2,Port Allegany (Port Allegany),73,Smethport (Smethport),6,0,PA,PA
2,Cathedral Prep (Erie),33,Sharon (Sharon),7,0,PA,PA
2,Meadville,48,Connellsville,41,0,PA,PA
2,Harbor Creek (Harborcreek),19,General McLane (Edinboro),47,0,PA,PA
2,North East (North East),19,Seneca,32,0,PA,PA
2,Mercyhurst Prep (Erie),13,Oil City (Oil City),29,0,PA,PA
2,Maplewood (Guys Mills),12,Reynolds (Greenville),35,0,PA,PA
2,Fairview (Fairview),6,Grove City,13,0,PA,PA
2,Wilmington (New Wilmington),7,Hubbard (Hubbard),39,0,PA,
2,Saegertown,13,Eisenhower,14,0,PA,PA
2,Cambridge Springs,32,Northwestern (Albion),0,0,PA,PA
2,Lakeview,12,Mercer,0,0,PA,PA
2,Iroquois,21,Conneaut Area (Linesville),33,0,PA,PA
2,Sharpsville,13,Greenville,25,0,PA,PA
2,Cochranton,21,Union City,7,0,PA,PA
2,University Prep (USO co-op) (Pittsburgh),14,Hickory (Hermitage),40,0,PA,PA
2,Erie (Erie),56,Shaw (East Cleveland),6,0,PA,
2,Carroll (Fort Wayne),14,Center Grove (Greenwood),28,0,IN,IN
2,Columbia City,42,Plymouth,13,0,IN,IN
2,East Central (St Leon),28,Harrison (Harrison),35,0,IN,
2,Blackhawk Christian (Fort Wayne),14,Taylor,20,0,IN,IN
2,Hanover Central,7,Bishop Chatard (Indianapolis),28,0,IN,IN
2,Lawrence North (Indianapolis),34,Fort Wayne North Side,13,0,IN,IN
2,Monrovia,20,Linton-Stockton (Linton),22,0,IN,IN
2,South Vermillion,34,Sullivan,25,0,IN,IN
2,Purdue Poly - Englewood (Indianapolis),0,Danville Community,27,0,IN,IN
2,Nashville Christian School,69,Innovation Academy (Springfield),0,0,TN,TN
2,Virginia Academy (Ashburn),53,Life Christian Academy (Chester),6,0,VA,VA
2,Ballou (Washington),0,Martinsburg (Martinsburg),66,0,DC,WV
2,Gonzaga (Washington),14,Springfield (Springfield),6,0,DC,
2,Xavier (New York),28,Xaverian (Brooklyn),7,0,NY,NY
2,Kellenberg Memorial (Uniondale),21,Immaculata (Somerville),35,0,NY,NJ
2,Archbishop Stepinac (White Plains),14,McDonogh School (Owings Mills),40,0,NY,MD
2,Curtis (Staten Island),21,Moore Catholic (Staten Island),25,0,NY,NY
2,Canarsie Campus (Brooklyn),8,Coatesville (Coatesville),28,0,NY,PA
2,Don Bosco Prep (Ramsey),7,Archbishop Hoban (Akron),21,0,NJ,
2,Wayne Valley (Wayne),28,Lancaster (Lancaster),7,0,NJ,
2,Waterloo (Waterloo),35,Mt Vernon (Mt Vernon),28,0,IL,IL
2,Cornerstone Christian (San Antonio),49,Dallas Christian (Mesquite),42,0,TX,TX
2,Legacy Sport Sciences (Spring),37,Hitchcock (Hitchcock),36,0,TX,TX
2,Kodiak (Kodiak),14,Redington (Wasilla),50,0,AK,AK
2,Timber Creek (Orlando),3,Jones (Orlando),48,0,FL,FL
2,Yreka (Yreka),41,Kenai-Central (Kenai),12,0,CA,AK
2,Burke County (Waynesboro),14,Benedictine Military School (Savannah),43,0,GA,GA
2,Belmont (Dayton),0,Aiken (Cincinnati),46,0,,
2,Deer Park (Cincinnati),14,Shroder (Cincinnati),28,0,,
2,Garfield Heights (Garfield Heights),18,Lutheran East (Cleveland Heights),20,0,,
2,John Hay (Cleveland),14,Cleveland Central Catholic (Cleveland),20,0,,
2,Lorain (Lorain),47,Elyria (Elyria),13,0,,
2,Rocky River (Rocky River),42,John Marshall (Cleveland),14,0,,
2,St Joseph Central Catholic (Fremont),6,St Mary Central Catholic (Sandusky),40,0,,
2,Tuscarawas Central Catholic (New Philadelphia),0,Fisher Catholic (Lancaster),49,0,,
2,Waynesfield-Goshen (Waynesfield),49,Crestline (Crestline),12,0,,
2,Western Reserve (Berlin Center),13,Trinity (Garfield Heights),0,0,,
2,Valley Christian School (Youngstown),54,St Thomas Aquinas (Louisville),6,0,,
2,West Union (club) (West Union),24,North Adams (club) (Seaman),22,0,,
2,Paden City (Paden City),38,Foxfire (Zanesville),24,0,WV,
2,Bryan Station,8,Boyle County (Danville),48,0,KY,KY
2,Holy Cross (Covington),8,Dohn Community (Cincinnati),6,0,KY,
2,Johnson Central,37,Pikeville (Pikeville),15,0,KY,KY
2,Franklin,7,Slippery Rock,38,0,PA,PA
2,Titusville (Titusville),40,Girard (Girard),0,0,PA,PA
2,Saint Joseph's Prep (Philadelphia),21,St Edward (Lakewood),35,0,PA,
2,Brownsburg,30,Cathedral (Indianapolis),14,0,IN,IN
2,Carmel (Carmel),13,Westfield,17,0,IN,IN
2,Muncie Central,14,Yorktown,30,0,IN,IN
2,Northview,44,Greencastle,7,0,IN,IN
2,Northern Virginia Homeschool,50,Columbus Crusaders (club) (Columbus),42,1,VA,
2,DeMatha Catholic (Hyattsville),10,Archbishop Spalding (Severn),26,0,MD,MD
2,Maryland School for the Deaf,42,Chalker (Southington),22,0,MD,
2,Mt Zion Prep (Lanham),0,Riverdale Baptist (Upper Marlboro),48,0,MD,MD
2,Chaminade (Mineola),31,Long Island St Anthony's (South Huntington),28,0,NY,NY
2,St Francis Prep (Fresh Meadows),21,St John the Baptist (West Islip),20,0,NY,NY
2,Iona Prep (New Rochelle),7,Delbarton School (Morristown),34,0,NY,NJ
2,St Peter's (Staten Island),51,Susan Wagner (Staten Island),6,0,NY,NY
2,St Joseph by-the-Sea (Staten Island),22,Holy Cross (Flushing),0,0,NY,NY
2,Bishop Hendricken (Warwick),30,Monsignor Farrell (Staten Island),34,0,RI,NY
2,LaSalle Academy (Providence),28,Holy Trinity - Long Island (Hicksville),7,0,RI,NY
2,King School (Stamford),33,St Dominic (Oyster Bay),7,0,CT,NY
2,Seward (Seward),86,Monroe Catholic (Fairbanks),14,0,AK,AK
2,Valdez (Valdez),14,Nikiski (Nikiski),54,0,AK,AK
2,Soldotna (Soldotna),35,Teton,7,0,AK,ID
3,Belmont (Dayton),18,South (Columbus),17,0,,
3,Garfield Heights (Garfield Heights),0,Valley Forge (Parma Heights),25,0,,
3,Miami East (Casstown),21,Northwestern (Springfield),20,0,,
3,Miamisburg (Miamisburg),44,Ponitz Tech (Dayton),0,0,,
3,Millersport (Millersport),12,West (Columbus),47,0,,
3,Mississinawa Valley (Union City),6,Arcanum (Arcanum),42,0,,
3,Roger Bacon (St Bernard),14,Hughes (Cincinnati),20,0,,
3,Scott (Toledo),0,East (Columbus),32,0,,
3,Southern (Salineville),24,Edison (Richmond),42,0,,
3,U of D Jesuit (Detroit),7,Lansing Everett,23,0,MI,MI
3,Taylor Allderdice (Pittsburgh),33,Perry Traditional Academy (Pittsburgh),0,0,PA,PA
3,Oil City (Oil City),14,General McLane (Edinboro),35,0,PA,PA
3,Conneaut Area (Linesville),6,Hickory (Hermitage),63,0,PA,PA
3,Adena (Frankfort),7,Amanda-Clearcreek (Amanda),17,0,,
3,Africentric Early College (Columbus),14,St Francis DeSales (Columbus),35,0,,
3,Aiken (Cincinnati),28,Reading (Reading),22,0,,
3,Ansonia (Ansonia),46,Dixie (New Lebanon),6,0,,
3,Anthony Wayne (Whitehouse),49,Bowling Green (Bowling Green),19,0,,
3,Archbishop Alter (Kettering),7,Taft (Cincinnati),36,0,,
3,Arlington (Arlington),44,Ada (Ada),43,0,,
3,Aurora (Aurora),37,West Geauga (Chesterland),0,0,,
3,Ayersville (Defiance),7,Bluffton (Bluffton),63,0,,
3,Badin (Hamilton),17,Edgewood (Trenton),7,0,,
3,Barberton (Barberton),0,South Range (Canfield),38,0,,
3,Bath (Lima),49,Shawnee (Lima),23,0,,
3,Beaver Local (East Liverpool),21,St Clairsville (St Clairsville),27,0,,
3,Beavercreek (Beavercreek),48,Thurgood Marshall (Dayton),0,0,,
3,Bedford (Bedford),6,Notre Dame-Cathedral Latin (Chardon),28,0,,
3,Bellevue (Bellevue),0,Shelby (Shelby),34,0,,
3,Belpre (Belpre),0,Alexander (Albany),44,0,,
3,Berea-Midpark (Berea),6,Strongsville (Strongsville),21,0,,
3,Berkshire (Burton),51,Conneaut (Conneaut),26,0,,
3,Berne Union (Sugar Grove),7,Crooksville (Crooksville),19,0,,
3,Bethel (Tipp City),7,Urbana (Urbana),34,0,,
3,Bexley (Columbus),14,Lakewood (Hebron),25,0,,
3,Blanchester (Blanchester),14,Madison (Middletown),38,0,,
3,Bowsher (Toledo),18,Maumee (Maumee),56,0,,
3,Bridgeport (Bridgeport),0,East Palestine (East Palestine),32,0,,
3,Brooklyn (Brooklyn),0,Black River (Sullivan),44,0,,
3,Brookside (Sheffield),14,Fairview (Fairview Park),35,0,,
3,Brunswick (Brunswick),0,Highland (Medina),37,0,,
3,Brush (Lyndhurst),7,South (Willoughby),28,0,,
3,Buchtel (Akron),0,Archbishop Hoban (Akron),56,0,,
3,Buckeye (Medina),41,Ellet (Akron),7,0,,
3,Buckeye Central (New Washington),21,Fairport Harding (Fairport Harbor),14,0,,
3,Buckeye Local (Rayland),41,Shadyside (Shadyside),20,0,,
3,Buckeye Trail (Lore City),8,Barnesville (Barnesville),47,0,,
3,Bucyrus (Bucyrus),8,Cardington-Lincoln (Cardington),46,0,,
3,Canfield (Canfield),6,Olmsted Falls (Olmsted Falls),35,0,,
3,Catholic Central (Steubenville),8,Bishop Rosecrans (Zanesville),7,0,,
3,Centennial (Columbus),0,Hamilton Township (Columbus),34,0,,
3,Canton Central Catholic (Canton),37,Orrville (Orrville),59,0,,
3,Central Catholic (Toledo),7,Novi Detroit Catholic Central (Novi),21,0,,MI
3,Chaminade Julienne (Dayton),23,Bishop Hartley (Columbus),49,0,,
3,Champion (Warren),25,Campbell Memorial (Campbell),30,0,,
3,Chaney (Youngstown),0,Boardman (Youngstown),15,0,,
3,Chardon (Chardon),28,Avon Lake (Avon Lake),7,0,,
3,Chillicothe (Chillicothe),20,Western Brown (Mount Orab),38,0,,
3,Cincinnati Country Day (Cincinnati),28,North College Hill (Cincinnati),20,0,,
3,Clay (Oregon),14,Whitmer (Toledo),45,0,,
3,Claymont (Uhrichsville),6,Fairless (Brewster),28,0,,
3,Clearview (Lorain),20,McDonald (McDonald),7,0,,
3,Clermont Northeastern (Batavia),14,Batavia (Batavia),50,0,,
3,Cleveland Central Catholic (Cleveland),14,John Marshall (Cleveland),6,0,,
3,Clinton-Massie (Clarksville),13,Tri-Valley (Dresden),14,0,,
3,Clyde (Clyde),42,Waite (Toledo),0,0,,
3,Coldwater (Coldwater),55,Fort Recovery (Fort Recovery),8,0,,
3,Colonel Crawford (North Robinson),33,East Knox (Howard),0,0,,
3,Columbia (Columbia Station),43,Northwestern (West Salem),13,0,,
3,Conotton Valley (Bowerston),0,Newcomerstown (Newcomerstown),50,0,,
3,Copley (Copley),22,Twinsburg (Twinsburg),25,0,,
3,Cory-Rawson (Rawson),0,Hardin Northern (Dola),29,0,,
3,Coventry (Akron),0,Chippewa (Doylestown),12,0,,
3,Crestview (Ashland),0,Keystone (La Grange),34,0,,
3,Crestwood (Mantua),0,Cuyahoga Heights (Cuyahoga Heights),35,0,,
3,Cuyahoga Valley Christian Academy (Cuyahoga Falls),28,Woodridge (Peninsula),0,0,,
3,Dalton (Dalton),34,Mogadore (Mogadore),0,0,,
3,Danville (Danville),8,Hopewell-Loudon (Bascom),12,0,,
3,Dayton Christian (Miamisburg),15,Miami Valley Christian Academy (Cincinnati),3,0,,
3,Dover (Dover),42,West Holmes (Millersburg),9,0,,
3,Dublin Scioto (Dublin),35,Thomas Worthington (Worthington),9,0,,
3,East (Akron),26,Elyria (Elyria),19,0,,
3,Dublin Jerome (Dublin),14,Hilliard Davidson (Hilliard),45,0,,
3,East Liverpool (East Liverpool),7,Salem (Salem),13,0,,
3,Eastwood (Pemberville),48,Wauseon (Wauseon),7,0,,
3,Eaton (Eaton),28,Talawanda (Oxford),7,0,,
3,Elida (Elida),0,Kenton (Kenton),37,0,,
3,Elmwood (Bloomdale),7,Leipsic (Leipsic),35,0,,
3,Euclid (Euclid),44,Whetstone (Columbus),12,0,,
3,Fairbanks (Milford Center),38,Cedarville (Cedarville),21,0,,
3,Fairfield (Fairfield),56,Sycamore (Cincinnati),13,0,,
3,Fairfield Christian Academy (Lancaster),30,Federal Hocking (Stewart),0,0,,
3,Fairland (Proctorville),27,Fairfield Union (Lancaster),17,0,,
3,Fairview (Sherwood),34,Bryan (Bryan),6,0,,
3,Bishop Fenwick (Franklin),14,Monroe (Monroe),31,0,,
3,Field (Mogadore),21,Rootstown (Rootstown),0,0,,
3,Firestone (Akron),13,Norton (Norton),20,0,,
3,Fort Frye (Beverly),38,Wheeling Central Catholic (Wheeling),19,0,,WV
3,Fort Loramie (Fort Loramie),35,Covington (Covington),15,0,,
3,Franklin (Franklin),42,Washington (Washington Court House),7,0,,
3,Franklin Heights (Columbus),8,Briggs (Columbus),44,0,,
3,Fremont Ross (Fremont),0,Perrysburg (Perrysburg),35,0,,
3,Galion (Galion),42,Upper Sandusky (Upper Sandusky),0,0,,
3,Garaway (Sugarcreek),20,West Muskingum (Zanesville),13,0,,
3,Garfield (Garrettsville),20,Normandy (Parma),12,0,,
3,Geneva (Geneva),21,Springfield (New Middletown),14,0,,
3,Gibsonburg (Gibsonburg),7,Edison (Milan),12,0,,
3,Gilmour Academy (Gates Mills),33,Hawken (Gates Mills),13,0,,
3,GlenOak (Canton),0,Austintown-Fitch (Austintown),35,0,,
3,Glenville (Cleveland),12,Avon (Avon),13,0,,
3,Goshen (Goshen),7,Waynesville (Waynesville),49,0,,
3,Graham Local (St Paris),0,Brookville (Brookville),33,0,,
3,Grand Valley (Orwell),33,Cardinal (Middlefield),36,0,,
3,Green (Franklin Furnace),21,Manchester (Manchester),28,0,,
3,Greeneview (Jamestown),42,West Liberty-Salem (West Liberty),14,0,,
3,Grove City (Grove City),34,Hilliard Bradley (Hilliard),14,0,,
3,Grove City Christian (Grove City),13,Mount Gilead (Mount Gilead),32,0,,
3,Groveport Madison (Groveport),13,Big Walnut (Sunbury),24,0,,
3,Marion Harding (Marion),24,Lima Senior (Lima),49,0,,
3,Warren G Harding (Warren),15,Perry (Massillon),9,0,,
3,Harvey (Painesville),22,Edgewood (Ashtabula),13,0,,
3,Delaware Hayes (Delaware),35,Mount Vernon (Mount Vernon),0,0,,
3,Heath (Heath),29,Norwayne (Creston),51,0,,
3,Hicksville (Hicksville),8,Edon (Edon),48,0,,
3,Highland (Marengo),42,Coshocton (Coshocton),28,0,,
3,Hillsdale (Jeromesville),42,Loudonville (Loudonville),7,0,,
3,Hilltop (West Unity),6,Antwerp (Antwerp),33,0,,
3,Hubbard (Hubbard),24,Howland (Warren),3,0,,
3,Hudson (Hudson),27,Cleveland Heights (Cleveland Heights),14,0,,
3,Huron (Huron),7,Genoa Area (Genoa),17,0,,
3,Independence (Columbus),14,St Charles (Columbus),38,0,,
3,Indian Creek (Wintersville),26,Union Local (Belmont),27,0,,
3,Indian Hill (Cincinnati),19,Harrison (Harrison),49,0,,
3,Indian Lake (Lewistown),28,Allen East (Harrod),21,0,,
3,Jackson-Milton (North Jackson),14,Windham (Windham),26,0,,
3,Jefferson (Delphos),2,Paulding (Paulding),27,0,,
3,John F Kennedy (Cleveland),0,Youngstown East (Youngstown),36,0,,
3,John Hay (Cleveland),20,Independence (Independence),0,0,,
3,Johnstown (Johnstown),12,Granville (Granville),48,0,,
3,Jonathan Alder (Plain City),21,Bloom-Carroll (Carroll),31,0,,
3,Garfield (Akron),12,Cloverleaf (Seville),22,0,,
3,Kenston (Chagrin Falls),37,Chagrin Falls (Chagrin Falls),14,0,,
3,Kenton Ridge (Springfield),58,Mifflin (Columbus),0,0,,
3,Kings (Kings Mills),28,Loveland (Loveland),20,0,,
3,Kirtland (Kirtland),22,Perry (Perry),21,0,,
3,Lake (Millbury),14,Delta (Delta),31,0,,
3,Lake (Uniontown),24,Brecksville-Broadview Heights (Broadview Heights),0,0,,
3,Lakeview (Cortland),19,Liberty (Youngstown),6,0,,
3,Lakota East (Liberty Township),27,Hamilton (Hamilton),24,0,,
3,Lakota West (West Chester),6,Princeton (Cincinnati),14,0,,
3,Lancaster (Lancaster),28,Marysville (Marysville),14,0,,
3,La Salle (Cincinnati),18,Kettering Fairmont (Kettering),12,0,,
3,Lebanon (Lebanon),14,West Clermont (Cincinnati),24,0,,
3,Lexington (Lexington),3,Clear Fork (Bellville),28,0,,
3,Liberty-Benton (Findlay),31,McComb (McComb),6,0,,
3,Liberty Center (Liberty Center),37,Otsego (Tontogany),7,0,,
3,Liberty Union (Baltimore),0,Nelsonville-York (Nelsonville),33,0,,
3,Licking Heights (Pataskala),27,Sheridan (Thornville),7,0,,
3,Licking Valley (Newark),20,Bishop Ready (Columbus),14,0,,
3,Gahanna Lincoln (Gahanna),0,Olentangy Liberty (Powell),31,0,,
3,Linden McKinley (Columbus),0,Maple Heights (Maple Heights),24,0,,
3,Little Miami (Morrow),0,Anderson (Cincinnati),64,0,,
3,Lockland (Lockland),18,Finneytown (Cincinnati),22,0,,
3,Louisville (Louisville),28,Northwest (Canal Fulton),35,0,,
3,Lucas (Lucas),25,Smithville (Smithville),30,0,,
3,Lutheran East (Cleveland Heights),30,Oberlin (Oberlin),0,0,,
3,Lutheran West (Rocky River),0,Padua Franciscan (Parma),28,0,,
3,Madeira (Cincinnati),25,Purcell Marian (Cincinnati),32,0,,
3,Madison-Plains (London),21,West Jefferson (West Jefferson),28,0,,
3,Malvern (Malvern),38,Harrison Central (Cadiz),28,0,,
3,Manchester (New Franklin),40,Marlington (Alliance),0,0,,
3,Mapleton (Ashland),7,Northmor (Galion),47,0,,
3,Margaretta (Castalia),14,Mohawk (Sycamore),36,0,,
3,Mariemont (Cincinnati),0,Williamsburg (Williamsburg),20,0,,
3,Marion-Franklin (Columbus),20,Holy Name (Parma Heights),49,0,,
3,Martins Ferry (Martins Ferry),34,Tuscarawas Valley (Zoarville),3,0,,
3,Mathews (Vienna),20,Newton Falls (Newton Falls),6,0,,
3,Mayfield (Mayfield),7,Nordonia (Macedonia),35,0,,
3,Maysville (Zanesville),17,Philo (Duncan Falls),27,0,,
3,Niles McKinley (Niles),26,Lakeside (Ashtabula),6,0,,
3,Meadowbrook (Byesville),46,Cambridge (Cambridge),0,0,,
3,Meadowdale (Dayton),44,Troy Christian (Troy),6,0,,
3,Mechanicsburg (Mechanicsburg),40,Greenon (Enon),12,0,,
3,Medina (Medina),7,Wadsworth (Wadsworth),51,0,,
3,St Marys Memorial (St Marys),10,Defiance (Defiance),14,0,,
3,Middletown (Middletown),16,Colerain (Cincinnati),10,0,,
3,Midview (Grafton),27,Elyria Catholic (Elyria),0,0,,
3,Milford (Milford),3,Winton Woods (Cincinnati),22,0,,
3,Miller (Corning),20,Sciotoville Community (Portsmouth),0,0,,
3,Minerva (Minerva),7,Springfield (Akron),13,0,,
3,Minford (Minford),14,Wellston (Wellston),37,0,,
3,Minster (Minster),41,Anna (Anna),14,0,,
3,Montpelier (Montpelier),6,Edgerton (Edgerton),49,0,,
3,Morgan (McConnelsville),0,New Lexington (New Lexington),30,0,,
3,National Trail (New Paris),6,Preble Shawnee (Camden),39,0,,
3,New Albany (New Albany),14,Olentangy Berlin (Delaware),40,0,,
3,Newark Catholic (Newark),14,Columbus Academy (Gahanna),35,0,,
3,New Bremen (New Bremen),30,Parkway (Rockford),0,0,,
3,New London (New London),44,Vanlue (Vanlue),8,0,,
3,New Philadelphia (New Philadelphia),28,Wooster (Wooster),7,0,,
3,New Richmond (New Richmond),36,Western Hills (Cincinnati),6,0,,
3,North (Akron),6,Hoover (North Canton),40,0,,
3,North (Eastlake),0,Madison (Madison),18,0,,
3,North Baltimore (North Baltimore),0,Elgin (Marion),34,0,,
3,North Central (Pioneer),0,Perry (Lima),34,0,,
3,Northeastern (South Vienna),20,Catholic Central (Springfield),7,0,,
3,Northland (Columbus),14,Archbishop Carroll (Dayton),23,0,,
3,North Olmsted (North Olmsted),7,Amherst Steele (Amherst),24,0,,
3,Northridge (Dayton),30,Carlisle (Carlisle),37,0,,
3,Northridge (Johnstown),14,Grandview Heights (Columbus),17,0,,
3,North Royalton (North Royalton),0,North Ridgeville (North Ridgeville),31,0,,
3,Northwood (Northwood),30,Lakota (Kansas),17,0,,
3,Norwood (Norwood),8,Deer Park (Cincinnati),39,0,,
3,Oak Harbor (Oak Harbor),42,Port Clinton (Port Clinton),7,0,,
3,Oak Hills (Cincinnati),7,Mason (Mason),20,0,,
3,Oakwood (Dayton),23,Milton-Union (West Milton),28,0,,
3,Ontario (Ontario),34,Madison Comprehensive (Mansfield),14,0,,
3,Olentangy Orange (Lewis Center),36,Hilliard Darby (Hilliard),17,0,,
3,Ottawa-Glandorf (Ottawa),14,Wapakoneta (Wapakoneta),42,0,,
3,Paint Valley (Bainbridge),30,McClain (Greenfield),7,0,,
3,Pandora-Gilboa (Pandora),41,Van Buren (Van Buren),14,0,,
3,Patrick Henry (Hamler),13,Columbus Grove (Columbus Grove),27,0,,
3,Perkins (Sandusky),49,Rocky River (Rocky River),0,0,,
3,Pickerington North (Pickerington),38,Pickerington Central (Pickerington),27,0,,
3,Plymouth (Plymouth),14,Wellington (Wellington),21,0,,
3,Poland Seminary (Poland),19,Firelands (Oberlin),0,0,,
3,Portsmouth West (West Portsmouth),27,Hillsboro (Hillsboro),21,0,,
3,Pymatuning Valley (Andover),34,Jefferson Area (Jefferson),6,0,,
3,Revere (Richfield),35,Ravenna (Ravenna),0,0,,
3,Ridgemont (Mt Victory),14,Ridgedale (Morral),8,0,,
3,Ridgewood (West Lafayette),31,Carrollton (Carrollton),0,0,,
3,River (Hannibal),6,Monroe Central (Woodsfield),52,0,,
3,Riverdale (Mt Blanchard),21,Arcadia (Arcadia),7,0,,
3,Riverside (Painesville),14,Cathedral Prep (Erie),16,0,,PA
3,River Valley (Caledonia),34,Buckeye Valley (Delaware),7,0,,
3,Rogers (Toledo),6,Norwalk (Norwalk),7,0,,
3,Kent Roosevelt (Kent),13,Lakewood (Lakewood),21,0,,
3,Ross (Hamilton),34,Northwest (Cincinnati),0,0,,
3,Rossford (Rossford),6,Evergreen (Metamora),36,0,,
3,St Henry (St Henry),9,Marion Local (Maria Stein),42,0,,
3,St Ignatius (Cleveland),35,Dublin Coffman (Dublin),21,0,,
3,St John's (Delphos),7,Versailles (Versailles),17,0,,
3,St John School (Ashtabula),22,Beachwood (Beachwood),3,0,,
3,St John's Jesuit (Toledo),0,Orchard Lake St Mary (Orchard Lake),47,0,,MI
3,Villa Angela-St Joseph (Cleveland),60,Mansfield Senior (Mansfield),0,0,,
3,St Mary Central Catholic (Sandusky),35,Sebring McKinley (Sebring),0,0,,
3,St Thomas Aquinas (Louisville),13,Mineral Ridge (Mineral Ridge),54,0,,
3,St Vincent-St Mary (Akron),0,Walsh Jesuit (Cuyahoga Falls),52,0,,
3,Sandusky (Sandusky),0,Lorain (Lorain),8,0,,
3,Sandy Valley (Magnolia),55,East Canton (East Canton),16,0,,
3,Seneca East (Attica),13,Monroeville (Monroeville),36,0,,
3,Shaw (East Cleveland),0,Tiffin Columbian (Tiffin),56,0,,
3,Solon (Solon),22,Shaker Heights (Shaker Heights),21,0,,
3,South Central (Greenwich),14,Rittman (Rittman),37,0,,
3,Southeast (Ravenna),6,Cuyahoga Falls (Cuyahoga Falls),21,0,,
3,Southeastern Local (South Charleston),35,Triad (North Lewisburg),13,0,,
3,South Gallia (Crown City),14,Eastern (Reedsville),43,0,,
3,Southern (Racine),9,Chesapeake (Chesapeake),41,0,,
3,South Point (South Point),13,Russell (Russell),35,0,,KY
3,Spencerville (Spencerville),24,Riverside (De Graff),21,0,,
3,Springboro (Springboro),6,Elder (Cincinnati),30,0,,
3,Springfield (Holland),7,Start (Toledo),28,0,,
3,Stebbins (Riverside),13,Piqua (Piqua),24,0,,
3,Steubenville (Steubenville),31,Cardinal Mooney (Youngstown),21,0,,
3,Stow-Munroe Falls (Stow),7,Jackson (Massillon),31,0,,
3,Strasburg-Franklin (Strasburg),42,Leetonia (Leetonia),0,0,,
3,Streetsboro (Streetsboro),56,Alliance (Alliance),6,0,,
3,Stryker (Stryker),12,Holgate (Holgate),52,0,,
3,Summit Country Day (Cincinnati),22,East Clinton (Sabina),18,0,,
3,Swanton (Swanton),6,Ottawa Hills (Toledo),56,0,,
3,Sylvania Northview (Sylvania),0,Napoleon (Napoleon),53,0,,
3,Sylvania Southview (Sylvania),20,Findlay (Findlay),35,0,,
3,Tallmadge (Tallmadge),6,Green (Uniontown),14,0,,
3,Tecumseh (New Carlisle),0,Shawnee (Springfield),20,0,,
3,Tinora (Defiance),14,Archbold (Archbold),15,0,,
3,Tippecanoe (Tipp City),72,Greenville (Greenville),7,0,,
3,Toronto (Toronto),50,Weir (Weirton),0,0,,WV
3,Trimble (Glouster),18,Vinton County (McArthur),6,0,,
3,Trinity (Garfield Heights),20,Rhodes (Cleveland),28,0,,
3,Triway (Wooster),41,Waynedale (Apple Creek),16,0,,
3,Trotwood-Madison (Trotwood),14,Springfield (Springfield),15,0,,
3,Troy (Troy),13,Butler (Vandalia),21,0,,
3,Turpin (Cincinnati),30,Walnut Hills (Cincinnati),7,0,,
3,Tuscarawas Central Catholic (New Philadelphia),8,Lowellville (Lowellville),47,0,,
3,Tuslaw (Massillon),48,River View (Warsaw),6,0,,
3,Tri-County North (Lewisburg),21,Bradford (Bradford),18,0,,
3,Twin Valley South (West Alexandria),6,Tri-Village (New Madison),38,0,,
3,United (Hanoverton),7,Crestview (Columbiana),30,0,,
3,University School (Hunting Valley),7,Bay (Bay Village),17,0,,
3,Upper Arlington (Upper Arlington),28,Reynoldsburg (Reynoldsburg),13,0,,
3,Upper Scioto Valley (McGuffey),40,Waynesfield-Goshen (Waynesfield),38,0,,
3,Ursuline (Youngstown),27,Farrell (Farrell),0,0,,PA
3,Utica (Utica),18,Fredericktown (Fredericktown),15,0,,
3,Valley (Lucasville),14,Piketon (Piketon),25,0,,
3,Valley View (Germantown),3,Bellbrook (Bellbrook),16,0,,
3,Van Wert (Van Wert),14,Celina (Celina),42,0,,
3,Walnut Ridge (Columbus),42,Beechcroft (Columbus),12,0,,
3,Warrensville Heights (Warrensville Heights),6,Westlake (Westlake),30,0,,
3,Waterloo (Atwater),6,Lisbon David Anderson (Lisbon),20,0,,
3,Watkins Memorial (Pataskala),12,Teays Valley (Ashville),35,0,,
3,Wayne Trace (Haviland),16,Crestview (Convoy),37,0,,
3,Wellsville (Wellsville),0,Caldwell (Caldwell),43,0,,
3,West Branch (Beloit),48,Girard (Girard),7,0,,
3,West Carrollton (West Carrollton),6,Fairborn (Fairborn),42,0,,
3,Western Reserve (Berlin Center),35,Columbiana (Columbiana),7,0,,
3,Western Reserve (Collins),22,Wynford (Bucyrus),33,0,,
3,Westerville Central (Westerville),7,Bellefontaine (Bellefontaine),29,0,,
3,Westerville North (Westerville),6,Bishop Watterson (Columbus),41,0,,
3,Westerville South (Westerville),14,Olentangy (Lewis Center),27,0,,
3,Westfall (Williamsport),6,Circleville (Circleville),33,0,,
3,Westland (Galloway),46,Central Crossing (Grove City),17,0,,
3,Whitehall-Yearling (Whitehall),6,Pleasant (Marion),48,0,,
3,Wickliffe (Wickliffe),23,Orange (Pepper Pike),37,0,,
3,Willard (Willard),12,Vermilion (Vermilion),41,0,,
3,Wilmington (Wilmington),13,Mount Healthy (Cincinnati),19,0,,
3,Withrow (Cincinnati),14,Northmont (Clayton),15,0,,
3,Woodward (Cincinnati),0,Taylor (Cleves),35,0,,
3,Woodward (Toledo),6,Fostoria (Fostoria),44,0,,
3,Harvest Prep (Canal Winchester),26,Ashland Blazer (Ashland),10,0,,KY
3,Worthington Christian (Worthington),21,Centerburg (Centerburg),44,0,,
3,Worthington Kilbourne (Columbus),7,Canal Winchester (Canal Winchester),31,0,,
3,Wyoming (Cincinnati),45,Bethel-Tate (Bethel),13,0,,
3,Xenia (Xenia),48,Sidney (Sidney),7,0,,
3,Zanesville (Zanesville),15,Newark (Newark),35,0,,
3,Valley Christian School (Youngstown),23,Brookfield (Brookfield),6,0,,
3,Zane Trace (Chillicothe),8,North Union (Richwood),14,0,,
3,KIPP Columbus (Columbus),2,Archbishop McNicholas (Cincinnati),31,0,,
3,Dohn Community (Cincinnati),6,Struthers (Struthers),40,0,,
3,West Union (club) (West Union),0,Fayetteville (Fayetteville),21,0,,
3,Peebles (club) (Peebles),18,Columbus Crusaders (club) (Columbus),58,0,,
3,Bridgeport (Bridgeport),49,Morgantown (Morgantown),0,0,WV,WV
3,Frankfort (Ridgeley),56,Hampshire,21,0,WV,WV
3,George Washington (Charleston),14,John Marshall (Glen Dale),6,0,WV,WV
3,Hundred (Hundred),0,Cameron (Cameron),35,0,WV,WV
3,Huntington (Huntington),15,Martinsburg (Martinsburg),47,0,WV,WV
3,Independence (Coal City),20,Brooke (Wellsburg),0,0,WV,WV
3,Madonna (Weirton),28,Clay-Battelle (Blacksville),8,0,WV,WV
3,Oak Glen (New Cumberland),0,St Marys (St Marys),28,0,WV,WV
3,Paden City (Paden City),0,Tolsia,25,0,WV,WV
3,Parkersburg (Parkersburg),37,South Charleston,0,0,WV,WV
3,Roane County (Spencer),42,Lincoln County (Hamlin),12,0,WV,WV
3,Spring Valley (Huntington),48,Hurricane (Hurricane),63,0,WV,WV
3,Summers County,0,Greenbrier West (Charmco),27,0,WV,WV
3,Valley (Wetzel) (Pine Grove),33,Hancock (Hancock),0,0,WV,MD
3,Wahama (Mason),48,Doddridge County,24,0,WV,WV
3,Williamstown (Williamstown),49,Tyler Consolidated,0,0,WV,WV
3,Winfield,15,Herbert Hoover (Elkview),29,0,WV,WV
3,Spring Mills (Martinsburg),27,Wheeling Park (Wheeling),0,0,WV,WV
3,Trinity Christian (Morgantown),0,Berkeley Springs,38,0,WV,WV
3,Linsly (Wheeling),0,Ashland (Ashland),35,0,WV,
3,Ballard,26,Pleasure Ridge Park (Louisville),0,0,KY,KY
3,Betsy Lane,32,Fairview (Ashland),0,0,KY,KY
3,Central (Louisville),41,Butler (Louisville),0,0,KY,KY
3,Dixie Heights (Edgewood),20,Beechwood (Fort Mitchell),41,0,KY,KY
3,Grant County,20,Holy Cross (Covington),3,0,KY,KY
3,Highlands (Fort Thomas),34,Campbell County (Alexandria),0,0,KY,KY
3,Ludlow (Ludlow),0,Sayre (Lexington),42,0,KY,KY
3,Paintsville (Paintsville),20,Prestonsburg,21,0,KY,KY
3,Pendleton County (Falmouth),6,Bellevue (Bellevue),36,0,KY,KY
3,Pikeville (Pikeville),26,Lexington Christian,40,0,KY,KY
3,Pineville,0,Bishop Brossart (Alexandria),49,0,KY,KY
3,Ryle (Union),14,Cooper (Union),21,0,KY,KY
3,Shelby Valley (Pikeville),28,Martin County (Inez),40,0,KY,KY
3,Spencer County,17,South Oldham (Crestwood),30,0,KY,KY
3,St Xavier (Louisville),34,Male (Louisville),35,0,KY,KY
3,Adrian Lenawee Christian,23,Bellevue,20,0,MI,MI
3,Brother Rice (Bloomfield Hills),28,St Francis de Sales (Toledo),49,0,MI,
3,Camden-Frontier,58,Tekonsha,0,0,MI,MI
3,Concord,1,Athens,0,0,MI,MI
3,Davison,41,Grandville (Grandville),37,0,MI,MI
3,Dearborn Divine Child (Dearborn),42,Bloomfield Hills (Bloomfield Hills),0,0,MI,MI
3,Detroit Cass Tech (Detroit),20,Canton McKinley (Canton),3,0,MI,
3,East Lansing,12,Hudsonville,14,0,MI,MI
3,Erie Mason (Erie),0,Dundee,53,0,MI,MI
3,Grand Rapids West Catholic (Grand Rapids),63,Coopersville,28,0,MI,MI
3,Howell,49,Plymouth Canton,14,0,MI,MI
3,Lumen Christi (Jackson),24,Pontiac Notre Dame (Pontiac),28,0,MI,MI
3,Muskegon (Muskegon),21,Rockford,28,0,MI,MI
3,Muskegon Mona Shores (Muskegon),21,River Rouge (River Rouge),6,0,MI,MI
3,LakeVille Memorial (Otisville),0,Chesaning,50,0,MI,MI
3,Ottawa Lake Whiteford (Ottawa Lake),6,Ida,21,0,MI,MI
3,Petersburg Summerfield (Petersburg),27,Decatur,30,0,MI,MI
3,Reading (Reading),30,Quincy,12,0,MI,MI
3,Riverview Gabriel Richard (Riverview),27,Muskegon Catholic Central,0,0,MI,MI
3,Bedford (Temperance),48,Ann Arbor Skyline (Ann Arbor),3,0,MI,MI
3,Waldron,30,Litchfield,18,0,MI,MI
3,Warren De La Salle (Warren),35,Detroit King (Detroit),13,0,MI,MI
3,Britton-Deerfield (Britton),14,Mendon,66,0,MI,MI
3,NorthPointe Christian (Grand Rapids),0,Toledo Christian (Toledo),21,0,MI,
3,Central York (York),31,Delaware Valley,20,0,PA,PA
3,Northern Bedford County,19,Wilmington (New Wilmington),21,0,PA,PA
3,Butler,35,Meadville,11,0,PA,PA
3,McKeesport (McKeesport),31,Thomas Jefferson,34,0,PA,PA
3,Uniontown,34,Carrick (Pittsburgh),0,0,PA,PA
3,Brashear (Pittsburgh),0,Westinghouse (Pittsburgh),59,0,PA,PA
3,McDowell (Erie),14,Mentor (Mentor),50,0,PA,
3,Fort LeBoeuf,19,Corry (Corry),13,0,PA,PA
3,Grove City,7,Titusville (Titusville),22,0,PA,PA
3,North East (North East),10,Harbor Creek (Harborcreek),49,0,PA,PA
3,Slippery Rock,0,Sharon (Sharon),42,0,PA,PA
3,Seneca,40,Union City,0,0,PA,PA
3,Reynolds (Greenville),32,Mercer,31,0,PA,PA
3,Fairview (Fairview),31,Girard (Girard),20,0,PA,PA
3,Eisenhower,7,Iroquois,0,0,PA,PA
3,Lakeview,29,Saegertown,31,0,PA,PA
3,Cochranton,16,Maplewood (Guys Mills),27,0,PA,PA
3,Bellmont,0,Columbia City,61,0,IN,IN
3,Carmel (Carmel),44,Centerville (Centerville),23,0,IN,
3,Center Grove (Greenwood),24,Trinity (Louisville),10,0,IN,KY
3,East Central (St Leon),13,Archbishop Moeller (Cincinnati),42,0,IN,
3,Bishop Dwenger (Fort Wayne),14,Fort Wayne North Side,6,0,IN,IN
3,Bishop Chatard (Indianapolis),9,Roncalli (Indianapolis),3,0,IN,IN
3,Cathedral (Indianapolis),31,St Xavier (Cincinnati),35,0,IN,
3,Lawrence North (Indianapolis),45,Wayne (Huber Heights),21,0,IN,
3,Linton-Stockton (Linton),26,Western,7,0,IN,IN
3,Milan,7,Lawrenceburg (Lawrenceburg),41,0,IN,IN
3,New Palestine,41,Yorktown,13,0,IN,IN
3,Richmond (Richmond),8,London (London),58,0,IN,
3,Sullivan,0,Northview,35,0,IN,IN
3,Tindley (Indianapolis),6,Crispus Attucks (Indianapolis),42,0,IN,IN
3,Purdue Poly - Englewood (Indianapolis),14,Indianapolis Arsenal Technical (Indianapolis),47,0,IN,IN
3,Innovation Academy (Springfield),6,Grace Baptist Academy,41,0,TN,TN
3,Bishop Timon - St Jude (Buffalo),0,Aquinas Institute (Rochester),36,0,NY,NY
3,St Francis (Hamburg),23,Benedictine (Cleveland),17,0,NY,
3,Monsignor Farrell (Staten Island),21,Rye (Rye),31,0,NY,NY
3,Kellenberg Memorial (Uniondale),0,Bishop Hendricken (Warwick),31,0,NY,RI
3,Archbishop Stepinac (White Plains),0,Archbishop Spalding (Severn),45,0,NY,MD
3,Fordham Prep (Bronx),0,Gonzaga (Washington),41,0,NY,DC
3,Don Bosco Prep (Ramsey),44,Red Bank Catholic (Red Bank),0,0,NJ,NJ
3,Bergen Catholic (Oradell),35,Massillon Washington (Massillon),21,0,NJ,
3,Wayne Valley (Wayne),6,Northern Highlands Regional (Allendale),31,0,NJ,NJ
3,Carbondale (Carbondale),20,Mt Vernon (Mt Vernon),31,0,IL,IL
3,Mt Carmel (Chicago),28,St Rita (Chicago),0,0,IL,IL
3,Legacy Sport Sciences (Spring),34,Port Arthur Memorial (Port Arthur),41,0,TX,TX
3,Fort Bend Christian Academy (Sugar Land),3,Cornerstone Christian (San Antonio),28,0,TX,TX
3,Westdale (Hamilton),20,St Mary (Hamilton),17,0,ON,ON
3,St Thomas More (Hamilton),7,Grand Rapids Catholic Central,34,0,ON,MI
3,Huron Heights (Newmarket),45,Brantford Collegiate Institute (Brantford),7,0,ON,ON
3,Bishop Tonnos (Ancaster),13,Bellaire (Bellaire),16,0,ON,
3,Bill Crothers SS (Unionville),24,St Francis Xavier (Milton),12,0,ON,ON
3,St Peter (Peterborough),0,St Matthew (Orléans),44,0,ON,ON
3,Seward (Seward),74,Kodiak (Kodiak),0,0,AK,AK
3,Juneau-Douglas (Juneau),17,Bishop Union (Bishop),6,0,AK,CA
3,Cocoa (Cocoa),13,IMG Academy (Bradenton),34,0,FL,FL
3,East River (Orlando),7,Timber Creek (Orlando),46,0,FL,FL
3,Grayson (Loganville),28,Mallard Creek (Charlotte),14,0,GA,NC
3,Beallsville (Beallsville),0,Frontier (New Matamoras),39,0,,
3,Benjamin Logan (Bellefontaine),7,Lehman Catholic (Sidney),21,0,,
3,Calvert (Tiffin),10,St Paul (Norwalk),6,0,,
3,Carey (Carey),7,Lima Central Catholic (Lima),25,0,,
3,Cincinnati Hills Christian Academy (Cincinnati),56,Dunbar (Dayton),38,0,,
3,Collinwood (Cleveland),0,Crestline (Crestline),1,0,,
3,Danbury (Lakeside),30,St Joseph Central Catholic (Fremont),18,0,,
3,Eastmoor Academy (Columbus),0,Canton South (Canton),20,0,,
3,Fisher Catholic (Lancaster),31,Notre Dame (Portsmouth),16,0,,
3,Jackson (Jackson),28,Wheelersburg (Wheelersburg),24,0,,
3,John Glenn (New Concord),26,Indian Valley (Gnadenhutten),41,0,,
3,LaBrae (Leavittsburg),17,John F Kennedy (Warren),14,0,,
3,Marietta (Marietta),21,Athens (The Plains),42,0,,
3,Meigs (Pomeroy),34,Dawson-Bryant (Coal Grove),39,0,,
3,Miami Trace (Washington Court House),41,Logan Elm (Circleville),20,0,,
3,New Miami (Hamilton),32,C4 Lions (club) (Trenton),21,0,,
3,Northwest (McDermott),43,Huntington (Chillicothe),6,0,,
3,Oak Hill (Oak Hill),38,Rock Hill (Ironton),41,0,,
3,Portsmouth (Portsmouth),26,Greenup County (Greenup),37,0,,KY
3,St Bernard-Elmwood Place (St Bernard),12,Shroder (Cincinnati),44,0,,
3,Southeastern (Chillicothe),8,Eastern (Beaver),33,0,,
3,Symmes Valley (Willow Wood),27,River Valley (Bidwell),6,0,,
3,Unioto (Chillicothe),20,Waverly (Waverly),14,0,,
3,Warren (Vincent),17,Logan (Logan),7,0,,
3,Waterford (Waterford),35,Shenandoah (Sarahsville),7,0,,
3,Clark Montessori (Cincinnati),40,Gamble Montessori (Cincinnati),0,0,,
3,Cincinnati College Prep (Cincinnati),38,East Technical (Cleveland),0,0,,
3,Cabell Midland (Ona),7,Ironton (Ironton),63,1,WV,
3,Point Pleasant (Point Pleasant),33,Gallia Academy (Gallipolis),28,0,WV,
3,Wirt County (Elizabeth),48,Magnolia (New Martinsville),24,0,WV,WV
3,Boyd County (Ashland),36,East Carter,14,0,KY,KY
3,Boyle County (Danville),38,St Edward (Lakewood),21,0,KY,
3,North Adams-Jerome,0,Battle Creek St Philip,44,0,MI,MI
3,Washtenaw Saints (club),0,Landmark Eagles (club) (Cincinnati),40,0,MI,
3,State College,6,Harrisburg,7,0,PA,PA
3,Franklin,40,Warren,18,0,PA,PA
3,Mercyhurst Prep (Erie),28,Northwestern (Albion),7,0,PA,PA
3,Greenville,17,Cambridge Springs,0,0,PA,PA
3,Sharpsville,1,Kennedy Catholic (Hermitage),0,0,PA,PA
3,Erie (Erie),0,Lake Catholic (Mentor),37,0,PA,
3,Life Christian Academy (Chester),6,Football North (via Clarkson SS) (Mississauga),36,1,VA,ON
3,Canisius (Buffalo),39,Scranton Preparatory,25,0,NY,PA
3,Long Island St Anthony's (South Huntington),34,University Prep (Rochester),8,0,NY,NY
3,St John the Baptist (West Islip),40,Holy Trinity - Long Island (Hicksville),15,0,NY,NY
3,Xavier (New York),7,Moore Catholic (Staten Island),36,0,NY,NY
3,Chaminade (Mineola),27,John Jay (East Fishkill),0,0,NY,NY
3,Iona Prep (New Rochelle),44,Springfield Central (Springfield),20,0,NY,MA
3,Capital Prep-Harlem (New York),0,Mt St Michael Academy (Bronx),43,0,NY,NY
3,Cardinal Hayes (Bronx),36,Catholic Memorial (West Roxbury),29,0,NY,MA
3,Erasmus Hall Campus (Brooklyn),16,Saint Joseph's Prep (Philadelphia),44,0,NY,PA
3,Long Island Lutheran (Brookville),34,Boys' Latin School (Baltimore),32,0,NY,MD
3,Xaverian (Brooklyn),27,St Francis Prep (Fresh Meadows),26,0,NY,NY
3,St Dominic (Oyster Bay),7,Riverdale Country School (Bronx),36,0,NY,NY
3,St Joseph by-the-Sea (Staten Island),19,St Peter's (Staten Island),22,0,NY,NY
3,Yonkers (co-op) (Yonkers),27,Cardinal Spellman (Bronx),6,0,NY,NY
3,Eagle Academy for Young Men III (Jamaica),6,Holy Cross (Flushing),12,0,NY,NY
3,St Andrew's College (Aurora),10,St Joseph's Collegiate (Buffalo),8,0,ON,NY
3,Superior Heights (Sault Ste. Marie),8,White Pines (Sault Ste. Marie),1,0,ON,ON
3,Korah (Sault Ste. Marie),26,St Mary's College (Sault Ste. Marie),9,0,ON,ON
3,Mt Zion Prep (Lanham),0,DeMatha Catholic (Hyattsville),48,0,MD,MD
4,Michael Power - St Joseph (Etobicoke),0,Huron Heights (Newmarket),57,0,ON,ON
4,Archbishop Alter (Kettering),10,Trotwood-Madison (Trotwood),7,0,,
4,Beaver Local (East Liverpool),9,East Liverpool (East Liverpool),14,0,,
4,Mifflin (Columbus),12,Whetstone (Columbus),13,0,,
4,Preble Shawnee (Camden),48,Twin Valley South (West Alexandria),7,0,,
4,Start (Toledo),36,Scott (Toledo),14,0,,
4,Westinghouse (Pittsburgh),68,Perry Traditional Academy (Pittsburgh),0,0,PA,PA
4,North East (North East),23,Fort LeBoeuf,28,0,PA,PA
4,Erie (Erie),24,McDowell (Erie),28,0,PA,PA
4,Mt Zion Prep (Lanham),0,IMG Academy (Bradenton),57,0,MD,FL
4,Bishop Reding (Milton),9,St Francis Xavier (Milton),34,0,ON,ON
4,Corpus Christi (Burlington),45,St Thomas Aquinas (Oakville),3,0,ON,ON
4,White Pines (Sault Ste. Marie),15,Korah (Sault Ste. Marie),44,0,ON,ON
4,Ada (Ada),43,Elmwood (Bloomdale),14,0,,
4,Aiken (Cincinnati),14,Bishop Fenwick (Franklin),28,0,,
4,Amanda-Clearcreek (Amanda),10,Bloom-Carroll (Carroll),35,0,,
4,Anderson (Cincinnati),41,Lebanon (Lebanon),7,0,,
4,Anna (Anna),18,Coldwater (Coldwater),34,0,,
4,Antwerp (Antwerp),21,Edgerton (Edgerton),42,0,,
4,Arcadia (Arcadia),0,McComb (McComb),48,0,,
4,Arcanum (Arcanum),14,Ansonia (Ansonia),28,0,,
4,Archbold (Archbold),0,Liberty Center (Liberty Center),51,0,,
4,Arlington (Arlington),14,Van Buren (Van Buren),21,0,,
4,Athens (The Plains),47,Alexander (Albany),0,0,,
4,Aurora (Aurora),42,Revere (Richfield),10,0,,
4,Austintown-Fitch (Austintown),17,Riverside (Painesville),3,0,,
4,Avon Lake (Avon Lake),36,Berea-Midpark (Berea),35,0,,
4,Ayersville (Defiance),7,Fairview (Sherwood),41,0,,
4,Badin (Hamilton),21,Bishop Ready (Columbus),14,0,,
4,Barnesville (Barnesville),57,Buckeye Local (Rayland),7,0,,
4,Beachwood (Beachwood),6,Crestwood (Mantua),40,0,,
4,Beallsville (Beallsville),26,Hundred (Hundred),8,0,,WV
4,Beechcroft (Columbus),26,Centennial (Columbus),15,0,,
4,Bellevue (Bellevue),21,Norwalk (Norwalk),18,0,,
4,Benjamin Logan (Bellefontaine),0,Bellefontaine (Bellefontaine),49,0,,
4,Berne Union (Sugar Grove),28,Bishop Rosecrans (Zanesville),14,0,,
4,Bethel-Tate (Bethel),7,Miami Trace (Washington Court House),34,0,,
4,Bishop Hartley (Columbus),37,Watkins Memorial (Pataskala),7,0,,
4,Bishop Watterson (Columbus),51,Tiffin Columbian (Tiffin),7,0,,
4,Black River (Sullivan),13,Wellington (Wellington),7,0,,
4,Bowling Green (Bowling Green),34,Springfield (Holland),7,0,,
4,Bradford (Bradford),7,National Trail (New Paris),47,0,,
4,Brecksville-Broadview Heights (Broadview Heights),21,North Royalton (North Royalton),55,0,,
4,Briggs (Columbus),34,Marion-Franklin (Columbus),24,0,,
4,Brookfield (Brookfield),45,Champion (Warren),13,0,,
4,Brooklyn (Brooklyn),0,Fairview (Fairview Park),35,0,,
4,Brookville (Brookville),29,Waynesville (Waynesville),56,0,,
4,Brunswick (Brunswick),17,Cleveland Heights (Cleveland Heights),20,0,,
4,Bryan (Bryan),0,Delta (Delta),35,0,,
4,Buckeye (Medina),28,North Olmsted (North Olmsted),7,0,,
4,Bucyrus (Bucyrus),24,Buckeye Central (New Washington),42,0,,
4,Butler (Vandalia),41,Greenville (Greenville),7,0,,
4,Harrison Central (Cadiz),13,Union Local (Belmont),49,0,,
4,Caldwell (Caldwell),13,Monroe Central (Woodsfield),42,0,,
4,Calvert (Tiffin),28,Lakota (Kansas),0,0,,
4,Canton McKinley (Canton),35,GlenOak (Canton),6,0,,
4,Cardinal Mooney (Youngstown),13,Garaway (Sugarcreek),14,0,,
4,Cardington-Lincoln (Cardington),18,Fredericktown (Fredericktown),45,0,,
4,Carlisle (Carlisle),20,Valley View (Germantown),50,0,,
4,Carrollton (Carrollton),21,Howland (Warren),14,0,,
4,Catholic Central (Springfield),13,Fairbanks (Milford Center),50,0,,
4,Cedarville (Cedarville),6,Mechanicsburg (Mechanicsburg),42,0,,
4,Centerville (Centerville),31,Kettering Fairmont (Kettering),28,0,,
4,Canton Central Catholic (Canton),24,Salem (Salem),21,0,,
4,Central Crossing (Grove City),0,Olentangy (Lewis Center),35,0,,
4,Chaney (Youngstown),6,West Branch (Beloit),20,0,,
4,Chillicothe (Chillicothe),17,Portsmouth West (West Portsmouth),18,0,,
4,Claymont (Uhrichsville),13,Marietta (Marietta),28,0,,
4,Clinton-Massie (Clarksville),56,Blanchester (Blanchester),15,0,,
4,Cloverleaf (Seville),34,Springfield (Akron),3,0,,
4,Colerain (Cincinnati),13,Oak Hills (Cincinnati),45,0,,
4,Thurgood Marshall (Dayton),0,East (Columbus),52,0,,
4,Columbiana (Columbiana),7,United (Hanoverton),28,0,,
4,Columbus Grove (Columbus Grove),45,Spencerville (Spencerville),7,0,,
4,Conotton Valley (Bowerston),39,Strasburg-Franklin (Strasburg),6,0,,
4,Copley (Copley),7,Highland (Medina),44,0,,
4,Coshocton (Coshocton),14,John Glenn (New Concord),49,0,,
4,Coventry (Akron),0,Streetsboro (Streetsboro),77,0,,
4,Covington (Covington),45,Troy Christian (Troy),0,0,,
4,Crestview (Ashland),16,Monroeville (Monroeville),31,0,,
4,Crestview (Convoy),21,Fort Loramie (Fort Loramie),28,0,,
4,Crooksville (Crooksville),20,Meadowbrook (Byesville),40,0,,
4,Cuyahoga Heights (Cuyahoga Heights),21,Chagrin Falls (Chagrin Falls),14,0,,
4,Cuyahoga Valley Christian Academy (Cuyahoga Falls),47,Tuslaw (Massillon),7,0,,
4,Dawson-Bryant (Coal Grove),44,Chesapeake (Chesapeake),14,0,,
4,Dayton Christian (Miamisburg),41,New Miami (Hamilton),7,0,,
4,Defiance (Defiance),41,Van Wert (Van Wert),14,0,,
4,Dixie (New Lebanon),14,Tri-County North (Lewisburg),15,0,,
4,Dublin Coffman (Dublin),27,Pickerington North (Pickerington),43,0,,
4,Youngstown East (Youngstown),6,Ursuline (Youngstown),40,0,,
4,Sciotoville Community (Portsmouth),40,Manchester (Manchester),28,0,,
4,Eastern (Beaver),70,Fayetteville (Fayetteville),0,0,,
4,East Knox (Howard),34,Loudonville (Loudonville),0,0,,
4,Eastmoor Academy (Columbus),34,Independence (Columbus),0,0,,
4,East Palestine (East Palestine),42,Lisbon David Anderson (Lisbon),27,0,,
4,Eastwood (Pemberville),42,Lake (Millbury),0,0,,
4,Edison (Richmond),51,Oak Glen (New Cumberland),6,0,,WV
4,Edon (Edon),41,Margaretta (Castalia),7,0,,
4,Elgin (Marion),0,Ridgemont (Mt Victory),28,0,,
4,Elida (Elida),7,Ottawa-Glandorf (Ottawa),28,0,,
4,Ellet (Akron),24,Alliance (Alliance),46,0,,
4,Elyria (Elyria),0,Avon (Avon),58,0,,
4,Elyria Catholic (Elyria),9,Vermilion (Vermilion),25,0,,
4,Euclid (Euclid),14,Shaker Heights (Shaker Heights),10,0,,
4,Evergreen (Metamora),6,Patrick Henry (Hamler),35,0,,
4,Fairfield (Fairfield),14,Lakota West (West Chester),50,0,,
4,Fairland (Proctorville),49,Rock Hill (Ironton),14,0,,
4,Federal Hocking (Stewart),48,Belpre (Belpre),40,0,,
4,Field (Mogadore),20,Woodridge (Peninsula),14,0,,
4,Findlay (Findlay),40,Clay (Oregon),54,0,,
4,Finneytown (Cincinnati),0,Reading (Reading),31,0,,
4,Firelands (Oberlin),19,Columbia (Columbia Station),35,0,,
4,Firestone (Akron),27,Lorain (Lorain),35,0,,
4,Fort Recovery (Fort Recovery),14,St Henry (St Henry),48,0,,
4,Franklin (Franklin),7,Chaminade Julienne (Dayton),26,0,,
4,Franklin Heights (Columbus),0,Westerville North (Westerville),45,0,,
4,Galion (Galion),41,Clear Fork (Bellville),21,0,,
4,Gallia Academy (Gallipolis),0,Portsmouth (Portsmouth),47,0,,
4,Genoa Area (Genoa),47,Fostoria (Fostoria),7,0,,
4,Gibsonburg (Gibsonburg),14,Hopewell-Loudon (Bascom),27,0,,
4,Gilmour Academy (Gates Mills),48,Notre Dame-Cathedral Latin (Chardon),21,0,,
4,Girard (Girard),21,Struthers (Struthers),28,0,,
4,Glenville (Cleveland),34,John Hay (Cleveland),0,0,,
4,Goshen (Goshen),27,Woodward (Cincinnati),0,0,,
4,Graham Local (St Paris),0,Urbana (Urbana),43,0,,
4,Grandview Heights (Columbus),31,Bexley (Columbus),6,0,,
4,Green (Uniontown),21,Hoover (North Canton),19,0,,
4,Greenon (Enon),16,Northeastern (South Vienna),53,0,,
4,Grove City Christian (Grove City),49,Fairfield Christian Academy (Lancaster),0,0,,
4,Hamilton (Hamilton),7,Mason (Mason),3,0,,
4,Hamilton Township (Columbus),17,Fairfield Union (Lancaster),34,0,,
4,Marion Harding (Marion),14,Shelby (Shelby),33,0,,
4,Hardin Northern (Dola),21,Waynesfield-Goshen (Waynesfield),20,0,,
4,Harrison (Harrison),49,Western Hills (Cincinnati),0,0,,
4,Harvey (Painesville),50,Jefferson Area (Jefferson),24,0,,
4,Hawken (Gates Mills),35,Edgewood (Ashtabula),7,0,,
4,Delaware Hayes (Delaware),21,Big Walnut (Sunbury),41,0,,
4,Heath (Heath),0,Licking Valley (Newark),35,0,,
4,Hilliard Davidson (Hilliard),43,Hilliard Darby (Hilliard),7,0,,
4,Hillsdale (Jeromesville),63,Chippewa (Doylestown),0,0,,
4,Hilltop (West Unity),36,North Central (Pioneer),7,0,,
4,Archbishop Hoban (Akron),42,East (Akron),6,0,,
4,Holy Name (Parma Heights),7,Madison (Madison),24,0,,
4,Huntington (Chillicothe),0,Piketon (Piketon),46,0,,
4,Independence (Independence),0,Kirtland (Kirtland),44,0,,
4,Indian Hill (Cincinnati),48,Mariemont (Cincinnati),0,0,,
4,Indian Lake (Lewistown),47,Tecumseh (New Carlisle),6,0,,
4,Indian Valley (Gnadenhutten),45,Dover (Dover),41,0,,
4,Jackson (Massillon),21,Mayfield (Mayfield),19,0,,
4,John F Kennedy (Cleveland),8,Rhodes (Cleveland),42,0,,
4,John F Kennedy (Warren),50,Grand Valley (Orwell),0,0,,
4,John Marshall (Cleveland),38,East Technical (Cleveland),28,0,,
4,Kenton (Kenton),35,Bath (Lima),42,0,,
4,LaBrae (Leavittsburg),14,Garfield (Garrettsville),28,0,,
4,Lake (Uniontown),7,Perry (Massillon),17,0,,
4,Lakeview (Cortland),7,South Range (Canfield),38,0,,
4,Lakewood (Hebron),29,Liberty Union (Baltimore),53,0,,
4,Lancaster (Lancaster),28,Teays Valley (Ashville),35,0,,
4,Lehman Catholic (Sidney),35,Milton-Union (West Milton),27,0,,
4,Liberty (Youngstown),14,Crestview (Columbiana),44,0,,
4,Liberty-Benton (Findlay),56,Riverdale (Mt Blanchard),6,0,,
4,Licking Heights (Pataskala),15,Buckeye Valley (Delaware),16,0,,
4,Lima Senior (Lima),57,Sylvania Northview (Sylvania),14,0,,
4,Lima Central Catholic (Lima),35,Allen East (Harrod),7,0,,
4,Lincoln West (Cleveland),0,John Adams (Cleveland),38,0,,
4,Linden McKinley (Columbus),12,Northland (Columbus),20,0,,
4,Logan Elm (Circleville),35,Circleville (Circleville),17,0,,
4,Loveland (Loveland),12,Milford (Milford),19,0,,
4,Lucas (Lucas),21,Warrensville Heights (Warrensville Heights),14,0,,
4,Lutheran West (Rocky River),0,Geneva (Geneva),35,0,,
4,Manchester (New Franklin),29,Northwest (Canal Fulton),22,0,,
4,Mansfield Senior (Mansfield),7,West Holmes (Millersburg),33,0,,
4,Maple Heights (Maple Heights),20,Boardman (Youngstown),29,0,,
4,Marion Local (Maria Stein),71,St John's (Delphos),0,0,,
4,Marlington (Alliance),13,Louisville (Louisville),38,0,,
4,Martins Ferry (Martins Ferry),21,St Clairsville (St Clairsville),55,0,,
4,Marysville (Marysville),3,Hilliard Bradley (Hilliard),21,0,,
4,McClain (Greenfield),42,East Clinton (Sabina),0,0,,
4,McDonald (McDonald),34,Western Reserve (Berlin Center),35,0,,
4,Niles McKinley (Niles),6,Hubbard (Hubbard),41,0,,
4,Archbishop McNicholas (Cincinnati),27,Roger Bacon (St Bernard),6,0,,
4,Meadowdale (Dayton),12,Madison (Middletown),42,0,,
4,Meigs (Pomeroy),17,Vinton County (McArthur),49,0,,
4,Campbell Memorial (Campbell),19,Lowellville (Lowellville),26,0,,
4,Mentor (Mentor),49,Medina (Medina),14,0,,
4,Miamisburg (Miamisburg),9,Springfield (Springfield),40,0,,
4,Miami Valley Christian Academy (Cincinnati),9,Notre Dame (Portsmouth),12,0,,
4,Millersport (Millersport),6,Miller (Corning),37,0,,
4,Mineral Ridge (Mineral Ridge),42,Jackson-Milton (North Jackson),14,0,,
4,Mohawk (Sycamore),35,Colonel Crawford (North Robinson),7,0,,
4,Monroe (Monroe),26,Hughes (Cincinnati),20,0,,
4,Montpelier (Montpelier),40,Vanlue (Vanlue),8,0,,
4,Mount Gilead (Mount Gilead),8,Danville (Danville),20,0,,
4,Mount Vernon (Mount Vernon),0,Johnstown (Johnstown),41,0,,
4,Napoleon (Napoleon),10,Anthony Wayne (Whitehouse),35,0,,
4,Nelsonville-York (Nelsonville),48,River Valley (Bidwell),7,0,,
4,New Albany (New Albany),0,Upper Arlington (Upper Arlington),32,0,,
4,Newark (Newark),13,Groveport Madison (Groveport),56,0,,
4,Newark Catholic (Newark),7,Mogadore (Mogadore),39,0,,
4,New Lexington (New Lexington),38,West Muskingum (Zanesville),35,0,,
4,New London (New London),12,South Central (Greenwich),33,0,,
4,New Philadelphia (New Philadelphia),14,Ashland (Ashland),17,0,,
4,New Richmond (New Richmond),35,Clermont Northeastern (Batavia),3,0,,
4,Nordonia (Macedonia),45,Solon (Solon),7,0,,
4,Normandy (Parma),20,Bay (Bay Village),14,0,,
4,North (Akron),6,Lexington (Lexington),49,0,,
4,North (Eastlake),31,Brush (Lyndhurst),17,0,,
4,North Baltimore (North Baltimore),20,Cory-Rawson (Rawson),7,0,,
4,Northmont (Clayton),20,Beavercreek (Beavercreek),15,0,,
4,Northmor (Galion),34,Centerburg (Centerburg),26,0,,
4,Northridge (Dayton),28,Miami East (Casstown),10,0,,
4,Northridge (Johnstown),0,Edison (Milan),36,0,,
4,North Union (Richwood),0,Jonathan Alder (Plain City),35,0,,
4,Norton (Norton),34,Ravenna (Ravenna),0,0,,
4,Northwest (Cincinnati),20,Archbishop Carroll (Dayton),23,0,,
4,Northwestern (Springfield),21,Kenton Ridge (Springfield),27,0,,
4,Northwestern (West Salem),0,Norwayne (Creston),56,0,,
4,Oak Harbor (Oak Harbor),56,Maumee (Maumee),17,0,,
4,Oak Hill (Oak Hill),21,Minford (Minford),22,0,,
4,Oakwood (Dayton),7,Eaton (Eaton),34,0,,
4,Oberlin (Oberlin),0,Brookside (Sheffield),38,0,,
4,Olentangy Liberty (Powell),21,Olentangy Berlin (Delaware),22,0,,
4,Olmsted Falls (Olmsted Falls),17,North Ridgeville (North Ridgeville),43,0,,
4,Ontario (Ontario),27,River Valley (Caledonia),14,0,,
4,Orange (Pepper Pike),30,Conneaut (Conneaut),7,0,,
4,Olentangy Orange (Lewis Center),21,Gahanna Lincoln (Gahanna),31,0,,
4,Otsego (Tontogany),20,Rossford (Rossford),19,0,,
4,Padua Franciscan (Parma),0,Sandusky (Sandusky),28,0,,
4,Paint Valley (Bainbridge),62,Southeastern (Chillicothe),6,0,,
4,Pandora-Gilboa (Pandora),21,Leipsic (Leipsic),18,0,,
4,Parkway (Rockford),21,Minster (Minster),42,0,,
4,Ponitz Tech (Dayton),0,Bellbrook (Bellbrook),63,0,,
4,Perry (Lima),20,Upper Scioto Valley (McGuffey),48,0,,
4,Perrysburg (Perrysburg),41,Sylvania Southview (Sylvania),7,0,,
4,Philo (Duncan Falls),61,River View (Warsaw),0,0,,
4,Pickerington Central (Pickerington),54,Logan (Logan),0,0,,
4,Piqua (Piqua),10,Tippecanoe (Tipp City),35,0,,
4,Pleasant (Marion),31,Highland (Marengo),7,0,,
4,Plymouth (Plymouth),0,Western Reserve (Collins),35,0,,
4,Poland Seminary (Poland),10,Canfield (Canfield),17,0,,
4,Port Clinton (Port Clinton),30,Ottawa Hills (Toledo),37,0,,
4,Princeton (Cincinnati),17,Lakota East (Liberty Township),16,0,,
4,Purcell Marian (Cincinnati),16,KIPP Columbus (Columbus),14,0,,
4,Reynoldsburg (Reynoldsburg),14,Canal Winchester (Canal Winchester),20,0,,
4,Rittman (Rittman),20,Waynedale (Apple Creek),34,0,,
4,Riverside (De Graff),20,Bethel (Tipp City),13,0,,
4,Rocky River (Rocky River),52,Valley Forge (Parma Heights),28,0,,
4,Kent Roosevelt (Kent),44,Cuyahoga Falls (Cuyahoga Falls),0,0,,
4,Rootstown (Rootstown),21,Pymatuning Valley (Andover),26,0,,
4,Ross (Hamilton),21,Wilmington (Wilmington),35,0,,
4,St Bernard-Elmwood Place (St Bernard),37,Summit Country Day (Cincinnati),7,0,,
4,St Charles (Columbus),40,Whitehall-Yearling (Whitehall),20,0,,
4,St Francis de Sales (Toledo),30,Clyde (Clyde),13,0,,
4,St Ignatius (Cleveland),7,Walsh Jesuit (Cuyahoga Falls),42,0,,
4,Villa Angela-St Joseph (Cleveland),53,Kenston (Chagrin Falls),35,0,,
4,St Thomas Aquinas (Louisville),6,East Canton (East Canton),43,0,,
4,St Vincent-St Mary (Akron),0,Warren G Harding (Warren),26,0,,
4,Sandy Valley (Magnolia),42,Minerva (Minerva),0,0,,
4,Shadyside (Shadyside),18,Frontier (New Matamoras),35,0,,
4,Shawnee (Lima),3,Celina (Celina),23,0,,
4,Shawnee (Springfield),0,London (London),54,0,,
4,Shenandoah (Sarahsville),27,Buckeye Trail (Lore City),30,0,,
4,Sheridan (Thornville),38,Maysville (Zanesville),0,0,,
4,Sidney (Sidney),37,Fairborn (Fairborn),27,0,,
4,Smithville (Smithville),7,Dalton (Dalton),46,0,,
4,Canton South (Canton),42,Orrville (Orrville),28,0,,
4,South (Willoughby),0,Lake Catholic (Mentor),47,0,,
4,Southeast (Ravenna),43,Newton Falls (Newton Falls),14,0,,
4,South Gallia (Crown City),35,Fisher Catholic (Lancaster),7,0,,
4,Southern (Racine),33,Green (Franklin Furnace),0,0,,
4,Springfield (New Middletown),49,Waterloo (Atwater),6,0,,
4,Stebbins (Riverside),6,Xenia (Xenia),49,0,,
4,Amherst Steele (Amherst),21,Midview (Grafton),16,0,,
4,Stow-Munroe Falls (Stow),7,Hudson (Hudson),45,0,,
4,Stryker (Stryker),26,Danbury (Lakeside),52,0,,
4,Sycamore (Cincinnati),0,Middletown (Middletown),36,0,,
4,Symmes Valley (Willow Wood),8,South Point (South Point),44,0,,
4,Taft (Cincinnati),16,Mount Healthy (Cincinnati),20,0,,
4,Talawanda (Oxford),14,Edgewood (Trenton),34,0,,
4,Tallmadge (Tallmadge),40,Barberton (Barberton),13,0,,
4,Taylor (Cleves),47,Deer Park (Cincinnati),13,0,,
4,Tinora (Defiance),37,Hicksville (Hicksville),13,0,,
4,Toronto (Toronto),6,Newcomerstown (Newcomerstown),34,0,,
4,Triad (North Lewisburg),14,Madison-Plains (London),38,0,,
4,Trinity (Garfield Heights),15,Berkshire (Burton),17,0,,
4,Tri-Valley (Dresden),65,Morgan (McConnelsville),0,0,,
4,Tri-Village (New Madison),41,Mississinawa Valley (Union City),6,0,,
4,Triway (Wooster),17,Fairless (Brewster),7,0,,
4,Troy (Troy),48,West Carrollton (West Carrollton),7,0,,
4,Tuscarawas Central Catholic (New Philadelphia),0,Windham (Windham),42,0,,
4,Tuscarawas Valley (Zoarville),7,Malvern (Malvern),41,0,,
4,Unioto (Chillicothe),35,Westfall (Williamsport),0,0,,
4,Upper Sandusky (Upper Sandusky),3,Carey (Carey),40,0,,
4,Utica (Utica),0,Ridgewood (West Lafayette),35,0,,
4,Versailles (Versailles),18,New Bremen (New Bremen),17,0,,
4,Wadsworth (Wadsworth),55,Twinsburg (Twinsburg),10,0,,
4,Waite (Toledo),18,Rogers (Toledo),46,0,,
4,Walnut Hills (Cincinnati),14,Little Miami (Morrow),20,0,,
4,Walnut Ridge (Columbus),36,Africentric Early College (Columbus),18,0,,
4,Wapakoneta (Wapakoneta),28,St Marys Memorial (St Marys),14,0,,
4,Warren (Vincent),47,Cambridge (Cambridge),7,0,,
4,Washington (Washington Court House),14,Granville (Granville),70,0,,
4,Waterford (Waterford),7,Fort Frye (Beverly),35,0,,
4,Wauseon (Wauseon),42,Swanton (Swanton),7,0,,
4,Waverly (Waverly),27,Valley (Lucasville),21,0,,
4,Wayne (Huber Heights),6,Springboro (Springboro),28,0,,
4,Wayne Trace (Haviland),14,Paulding (Paulding),24,0,,
4,Wellston (Wellston),18,Trimble (Glouster),38,0,,
4,Wellsville (Wellsville),7,Southern (Salineville),26,0,,
4,West (Columbus),18,South (Columbus),0,0,,
4,Western Brown (Mount Orab),14,Jackson (Jackson),49,0,,
4,Westerville Central (Westerville),7,Dublin Jerome (Dublin),24,0,,
4,Westerville South (Westerville),27,Dublin Scioto (Dublin),14,0,,
4,West Clermont (Cincinnati),10,Kings (Kings Mills),28,0,,
4,West Geauga (Chesterland),36,Lakeside (Ashtabula),24,0,,
4,West Jefferson (West Jefferson),7,Greeneview (Jamestown),22,0,,
4,Westlake (Westlake),21,Lakewood (Lakewood),32,0,,
4,West Liberty-Salem (West Liberty),41,Southeastern Local (South Charleston),0,0,,
4,Wheelersburg (Wheelersburg),31,Northwest (McDermott),0,0,,
4,Whitmer (Toledo),38,Fremont Ross (Fremont),14,0,,
4,Wickliffe (Wickliffe),39,Cardinal (Middlefield),19,0,,
4,Willard (Willard),34,Woodmore (Elmore),41,0,,
4,Williamsburg (Williamsburg),48,Hillsboro (Hillsboro),41,0,,
4,Winton Woods (Cincinnati),31,Turpin (Cincinnati),0,0,,
4,Withrow (Cincinnati),7,St Xavier (Cincinnati),31,0,,
4,Woodward (Toledo),6,Bowsher (Toledo),29,0,,
4,Wooster (Wooster),24,Madison Comprehensive (Mansfield),35,0,,
4,Harvest Prep (Canal Winchester),22,Perkins (Sandusky),28,0,,
4,Thomas Worthington (Worthington),7,Grove City (Grove City),41,0,,
4,Worthington Christian (Worthington),20,Cincinnati Hills Christian Academy (Cincinnati),27,0,,
4,Worthington Kilbourne (Columbus),7,Westland (Galloway),41,0,,
4,Wynford (Bucyrus),15,Seneca East (Attica),36,0,,
4,Wyoming (Cincinnati),35,Madeira (Cincinnati),7,0,,
4,Zanesville (Zanesville),0,Columbus Academy (Gahanna),39,0,,
4,Zane Trace (Chillicothe),27,Adena (Frankfort),6,0,,
4,Clark Montessori (Cincinnati),26,Norwood (Norwood),12,0,,
4,Cincinnati College Prep (Cincinnati),50,Cincinnati Country Day (Cincinnati),42,0,,
4,Gamble Montessori (Cincinnati),8,Belmont (Dayton),42,0,,
4,Cabell Midland (Ona),13,George Washington (Charleston),21,0,WV,WV
4,Calhoun County,0,Wirt County (Elizabeth),50,0,WV,WV
4,Cameron (Cameron),46,St Marys (St Marys),21,0,WV,WV
4,East Fairmont,0,Bridgeport (Bridgeport),50,0,WV,WV
4,Herbert Hoover (Elkview),13,Nitro,7,0,WV,WV
4,Hurricane (Hurricane),49,Parkersburg (Parkersburg),14,0,WV,WV
4,Magnolia (New Martinsville),20,River (Hannibal),48,0,WV,
4,Roane County (Spencer),47,Clay County,46,0,WV,WV
4,Wahama (Mason),62,Ravenswood,19,0,WV,WV
4,Weir (Weirton),7,Indian Creek (Wintersville),52,0,WV,
4,Wheeling Park (Wheeling),48,Musselman,13,0,WV,WV
4,Williamstown (Williamstown),36,Wheeling Central Catholic (Wheeling),25,0,WV,WV
4,Washington,19,Brooke (Wellsburg),14,0,WV,WV
4,Linsly (Wheeling),13,St Francis DeSales (Columbus),49,0,WV,
4,Bardstown,13,Ashland Blazer (Ashland),50,0,KY,KY
4,Boyle County (Danville),56,Scott County (Georgetown),26,0,KY,KY
4,Butler (Louisville),6,Pleasure Ridge Park (Louisville),24,0,KY,KY
4,Central (Louisville),6,La Salle (Cincinnati),7,0,KY,
4,Covington Catholic (Park Hills),47,Dixie Heights (Edgewood),28,0,KY,KY
4,Dayton (Dayton),8,Ludlow (Ludlow),61,0,KY,KY
4,Greenup County (Greenup),55,East Carter,20,0,KY,KY
4,Highlands (Fort Thomas),28,Ryle (Union),34,0,KY,KY
4,Mason County,0,Boyd County (Ashland),3,0,KY,KY
4,Morgan County (West Liberty),50,Fairview (Ashland),60,0,KY,KY
4,Nicholas County,12,Bishop Brossart (Alexandria),38,0,KY,KY
4,Paintsville (Paintsville),32,Martin County (Inez),34,1,KY,KY
4,Phelps,36,Bland,0,0,KY,VA
4,Pikeville (Pikeville),16,Raceland (Raceland),13,0,KY,KY
4,Russell (Russell),38,Magoffin County,0,0,KY,KY
4,Trinity (Louisville),35,Carmel (Carmel),23,0,KY,IN
4,North Oldham,14,South Oldham (Crestwood),23,0,KY,KY
4,Cooper (Union),42,Campbell County (Alexandria),0,0,KY,KY
4,Brother Rice (Bloomfield Hills),0,Central Catholic (Toledo),37,0,MI,
4,Bridgman,38,NorthPointe Christian (Grand Rapids),46,0,MI,MI
4,Burr Oak,56,North Adams-Jerome,12,0,MI,MI
4,Climax-Scotts,56,Adrian Lenawee Christian,35,0,MI,MI
4,Colon,7,Britton-Deerfield (Britton),40,0,MI,MI
4,Dearborn Divine Child (Dearborn),26,Milford,12,0,MI,MI
4,Detroit Mumford,0,Detroit Cass Tech (Detroit),71,0,MI,MI
4,Detroit Renaissance,0,Detroit King (Detroit),49,0,MI,MI
4,Dexter,59,Bedford (Temperance),13,0,MI,MI
4,Ovid-Elsie,52,LakeVille Memorial (Otisville),0,0,MI,MI
4,Grand Rapids South Christian,41,Grand Rapids West Catholic (Grand Rapids),38,0,MI,MI
4,Grandville (Grandville),20,Rockford,37,0,MI,MI
4,Harper Woods (Harper Woods),12,Novi Detroit Catholic Central (Novi),45,0,MI,MI
4,Howell,34,Plymouth Salem,13,0,MI,MI
4,Jenison,6,Hudsonville,38,0,MI,MI
4,Mendon,84,Concord,20,0,MI,MI
4,Muskegon Mona Shores (Muskegon),49,Flint Hamady,12,0,MI,MI
4,Ottawa Lake Whiteford (Ottawa Lake),44,Buchanan,16,0,MI,MI
4,River Rouge (River Rouge),12,St John's Jesuit (Toledo),6,0,MI,
4,Union City,35,Reading (Reading),8,0,MI,MI
4,Waldron,30,Camden-Frontier,6,0,MI,MI
4,Warren De La Salle (Warren),38,Orchard Lake St Mary (Orchard Lake),28,0,MI,MI
4,Whitmore Lake,30,Petersburg Summerfield (Petersburg),46,0,MI,MI
4,Central York (York),40,Spring Grove,0,0,PA,PA
4,State College,30,Cumberland Valley,14,0,PA,PA
4,North Hills,24,Pine-Richland (Gibsonia),29,0,PA,PA
4,Albert Gallatin (Uniontown),21,Northern Garrett (Accident),31,0,PA,MD
4,Belle Vernon Area,7,McKeesport (McKeesport),28,0,PA,PA
4,Brownsville (Brownsville),0,Bellaire (Bellaire),41,0,PA,
4,Taylor Allderdice (Pittsburgh),21,Uniontown,15,0,PA,PA
4,Carrick (Pittsburgh),36,Brashear (Pittsburgh),2,0,PA,PA
4,Smethport (Smethport),7,Cameron County,29,0,PA,PA
4,Meadville,42,Oil City (Oil City),6,0,PA,PA
4,Warren,7,Cathedral Prep (Erie),52,0,PA,PA
4,Franklin,0,General McLane (Edinboro),62,0,PA,PA
4,Corry (Corry),52,Girard (Girard),18,0,PA,PA
4,Sharon (Sharon),20,Hickory (Hermitage),14,0,PA,PA
4,Seneca,21,Mercyhurst Prep (Erie),35,0,PA,PA
4,Greenville,62,Cochranton,0,0,PA,PA
4,Maplewood (Guys Mills),13,Lakeview,28,0,PA,PA
4,Reynolds (Greenville),12,Sharpsville,34,0,PA,PA
4,Fairview (Fairview),23,Harbor Creek (Harborcreek),14,0,PA,PA
4,Eisenhower,14,Northwestern (Albion),32,0,PA,PA
4,Mercer,0,Farrell (Farrell),58,0,PA,PA
4,Union City,0,Iroquois,40,0,PA,PA
4,Saegertown,3,Cambridge Springs,36,0,PA,PA
4,University Prep (USO co-op) (Pittsburgh),8,Steubenville (Steubenville),38,0,PA,
4,Conneaut Area (Linesville),19,Titusville (Titusville),46,0,PA,PA
4,Carroll (Fort Wayne),31,Bishop Dwenger (Fort Wayne),3,0,IN,IN
4,Center Grove (Greenwood),42,Ben Davis,19,0,IN,IN
4,Delta,14,Yorktown,28,0,IN,IN
4,Franklin County (Brookville),13,East Central (St Leon),49,0,IN,IN
4,Greensburg,3,Lawrenceburg (Lawrenceburg),70,0,IN,IN
4,Harrison (West Lafayette),51,Richmond (Richmond),14,0,IN,IN
4,Huntington North (Huntington),21,Columbia City,37,0,IN,IN
4,Cathedral (Indianapolis),31,Bishop Chatard (Indianapolis),7,0,IN,IN
4,North Central (Indianapolis),10,Lawrence North (Indianapolis),62,0,IN,IN
4,Northview,49,West Vigo,7,0,IN,IN
4,Roncalli (Indianapolis),0,Columbus North,14,0,IN,IN
4,Sullivan,20,Linton-Stockton (Linton),42,0,IN,IN
4,Noblesville Lions (club) (Noblesville),0,Purdue Poly - Englewood (Indianapolis),26,0,IN,IN
4,Memphis Academy of Science and Engineering (Memphis),56,Innovation Academy (Springfield),0,0,TN,TN
4,South Hagerstown (Hagerstown),0,Spring Mills (Martinsburg),51,0,MD,WV
4,Loyola / Blakefield (Towson),7,Gonzaga (Washington),41,0,MD,DC
4,McDonogh School (Owings Mills),0,Archbishop Spalding (Severn),45,0,MD,MD
4,Riverdale Baptist (Upper Marlboro),28,Good Counsel (Wheaton),18,0,MD,MD
4,Howard D. Woodson (Washington),0,Martinsburg (Martinsburg),42,0,DC,WV
4,Canisius (Buffalo),7,Massillon Washington (Massillon),41,0,NY,
4,St Joseph's Collegiate (Buffalo),41,Jamestown (Jamestown),30,0,NY,NY
4,Long Island St Anthony's (South Huntington),14,Don Bosco Prep (Ramsey),49,0,NY,NJ
4,University Prep (Rochester),2,Aquinas Institute (Rochester),21,0,NY,NY
4,Christ the King Regional (Middle Village),0,St Joseph by-the-Sea (Staten Island),43,0,NY,NY
4,St Peter's (Staten Island),16,Elmira,8,0,NY,NY
4,Nazareth Regional (Brooklyn),6,St Dominic (Oyster Bay),38,0,NY,NY
4,Abraham Lincoln (Brooklyn),30,Canarsie Campus (Brooklyn),24,0,NY,NY
4,Delbarton School (Morristown),28,Monsignor Farrell (Staten Island),0,0,NJ,NY
4,DePaul Catholic (Wayne),36,Cardinal Hayes (Bronx),20,0,NJ,NY
4,Passaic Valley,13,Wayne Valley (Wayne),20,0,NJ,NJ
4,Nazareth Academy (LaGrange Park),33,Mt Carmel (Chicago),56,0,IL,IL
4,Marion (Marion),37,Mt Vernon (Mt Vernon),34,0,IL,IL
4,Cornerstone Christian (San Antonio),33,Parish Episcopal (Dallas),69,0,TX,TX
4,Legacy Sport Sciences (Spring),21,Episcopal (Bellaire),28,0,TX,TX
4,St Matthew (Orléans),18,Frontenac (Kingston),30,0,ON,ON
4,Holy Names (Windsor),0,U of D Jesuit (Detroit),42,0,ON,MI
4,Notre Dame (Burlington),42,Assumption Catholic (Burlington),21,0,ON,ON
4,Ancaster (Ancaster),0,Notre Dame College (Welland),28,0,ON,ON
4,St Thomas More (Hamilton),38,St Mary (Hamilton),6,0,ON,ON
4,Bishop Ryan (Hamilton),32,Cathedral (Hamilton),12,0,ON,ON
4,London South (London),31,Western Tech (Toronto),16,1,ON,ON
4,Grand River CI (Kitchener),7,Waterdown (Waterdown),39,0,ON,ON
4,St Michael's College (Toronto),0,Lumen Christi (Jackson),44,0,ON,MI
4,Bill Crothers SS (Unionville),7,St Roch Catholic SS (Brampton),15,0,ON,ON
4,Westmount (Hamilton),7,Nelson (Burlington),16,0,ON,ON
4,St Ignatius of Loyola (Oakville),6,Holy Trinity Catholic (Oakville),45,0,ON,ON
4,St Peter (Peterborough),0,Huron Heights (Newmarket),54,0,ON,ON
4,St Mary's College (Sault Ste. Marie),35,Superior Heights (Sault Ste. Marie),11,0,ON,ON
4,Barrie North (Barrie),8,Westdale (Hamilton),16,0,ON,ON
4,Nikiski (Nikiski),14,Seward (Seward),36,0,AK,AK
4,Kodiak (Kodiak),6,Homer (Homer),58,0,AK,AK
4,Timber Creek (Orlando),23,Olympia (Orlando),30,0,FL,FL
4,Okkodo (Dededo),0,George Washington (Mangilao),2,0,GU,GU
4,Tiyan (Barrigada),0,Guam High (Agana Heights),46,0,GU,GU
4,Batavia (Batavia),52,Shroder (Cincinnati),6,0,,
4,Bedford (Bedford),14,Buchtel (Akron),7,0,,
4,Bluffton (Bluffton),52,Jefferson (Delphos),7,0,,
4,Catholic Central (Steubenville),13,St John School (Ashtabula),6,0,,
4,Chalker (Southington),12,Toledo Christian (Toledo),49,0,,
4,Collinwood (Cleveland),0,Fairport Harding (Fairport Harbor),34,0,,
4,Dunbar (Dayton),14,Huron (Huron),49,0,,
4,Eastern (Reedsville),40,Shelby Valley (Pikeville),18,0,,KY
4,Elder (Cincinnati),17,St Edward (Lakewood),24,0,,
4,Garfield Heights (Garfield Heights),19,University School (Hunting Valley),26,0,,
4,Leetonia (Leetonia),7,Valley Christian School (Youngstown),46,0,,
4,Lutheran East (Cleveland Heights),22,Garfield (Akron),0,0,,
4,Mapleton (Ashland),0,St Paul (Norwalk),30,0,,
4,Mathews (Vienna),14,Bridgeport (Bridgeport),44,0,,
4,Sebring McKinley (Sebring),0,St Joseph Central Catholic (Fremont),49,0,,
4,Northwood (Northwood),37,Erie Mason (Erie),8,0,,MI
4,Perry (Perry),42,Cleveland Central Catholic (Cleveland),0,0,,
4,Ridgedale (Morral),6,Riverview Gabriel Richard (Riverview),38,0,,MI
4,Shaw (East Cleveland),34,Crestline (Crestline),28,0,,
4,Strongsville (Strongsville),17,Benedictine (Cleveland),21,0,,
4,Columbus Crusaders (club) (Columbus),18,Dohn Community (Cincinnati),8,0,,
4,Peebles (club) (Peebles),40,Southern Buckeye (club) (Russellville),0,0,,
4,Foxfire (Zanesville),30,North Adams (club) (Seaman),62,0,,
4,Jefferson,45,Spring Valley (Huntington),31,0,WV,WV
4,Pendleton County (Falmouth),21,Gallatin County,6,1,KY,KY
4,Slippery Rock,7,Grove City,42,0,PA,PA
4,Wilmington (New Wilmington),58,Kennedy Catholic (Hermitage),0,0,PA,PA
4,Phalen Academy,8,C4 Lions (club) (Trenton),6,0,IN,
4,Osceola Grace (club) (Elkhart),31,Blackhawk Christian (Fort Wayne),22,0,IN,IN
4,Life Christian Academy (Chester),16,Blue Ridge (St George),53,0,VA,VA
4,St Mary's Ryken (Leonardtown),14,Bishop McNamara (Forestville),9,0,MD,MD
4,St Francis (Hamburg),19,Ironton (Ironton),56,0,NY,
4,Holy Cross (Flushing),12,Fordham Prep (Bronx),44,0,NY,NY
4,Xaverian (Brooklyn),20,Long Island Lutheran (Brookville),46,0,NY,NY
4,Cardinal Spellman (Bronx),0,Mt St Michael Academy (Bronx),49,0,NY,NY
4,Saint Joseph Regional (Montvale),0,Archbishop Stepinac (White Plains),43,0,NJ,NY
4,Bergen Catholic (Oradell),31,Iona Prep (New Rochelle),10,0,NJ,NY
4,St Peter's Prep,38,Moore Catholic (Staten Island),6,0,NJ,NY
4,Pope John XXIII (Sparta),48,Kellenberg Memorial (Uniondale),14,0,NJ,NY
4,Seton Hall Prep (West Orange),10,Chaminade (Mineola),3,0,NJ,NY
4,Morris Catholic (Denville),0,St Francis Prep (Fresh Meadows),34,0,NJ,NY
4,St Andrew's College (Aurora),21,Bishop Timon - St Jude (Buffalo),13,0,ON,NY
4,Football North (via Clarkson SS) (Mississauga),41,Virginia Academy (Ashburn),13,0,ON,VA
4,Valdez (Valdez),20,Monroe Catholic (Fairbanks),28,0,AK,AK
4,Mallard Creek (Charlotte),21,Archbishop Moeller (Cincinnati),14,1,NC,
4,Immaculata (Somerville),42,Holy Trinity - Long Island (Hicksville),20,0,NJ,NY
4,Southern (Santa Rita),2,Simon Sanchez (Yigo),0,0,GU,GU
4,Clay-Battelle (Blacksville),7,Valley (Wetzel) (Pine Grove),33,0,WV,WV
4,Ridgway,16,Redbank Valley,52,0,PA,PA
4,Chaminade College School (North York),0,Huron Heights (Newmarket),35,0,ON,ON
5,Philip Pocock (Mississauga),14,Cardinal Ambrozic (Brampton),18,0,ON,ON
5,Brampton Centennial (Brampton),30,Humberview (Caledon),22,0,ON,ON
5,Clarke Road (London),29,Montcalm (London),7,0,ON,ON
5,Denis Morris (St Catharines),7,St Paul (Niagara Falls),28,0,ON,ON
5,St Francis (St Catharines),38,Blessed Trinity (Grimsby),0,0,ON,ON
5,Preston (Cambridge),20,Kitchener-Waterloo CI/VS (Kitchener),12,0,ON,ON
5,Ansonia (Ansonia),34,Tri-Village (New Madison),28,0,,
5,Centennial (Columbus),7,Linden McKinley (Columbus),16,0,,
5,East (Columbus),73,Mifflin (Columbus),6,0,,
5,Kenston (Chagrin Falls),20,Lake Catholic (Mentor),34,0,,
5,Medina (Medina),21,Brunswick (Brunswick),27,0,,
5,Miami East (Casstown),35,Lehman Catholic (Sidney),45,0,,
5,Rogers (Toledo),58,Woodward (Toledo),14,0,,
5,Taft (Cincinnati),72,Thurgood Marshall (Dayton),0,0,,
5,Waite (Toledo),20,Scott (Toledo),26,0,,
5,Whetstone (Columbus),13,Beechcroft (Columbus),43,0,,
5,KIPP Columbus (Columbus),6,Northland (Columbus),14,0,,
5,Oak Glen (New Cumberland),13,Toronto (Toronto),53,0,WV,
5,St Marys (St Marys),7,Wirt County (Elizabeth),42,0,WV,WV
5,Riverview Gabriel Richard (Riverview),40,Ann Arbor Gabriel Richard (Ann Arbor),18,0,MI,MI
5,Taylor Allderdice (Pittsburgh),42,Brashear (Pittsburgh),0,0,PA,PA
5,Canisius (Buffalo),24,Cathedral Prep (Erie),36,0,NY,PA
5,Assumption Catholic (Burlington),43,Christ the King (Georgetown),0,0,ON,ON
5,Ursuline College (The Pines) (Chatham),58,Chatham-Kent,1,0,ON,ON
5,Upper Canada College (Toronto),22,St Oscar Romero (Toronto),2,0,ON,ON
5,Saltfleet (Stoney Creek),12,Ancaster (Ancaster),10,0,ON,ON
5,Glendale (Hamilton),6,Waterdown (Waterdown),35,0,ON,ON
5,North Park (Brantford),6,Brantford Collegiate Institute (Brantford),29,0,ON,ON
5,Parkside (St Thomas),0,Sir Frederick Banting (London),35,0,ON,ON
5,Grand River CI (Kitchener),2,Jacob Hespeler SS (Cambridge),38,0,ON,ON
5,St Thomas Aquinas (London),2,Oakridge (London),6,0,ON,ON
5,Georgetown (Georgetown),12,Nelson (Burlington),42,0,ON,ON
5,St Marcellinus (Mississauga),6,David Suzuki (Brampton),42,0,ON,ON
5,Waterloo Collegiate Institute (Waterloo),22,Glenview Park (Cambridge),0,0,ON,ON
5,O'Neill CVI (Oshawa),0,Holy Trinity Catholic SS (Courtice),26,1,ON,ON
5,Westmount (Hamilton),20,Westdale (Hamilton),6,0,ON,ON
5,St Ignatius of Loyola (Oakville),12,Bishop Reding (Milton),20,0,ON,ON
5,St Anne Catholic (Belle River),21,Essex (Essex),39,0,ON,ON
5,Cardinal Carter Catholic (Leamington),6,North Star (Amherstburg),16,0,ON,ON
5,St Theresa's (Midland),7,St Joan of Arc (Barrie),41,0,ON,ON
5,Dr Frank J Hayden (Burlington),17,Garth Webb (Oakville),16,0,ON,ON
5,Bernie Custis (Hamilton),18,Churchill (Hamilton),21,0,ON,ON
5,Dundas Valley (Dundas),9,MacNab (Hamilton),10,0,ON,ON
5,Nora Frances Henderson (Hamilton),6,Orchard Park (Stoney Creek),19,0,ON,ON
5,White Pines (Sault Ste. Marie),0,St Mary's College (Sault Ste. Marie),43,0,ON,ON
5,Barrie North (Barrie),15,Maple Ridge (Barrie),6,0,ON,ON
5,Collingwood (Collingwood),27,Innisdale (Barrie),0,0,ON,ON
5,St Joseph (Nepean),20,St Mark (Manotick),19,0,ON,ON
5,Brooklin (Brooklin),20,Paul Dwyer (Oshawa),34,1,ON,ON
5,St Patrick's (Sarnia),7,Northern CI (Sarnia),30,0,ON,ON
5,Adam Scott (Peterborough),32,Fenelon Falls (Fenelon Falls),20,0,ON,ON
5,Eastside (Belleville),20,Trenton (Trenton),0,0,ON,ON
5,Belle River (Belle River),0,W.F. Herman (Windsor),23,0,ON,ON
5,Fletcher's Meadow (Brampton),14,Mayfield (Brampton),13,0,ON,ON
5,College Avenue (Woodstock),16,Ingersoll (Ingersoll),7,0,ON,ON
5,Laurel Heights (Waterloo),7,Elmira District SS (Elmira),24,0,ON,ON
5,La Salle (Kingston),39,Kingston (Kingston),0,0,ON,ON
5,Regiopolis-Notre Dame (Kingston),42,Bayridge (Kingston),14,0,ON,ON
5,West Niagara (Lincoln),7,A.N. Myer (Niagara Falls),32,0,ON,ON
5,Governor Simcoe (St Catharines),28,Westlane (Niagara Falls),0,0,ON,ON
5,Adena (Frankfort),40,Southeastern (Chillicothe),16,0,,
5,Africentric Early College (Columbus),36,Briggs (Columbus),22,0,,
5,Aiken (Cincinnati),43,Summit Country Day (Cincinnati),0,0,,
5,Alexander (Albany),14,Wellston (Wellston),38,0,,
5,Allen East (Harrod),48,Crestview (Convoy),41,0,,
5,Alliance (Alliance),14,Canton Central Catholic (Canton),27,0,,
5,Archbishop Alter (Kettering),7,Bellbrook (Bellbrook),17,0,,
5,Arlington (Arlington),28,Pandora-Gilboa (Pandora),49,0,,
5,Lakeside (Ashtabula),38,Hawken (Gates Mills),60,0,,
5,Aurora (Aurora),49,Copley (Copley),12,0,,
5,Badin (Hamilton),38,Hughes (Cincinnati),0,0,,
5,Barberton (Barberton),17,Kent Roosevelt (Kent),3,0,,
5,Barnesville (Barnesville),63,River (Hannibal),0,0,,
5,Bath (Lima),62,Elida (Elida),56,0,,
5,Bay (Bay Village),0,Buckeye (Medina),31,0,,
5,Beavercreek (Beavercreek),19,Miamisburg (Miamisburg),10,0,,
5,Bellaire (Bellaire),26,Cambridge (Cambridge),6,0,,
5,Bellefontaine (Bellefontaine),49,Indian Lake (Lewistown),14,0,,
5,Belmont (Dayton),46,Ponitz Tech (Dayton),0,0,,
5,Belpre (Belpre),34,Beallsville (Beallsville),12,0,,
5,Berkshire (Burton),38,Wickliffe (Wickliffe),0,0,,
5,Berne Union (Sugar Grove),0,Miller (Corning),35,0,,
5,Bethel (Tipp City),23,Covington (Covington),17,0,,
5,Bethel-Tate (Bethel),0,Batavia (Batavia),83,0,,
5,Big Walnut (Sunbury),31,Westerville South (Westerville),28,0,,
5,Bishop Hartley (Columbus),0,Ironton (Ironton),41,0,,
5,Bishop Rosecrans (Zanesville),0,Grove City Christian (Grove City),52,0,,
5,Bishop Watterson (Columbus),41,Chardon (Chardon),9,0,,
5,Bloom-Carroll (Carroll),70,Liberty Union (Baltimore),6,0,,
5,Bowsher (Toledo),14,Lima Senior (Lima),51,0,,
5,Bradford (Bradford),12,Preble Shawnee (Camden),70,0,,
5,Bridgeport (Bridgeport),6,Conotton Valley (Bowerston),41,0,,
5,Brush (Lyndhurst),0,Bedford (Bedford),33,0,,
5,Buckeye Central (New Washington),0,Colonel Crawford (North Robinson),62,0,,
5,Buckeye Trail (Lore City),8,Indian Valley (Gnadenhutten),49,0,,
5,Buckeye Valley (Delaware),28,Hamilton Township (Columbus),7,0,,
5,Bucyrus (Bucyrus),0,Mohawk (Sycamore),63,0,,
5,Harrison Central (Cadiz),6,Fort Frye (Beverly),51,0,,
5,Caldwell (Caldwell),15,Edison (Richmond),34,0,,
5,Calvert (Tiffin),0,Gibsonburg (Gibsonburg),10,0,,
5,Canal Winchester (Canal Winchester),23,Pickerington Central (Pickerington),51,0,,
5,Canfield (Canfield),0,Chaney (Youngstown),22,0,,
5,Carlisle (Carlisle),34,Franklin (Franklin),7,0,,
5,Archbishop Carroll (Dayton),12,Talawanda (Oxford),35,0,,
5,Celina (Celina),38,Kenton (Kenton),35,0,,
5,Centerburg (Centerburg),42,Loudonville (Loudonville),7,0,,
5,Central Catholic (Toledo),41,Warren De La Salle (Warren),6,0,,MI
5,Toledo Christian (Toledo),56,Sebring McKinley (Sebring),0,0,,
5,Chagrin Falls (Chagrin Falls),40,Independence (Independence),0,0,,
5,Twinsburg (Twinsburg),0,Hudson (Hudson),35,0,,
5,Chesapeake (Chesapeake),6,Grandview Heights (Columbus),24,0,,
5,Chillicothe (Chillicothe),6,Wilmington (Wilmington),38,0,,
5,Chippewa (Doylestown),49,Northwestern (West Salem),14,0,,
5,Circleville (Circleville),33,Amanda-Clearcreek (Amanda),36,0,,
5,Clay (Oregon),7,Perrysburg (Perrysburg),35,0,,
5,Clear Fork (Bellville),14,Ontario (Ontario),31,0,,
5,Clearview (Lorain),42,Oberlin (Oberlin),0,0,,
5,Clermont Northeastern (Batavia),27,Cincinnati Country Day (Cincinnati),55,0,,
5,Cleveland Heights (Cleveland Heights),27,Mentor (Mentor),35,0,,
5,Coldwater (Coldwater),24,Minster (Minster),21,0,,
5,Colerain (Cincinnati),7,Sycamore (Cincinnati),14,0,,
5,Tiffin Columbian (Tiffin),20,Huron (Huron),38,0,,
5,Columbus Academy (Gahanna),27,St Charles (Columbus),20,0,,
5,Conneaut (Conneaut),13,Harvey (Painesville),47,0,,
5,Coshocton (Coshocton),13,Maysville (Zanesville),20,0,,
5,Coventry (Akron),6,Cloverleaf (Seville),28,0,,
5,Crestview (Ashland),67,New London (New London),0,0,,
5,Crestview (Columbiana),68,Southeast (Ravenna),19,0,,
5,Crestwood (Mantua),52,Brooklyn (Brooklyn),14,0,,
5,Crooksville (Crooksville),31,Morgan (McConnelsville),12,0,,
5,Dalton (Dalton),31,Hillsdale (Jeromesville),35,0,,
5,Danville (Danville),6,Northmor (Galion),41,0,,
5,Lisbon David Anderson (Lisbon),26,Columbiana (Columbiana),42,0,,
5,Dayton Christian (Miamisburg),35,Lockland (Lockland),34,0,,
5,Deer Park (Cincinnati),7,Indian Hill (Cincinnati),42,0,,
5,Defiance (Defiance),43,Shawnee (Lima),7,0,,
5,Delta (Delta),24,Archbold (Archbold),28,0,,
5,Dover (Dover),7,Steubenville (Steubenville),42,0,,
5,Dublin Scioto (Dublin),7,Worthington Kilbourne (Columbus),21,0,,
5,Dunbar (Dayton),16,Harvest Prep (Canal Winchester),50,0,,
5,East (Akron),37,University School (Hunting Valley),9,0,,
5,Youngstown East (Youngstown),30,Shaw (East Cleveland),6,0,,
5,Dublin Jerome (Dublin),14,Olentangy Liberty (Powell),42,0,,
5,East Canton (East Canton),20,Tuscarawas Valley (Zoarville),21,0,,
5,East Clinton (Sabina),0,Hillsboro (Hillsboro),65,0,,
5,Eastern (Beaver),27,Southern (Racine),21,0,,
5,Eastern (Reedsville),55,Sciotoville Community (Portsmouth),0,0,,
5,East Knox (Howard),49,Cardington-Lincoln (Cardington),22,0,,
5,East Palestine (East Palestine),38,Valley Christian School (Youngstown),56,0,,
5,East Technical (Cleveland),0,Glenville (Cleveland),41,0,,
5,Eaton (Eaton),17,Valley View (Germantown),44,0,,
5,Edgerton (Edgerton),0,Wayne Trace (Haviland),26,0,,
5,Edgewood (Ashtabula),14,West Geauga (Chesterland),42,0,,
5,Edgewood (Trenton),0,Chaminade Julienne (Dayton),14,0,,
5,Edison (Milan),35,Norwalk (Norwalk),0,0,,
5,Elgin (Marion),29,Cory-Rawson (Rawson),3,0,,
5,Elmwood (Bloomdale),0,Liberty-Benton (Findlay),45,0,,
5,Evergreen (Metamora),3,Wauseon (Wauseon),7,0,,
5,Fairbanks (Milford Center),56,Greenon (Enon),21,0,,
5,Fairborn (Fairborn),20,Stebbins (Riverside),33,0,,
5,Fairfield Union (Lancaster),20,Logan Elm (Circleville),41,0,,
5,Fairland (Proctorville),40,Gallia Academy (Gallipolis),7,0,,
5,Fairless (Brewster),14,Northwest (Canal Fulton),31,0,,
5,Fairview (Fairview Park),56,Beachwood (Beachwood),12,0,,
5,Fairview (Sherwood),34,Tinora (Defiance),35,0,,
5,Fayetteville (Fayetteville),6,New Miami (Hamilton),47,0,,
5,Federal Hocking (Stewart),20,Millersport (Millersport),30,0,,
5,Firelands (Oberlin),32,Black River (Sullivan),16,0,,
5,Firestone (Akron),0,Walsh Jesuit (Cuyahoga Falls),49,0,,
5,Fostoria (Fostoria),7,Otsego (Tontogany),34,0,,
5,Fremont Ross (Fremont),7,Findlay (Findlay),21,0,,
5,Garfield (Garrettsville),50,Champion (Warren),0,0,,
5,Garfield Heights (Garfield Heights),12,North (Eastlake),14,0,,
5,Geneva (Geneva),7,Perry (Perry),44,0,,
5,Girard (Girard),21,Pymatuning Valley (Andover),13,0,,
5,GlenOak (Canton),0,Lake (Uniontown),27,0,,
5,Goshen (Goshen),8,Blanchester (Blanchester),22,0,,
5,Granville (Granville),44,Utica (Utica),0,0,,
5,Green (Franklin Furnace),20,Fairview (Ashland),42,0,,KY
5,Greeneview (Jamestown),39,Triad (North Lewisburg),7,0,,
5,Greenville (Greenville),0,Piqua (Piqua),49,0,,
5,Grove City (Grove City),42,Hilliard Darby (Hilliard),16,0,,
5,Groveport Madison (Groveport),35,Lancaster (Lancaster),7,0,,
5,Harrison (Harrison),17,Clinton-Massie (Clarksville),21,0,,
5,Heath (Heath),16,Mount Vernon (Mount Vernon),31,0,,
5,Hicksville (Hicksville),15,Antwerp (Antwerp),12,0,,
5,Highland (Medina),49,Tallmadge (Tallmadge),0,0,,
5,Highland (Marengo),28,Marion Harding (Marion),9,0,,
5,Hilliard Bradley (Hilliard),14,New Albany (New Albany),17,0,,
5,Hilliard Davidson (Hilliard),43,Marysville (Marysville),0,0,,
5,Holgate (Holgate),50,Danbury (Lakeside),6,0,,
5,Hubbard (Hubbard),0,Poland Seminary (Poland),28,0,,
5,Huntington (Chillicothe),14,Unioto (Chillicothe),51,0,,
5,Indian Creek (Wintersville),30,Brooke (Wellsburg),24,0,,WV
5,Jackson (Jackson),21,Ross (Hamilton),28,0,,
5,Jackson (Massillon),17,Green (Uniontown),21,0,,
5,Jackson-Milton (North Jackson),7,McDonald (McDonald),46,0,,
5,Jefferson (Delphos),6,Columbus Grove (Columbus Grove),65,0,,
5,Jefferson Area (Jefferson),50,Orange (Pepper Pike),42,0,,
5,John Adams (Cleveland),12,Rhodes (Cleveland),36,0,,
5,John F Kennedy (Cleveland),18,Lincoln West (Cleveland),0,0,,
5,John F Kennedy (Warren),38,Marlington (Alliance),22,0,,
5,John Hay (Cleveland),24,Collinwood (Cleveland),0,0,,
5,John Marshall (Cleveland),6,Gilmour Academy (Gates Mills),42,0,,
5,Johnstown (Johnstown),28,Watkins Memorial (Pataskala),21,0,,
5,Jonathan Alder (Plain City),34,Benjamin Logan (Bellefontaine),0,0,,
5,Kenton Ridge (Springfield),28,Shawnee (Springfield),7,0,,
5,Kettering Fairmont (Kettering),43,Wayne (Huber Heights),22,0,,
5,Keystone (La Grange),20,Columbia (Columbia Station),7,0,,
5,Kings (Kings Mills),0,Anderson (Cincinnati),41,0,,
5,Kirtland (Kirtland),48,Cuyahoga Heights (Cuyahoga Heights),7,0,,
5,River Valley (Bidwell),6,Meigs (Pomeroy),48,0,,
5,Lake (Millbury),28,Genoa Area (Genoa),55,0,,
5,Lakeview (Cortland),34,Niles McKinley (Niles),8,0,,
5,Lakewood (Lakewood),27,Rocky River (Rocky River),42,0,,
5,Lakota (Kansas),0,Hopewell-Loudon (Bascom),30,0,,
5,Lakota East (Liberty Township),59,Fairfield (Fairfield),17,0,,
5,Lakota West (West Chester),51,Middletown (Middletown),7,0,,
5,La Salle (Cincinnati),43,Withrow (Cincinnati),19,0,,
5,Leipsic (Leipsic),34,Arcadia (Arcadia),6,0,,
5,Liberty (Youngstown),56,Brookfield (Brookfield),38,0,,
5,Licking Heights (Pataskala),41,Lakewood (Hebron),0,0,,
5,Lima Central Catholic (Lima),28,Fort Loramie (Fort Loramie),21,0,,
5,Gahanna Lincoln (Gahanna),41,Dublin Coffman (Dublin),21,0,,
5,Little Miami (Morrow),7,Lebanon (Lebanon),25,0,,
5,Logan (Logan),0,Newark (Newark),55,0,,
5,London (London),63,Graham Local (St Paris),7,0,,
5,Lorain (Lorain),32,South (Willoughby),35,0,,
5,Louisville (Louisville),16,Hoover (North Canton),23,0,,
5,Lutheran East (Cleveland Heights),34,Warrensville Heights (Warrensville Heights),0,0,,
5,Madison (Madison),6,Lutheran West (Rocky River),7,0,,
5,Madison (Middletown),0,Brookville (Brookville),21,0,,
5,Madison Comprehensive (Mansfield),21,West Holmes (Millersburg),23,0,,
5,Madison-Plains (London),6,West Liberty-Salem (West Liberty),33,0,,
5,Malvern (Malvern),8,Garaway (Sugarcreek),41,0,,
5,Manchester (Manchester),20,Miami Valley Christian Academy (Cincinnati),45,0,,
5,Mansfield Senior (Mansfield),20,New Philadelphia (New Philadelphia),19,0,,
5,Maple Heights (Maple Heights),20,Ashland (Ashland),37,0,,
5,Mariemont (Cincinnati),16,Finneytown (Cincinnati),0,0,,
5,Marietta (Marietta),33,Whitehall-Yearling (Whitehall),20,0,,
5,Marion-Franklin (Columbus),34,Independence (Columbus),20,0,,
5,Martins Ferry (Martins Ferry),49,Brownsville (Brownsville),0,0,,PA
5,Mason (Mason),7,Princeton (Cincinnati),30,0,,
5,Maumee (Maumee),15,Eastwood (Pemberville),28,0,,
5,McComb (McComb),20,Ada (Ada),35,0,,
5,Meadowbrook (Byesville),22,Philo (Duncan Falls),51,0,,
5,Meadowdale (Dayton),26,Cincinnati College Prep (Cincinnati),20,0,,
5,Mechanicsburg (Mechanicsburg),41,Catholic Central (Springfield),0,0,,
5,Campbell Memorial (Campbell),8,Springfield (New Middletown),37,0,,
5,Midview (Grafton),17,Avon Lake (Avon Lake),24,0,,
5,Milford (Milford),21,West Clermont (Cincinnati),49,0,,
5,Mineral Ridge (Mineral Ridge),42,Waterloo (Atwater),18,0,,
5,Mississinawa Valley (Union City),26,Twin Valley South (West Alexandria),42,0,,
5,Archbishop Moeller (Cincinnati),45,St Xavier (Cincinnati),37,0,,
5,Mogadore (Mogadore),34,Ellet (Akron),18,0,,
5,Monroe Central (Woodsfield),42,Buckeye Local (Rayland),19,0,,
5,Mount Gilead (Mount Gilead),12,Fredericktown (Fredericktown),14,0,,
5,Mount Healthy (Cincinnati),35,Bishop Fenwick (Franklin),10,0,,
5,National Trail (New Paris),35,Dixie (New Lebanon),14,0,,
5,Nelsonville-York (Nelsonville),6,Waterford (Waterford),12,0,,
5,Newark Catholic (Newark),7,Licking Valley (Newark),49,0,,
5,New Bremen (New Bremen),7,Marion Local (Maria Stein),48,0,,
5,Newcomerstown (Newcomerstown),43,Claymont (Uhrichsville),8,0,,
5,Newton Falls (Newton Falls),0,LaBrae (Leavittsburg),49,0,,
5,North (Akron),6,Rootstown (Rootstown),34,0,,
5,Northeastern (South Vienna),44,Cedarville (Cedarville),8,0,,
5,Northmont (Clayton),13,Springboro (Springboro),28,0,,
5,North Olmsted (North Olmsted),28,Normandy (Parma),13,0,,
5,North Ridgeville (North Ridgeville),7,Avon (Avon),38,0,,
5,North Royalton (North Royalton),13,Nordonia (Macedonia),46,0,,
5,Norton (Norton),28,Field (Mogadore),7,0,,
5,Northwest (McDermott),35,Minford (Minford),14,0,,
5,Norwayne (Creston),42,Rittman (Rittman),3,0,,
5,Notre Dame-Cathedral Latin (Chardon),52,St Vincent-St Mary (Akron),14,0,,
5,Oak Hill (Oak Hill),14,South Gallia (Crown City),42,0,,
5,Oak Hills (Cincinnati),7,Hamilton (Hamilton),34,0,,
5,Olentangy Berlin (Delaware),7,Olentangy Orange (Lewis Center),35,0,,
5,Olentangy (Lewis Center),33,Westerville Central (Westerville),0,0,,
5,Olmsted Falls (Olmsted Falls),42,Elyria (Elyria),0,0,,
5,Orrville (Orrville),11,Manchester (New Franklin),31,0,,
5,Ottawa-Glandorf (Ottawa),16,St Marys Memorial (St Marys),21,0,,
5,Padua Franciscan (Parma),21,Elyria Catholic (Elyria),0,0,,
5,Paint Valley (Bainbridge),58,Westfall (Williamsport),28,0,,
5,Patrick Henry (Hamler),39,Bryan (Bryan),0,0,,
5,Paulding (Paulding),35,Ayersville (Defiance),0,0,,
5,Perkins (Sandusky),43,Bellevue (Bellevue),0,0,,
5,Perry (Lima),15,Hardin Northern (Dola),38,0,,
5,Perry (Massillon),7,Canton McKinley (Canton),38,0,,
5,Pickerington North (Pickerington),63,Thomas Worthington (Worthington),7,0,,
5,Piketon (Piketon),20,Zane Trace (Chillicothe),23,0,,
5,Port Clinton (Port Clinton),21,Clyde (Clyde),56,0,,
5,Portsmouth (Portsmouth),34,Dawson-Bryant (Coal Grove),0,0,,
5,Purcell Marian (Cincinnati),8,Archbishop McNicholas (Cincinnati),38,0,,
5,Ravenna (Ravenna),0,Woodridge (Peninsula),13,0,,
5,Reading (Reading),14,Madeira (Cincinnati),12,0,,
5,Revere (Richfield),49,Cuyahoga Falls (Cuyahoga Falls),0,0,,
5,Richmond Heights (Richmond Heights),6,North Central (Pioneer),48,0,,
5,Ridgedale (Morral),8,Upper Scioto Valley (McGuffey),38,0,,
5,Riverdale (Mt Blanchard),0,Van Buren (Van Buren),48,0,,
5,Riverside (De Graff),7,Northridge (Dayton),14,0,,
5,Riverside (Painesville),31,Boardman (Youngstown),21,0,,
5,River Valley (Caledonia),35,Pleasant (Marion),0,0,,
5,Roger Bacon (St Bernard),28,New Richmond (New Richmond),20,0,,
5,Rossford (Rossford),6,Oak Harbor (Oak Harbor),55,0,,
5,St Bernard-Elmwood Place (St Bernard),52,Norwood (Norwood),6,0,,
5,St Clairsville (St Clairsville),35,East Liverpool (East Liverpool),14,0,,
5,St Francis DeSales (Columbus),35,Bishop Ready (Columbus),21,0,,
5,St Francis de Sales (Toledo),44,St John's Jesuit (Toledo),30,0,,
5,St Henry (St Henry),14,Anna (Anna),21,0,,
5,St Ignatius (Cleveland),14,Archbishop Hoban (Akron),45,0,,
5,St John's (Delphos),27,Fort Recovery (Fort Recovery),14,0,,
5,St Paul (Norwalk),34,Plymouth (Plymouth),0,0,,
5,St Thomas Aquinas (Louisville),7,Minerva (Minerva),16,0,,
5,Salem (Salem),25,Beaver Local (East Liverpool),32,0,,
5,Seneca East (Attica),34,Carey (Carey),31,0,,
5,Shaker Heights (Shaker Heights),7,Benedictine (Cleveland),39,0,,
5,Shelby (Shelby),35,Galion (Galion),6,0,,
5,Sheridan (Thornville),23,John Glenn (New Concord),17,0,,
5,Solon (Solon),19,Stow-Munroe Falls (Stow),21,0,,
5,Canton South (Canton),10,Cuyahoga Valley Christian Academy (Cuyahoga Falls),21,0,,
5,South (Columbus),0,Walnut Ridge (Columbus),46,0,,
5,South Central (Greenwich),0,Monroeville (Monroeville),41,0,,
5,Southeastern Local (South Charleston),0,West Jefferson (West Jefferson),21,0,,
5,South Point (South Point),20,Rock Hill (Ironton),41,0,,
5,Spencerville (Spencerville),7,Bluffton (Bluffton),55,0,,
5,Springfield (Holland),26,Napoleon (Napoleon),47,0,,
5,Springfield (Springfield),17,Centerville (Centerville),3,0,,
5,Start (Toledo),12,Anthony Wayne (Whitehouse),48,0,,
5,Amherst Steele (Amherst),60,Berea-Midpark (Berea),41,0,,
5,Strasburg-Franklin (Strasburg),7,Ridgewood (West Lafayette),35,0,,
5,Streetsboro (Streetsboro),49,Springfield (Akron),0,0,,
5,Strongsville (Strongsville),42,Euclid (Euclid),0,0,,
5,Struthers (Struthers),13,South Range (Canfield),37,0,,
5,Swanton (Swanton),0,Liberty Center (Liberty Center),70,0,,
5,Sylvania Northview (Sylvania),0,Bowling Green (Bowling Green),28,0,,
5,Sylvania Southview (Sylvania),12,Whitmer (Toledo),63,0,,
5,Teays Valley (Ashville),17,Reynoldsburg (Reynoldsburg),7,0,,
5,Tecumseh (New Carlisle),0,Northwestern (Springfield),34,0,,
5,Tippecanoe (Tipp City),25,Troy (Troy),23,0,,
5,Trimble (Glouster),14,Worthington Christian (Worthington),45,0,,
5,Tri-Valley (Dresden),41,New Lexington (New Lexington),14,0,,
5,Trotwood-Madison (Trotwood),25,Center Grove (Greenwood),28,0,,IN
5,Troy Christian (Troy),0,Milton-Union (West Milton),49,0,,
5,Turpin (Cincinnati),7,Loveland (Loveland),23,0,,
5,Tuscarawas Central Catholic (New Philadelphia),0,Sandy Valley (Magnolia),45,0,,
5,Tuslaw (Massillon),7,Triway (Wooster),42,0,,
5,Tri-County North (Lewisburg),0,Arcanum (Arcanum),37,0,,
5,Union Local (Belmont),48,Shenandoah (Sarahsville),7,0,,
5,United (Hanoverton),17,Southern (Salineville),14,0,,
5,Upper Arlington (Upper Arlington),36,Central Crossing (Grove City),0,0,,
5,Urbana (Urbana),24,North Union (Richwood),6,0,,
5,Ursuline (Youngstown),35,Warren G Harding (Warren),0,0,,
5,Valley (Lucasville),7,Wheelersburg (Wheelersburg),42,0,,
5,Valley Forge (Parma Heights),55,Westlake (Westlake),28,0,,
5,Vanlue (Vanlue),8,Northwood (Northwood),67,0,,
5,Van Wert (Van Wert),14,Wapakoneta (Wapakoneta),35,0,,
5,Vermilion (Vermilion),20,Sandusky (Sandusky),36,0,,
5,Versailles (Versailles),37,Parkway (Rockford),12,0,,
5,Vinton County (McArthur),7,Athens (The Plains),35,0,,
5,Wadsworth (Wadsworth),56,Brecksville-Broadview Heights (Broadview Heights),14,0,,
5,Walnut Hills (Cincinnati),0,Winton Woods (Cincinnati),49,0,,
5,Massillon Washington (Massillon),31,St Edward (Lakewood),21,0,,
5,Washington (Washington Court House),7,Monroe (Monroe),24,0,,
5,Waverly (Waverly),28,Portsmouth West (West Portsmouth),35,0,,
5,Waynedale (Apple Creek),14,Smithville (Smithville),19,0,,
5,Waynesfield-Goshen (Waynesfield),49,North Baltimore (North Baltimore),14,0,,
5,Waynesville (Waynesville),38,Oakwood (Dayton),14,0,,
5,Wellington (Wellington),12,Brookside (Sheffield),14,0,,
5,Wellsville (Wellsville),35,Leetonia (Leetonia),0,0,,
5,West (Columbus),0,Eastmoor Academy (Columbus),34,0,,
5,West Branch (Beloit),48,Howland (Warren),13,0,,
5,West Carrollton (West Carrollton),14,Sidney (Sidney),58,0,,
5,Western Brown (Mount Orab),49,Miami Trace (Washington Court House),56,0,,
5,Western Hills (Cincinnati),13,Northwest (Cincinnati),38,0,,
5,Western Reserve (Berlin Center),41,Lowellville (Lowellville),22,0,,
5,Western Reserve (Collins),60,Mapleton (Ashland),20,0,,
5,Westerville North (Westerville),42,Delaware Hayes (Delaware),30,0,,
5,Westland (Galloway),41,Franklin Heights (Columbus),0,0,,
5,Willard (Willard),19,Lucas (Lucas),49,0,,
5,Williamsburg (Williamsburg),40,McClain (Greenfield),7,0,,
5,Windham (Windham),61,Grand Valley (Orwell),26,0,,
5,Woodmore (Elmore),7,Margaretta (Castalia),26,0,,
5,Woodward (Cincinnati),6,North College Hill (Cincinnati),19,0,,
5,Wooster (Wooster),28,Lexington (Lexington),41,0,,
5,Wynford (Bucyrus),20,Upper Sandusky (Upper Sandusky),37,0,,
5,Wyoming (Cincinnati),35,Taylor (Cleves),26,0,,
5,Xenia (Xenia),25,Butler (Vandalia),17,0,,
5,Zanesville (Zanesville),0,Northridge (Johnstown),7,0,,
5,Gamble Montessori (Cincinnati),0,Cincinnati Hills Christian Academy (Cincinnati),68,0,,
5,Landmark Eagles (club) (Cincinnati),13,Bexley (Columbus),34,0,,
5,Foxfire (Zanesville),14,West Union (club) (West Union),36,0,,
5,Bridgeport (Bridgeport),54,Linsly (Wheeling),8,0,WV,WV
5,Greenbrier West (Charmco),37,Pocahontas County,0,0,WV,WV
5,Hedgesville,0,Martinsburg (Martinsburg),66,0,WV,WV
5,John Marshall (Glen Dale),36,Washington,40,0,WV,WV
5,Magnolia (New Martinsville),16,Cameron (Cameron),52,0,WV,WV
5,Musselman,0,Spring Mills (Martinsburg),62,0,WV,WV
5,Parkersburg (Parkersburg),17,Parkersburg South (Parkersburg),26,0,WV,WV
5,Point Pleasant (Point Pleasant),21,Ripley (Ripley),28,0,WV,WV
5,Ritchie County (Ellenboro),6,Williamstown (Williamstown),58,0,WV,WV
5,Roane County (Spencer),49,Lewis County,0,0,WV,WV
5,Spring Valley (Huntington),49,Cabell Midland (Ona),19,0,WV,WV
5,Valley (Wetzel) (Pine Grove),47,Frontier (New Matamoras),34,0,WV,
5,Wahama (Mason),61,Calhoun County,13,0,WV,WV
5,Webster County,8,Madonna (Weirton),26,0,WV,WV
5,Weir (Weirton),0,Frankfort (Ridgeley),51,0,WV,WV
5,Wheeling Central Catholic (Wheeling),43,Midland Trail,6,0,WV,WV
5,Wheeling Park (Wheeling),35,University (Morgantown),22,0,WV,WV
5,Belfry (Belfry),35,Pikeville (Pikeville),21,0,KY,KY
5,Bishop Brossart (Alexandria),16,Lloyd Memorial (Erlanger),44,0,KY,KY
5,Bullitt East,14,Central (Louisville),28,0,KY,KY
5,Campbell County (Alexandria),29,Newport Central Catholic,28,1,KY,KY
5,Holy Cross (Covington),12,Middlesboro,14,0,KY,KY
5,Male (Louisville),21,Trinity (Louisville),24,0,KY,KY
5,Montgomery County,35,Greenup County (Greenup),63,0,KY,KY
5,Newport (Newport),32,Ludlow (Ludlow),30,0,KY,KY
5,Paintsville (Paintsville),0,Warren (Vincent),56,0,KY,
5,Pendleton County (Falmouth),19,Nicholas County,70,0,KY,KY
5,Pleasure Ridge Park (Louisville),14,North Hardin (Radcliff),38,0,KY,KY
5,Russell (Russell),7,Ashland Blazer (Ashland),48,0,KY,KY
5,Ryle (Union),28,Christian Academy-Louisville (Louisville),24,0,KY,KY
5,Shelby Valley (Pikeville),14,Perry County Central,34,0,KY,KY
5,South Oldham (Crestwood),23,Oldham County,21,0,KY,KY
5,St Xavier (Louisville),15,Elder (Cincinnati),17,0,KY,
5,Taylor County,0,Boyle County (Danville),48,0,KY,KY
5,Adrian Lenawee Christian,26,St Joseph Our Lady of the Lake Catholic (fomerly Lake Michigan Catholic),38,0,MI,MI
5,Ann Arbor Pioneer (Ann Arbor),14,Bedford (Temperance),49,0,MI,MI
5,Athens,0,Mendon,54,0,MI,MI
5,Detroit Country Day,6,Dearborn Divine Child (Dearborn),23,0,MI,MI
5,Byron Center,12,Muskegon Mona Shores (Muskegon),14,0,MI,MI
5,Camden-Frontier,8,Morenci,58,0,MI,MI
5,Concord,8,Britton-Deerfield (Britton),54,0,MI,MI
5,Detroit King (Detroit),18,Detroit Cass Tech (Detroit),12,0,MI,MI
5,Erie Mason (Erie),0,Ottawa Hills (Toledo),59,0,MI,
5,Grand Rapids Forest Hills Northern,28,Muskegon (Muskegon),47,0,MI,MI
5,Grandville (Grandville),46,Jenison,35,0,MI,MI
5,Lumen Christi (Jackson),42,U of D Jesuit (Detroit),13,0,MI,MI
5,LakeVille Memorial (Otisville),0,Montrose,48,0,MI,MI
5,Ottawa Lake Whiteford (Ottawa Lake),20,Edon (Edon),50,0,MI,
5,Petersburg Summerfield (Petersburg),34,Hilltop (West Unity),12,0,MI,
5,Reading (Reading),12,Bronson,34,0,MI,MI
5,Novi Detroit Catholic Central (Novi),27,Orchard Lake St Mary (Orchard Lake),22,0,MI,MI
5,River Rouge (River Rouge),7,Brother Rice (Bloomfield Hills),14,0,MI,MI
5,Rockford,21,Hudsonville,28,0,MI,MI
5,Spring Lake,25,Grand Rapids West Catholic (Grand Rapids),28,0,MI,MI
5,Waldron,58,North Adams-Jerome,14,0,MI,MI
5,Plymouth (Plymouth),17,Howell,48,0,MI,MI
5,NorthPointe Christian (Grand Rapids),44,Wyoming Lee,6,0,MI,MI
5,South Western,0,Central York (York),44,0,PA,PA
5,Bucktail,20,Smethport (Smethport),46,0,PA,PA
5,State College,29,Chambersburg,7,0,PA,PA
5,Albert Gallatin (Uniontown),36,Uniontown,21,0,PA,PA
5,Upper Saint Clair,31,McKeesport (McKeesport),14,0,PA,PA
5,Pine-Richland (Gibsonia),43,Plum,7,0,PA,PA
5,Westinghouse (Pittsburgh),28,Butler,17,0,PA,PA
5,McDowell (Erie),49,Meadville,21,0,PA,PA
5,Warren,0,Titusville (Titusville),56,0,PA,PA
5,General McLane (Edinboro),33,Corry (Corry),19,0,PA,PA
5,Harbor Creek (Harborcreek),20,Mercyhurst Prep (Erie),26,0,PA,PA
5,Oil City (Oil City),28,Fairview (Fairview),14,0,PA,PA
5,Fort LeBoeuf,21,Grove City,17,0,PA,PA
5,Northwestern (Albion),26,Conneaut Area (Linesville),21,0,PA,PA
5,Girard (Girard),14,Seneca,20,0,PA,PA
5,Greenville,49,Mercer,13,0,PA,PA
5,Saegertown,21,Union City,14,0,PA,PA
5,Cambridge Springs,36,Iroquois,20,0,PA,PA
5,Lakeview,26,Reynolds (Greenville),36,0,PA,PA
5,Kennedy Catholic (Hermitage),12,Maplewood (Guys Mills),55,0,PA,PA
5,Sharpsville,35,Slippery Rock,7,0,PA,PA
5,Cochranton,0,Eisenhower,27,0,PA,PA
5,University Prep (USO co-op) (Pittsburgh),52,Perry Traditional Academy (Pittsburgh),6,0,PA,PA
5,Saint Joseph's Prep (Philadelphia),21,Good Counsel (Wheaton),19,0,PA,MD
5,Batesville,13,East Central (St Leon),24,0,IN,IN
5,Brebeuf Jesuit Preparatory,28,Carmel (Carmel),27,0,IN,IN
5,Cascade,42,Sullivan,6,0,IN,IN
5,Columbia City,60,DeKalb,14,0,IN,IN
5,Columbus North,14,Bishop Chatard (Indianapolis),21,0,IN,IN
5,Bishop Dwenger (Fort Wayne),14,Homestead,17,0,IN,IN
5,Blackhawk Christian (Fort Wayne),13,South Adams,70,0,IN,IN
5,Indianapolis Arsenal Technical (Indianapolis),0,Lawrence North (Indianapolis),35,0,IN,IN
5,Lawrenceburg (Lawrenceburg),35,Franklin County (Brookville),27,0,IN,IN
5,Linton-Stockton (Linton),20,Boonville,21,0,IN,IN
5,Marion,71,Richmond (Richmond),44,0,IN,IN
5,North Central (Indianapolis),13,Cathedral (Indianapolis),53,0,IN,IN
5,Northview,38,Owen Valley,0,0,IN,IN
5,Yorktown,13,New Castle Chrysler,27,0,IN,IN
5,Guerin Catholic,23,Roncalli (Indianapolis),38,0,IN,IN
5,Crispus Attucks (Indianapolis),64,Purdue Poly - Englewood (Indianapolis),20,0,IN,IN
5,Bradley Central (Cleveland),55,Innovation Academy (Springfield),7,0,TN,TN
5,Life Christian Academy (Chester),19,Catholic (formerly Bishop Sullivan) (Virginia Beach),6,0,VA,VA
5,Northern Garrett (Accident),49,Hancock (Hancock),6,0,MD,MD
5,Archbishop Spalding (Severn),35,Calvert Hall (Towson),0,0,MD,MD
5,Bishop McNamara (Forestville),6,Riverdale Baptist (Upper Marlboro),28,0,MD,MD
5,DeMatha Catholic (Hyattsville),49,Roman Catholic (Philadelphia),12,0,MD,PA
5,Archbishop Carroll (Washington),0,Gonzaga (Washington),42,0,DC,DC
5,Long Island St Anthony's (South Huntington),35,Monsignor Farrell (Staten Island),27,0,NY,NY
5,Holy Cross (Flushing),26,John F Kennedy Catholic (Somers),7,0,NY,NY
5,Xavier (New York),14,St Joseph by-the-Sea (Staten Island),28,0,NY,NY
5,Kellenberg Memorial (Uniondale),28,Fordham Prep (Bronx),14,0,NY,NY
5,St Peter's (Staten Island),21,Xaverian (Brooklyn),7,0,NY,NY
5,Long Island Lutheran (Brookville),40,Port Chester (Port Chester),7,0,NY,NY
5,Le Roy / Caledonia-Mumford (co-op) (Le Roy),22,Bishop Timon - St Jude (Buffalo),35,0,NY,NY
5,Canarsie Campus (Brooklyn),6,Erasmus Hall Campus (Brooklyn),39,0,NY,NY
5,Paramus Catholic (Paramus),7,Wayne Valley (Wayne),41,0,NJ,NJ
5,St Ignatius (Chicago),24,Mt Carmel (Chicago),45,0,IL,IL
5,Mt Vernon (Mt Vernon),45,Collinsville (Collinsville),21,0,IL,IL
5,Cornerstone Christian (San Antonio),42,Midland Christian (Midland),24,0,TX,TX
5,Brother Martin (New Orleans),34,Legacy Sport Sciences (Spring),32,1,LA,TX
5,St Andrew's College (Aurora),0,Cardinal O'Hara (Springfield),42,0,ON,PA
5,Robert F. Hall (Caledon East),17,St Roch Catholic SS (Brampton),12,0,ON,ON
5,Iroquois Ridge (Oakville),28,Abbey Park (Oakville),27,0,ON,ON
5,Notre Dame (Burlington),20,St Francis Xavier (Milton),17,0,ON,ON
5,Bishop Macdonell (Guelph),55,Our Lady of Lourdes (Guelph),0,0,ON,ON
5,M. M. Robinson (Burlington),0,Craig Kielburger (Milton),39,0,ON,ON
5,Assumption College (Brantford),17,St John's College (Brantford),17,0,ON,ON
5,Pauline Johnson (Brantford),17,Delhi (Delhi),48,0,ON,ON
5,John F. Ross CVI (Guelph),15,St James (Guelph),8,0,ON,ON
5,Guelph CVI (Guelph),0,Centennial CVI (Guelph),51,0,ON,ON
5,St Thomas of Villanova (LaSalle),10,Sandwich (Windsor),20,0,ON,ON
5,St Thomas More (Hamilton),24,Bishop Tonnos (Ancaster),25,0,ON,ON
5,St Mary (Hamilton),10,Bishop Ryan (Hamilton),28,0,ON,ON
5,Cathedral (Hamilton),27,St John Henry Newman (Stoney Creek),45,0,ON,ON
5,Strathroy District (Strathroy),28,Tillsonburg Glendale (Tillsonburg),22,0,ON,ON
5,East Elgin (Aylmer),1,St Joseph's (St Thomas),36,0,ON,ON
5,London Catholic Central (London),24,London South (London),6,0,ON,ON
5,A. B. Lucas (London),38,Sir Wilfrid Laurier (London),38,0,ON,ON
5,Saunders (London),48,Mother Teresa (London),13,0,ON,ON
5,Holy Trinity Catholic (Oakville),8,Corpus Christi (Burlington),25,0,ON,ON
5,Northern SS (Toronto),8,St Michael's College (Toronto),13,0,ON,ON
5,Burlington Central (Burlington),4,T.A. Blakelock (Oakville),19,0,ON,ON
5,Aldershot (Burlington),0,Milton District (Milton),7,0,ON,ON
5,Stamford Collegiate (Niagara Falls),8,Thorold (Thorold),42,0,ON,ON
5,St Joseph's Catholic (Windsor),8,Tecumseh Vista Academy (Tecumseh),27,0,ON,ON
5,St Peter's (Barrie),33,Patrick Fogarty (Orillia),12,0,ON,ON
5,St Peter (Peterborough),21,Crestwood (Cavan Monaghan),14,0,ON,ON
5,Superior Heights (Sault Ste. Marie),16,Korah (Sault Ste. Marie),43,0,ON,ON
5,Eastview (Barrie),0,Bear Creek (Barrie),18,0,ON,ON
5,Nantyr Shores (Innisfil),34,Banting Memorial (Alliston),0,0,ON,ON
5,St Mother Teresa (Nepean),35,Sir Wilfrid Laurier (Orléans),0,0,ON,ON
5,St Patrick's (Ottawa),0,St Peter (Orléans),40,0,ON,ON
5,Holy Cross (Peterborough),29,Thomas A. Stewart (Peterborough),7,0,ON,ON
5,Centennial (Belleville),26,Bayside (Belleville),6,0,ON,ON
5,l'Essor (Tecumseh),41,Riverside (Windsor),21,0,ON,ON
5,Hammarskjold (Thunder Bay),7,Westgate (Thunder Bay),39,0,ON,ON
5,St Patrick (Thunder Bay),0,St Ignatius (Thunder Bay),27,0,ON,ON
5,Cameron Heights CI (Kitchener),37,Galt CI (Cambridge),0,0,ON,ON
5,Bluevale CI (Waterloo),6,Waterloo-Oxford District SS (Baden),16,0,ON,ON
5,McKinnon Park (Caledonia),0,Simcoe CS (Simcoe),14,0,ON,ON
5,Waterford (Waterford),19,Holy Trinity (Simcoe),0,0,ON,ON
5,Sydenham (Sydenham),14,Frontenac (Kingston),26,0,ON,ON
5,Holy Cross (Kingston),45,Ernestown (Odessa),0,0,ON,ON
5,Greater Fort Erie (Fort Erie),56,Welland Centennial (Welland),0,0,ON,ON
5,St Catharines Collegiate (St Catharines),0,Eden (St Catharines),38,0,ON,ON
5,Houston (Houston),21,Kodiak (Kodiak),6,0,AK,AK
5,Monroe Catholic (Fairbanks),14,Nikiski (Nikiski),54,0,AK,AK
5,Mandarin (Jacksonville),6,IMG Academy (Bradenton),49,0,FL,FL
5,Hagerty (Oviedo),49,Timber Creek (Orlando),26,0,FL,FL
5,Westminster School (Atlanta),3,Benedictine Military School (Savannah),31,0,GA,GA
5,Mallard Creek (Charlotte),13,West Charlotte (Charlotte),12,0,NC,NC
5,George Washington (Mangilao),36,Guam High (Agana Heights),0,0,GU,GU
5,Tiyan (Barrigada),0,John F. Kennedy (Tamuning),32,1,GU,GU
5,Brebeuf College (North York),13,Richview CI (Etobicoke),8,0,ON,ON
5,Austintown-Fitch (Austintown),44,Buchtel (Akron),7,0,,
5,Cardinal (Middlefield),25,Trinity (Garfield Heights),49,0,,
5,Carrollton (Carrollton),10,Garfield (Akron),7,0,,
5,Fairfield Christian Academy (Lancaster),40,Fisher Catholic (Lancaster),14,0,,
5,Fairport Harding (Fairport Harbor),22,Catholic Central (Steubenville),32,0,,
5,Mathews (Vienna),12,Crestline (Crestline),55,0,,
5,Mayfield (Mayfield),6,Cardinal Mooney (Youngstown),34,0,,
5,Notre Dame (Portsmouth),18,Shadyside (Shadyside),48,0,,
5,Ridgemont (Mt Victory),53,Montpelier (Montpelier),28,0,,
5,Villa Angela-St Joseph (Cleveland),48,Cleveland Central Catholic (Cleveland),6,0,,
5,St Joseph Central Catholic (Fremont),6,Chalker (Southington),40,0,,
5,St Mary Central Catholic (Sandusky),54,Stryker (Stryker),22,0,,
5,Shroder (Cincinnati),38,Clark Montessori (Cincinnati),8,0,,
5,Peebles (club) (Peebles),8,C4 Lions (club) (Trenton),27,0,,
5,Montcalm (Rock),37,Paden City (Paden City),8,0,WV,WV
5,Farrell (Farrell),7,Sharon (Sharon),14,0,PA,PA
5,Hickory (Hermitage),27,Erie (Erie),25,0,PA,PA
5,North East (North East),38,Franklin,7,0,PA,PA
5,Mt Zion Prep (Lanham),0,Football North (via Clarkson SS) (Mississauga),50,1,MD,ON
5,Aquinas Institute (Rochester),20,Fairport (Fairport),21,0,NY,NY
5,Holy Trinity - Long Island (Hicksville),7,St Francis Prep (Fresh Meadows),12,0,NY,NY
5,Chaminade (Mineola),24,St John the Baptist (West Islip),14,0,NY,NY
5,Iona Prep (New Rochelle),49,Archbishop Stepinac (White Plains),13,0,NY,NY
5,Cardinal Hayes (Bronx),34,Moore Catholic (Staten Island),3,0,NY,NY
5,Christ the King Regional (Middle Village),22,Cardinal Spellman (Bronx),32,0,NY,NY
5,St Dominic (Oyster Bay),6,Mt St Michael Academy (Bronx),34,0,NY,NY
5,Bergen Catholic (Oradell),63,Pope John XXIII (Sparta),7,0,NJ,NJ
5,Colonel By (Gloucester),10,Ashbury College (Ottawa),14,0,ON,ON
5,Bill Crothers SS (Unionville),28,Trinity College (Port Hope),7,0,ON,ON
5,Valdez (Valdez),26,Seward (Seward),46,0,AK,AK
5,Southern (Santa Rita),35,Okkodo (Dededo),0,0,GU,GU
5,Holy Trinity Catholic SS (Courtice),7,Huron Heights (Newmarket),55,0,ON,ON
6,Father Henry Carr (Etobicoke),42,Woodbridge College (Woodbridge),0,0,ON,ON
6,Lakeshore CI (Toronto),0,Lawrence Park CI (Toronto),28,0,ON,ON
6,Humberview (Caledon),22,Fletcher's Meadow (Brampton),24,0,ON,ON
6,Strathroy District (Strathroy),34,Clarke Road (London),15,0,ON,ON
6,Georgetown (Georgetown),15,Craig Kielburger (Milton),17,0,ON,ON
6,Christ the King (Georgetown),0,Bishop Reding (Milton),28,0,ON,ON
6,Denis Morris (St Catharines),0,St Francis (St Catharines),32,0,ON,ON
6,St David (Waterloo),0,St Mary's (Kitchener),40,0,ON,ON
6,Ingersoll (Ingersoll),40,Montcalm (London),10,0,ON,ON
6,Milton District (Milton),7,Abbey Park (Oakville),40,0,ON,ON
6,Great Lakes (Sarnia),12,Lambton Central (Petrolia),9,0,ON,ON
6,St Benedict (Cambridge),7,Resurrection (Kitchener),17,0,ON,ON
6,Glenview Park (Cambridge),8,Huron Heights (Kitchener),15,0,ON,ON
6,Ada (Ada),36,Arcadia (Arcadia),6,0,,
6,Bowsher (Toledo),20,Waite (Toledo),18,0,,
6,Butler (Vandalia),7,Tippecanoe (Tipp City),25,0,,
6,Thurgood Marshall (Dayton),6,Dunbar (Dayton),22,0,,
6,Dixie (New Lebanon),10,Bradford (Bradford),27,0,,
6,Eastmoor Academy (Columbus),14,Briggs (Columbus),20,0,,
6,Glenville (Cleveland),28,St Edward (Lakewood),27,0,,
6,Lake Catholic (Mentor),35,Holy Name (Parma Heights),3,0,,
6,Leipsic (Leipsic),40,Riverdale (Mt Blanchard),10,0,,
6,Lorain (Lorain),48,Garfield Heights (Garfield Heights),14,0,,
6,Marion-Franklin (Columbus),14,Walnut Ridge (Columbus),20,0,,
6,Stebbins (Riverside),48,West Carrollton (West Carrollton),20,0,,
6,Western Hills (Cincinnati),6,Hughes (Cincinnati),40,0,,
6,Central Hardin,0,Central (Louisville),54,0,KY,KY
6,Westinghouse (Pittsburgh),50,Taylor Allderdice (Pittsburgh),6,0,PA,PA
6,Slippery Rock,10,Harbor Creek (Harborcreek),35,0,PA,PA
6,St Peter (Orléans),20,St Joseph (Nepean),34,0,ON,ON
6,Waterdown (Waterdown),40,Dundas Valley (Dundas),7,0,ON,ON
6,Westdale (Hamilton),38,Saltfleet (Stoney Creek),0,0,ON,ON
6,M. M. Robinson (Burlington),12,Dr Frank J Hayden (Burlington),42,0,ON,ON
6,Ancaster (Ancaster),14,Westmount (Hamilton),24,0,ON,ON
6,Sherwood (Hamilton),28,Orchard Park (Stoney Creek),20,0,ON,ON
6,Sir Wilfrid Laurier (London),21,Saunders (London),16,0,ON,ON
6,St John's College (Brantford),42,North Park (Brantford),6,0,ON,ON
6,Medway (Arva),41,Mother Teresa (London),8,0,ON,ON
6,Huron Heights (Newmarket),58,Paul Dwyer (Oshawa),7,0,ON,ON
6,East Elgin (Aylmer),37,Tillsonburg Glendale (Tillsonburg),14,0,ON,ON
6,MacNab (Hamilton),31,Glendale (Hamilton),36,0,ON,ON
6,Holy Trinity Catholic (Oakville),28,St Francis Xavier (Milton),20,0,ON,ON
6,Sandwich (Windsor),10,Holy Names (Windsor),25,0,ON,ON
6,Leaside (East York),34,Malvern CI (Toronto),0,0,ON,ON
6,Garth Webb (Oakville),40,T.A. Blakelock (Oakville),0,0,ON,ON
6,Holy Trinity (Kanata),14,St Mother Teresa (Nepean),19,0,ON,ON
6,Bill Crothers SS (Unionville),43,David Suzuki (Brampton),6,0,ON,ON
6,St Roch Catholic SS (Brampton),11,Lorne Park (Mississauga),0,0,ON,ON
6,Notre Dame College (Welland),51,St Paul (Niagara Falls),0,0,ON,ON
6,St Ignatius of Loyola (Oakville),22,St Thomas Aquinas (Oakville),14,0,ON,ON
6,St Peter's (Barrie),0,St Joan of Arc (Barrie),55,0,ON,ON
6,St Joseph's (St Thomas),30,College Avenue (Woodstock),0,0,ON,ON
6,St Peter (Peterborough),0,Thomas A. Stewart (Peterborough),22,0,ON,ON
6,Bernie Custis (Hamilton),13,Nora Frances Henderson (Hamilton),24,0,ON,ON
6,St Mary's College (Sault Ste. Marie),7,Korah (Sault Ste. Marie),36,0,ON,ON
6,Barrie North (Barrie),16,Eastview (Barrie),6,0,ON,ON
6,Banting Memorial (Alliston),0,Collingwood (Collingwood),41,0,ON,ON
6,Bear Creek (Barrie),27,Innisdale (Barrie),0,0,ON,ON
6,Maple Ridge (Barrie),9,Nantyr Shores (Innisfil),0,0,ON,ON
6,Frontenac (Kingston),24,Holy Cross (Kingston),15,0,ON,ON
6,Holy Cross (Peterborough),28,Fenelon Falls (Fenelon Falls),20,0,ON,ON
6,Crestwood (Cavan Monaghan),0,Adam Scott (Peterborough),35,0,ON,ON
6,Eastside (Belleville),20,Centennial (Belleville),42,0,ON,ON
6,Belle River (Belle River),15,St Thomas of Villanova (LaSalle),29,0,ON,ON
6,Riverside (Windsor),29,Cardinal Carter Catholic (Leamington),30,0,ON,ON
6,North Star (Amherstburg),37,St Joseph's Catholic (Windsor),0,0,ON,ON
6,Galt CI (Cambridge),0,Waterloo Collegiate Institute (Waterloo),41,0,ON,ON
6,Cameron Heights CI (Kitchener),22,Kitchener-Waterloo CI/VS (Kitchener),0,0,ON,ON
6,Laurel Heights (Waterloo),14,Bluevale CI (Waterloo),24,0,ON,ON
6,Bishop Allen (Etobicoke),46,James Cardinal McGuigan (North York),0,0,ON,ON
6,Central Tech (Toronto),0,Birchmount Park CI (Scarborough),24,0,ON,ON
6,Newtonbrook (North York),38,York Memorial CI (York),8,0,ON,ON
6,Regiopolis-Notre Dame (Kingston),13,La Salle (Kingston),9,0,ON,ON
6,Greater Fort Erie (Fort Erie),22,West Niagara (Lincoln),14,0,ON,ON
6,Westlane (Niagara Falls),52,St Catharines Collegiate (St Catharines),0,0,ON,ON
6,Alexander (Albany),0,Vinton County (McArthur),14,0,,
6,Alliance (Alliance),20,Salem (Salem),16,0,,
6,Antwerp (Antwerp),0,Tinora (Defiance),23,0,,
6,Archbold (Archbold),22,Evergreen (Metamora),26,0,,
6,Ashland (Ashland),33,Madison Comprehensive (Mansfield),27,0,,
6,Austintown-Fitch (Austintown),0,Ursuline (Youngstown),35,0,,
6,Avon (Avon),35,Olmsted Falls (Olmsted Falls),14,0,,
6,Avon Lake (Avon Lake),28,Amherst Steele (Amherst),20,0,,
6,Ayersville (Defiance),7,Edgerton (Edgerton),39,0,,
6,Badin (Hamilton),35,Bishop Fenwick (Franklin),7,0,,
6,Barnesville (Barnesville),56,Shadyside (Shadyside),0,0,,
6,Beachwood (Beachwood),7,Brooklyn (Brooklyn),22,0,,
6,Beallsville (Beallsville),0,Valley (Wetzel) (Pine Grove),47,0,,WV
6,Bellbrook (Bellbrook),13,Edgewood (Trenton),0,0,,
6,Bellefontaine (Bellefontaine),6,London (London),51,0,,
6,Berea-Midpark (Berea),7,Midview (Grafton),16,0,,
6,Berkshire (Burton),49,Cardinal (Middlefield),6,0,,
6,Bethel (Tipp City),7,Lehman Catholic (Sidney),22,0,,
6,Bexley (Columbus),0,Buckeye Valley (Delaware),33,0,,
6,Big Walnut (Sunbury),45,Franklin Heights (Columbus),12,0,,
6,Bishop Ready (Columbus),16,KIPP Columbus (Columbus),0,0,,
6,Bishop Watterson (Columbus),28,Bishop Hartley (Columbus),13,0,,
6,Black River (Sullivan),0,Keystone (La Grange),14,0,,
6,Bloom-Carroll (Carroll),35,Fairfield Union (Lancaster),0,0,,
6,Bowling Green (Bowling Green),22,Clay (Oregon),24,0,,
6,Brecksville-Broadview Heights (Broadview Heights),33,Stow-Munroe Falls (Stow),13,0,,
6,Brookfield (Brookfield),7,Crestview (Columbiana),57,0,,
6,Brookside (Sheffield),0,Firelands (Oberlin),28,0,,
6,Brookville (Brookville),28,Carlisle (Carlisle),8,0,,
6,Brunswick (Brunswick),35,Shaker Heights (Shaker Heights),3,0,,
6,Buchtel (Akron),26,Firestone (Akron),31,0,,
6,Buckeye Trail (Lore City),24,Conotton Valley (Bowerston),26,0,,
6,Canfield (Canfield),14,Dover (Dover),31,0,,
6,Canton McKinley (Canton),26,Green (Uniontown),17,0,,
6,Cardington-Lincoln (Cardington),6,Centerburg (Centerburg),33,0,,
6,Carey (Carey),49,Wynford (Bucyrus),14,0,,
6,Carrollton (Carrollton),24,Marlington (Alliance),17,0,,
6,Catholic Central (Springfield),8,Southeastern Local (South Charleston),28,0,,
6,Celina (Celina),14,Elida (Elida),17,0,,
6,Centennial (Columbus),52,Mifflin (Columbus),0,0,,
6,Centerville (Centerville),48,Beavercreek (Beavercreek),13,0,,
6,Canton Central Catholic (Canton),6,Louisville (Louisville),7,0,,
6,Central Catholic (Toledo),27,St Ignatius (Cleveland),26,0,,
6,Twinsburg (Twinsburg),14,Nordonia (Macedonia),40,0,,
6,Champion (Warren),13,LaBrae (Leavittsburg),34,0,,
6,Chardon (Chardon),3,Kenston (Chagrin Falls),20,0,,
6,Cincinnati Country Day (Cincinnati),50,Miami Valley Christian Academy (Cincinnati),19,0,,
6,Circleville (Circleville),17,Marietta (Marietta),21,0,,
6,Clearview (Lorain),42,Wellington (Wellington),19,0,,
6,Cleveland Heights (Cleveland Heights),6,Strongsville (Strongsville),28,0,,
6,Clyde (Clyde),7,Perkins (Sandusky),28,0,,
6,Colerain (Cincinnati),0,Lakota West (West Chester),52,0,,
6,Collinwood (Cleveland),8,John Adams (Cleveland),44,0,,
6,Colonel Crawford (North Robinson),58,Bucyrus (Bucyrus),6,0,,
6,Columbia (Columbia Station),48,Oberlin (Oberlin),7,0,,
6,Columbiana (Columbiana),49,Leetonia (Leetonia),7,0,,
6,Columbus Academy (Gahanna),34,Whitehall-Yearling (Whitehall),6,0,,
6,Columbus Grove (Columbus Grove),38,Allen East (Harrod),13,0,,
6,Copley (Copley),34,Kent Roosevelt (Kent),20,0,,
6,Cory-Rawson (Rawson),0,Waynesfield-Goshen (Waynesfield),24,0,,
6,Covington (Covington),0,Northridge (Dayton),24,0,,
6,Crestview (Convoy),36,Jefferson (Delphos),0,0,,
6,Crestwood (Mantua),0,Chagrin Falls (Chagrin Falls),28,0,,
6,Cuyahoga Falls (Cuyahoga Falls),7,Aurora (Aurora),68,0,,
6,Cuyahoga Valley Christian Academy (Cuyahoga Falls),37,Triway (Wooster),7,0,,
6,Danbury (Lakeside),14,St Mary Central Catholic (Sandusky),43,0,,
6,Lisbon David Anderson (Lisbon),0,United (Hanoverton),42,0,,
6,Deer Park (Cincinnati),27,Finneytown (Cincinnati),11,0,,
6,Dublin Coffman (Dublin),15,Olentangy Liberty (Powell),19,0,,
6,Dublin Scioto (Dublin),13,Westland (Galloway),41,0,,
6,Dublin Jerome (Dublin),21,Marysville (Marysville),35,0,,
6,Eastern (Reedsville),19,Waterford (Waterford),22,0,,
6,East Liverpool (East Liverpool),41,Cambridge (Cambridge),7,0,,
6,East Technical (Cleveland),0,Lutheran East (Cleveland Heights),36,0,,
6,Eastwood (Pemberville),48,Rossford (Rossford),0,0,,
6,Edison (Milan),21,Bellevue (Bellevue),6,0,,
6,Edison (Richmond),35,Toronto (Toronto),19,0,,
6,Edon (Edon),43,Montpelier (Montpelier),12,0,,
6,Elgin (Marion),0,Worthington Christian (Worthington),41,0,,
6,Elyria (Elyria),7,North Ridgeville (North Ridgeville),56,0,,
6,Elyria Catholic (Elyria),28,St Vincent-St Mary (Akron),22,0,,
6,Fairborn (Fairborn),7,Xenia (Xenia),43,0,,
6,Fairfield (Fairfield),13,Mason (Mason),31,0,,
6,Fairfield Christian Academy (Lancaster),0,Martins Ferry (Martins Ferry),48,0,,
6,Fairport Harding (Fairport Harbor),43,Grand Valley (Orwell),14,0,,
6,Fairview (Fairview Park),16,Kirtland (Kirtland),65,0,,
6,Fayetteville (Fayetteville),6,Williamsburg (Williamsburg),42,0,,
6,Findlay (Findlay),42,Springfield (Holland),13,0,,
6,Fisher Catholic (Lancaster),18,Bishop Rosecrans (Zanesville),35,0,,
6,Fort Frye (Beverly),27,Caldwell (Caldwell),34,0,,
6,Fort Recovery (Fort Recovery),12,New Bremen (New Bremen),14,0,,
6,Frontier (New Matamoras),48,Federal Hocking (Stewart),14,0,,
6,Garaway (Sugarcreek),38,Claymont (Uhrichsville),0,0,,
6,Garfield (Garrettsville),42,Southeast (Ravenna),7,0,,
6,Geneva (Geneva),48,Edgewood (Ashtabula),0,0,,
6,Gibsonburg (Gibsonburg),34,Woodmore (Elmore),0,0,,
6,Girard (Girard),13,Lakeview (Cortland),6,0,,
6,GlenOak (Canton),7,Hoover (North Canton),21,0,,
6,Graham Local (St Paris),7,Indian Lake (Lewistown),13,0,,
6,Grove City (Grove City),17,New Albany (New Albany),20,0,,
6,Groveport Madison (Groveport),14,Teays Valley (Ashville),21,0,,
6,Marion Harding (Marion),0,River Valley (Caledonia),10,0,,
6,Warren G Harding (Warren),24,Solon (Solon),0,0,,
6,Hardin Northern (Dola),42,Ridgedale (Morral),0,0,,
6,Harvey (Painesville),38,Orange (Pepper Pike),42,0,,
6,Hawken (Gates Mills),21,West Geauga (Chesterland),17,0,,
6,Delaware Hayes (Delaware),35,Worthington Kilbourne (Columbus),27,0,,
6,Heath (Heath),13,Johnstown (Johnstown),42,0,,
6,Highland (Medina),49,Barberton (Barberton),7,0,,
6,Hilliard Davidson (Hilliard),14,Olentangy Orange (Lewis Center),21,0,,
6,Hillsdale (Jeromesville),14,Smithville (Smithville),7,0,,
6,Hopewell-Loudon (Bascom),16,Margaretta (Castalia),7,0,,
6,Howland (Warren),14,Notre Dame-Cathedral Latin (Chardon),63,0,,
6,Hudson (Hudson),14,Wadsworth (Wadsworth),21,0,,
6,Huron (Huron),9,Port Clinton (Port Clinton),6,0,,
6,Independence (Columbus),24,South (Columbus),13,0,,
6,Independence (Independence),22,Cuyahoga Heights (Cuyahoga Heights),18,0,,
6,Jackson (Massillon),31,Perry (Massillon),13,0,,
6,Jefferson Area (Jefferson),50,Conneaut (Conneaut),0,0,,
6,John F Kennedy (Cleveland),0,Lake (Uniontown),61,0,,
6,John F Kennedy (Warren),27,Mogadore (Mogadore),8,0,,
6,John Glenn (New Concord),17,Meadowbrook (Byesville),21,0,,
6,Jonathan Alder (Plain City),21,Urbana (Urbana),7,0,,
6,Kenton (Kenton),27,Defiance (Defiance),34,0,,
6,Kenton Ridge (Springfield),30,Tecumseh (New Carlisle),0,0,,
6,Lakewood (Lakewood),20,North Olmsted (North Olmsted),42,0,,
6,Lakota (Kansas),40,Willard (Willard),8,0,,
6,Lebanon (Lebanon),7,Kings (Kings Mills),38,0,,
6,Lexington (Lexington),19,Mansfield Senior (Mansfield),6,0,,
6,Liberty-Benton (Findlay),28,Arlington (Arlington),0,0,,
6,Liberty Center (Liberty Center),42,Bryan (Bryan),0,0,,
6,Licking Valley (Newark),28,Licking Heights (Pataskala),22,0,,
6,Lima Senior (Lima),56,Woodward (Toledo),0,0,,
6,Lima Central Catholic (Lima),0,Bluffton (Bluffton),35,0,,
6,Gahanna Lincoln (Gahanna),28,Central Crossing (Grove City),6,0,,
6,Lincoln West (Cleveland),0,John Marshall (Cleveland),32,0,,
6,Logan (Logan),13,Reynoldsburg (Reynoldsburg),26,0,,
6,Loudonville (Loudonville),0,Danville (Danville),22,0,,
6,Lowellville (Lowellville),40,Mineral Ridge (Mineral Ridge),27,0,,
6,Madison (Madison),42,Lakeside (Ashtabula),6,0,,
6,Manchester (New Franklin),49,Canton South (Canton),9,0,,
6,Maple Heights (Maple Heights),48,Warrensville Heights (Warrensville Heights),0,0,,
6,Marion Local (Maria Stein),48,Versailles (Versailles),0,0,,
6,Mathews (Vienna),6,Windham (Windham),60,0,,
6,Maumee (Maumee),49,Lake (Millbury),7,0,,
6,Maysville (Zanesville),20,Tri-Valley (Dresden),66,0,,
6,Archbishop McNicholas (Cincinnati),42,Chaminade Julienne (Dayton),23,0,,
6,Medina (Medina),51,Euclid (Euclid),18,0,,
6,Meigs (Pomeroy),14,Nelsonville-York (Nelsonville),42,0,,
6,St Marys Memorial (St Marys),49,Van Wert (Van Wert),14,0,,
6,Miamisburg (Miamisburg),0,Kettering Fairmont (Kettering),34,0,,
6,Middletown (Middletown),23,Lakota East (Liberty Township),50,0,,
6,Miller (Corning),0,Grove City Christian (Grove City),26,0,,
6,Millersport (Millersport),0,Berne Union (Sugar Grove),48,0,,
6,Milton-Union (West Milton),32,Miami East (Casstown),14,0,,
6,Minerva (Minerva),0,West Branch (Beloit),64,0,,
6,Minster (Minster),12,St Henry (St Henry),7,0,,
6,Archbishop Moeller (Cincinnati),38,La Salle (Cincinnati),0,0,,
6,Mohawk (Sycamore),48,Buckeye Central (New Washington),0,0,,
6,Monroeville (Monroeville),71,New London (New London),0,0,,
6,Morgan (McConnelsville),0,West Muskingum (Zanesville),42,0,,
6,Mount Gilead (Mount Gilead),0,East Knox (Howard),20,0,,
6,Mount Vernon (Mount Vernon),37,Zanesville (Zanesville),0,0,,
6,Napoleon (Napoleon),20,Fremont Ross (Fremont),26,0,,
6,Newark (Newark),7,Canal Winchester (Canal Winchester),31,0,,
6,Newcomerstown (Newcomerstown),41,East Canton (East Canton),7,0,,
6,New Lexington (New Lexington),51,Coshocton (Coshocton),14,0,,
6,New Philadelphia (New Philadelphia),59,Linsly (Wheeling),28,0,,WV
6,New Richmond (New Richmond),14,Goshen (Goshen),34,0,,
6,Newton Falls (Newton Falls),0,Liberty (Youngstown),48,0,,
6,North (Eastlake),0,Mayfield (Mayfield),6,0,,
6,North Baltimore (North Baltimore),0,Perry (Lima),34,0,,
6,North Central (Pioneer),63,Vanlue (Vanlue),8,0,,
6,North College Hill (Cincinnati),0,Roger Bacon (St Bernard),41,0,,
6,Northmor (Galion),19,Fredericktown (Fredericktown),6,0,,
6,Northridge (Johnstown),42,Newark Catholic (Newark),20,0,,
6,North Union (Richwood),6,Shawnee (Springfield),0,0,,
6,Norwalk (Norwalk),0,Vermilion (Vermilion),21,0,,
6,Northwest (Canal Fulton),46,Tuslaw (Massillon),7,0,,
6,Northwest (Cincinnati),16,Mount Healthy (Cincinnati),29,0,,
6,Northwest (McDermott),35,Valley (Lucasville),38,0,,
6,Northwestern (Springfield),22,Benjamin Logan (Bellefontaine),0,0,,
6,Northwestern (West Salem),7,Dalton (Dalton),41,0,,
6,Norwayne (Creston),45,Waynedale (Apple Creek),10,0,,
6,Norwood (Norwood),6,Cincinnati Hills Christian Academy (Cincinnati),49,0,,
6,Notre Dame (Portsmouth),8,South Gallia (Crown City),36,0,,
6,Oak Harbor (Oak Harbor),49,Fostoria (Fostoria),0,0,,
6,Olentangy Berlin (Delaware),31,Hilliard Darby (Hilliard),13,0,,
6,Olentangy (Lewis Center),35,Thomas Worthington (Worthington),0,0,,
6,Ontario (Ontario),49,Galion (Galion),0,0,,
6,Orrville (Orrville),31,Fairless (Brewster),7,0,,
6,Otsego (Tontogany),21,Genoa Area (Genoa),28,0,,
6,Ottawa-Glandorf (Ottawa),26,Bath (Lima),0,0,,
6,Ottawa Hills (Toledo),37,Northwood (Northwood),6,0,,
6,Padua Franciscan (Parma),35,North Royalton (North Royalton),28,0,,
6,Pandora-Gilboa (Pandora),34,Elmwood (Bloomdale),0,0,,
6,Parkway (Rockford),0,Coldwater (Coldwater),48,0,,
6,Ponitz Tech (Dayton),0,Meadowdale (Dayton),20,0,,
6,Paulding (Paulding),19,Fairview (Sherwood),21,0,,
6,Perry (Perry),41,Lutheran West (Rocky River),14,0,,
6,Perrysburg (Perrysburg),55,Sylvania Northview (Sylvania),0,0,,
6,Philo (Duncan Falls),37,Crooksville (Crooksville),7,0,,
6,Pickerington Central (Pickerington),42,Lancaster (Lancaster),7,0,,
6,Pickerington North (Pickerington),42,Westerville Central (Westerville),7,0,,
6,Pleasant (Marion),17,Clear Fork (Bellville),10,0,,
6,Plymouth (Plymouth),13,Mapleton (Ashland),20,0,,
6,Poland Seminary (Poland),30,South Range (Canfield),38,0,,
6,Preble Shawnee (Camden),35,Mississinawa Valley (Union City),0,0,,
6,Princeton (Cincinnati),0,Hamilton (Hamilton),34,0,,
6,Pymatuning Valley (Andover),40,St John School (Ashtabula),0,0,,
6,Ravenna (Ravenna),21,Cloverleaf (Seville),7,0,,
6,Reading (Reading),0,Wyoming (Cincinnati),31,0,,
6,Revere (Richfield),13,Tallmadge (Tallmadge),20,0,,
6,Rhodes (Cleveland),12,John Hay (Cleveland),10,0,,
6,Rittman (Rittman),22,Chippewa (Doylestown),21,0,,
6,River (Hannibal),48,Bridgeport (Bridgeport),6,0,,
6,Riverside (Painesville),35,South (Willoughby),28,0,,
6,River View (Warsaw),0,Sheridan (Thornville),62,0,,
6,Rock Hill (Ironton),55,Belpre (Belpre),0,0,,
6,Rocky River (Rocky River),35,Normandy (Parma),16,0,,
6,Rogers (Toledo),14,Start (Toledo),34,0,,
6,St Bernard-Elmwood Place (St Bernard),16,Lockland (Lockland),0,0,,
6,St Charles (Columbus),0,St Francis DeSales (Columbus),28,0,,
6,St Clairsville (St Clairsville),41,Harrison Central (Cadiz),0,0,,
6,St John's Jesuit (Toledo),21,Brother Rice (Bloomfield Hills),22,0,,MI
6,Villa Angela-St Joseph (Cleveland),35,McDowell (Erie),38,0,,PA
6,St Joseph Central Catholic (Fremont),14,Holgate (Holgate),24,0,,
6,St Paul (Norwalk),7,Western Reserve (Collins),28,0,,
6,St Thomas Aquinas (Louisville),6,Rootstown (Rootstown),41,0,,
6,St Xavier (Cincinnati),22,Elder (Cincinnati),17,0,,
6,Sandusky (Sandusky),41,Tiffin Columbian (Tiffin),13,0,,
6,Sandy Valley (Magnolia),14,Indian Valley (Gnadenhutten),42,0,,
6,Scott (Toledo),14,Sylvania Southview (Sylvania),47,0,,
6,Shawnee (Lima),0,Wapakoneta (Wapakoneta),28,0,,
6,Shelby (Shelby),41,Highland (Marengo),6,0,,
6,Shenandoah (Sarahsville),31,Buckeye Local (Rayland),36,0,,
6,Sidney (Sidney),43,Greenville (Greenville),6,0,,
6,South Central (Greenwich),6,Crestview (Ashland),47,0,,
6,Southern (Salineville),44,East Palestine (East Palestine),21,0,,
6,South Point (South Point),0,Fairland (Proctorville),36,0,,
6,Spencerville (Spencerville),21,Fort Loramie (Fort Loramie),42,0,,
6,Springboro (Springboro),6,Springfield (Springfield),16,0,,
6,Springfield (Akron),8,Field (Mogadore),49,0,,
6,Springfield (New Middletown),40,Jackson-Milton (North Jackson),9,0,,
6,Steubenville (Steubenville),48,Wheeling Park (Wheeling),17,0,,WV
6,Strasburg-Franklin (Strasburg),14,Malvern (Malvern),41,0,,
6,Streetsboro (Streetsboro),55,Norton (Norton),0,0,,
6,Struthers (Struthers),25,Hubbard (Hubbard),0,0,,
6,Swanton (Swanton),0,Delta (Delta),28,0,,
6,Sycamore (Cincinnati),14,Oak Hills (Cincinnati),36,0,,
6,Taylor (Cleves),7,Mariemont (Cincinnati),0,0,,
6,Trimble (Glouster),35,Southern (Racine),13,0,,
6,Troy (Troy),21,Piqua (Piqua),7,0,,
6,Troy Christian (Troy),0,Riverside (De Graff),29,0,,
6,Tuscarawas Valley (Zoarville),7,Ridgewood (West Lafayette),42,0,,
6,Twin Valley South (West Alexandria),0,Ansonia (Ansonia),32,0,,
6,Union Local (Belmont),41,Beaver Local (East Liverpool),14,0,,
6,University School (Hunting Valley),0,Gilmour Academy (Gates Mills),54,0,,
6,Upper Arlington (Upper Arlington),42,Hilliard Bradley (Hilliard),0,0,,
6,Upper Sandusky (Upper Sandusky),7,Seneca East (Attica),14,0,,
6,Upper Scioto Valley (McGuffey),20,Ridgemont (Mt Victory),0,0,,
6,Utica (Utica),44,Lakewood (Hebron),0,0,,
6,Valley Forge (Parma Heights),13,Buckeye (Medina),45,0,,
6,Van Buren (Van Buren),3,McComb (McComb),7,0,,
6,Walsh Jesuit (Cuyahoga Falls),20,Benedictine (Cleveland),12,0,,
6,Waterloo (Atwater),0,McDonald (McDonald),35,0,,
6,Watkins Memorial (Pataskala),14,Granville (Granville),31,0,,
6,Wauseon (Wauseon),0,Patrick Henry (Hamler),44,0,,
6,Wayne (Huber Heights),30,Northmont (Clayton),14,0,,
6,Waynesville (Waynesville),31,Ross (Hamilton),14,0,,
6,Wayne Trace (Haviland),12,Hicksville (Hicksville),0,0,,
6,West (Columbus),6,Africentric Early College (Columbus),42,0,,
6,Western Brown (Mount Orab),7,Batavia (Batavia),45,0,,
6,Western Reserve (Berlin Center),36,Campbell Memorial (Campbell),14,0,,
6,Westerville South (Westerville),0,Westerville North (Westerville),3,0,,
6,West Clermont (Cincinnati),17,Turpin (Cincinnati),14,0,,
6,West Holmes (Millersburg),34,Wooster (Wooster),6,0,,
6,West Jefferson (West Jefferson),7,Mechanicsburg (Mechanicsburg),18,0,,
6,Westlake (Westlake),14,Bay (Bay Village),28,0,,
6,West Liberty-Salem (West Liberty),24,Northeastern (South Vienna),21,0,,
6,Wheelersburg (Wheelersburg),6,Harvest Prep (Canal Winchester),12,0,,
6,Whetstone (Columbus),8,Grandview Heights (Columbus),40,0,,
6,Whitmer (Toledo),3,Anthony Wayne (Whitehouse),27,0,,
6,Wilmington (Wilmington),16,Clinton-Massie (Clarksville),38,0,,
6,Winton Woods (Cincinnati),41,Little Miami (Morrow),14,0,,
6,Woodridge (Peninsula),27,Coventry (Akron),0,0,,
6,Valley Christian School (Youngstown),46,Wellsville (Wellsville),14,0,,
6,Cincinnati College Prep (Cincinnati),42,Holy Cross (Covington),0,0,,KY
6,Dohn Community (Cincinnati),6,Purcell Marian (Cincinnati),46,0,,
6,Braxton County,8,Roane County (Spencer),43,0,WV,WV
6,Brooke (Wellsburg),33,Lincoln County (Hamlin),14,0,WV,WV
6,Cabell Midland (Ona),7,Hurricane (Hurricane),48,0,WV,WV
6,Cameron (Cameron),13,Tyler Consolidated,6,0,WV,WV
6,George Washington (Charleston),18,Spring Valley (Huntington),28,0,WV,WV
6,Magnolia (New Martinsville),0,Monroe Central (Woodsfield),46,0,WV,
6,Man,12,Greenbrier West (Charmco),19,0,WV,WV
6,Martinsburg (Martinsburg),42,Jefferson,12,0,WV,WV
6,Parkersburg (Parkersburg),31,Capital (Charleston),19,0,WV,WV
6,Parkersburg South (Parkersburg),41,John Marshall (Glen Dale),12,0,WV,WV
6,Poca,0,Williamstown (Williamstown),48,0,WV,WV
6,Robert C Byrd,0,Bridgeport (Bridgeport),58,0,WV,WV
6,Sissonville,19,Herbert Hoover (Elkview),63,0,WV,WV
6,Tygarts Valley,13,Clay-Battelle (Blacksville),12,0,WV,WV
6,Wirt County (Elizabeth),22,Wahama (Mason),68,0,WV,WV
6,Spring Mills (Martinsburg),64,North Hagerstown (Hagerstown),0,0,WV,MD
6,Ashland Blazer (Ashland),51,Greenup County (Greenup),12,0,KY,KY
6,Boyle County (Danville),51,Lexington Catholic,7,0,KY,KY
6,Concord,32,Morenci,16,0,MI,MI
6,Detroit Cass Tech (Detroit),40,Detroit East English (Detroit),6,0,MI,MI
6,Detroit Henry Ford,0,Detroit King (Detroit),39,0,MI,MI
6,Detroit Loyola,8,Riverview Gabriel Richard (Riverview),29,0,MI,MI
6,U of D Jesuit (Detroit),21,St Francis de Sales (Toledo),28,0,MI,
6,Grand Haven,13,Grandville (Grandville),56,0,MI,MI
6,Grand Rapids West Catholic (Grand Rapids),35,Grand Rapids Christian,13,0,MI,MI
6,Howell,27,Northville,12,0,MI,MI
6,Hudsonville,35,East Kentwood,6,0,MI,MI
6,Lumen Christi (Jackson),35,Dearborn Divine Child (Dearborn),0,0,MI,MI
6,Litchfield,8,Camden-Frontier,6,0,MI,MI
6,Mendon,66,Colon,0,0,MI,MI
6,Muskegon Mona Shores (Muskegon),42,Muskegon (Muskegon),27,0,MI,MI
6,Orchard Lake St Mary (Orchard Lake),64,Waterford Kettering,0,0,MI,MI
6,LakeVille Memorial (Otisville),0,Durand,55,0,MI,MI
6,Petersburg Summerfield (Petersburg),20,Ottawa Lake Whiteford (Ottawa Lake),14,0,MI,MI
6,Pittsford,52,North Adams-Jerome,14,0,MI,MI
6,Stockbridge,13,Reading (Reading),20,0,MI,MI
6,Bedford (Temperance),24,Ypsilanti Lincoln,21,0,MI,MI
6,Waldron,34,Burr Oak,60,0,MI,MI
6,Britton-Deerfield (Britton),48,Adrian Lenawee Christian,26,0,MI,MI
6,Dearborn Advanced Technology Academy (Dearborn),56,Erie Mason (Erie),24,0,MI,MI
6,NorthPointe Christian (Grand Rapids),8,Gobles,38,0,MI,MI
6,Central Dauphin,7,State College,24,0,PA,PA
6,Central York (York),28,Dallastown,27,0,PA,PA
6,McKeesport (McKeesport),54,Hampton,7,0,PA,PA
6,Fox Chapel,0,Pine-Richland (Gibsonia),71,0,PA,PA
6,Uniontown,49,Brownsville (Brownsville),28,0,PA,PA
6,Brashear (Pittsburgh),0,University Prep (USO co-op) (Pittsburgh),70,0,PA,PA
6,Carrick (Pittsburgh),6,Windber,49,0,PA,PA
6,Perry Traditional Academy (Pittsburgh),12,Wheeling Central Catholic (Wheeling),41,0,PA,WV
6,Smethport (Smethport),28,Coudersport,46,0,PA,PA
6,General McLane (Edinboro),28,Fort LeBoeuf,6,0,PA,PA
6,Corry (Corry),28,Mercyhurst Prep (Erie),21,0,PA,PA
6,Grove City,21,Oil City (Oil City),35,0,PA,PA
6,Hickory (Hermitage),49,Niles McKinley (Niles),0,0,PA,
6,Titusville (Titusville),47,North East (North East),14,0,PA,PA
6,Northwestern (Albion),0,Greenville,42,0,PA,PA
6,Girard (Girard),21,Warren,7,0,PA,PA
6,Seneca,9,Fairview (Fairview),13,0,PA,PA
6,Maplewood (Guys Mills),0,Conneaut Area (Linesville),41,0,PA,PA
6,Reynolds (Greenville),0,Cambridge Springs,34,0,PA,PA
6,Wilmington (New Wilmington),0,Farrell (Farrell),38,0,PA,PA
6,Mercer,7,Saegertown,14,0,PA,PA
6,Union City,7,Eisenhower,34,0,PA,PA
6,Sharpsville,34,Lakeview,15,0,PA,PA
6,Erie (Erie),74,Franklin,0,0,PA,PA
6,Father Judge,13,Saint Joseph's Prep (Philadelphia),42,0,PA,PA
6,Malvern Prep (Malvern),13,Gonzaga (Washington),7,0,PA,DC
6,East Central (St Leon),45,South Dearborn (Aurora),0,0,IN,IN
6,Blackhawk Christian (Fort Wayne),20,Park Tudor,39,0,IN,IN
6,Fort Wayne Northrop,19,Bishop Dwenger (Fort Wayne),36,0,IN,IN
6,Lawrenceburg (Lawrenceburg),24,Batesville,0,0,IN,IN
6,New Haven,0,Columbia City,70,0,IN,IN
6,Richmond (Richmond),0,Lafayette Jefferson,70,0,IN,IN
6,Roncalli (Indianapolis),37,Brebeuf Jesuit Preparatory,18,0,IN,IN
6,Shelbyville,0,Yorktown,33,0,IN,IN
6,Northern Garrett (Accident),14,Frankfort (Ridgeley),45,0,MD,WV
6,Hancock (Hancock),49,Hundred (Hundred),20,0,MD,WV
6,Gilman School (Baltimore),0,Archbishop Spalding (Severn),51,0,MD,MD
6,DeMatha Catholic (Hyattsville),20,Massillon Washington (Massillon),14,0,MD,
6,Holy Cross (Flushing),0,Xavier (New York),35,0,NY,NY
6,Archbishop Stepinac (White Plains),6,Long Island St Anthony's (South Huntington),34,0,NY,NY
6,Cardinal Hayes (Bronx),18,Monsignor Farrell (Staten Island),12,0,NY,NY
6,Fordham Prep (Bronx),13,St Joseph by-the-Sea (Staten Island),0,0,NY,NY
6,Island Trees (Levittown),0,Cold Spring Harbor (Cold Spring Harbor),27,0,NY,NY
6,Canarsie Campus (Brooklyn),12,Curtis (Staten Island),29,0,NY,NY
6,Wayne Valley (Wayne),26,Hackensack (Hackensack),21,0,NJ,NJ
6,Benet Academy (Lisle),13,Mt Carmel (Chicago),48,0,IL,IL
6,Mt Vernon (Mt Vernon),13,Archbishop Hoban (Akron),56,0,IL,
6,Legacy Sport Sciences (Spring),48,Franklin (Franklin),41,0,TX,TX
6,LBJ Early College (Austin),32,Cornerstone Christian (San Antonio),21,0,TX,TX
6,Ashbury College (Ottawa),19,St Matthew (Orléans),42,0,ON,ON
6,Assumption Catholic (Burlington),14,Corpus Christi (Burlington),16,0,ON,ON
6,Mayfield (Brampton),7,Clarkson (Mississauga),32,0,ON,ON
6,Robert F. Hall (Caledon East),45,St Marcellinus (Mississauga),3,0,ON,ON
6,Brampton Centennial (Brampton),30,Philip Pocock (Mississauga),20,0,ON,ON
6,Chatham-Kent,13,St Patrick's (Sarnia),28,0,ON,ON
6,Iroquois Ridge (Oakville),0,Nelson (Burlington),44,0,ON,ON
6,Bishop Macdonell (Guelph),35,John F. Ross CVI (Guelph),8,0,ON,ON
6,Our Lady of Lourdes (Guelph),0,Centennial CVI (Guelph),48,0,ON,ON
6,St James (Guelph),35,Guelph CVI (Guelph),0,0,ON,ON
6,St Mary (Hamilton),3,Bishop Tonnos (Ancaster),37,0,ON,ON
6,Cathedral (Hamilton),9,St Thomas More (Hamilton),28,0,ON,ON
6,Sir Frederick Banting (London),50,Oakridge (London),17,0,ON,ON
6,London South (London),31,St Thomas Aquinas (London),7,0,ON,ON
6,London Catholic Central (London),43,Parkside (St Thomas),8,0,ON,ON
6,Grand River CI (Kitchener),19,Elmira District SS (Elmira),16,0,ON,ON
6,Holy Trinity (Simcoe),18,Pauline Johnson (Brantford),20,0,ON,ON
6,Richview CI (Etobicoke),13,Michael Power - St Joseph (Etobicoke),17,0,ON,ON
6,Burlington Central (Burlington),0,Aldershot (Burlington),28,0,ON,ON
6,Football North (via Clarkson SS) (Mississauga),28,Ironton (Ironton),27,0,ON,
6,Stamford Collegiate (Niagara Falls),0,Governor Simcoe (St Catharines),45,0,ON,ON
6,St Anne Catholic (Belle River),0,W.F. Herman (Windsor),34,0,ON,ON
6,White Pines (Sault Ste. Marie),20,Superior Heights (Sault Ste. Marie),49,0,ON,ON
6,St Francis Xavier (Gloucester),49,Sacred Heart (Stittsville),7,0,ON,ON
6,Brooklin (Brooklin),6,Upper Canada College (Toronto),10,0,ON,ON
6,Northern CI (Sarnia),17,Ursuline College (The Pines) (Chatham),10,0,ON,ON
6,Bayside (Belleville),26,Trenton (Trenton),8,0,ON,ON
6,l'Essor (Tecumseh),57,Vincent Massey (Windsor),0,0,ON,ON
6,Tecumseh Vista Academy (Tecumseh),16,F. J. Brennan Catholic (Windsor),7,0,ON,ON
6,St Ignatius (Thunder Bay),41,Hammarskjold (Thunder Bay),7,0,ON,ON
6,St Patrick (Thunder Bay),3,Westgate (Thunder Bay),28,0,ON,ON
6,Waterloo-Oxford District SS (Baden),9,Jacob Hespeler SS (Cambridge),31,0,ON,ON
6,Owen Sound District (Owen Sound),17,Saugeen (Port Elgin),6,0,ON,ON
6,Simcoe CS (Simcoe),18,Waterford (Waterford),12,0,ON,ON
6,Delhi (Delhi),35,McKinnon Park (Caledonia),21,0,ON,ON
6,Ernestown (Odessa),0,Bayridge (Kingston),19,0,ON,ON
6,Kingston (Kingston),0,Sydenham (Sydenham),29,0,ON,ON
6,Welland Centennial (Welland),0,Sir Winston Churchill (St Catharines),49,0,ON,ON
6,Eden (St Catharines),14,Thorold (Thorold),33,0,ON,ON
6,Timber Creek (Orlando),3,Boone (Orlando),49,0,FL,FL
6,Tiyan (Barrigada),0,George Washington (Mangilao),62,0,GU,GU
6,Brebeuf College (North York),7,Northern SS (Toronto),28,0,ON,ON
6,Adena (Frankfort),0,Paint Valley (Bainbridge),37,0,,
6,Amanda-Clearcreek (Amanda),24,Hamilton Township (Columbus),25,0,,
6,Anderson (Cincinnati),57,Milford (Milford),6,0,,
6,Anna (Anna),34,St John's (Delphos),0,0,,
6,Arcanum (Arcanum),14,National Trail (New Paris),13,0,,
6,Archbishop Alter (Kettering),43,Archbishop Carroll (Dayton),6,0,,
6,Beechcroft (Columbus),12,Linden McKinley (Columbus),20,0,,
6,Bethel-Tate (Bethel),42,East Clinton (Sabina),12,0,,
6,Blanchester (Blanchester),12,Clermont Northeastern (Batavia),7,0,,
6,Brush (Lyndhurst),36,Cleveland Central Catholic (Cleveland),6,0,,
6,Cardinal Mooney (Youngstown),6,Boardman (Youngstown),14,0,,
6,Cedarville (Cedarville),14,Madison-Plains (London),28,0,,
6,Toledo Christian (Toledo),67,Stryker (Stryker),8,0,,
6,Crestline (Crestline),14,Manchester (Manchester),6,0,,
6,East (Akron),42,Ellet (Akron),0,0,,
6,Youngstown East (Youngstown),30,Dohn Community (Cincinnati),0,0,,
6,Sciotoville Community (Portsmouth),0,Eastern (Beaver),41,0,,
6,Eaton (Eaton),34,Madison (Middletown),3,0,,
6,Gallia Academy (Gallipolis),8,Dawson-Bryant (Coal Grove),46,0,,
6,Greeneview (Jamestown),27,Greenon (Enon),0,0,,
6,Harrison (Harrison),49,Campbell County (Alexandria),14,0,,KY
6,Hillsboro (Hillsboro),27,Miami Trace (Washington Court House),44,0,,
6,Huntington (Chillicothe),6,Zane Trace (Chillicothe),42,0,,
6,Indian Creek (Wintersville),40,Bellaire (Bellaire),26,0,,
6,Jackson (Jackson),55,McClain (Greenfield),0,0,,
6,Liberty Union (Baltimore),21,Logan Elm (Circleville),41,0,,
6,Loveland (Loveland),34,Walnut Hills (Cincinnati),6,0,,
6,Lucas (Lucas),0,Calvert (Tiffin),35,0,,
6,Madeira (Cincinnati),14,Indian Hill (Cincinnati),41,0,,
6,Monroe (Monroe),0,Franklin (Franklin),34,0,,
6,North (Akron),22,Garfield (Akron),35,0,,
6,Northland (Columbus),0,East (Columbus),8,0,,
6,Oak Hill (Oak Hill),0,Waverly (Waverly),41,0,,
6,Portsmouth (Portsmouth),45,Chesapeake (Chesapeake),8,0,,
6,Portsmouth West (West Portsmouth),24,Minford (Minford),0,0,,
6,Richmond Heights (Richmond Heights),34,Foxfire (Zanesville),0,0,,
6,Shroder (Cincinnati),0,Talawanda (Oxford),42,0,,
6,Southeastern (Chillicothe),8,Westfall (Williamsport),11,0,,
6,Symmes Valley (Willow Wood),42,Green (Franklin Furnace),12,0,,
6,Triad (North Lewisburg),13,Fairbanks (Milford Center),61,0,,
6,Tri-Village (New Madison),37,Tri-County North (Lewisburg),7,0,,
6,Trotwood-Madison (Trotwood),50,Belmont (Dayton),0,0,,
6,Unioto (Chillicothe),21,Piketon (Piketon),12,0,,
6,Valley View (Germantown),20,Oakwood (Dayton),6,0,,
6,Warren (Vincent),14,Athens (The Plains),27,0,,
6,Washington (Washington Court House),28,Chillicothe (Chillicothe),26,0,,
6,Wellston (Wellston),49,River Valley (Bidwell),14,0,,
6,Wickliffe (Wickliffe),0,Trinity (Garfield Heights),16,0,,
6,Withrow (Cincinnati),19,Taft (Cincinnati),14,0,,
6,Woodward (Cincinnati),6,Aiken (Cincinnati),32,0,,
6,Berkeley Springs,27,Oak Glen (New Cumberland),12,0,WV,WV
6,Madonna (Weirton),0,Catholic Central (Steubenville),48,0,WV,
6,Anderson County,13,South Oldham (Crestwood),53,0,KY,KY
6,Bath County,42,Lewis County (Vanceburg),12,0,KY,KY
6,Bracken County,53,Walton-Verona (Walton),8,0,KY,KY
6,Dixie Heights (Edgewood),44,Boone County,12,0,KY,KY
6,East Carter,20,West Carter,0,0,KY,KY
6,Elizabethtown,49,Shelby Valley (Pikeville),44,0,KY,KY
6,Fleming County,0,Russell (Russell),36,0,KY,KY
6,Gallatin County,0,Beechwood (Fort Mitchell),61,0,KY,KY
6,Johnson Central,42,Boyd County (Ashland),14,0,KY,KY
6,Leslie County,26,Paintsville (Paintsville),20,0,KY,KY
6,Magoffin County,0,Belfry (Belfry),41,0,KY,KY
6,Marion County,42,Dayton (Dayton),0,0,KY,KY
6,Pikeville (Pikeville),28,George Rogers Clark,7,0,KY,KY
6,Scott (Covington),0,Conner (Hebron),56,0,KY,KY
6,Trinity (Louisville),10,St Xavier (Louisville),16,0,KY,KY
6,Cooper (Union),24,Highlands (Fort Thomas),21,0,KY,KY
6,River Rouge (River Rouge),21,Mentor (Mentor),47,0,MI,
6,Cathedral Prep (Erie),21,St Francis (Hamburg),35,0,PA,NY
6,Sharon (Sharon),41,Meadville,21,0,PA,PA
6,Iroquois,50,Kennedy Catholic (Hermitage),0,0,PA,PA
6,Carmel (Carmel),48,North Central (Indianapolis),14,0,IN,IN
6,Lawrence Central,18,Center Grove (Greenwood),27,0,IN,IN
6,Lawrence North (Indianapolis),58,Ben Davis,28,0,IN,IN
6,Linton-Stockton (Linton),46,Greencastle,14,0,IN,IN
6,Owen Valley,0,Sullivan,56,0,IN,IN
6,Terre Haute South Vigo,28,Northview,31,0,IN,IN
6,Guerin Catholic,13,Bishop Chatard (Indianapolis),48,0,IN,IN
6,Noblesville Lions (club) (Noblesville),14,Columbus Crusaders (club) (Columbus),38,0,IN,
6,Innovation Academy (Springfield),8,South Pittsburg,63,0,TN,TN
6,Canisius (Buffalo),24,St Joseph's Collegiate (Buffalo),17,0,NY,NY
6,Holy Trinity - Long Island (Hicksville),0,Chaminade (Mineola),45,0,NY,NY
6,St John the Baptist (West Islip),7,Iona Prep (New Rochelle),37,0,NY,NY
6,Christ the King Regional (Middle Village),0,Mt St Michael Academy (Bronx),35,0,NY,NY
6,John F Kennedy Catholic (Somers),6,St Dominic (Oyster Bay),19,0,NY,NY
6,St Peter's (Staten Island),7,Kellenberg Memorial (Uniondale),14,0,NY,NY
6,Xaverian (Brooklyn),34,Cardinal Spellman (Bronx),6,0,NY,NY
6,Springfield Gardens Educational Campus (Springfield Gardens),0,Long Island Lutheran (Brookville),40,0,NY,NY
6,Penfield (Penfield),17,Aquinas Institute (Rochester),28,0,NY,NY
6,Moore Catholic (Staten Island),28,St Francis Prep (Fresh Meadows),8,0,NY,NY
6,The Hun School,51,Mt Zion Prep (Lanham),6,0,NJ,MD
6,Don Bosco Prep (Ramsey),20,Bergen Catholic (Oradell),24,0,NJ,NJ
6,Trinity College (Port Hope),0,St Andrew's College (Aurora),39,0,ON,ON
6,Brantford Collegiate Institute (Brantford),19,Paris District (Paris),14,0,ON,ON
6,Western Tech (Toronto),24,St Michael's College (Toronto),17,0,ON,ON
6,Monroe Catholic (Fairbanks),12,Seward (Seward),48,0,AK,AK
6,Nikiski (Nikiski),54,Valdez (Valdez),14,0,AK,AK
6,Kodiak (Kodiak),0,Kenai-Central (Kenai),63,0,AK,AK
6,Hopewell (Huntersville),0,Mallard Creek (Charlotte),50,0,NC,NC
6,Simon Sanchez (Yigo),0,Okkodo (Dededo),7,0,GU,GU
6,Southern (Santa Rita),26,John F. Kennedy (Tamuning),0,0,GU,GU
6,New Miami (Hamilton),6,Clark Montessori (Cincinnati),44,0,,
6,Butler (Louisville),14,Southern (Louisville),7,1,KY,KY
6,Male (Louisville),42,Pleasure Ridge Park (Louisville),21,0,KY,KY
6,Oldham County,26,Atherton,19,1,KY,KY
6,North Oldham,10,Henry County,0,0,KY,KY
6,Warren De La Salle (Warren),14,Novi Detroit Catholic Central (Novi),31,0,MI,MI
6,Bellevue (Bellevue),46,Gamble Montessori (Cincinnati),0,0,KY,
6,Ludlow (Ludlow),58,Pendleton County (Falmouth),12,0,KY,KY
6,Powell County,59,Fairview (Ashland),18,0,KY,KY
6,Trimble County,12,Iroquois,18,0,KY,KY
6,Purdue Poly - Englewood (Indianapolis),18,Tindley (Indianapolis),24,0,IN,IN
6,Phalen Academy,12,Crispus Attucks (Indianapolis),48,1,IN,IN
7,Leaside (East York),26,Lawrence Park CI (Toronto),17,0,ON,ON
7,Patrick Fogarty (Orillia),6,St Theresa's (Midland),23,0,ON,ON
7,Huron Heights (Kitchener),0,Cameron Heights CI (Kitchener),28,0,ON,ON
7,Kitchener-Waterloo CI/VS (Kitchener),13,Glenview Park (Cambridge),12,0,ON,ON
7,St Mary's (Owen Sound),24,Owen Sound District (Owen Sound),3,0,ON,ON
7,Central Tech (Toronto),0,Newtonbrook (North York),46,0,ON,ON
7,Malvern CI (Toronto),13,Birchmount Park CI (Scarborough),34,0,ON,ON
7,Kingston (Kingston),3,Frontenac (Kingston),39,0,ON,ON
7,Regiopolis-Notre Dame (Kingston),6,Sydenham (Sydenham),20,0,ON,ON
7,Clarkson (Mississauga),28,Humberview (Caledon),17,0,ON,ON
7,Philip Pocock (Mississauga),14,Fletcher's Meadow (Brampton),7,0,ON,ON
7,Montcalm (London),7,Strathroy District (Strathroy),27,0,ON,ON
7,Grand River CI (Kitchener),20,Waterloo-Oxford District SS (Baden),7,0,ON,ON
7,Jacob Hespeler SS (Cambridge),28,Laurel Heights (Waterloo),19,0,ON,ON
7,Aldershot (Burlington),9,M. M. Robinson (Burlington),27,0,ON,ON
7,Abbey Park (Oakville),0,T.A. Blakelock (Oakville),51,0,ON,ON
7,Etobicoke CI (Etobicoke),2,Northern SS (Toronto),15,0,ON,ON
7,Western Tech (Toronto),24,Richview CI (Etobicoke),14,0,ON,ON
7,Lambton Central (Petrolia),28,Wallaceburg District (Wallaceburg),39,0,ON,ON
7,Crestwood (Cavan Monaghan),0,Thomas A. Stewart (Peterborough),13,0,ON,ON
7,Adam Scott (Peterborough),8,Holy Cross (Peterborough),14,0,ON,ON
7,Cardinal Ambrozic (Brampton),0,Brampton Centennial (Brampton),28,0,ON,ON
7,College Avenue (Woodstock),24,Clarke Road (London),7,0,ON,ON
7,Galt CI (Cambridge),0,Preston (Cambridge),35,0,ON,ON
7,Bluevale CI (Waterloo),0,Elmira District SS (Elmira),23,0,ON,ON
7,York Memorial CI (York),1,Lakeshore CI (Toronto),0,0,ON,ON
7,Ernestown (Odessa),0,La Salle (Kingston),41,0,ON,ON
7,Holy Cross (Kingston),42,Bayridge (Kingston),0,0,ON,ON
7,Africentric Early College (Columbus),50,Marion-Franklin (Columbus),10,0,,
7,Bethel-Tate (Bethel),14,Clermont Northeastern (Batavia),0,0,,
7,Briggs (Columbus),32,Independence (Columbus),38,0,,
7,Chaney (Youngstown),0,Cardinal Mooney (Youngstown),27,0,,
7,Meadowdale (Dayton),44,Dunbar (Dayton),14,0,,
7,Northland (Columbus),3,Centennial (Columbus),0,0,,
7,Notre Dame-Cathedral Latin (Chardon),45,Holy Name (Parma Heights),27,0,,
7,South (Columbus),0,Eastmoor Academy (Columbus),43,0,,
7,Tri-County North (Lewisburg),8,Preble Shawnee (Camden),55,0,,
7,Walnut Ridge (Columbus),32,West (Columbus),0,0,,
7,Woodward (Toledo),12,Scott (Toledo),36,0,,
7,Union City,0,Mercyhurst Prep (Erie),47,0,PA,PA
7,Saegertown,23,Maplewood (Guys Mills),0,0,PA,PA
7,Colonel By (Gloucester),9,Holy Trinity (Kanata),22,0,ON,ON
7,Lorne Park (Mississauga),21,David Suzuki (Brampton),28,0,ON,ON
7,Holy Names (Windsor),24,St Thomas of Villanova (LaSalle),13,0,ON,ON
7,Sir Wilfrid Laurier (London),7,Medway (Arva),10,0,ON,ON
7,Assumption College (Brantford),38,North Park (Brantford),7,0,ON,ON
7,London South (London),21,Sir Frederick Banting (London),35,0,ON,ON
7,St Michael's College (Toronto),15,Brebeuf College (North York),16,0,ON,ON
7,Saunders (London),7,A. B. Lucas (London),28,0,ON,ON
7,Holy Trinity Catholic (Oakville),19,Assumption Catholic (Burlington),27,0,ON,ON
7,Chaminade College School (North York),25,Michael Power - St Joseph (Etobicoke),6,0,ON,ON
7,Denis Morris (St Catharines),0,Notre Dame College (Welland),38,0,ON,ON
7,O'Neill CVI (Oshawa),2,Paul Dwyer (Oshawa),21,1,ON,ON
7,Ingersoll (Ingersoll),19,East Elgin (Aylmer),32,0,ON,ON
7,Milton District (Milton),14,Iroquois Ridge (Oakville),20,0,ON,ON
7,St Joseph's (St Thomas),43,Tillsonburg Glendale (Tillsonburg),7,0,ON,ON
7,Craig Kielburger (Milton),35,Burlington Central (Burlington),0,0,ON,ON
7,St Francis Xavier (Milton),6,Corpus Christi (Burlington),30,0,ON,ON
7,Sir Winston Churchill (St Catharines),25,West Niagara (Lincoln),17,0,ON,ON
7,A.N. Myer (Niagara Falls),33,Greater Fort Erie (Fort Erie),10,0,ON,ON
7,Superior Heights (Sault Ste. Marie),8,St Mary's College (Sault Ste. Marie),40,0,ON,ON
7,Collingwood (Collingwood),14,Eastview (Barrie),21,0,ON,ON
7,Innisdale (Barrie),0,Nantyr Shores (Innisfil),26,0,ON,ON
7,St Francis Xavier (Gloucester),35,St Patrick's (Ottawa),13,0,ON,ON
7,Brooklin (Brooklin),27,Holy Trinity Catholic SS (Courtice),19,0,ON,ON
7,Sir Wilfrid Laurier (Orléans),20,Sacred Heart (Stittsville),7,0,ON,ON
7,Fenelon Falls (Fenelon Falls),28,St Peter (Peterborough),3,0,ON,ON
7,Trenton (Trenton),6,Centennial (Belleville),54,0,ON,ON
7,l'Essor (Tecumseh),31,Cardinal Carter Catholic (Leamington),9,0,ON,ON
7,Tecumseh Vista Academy (Tecumseh),7,North Star (Amherstburg),30,0,ON,ON
7,Resurrection (Kitchener),45,St David (Waterloo),0,0,ON,ON
7,St Mary's (Kitchener),0,St Benedict (Cambridge),14,0,ON,ON
7,Ada (Ada),35,Riverdale (Mt Blanchard),7,0,,
7,Adena (Frankfort),0,Unioto (Chillicothe),35,0,,
7,Allen East (Harrod),20,Spencerville (Spencerville),23,0,,
7,Alliance (Alliance),21,Carrollton (Carrollton),31,0,,
7,Amanda-Clearcreek (Amanda),24,Lucas (Lucas),6,0,,
7,Anna (Anna),13,Versailles (Versailles),7,0,,
7,Ansonia (Ansonia),44,National Trail (New Paris),14,0,,
7,Archbishop Alter (Kettering),3,Archbishop McNicholas (Cincinnati),7,0,,
7,Archbold (Archbold),45,Swanton (Swanton),0,0,,
7,Arlington (Arlington),63,Elmwood (Bloomdale),26,0,,
7,Lakeside (Ashtabula),21,Jefferson Area (Jefferson),20,0,,
7,Athens (The Plains),35,Meigs (Pomeroy),0,0,,
7,Avon Lake (Avon Lake),28,Elyria (Elyria),0,0,,
7,Barberton (Barberton),21,Revere (Richfield),26,0,,
7,Batavia (Batavia),28,Wilmington (Wilmington),21,0,,
7,Bath (Lima),35,Celina (Celina),36,0,,
7,Bay (Bay Village),12,Valley Forge (Parma Heights),6,0,,
7,Beavercreek (Beavercreek),0,Springboro (Springboro),38,0,,
7,Bellaire (Bellaire),8,St Clairsville (St Clairsville),49,0,,
7,Bellevue (Bellevue),7,Huron (Huron),19,0,,
7,Belpre (Belpre),6,Trimble (Glouster),52,0,,
7,Benedictine (Cleveland),42,Elyria Catholic (Elyria),9,0,,
7,Benjamin Logan (Bellefontaine),0,Indian Lake (Lewistown),47,0,,
7,Berea-Midpark (Berea),7,Avon (Avon),49,0,,
7,Berne Union (Sugar Grove),7,Martins Ferry (Martins Ferry),50,0,,
7,Bexley (Columbus),0,Columbus Academy (Gahanna),42,0,,
7,Bishop Hartley (Columbus),6,St Francis DeSales (Columbus),14,0,,
7,Bishop Rosecrans (Zanesville),17,Fairfield Christian Academy (Lancaster),7,0,,
7,Bishop Watterson (Columbus),45,KIPP Columbus (Columbus),6,0,,
7,Bridgeport (Bridgeport),49,Beallsville (Beallsville),6,0,,
7,Brooklyn (Brooklyn),6,Independence (Independence),41,0,,
7,Brookside (Sheffield),14,Keystone (La Grange),43,0,,
7,Bryan (Bryan),7,Evergreen (Metamora),22,0,,
7,Buckeye (Medina),49,Westlake (Westlake),7,0,,
7,Buckeye Central (New Washington),7,Carey (Carey),56,0,,
7,Buckeye Local (Rayland),3,Toronto (Toronto),42,0,,
7,Bucyrus (Bucyrus),12,Upper Sandusky (Upper Sandusky),56,0,,
7,Butler (Vandalia),14,Fairborn (Fairborn),7,0,,
7,Harrison Central (Cadiz),14,Indian Creek (Wintersville),46,0,,
7,Caldwell (Caldwell),0,Barnesville (Barnesville),44,0,,
7,Calvert (Tiffin),0,Margaretta (Castalia),10,0,,
7,Cambridge (Cambridge),6,Union Local (Belmont),48,0,,
7,Canal Winchester (Canal Winchester),30,Teays Valley (Ashville),10,0,,
7,Cardinal (Middlefield),26,Crestwood (Mantua),58,0,,
7,Archbishop Carroll (Dayton),7,Badin (Hamilton),56,0,,
7,Catholic Central (Springfield),22,Cedarville (Cedarville),44,0,,
7,Centerburg (Centerburg),46,Mount Gilead (Mount Gilead),14,0,,
7,Centerville (Centerville),33,Miamisburg (Miamisburg),13,0,,
7,Canton Central Catholic (Canton),23,Mogadore (Mogadore),14,0,,
7,Central Crossing (Grove City),0,Pickerington North (Pickerington),42,0,,
7,Chagrin Falls (Chagrin Falls),39,Fairview (Fairview Park),22,0,,
7,Chaminade Julienne (Dayton),48,Bishop Fenwick (Franklin),14,0,,
7,Chesapeake (Chesapeake),41,South Point (South Point),26,0,,
7,Chillicothe (Chillicothe),14,Hillsboro (Hillsboro),21,0,,
7,Clay (Oregon),42,Fremont Ross (Fremont),35,0,,
7,Claymont (Uhrichsville),30,Tuscarawas Valley (Zoarville),26,0,,
7,Clear Fork (Bellville),14,Marion Harding (Marion),13,0,,
7,Cleveland Heights (Cleveland Heights),14,River Rouge (River Rouge),7,0,,MI
7,Cloverleaf (Seville),6,Norton (Norton),54,0,,
7,Coldwater (Coldwater),52,St John's (Delphos),7,0,,
7,Colonel Crawford (North Robinson),21,Seneca East (Attica),20,0,,
7,Tiffin Columbian (Tiffin),14,Clyde (Clyde),33,0,,
7,Columbiana (Columbiana),21,Southern (Salineville),25,0,,
7,Conneaut (Conneaut),6,Geneva (Geneva),75,0,,
7,Conotton Valley (Bowerston),46,Frontier (New Matamoras),20,0,,
7,Coshocton (Coshocton),27,Meadowbrook (Byesville),36,0,,
7,Crestline (Crestline),14,St Thomas Aquinas (Louisville),28,0,,
7,Crestview (Ashland),34,Plymouth (Plymouth),0,0,,
7,Crestview (Columbiana),60,Newton Falls (Newton Falls),0,0,,
7,Cuyahoga Falls (Cuyahoga Falls),7,Copley (Copley),62,0,,
7,Cuyahoga Heights (Cuyahoga Heights),18,Wickliffe (Wickliffe),37,0,,
7,Dalton (Dalton),54,Rittman (Rittman),14,0,,
7,Danbury (Lakeside),8,Toledo Christian (Toledo),50,0,,
7,Danville (Danville),34,Cardington-Lincoln (Cardington),8,0,,
7,Delta (Delta),21,Wauseon (Wauseon),14,0,,
7,East (Akron),45,North (Akron),6,0,,
7,East Canton (East Canton),26,Strasburg-Franklin (Strasburg),20,0,,
7,East Clinton (Sabina),38,Fayetteville (Fayetteville),6,0,,
7,Eastern (Beaver),53,Symmes Valley (Willow Wood),29,0,,
7,Eastern (Reedsville),31,Wahama (Mason),55,0,,WV
7,East Liverpool (East Liverpool),21,Edison (Richmond),20,0,,
7,East Palestine (East Palestine),28,Wellsville (Wellsville),27,0,,
7,Edgerton (Edgerton),38,Paulding (Paulding),26,0,,
7,Edgewood (Ashtabula),7,Madison (Madison),42,0,,
7,Edgewood (Trenton),14,Ross (Hamilton),17,0,,
7,Edon (Edon),37,Northwood (Northwood),6,0,,
7,Elder (Cincinnati),14,Archbishop Moeller (Cincinnati),42,0,,
7,Elida (Elida),0,Defiance (Defiance),35,0,,
7,Euclid (Euclid),0,Brunswick (Brunswick),37,0,,
7,Fairfield Union (Lancaster),49,Liberty Union (Baltimore),21,0,,
7,Fairland (Proctorville),22,Portsmouth (Portsmouth),21,0,,
7,Fairless (Brewster),7,Cuyahoga Valley Christian Academy (Cuyahoga Falls),38,0,,
7,Fairport Harding (Fairport Harbor),0,Pymatuning Valley (Andover),38,0,,
7,Fairview (Sherwood),42,Antwerp (Antwerp),14,0,,
7,Field (Mogadore),42,Coventry (Akron),6,0,,
7,Findlay (Findlay),25,Anthony Wayne (Whitehouse),34,0,,
7,Finneytown (Cincinnati),14,Taylor (Cleves),40,0,,
7,Firelands (Oberlin),6,Clearview (Lorain),28,0,,
7,Fort Frye (Beverly),27,Greenbrier West (Charmco),0,0,,WV
7,Fort Loramie (Fort Loramie),20,Columbus Grove (Columbus Grove),50,0,,
7,Fort Recovery (Fort Recovery),0,Marion Local (Maria Stein),62,0,,
7,Fostoria (Fostoria),0,Eastwood (Pemberville),51,0,,
7,Franklin (Franklin),0,Bellbrook (Bellbrook),31,0,,
7,Franklin Heights (Columbus),34,Dublin Scioto (Dublin),14,0,,
7,Fredericktown (Fredericktown),39,Loudonville (Loudonville),14,0,,
7,Galion (Galion),21,Highland (Marengo),24,0,,
7,Garfield Heights (Garfield Heights),0,Bedford (Bedford),35,0,,
7,Genoa Area (Genoa),13,Maumee (Maumee),33,0,,
7,Glenville (Cleveland),35,Rhodes (Cleveland),14,0,,
7,Goshen (Goshen),0,Clinton-Massie (Clarksville),55,0,,
7,Grand Valley (Orwell),44,Mathews (Vienna),8,0,,
7,Grandview Heights (Columbus),49,Worthington Christian (Worthington),21,0,,
7,Green (Uniontown),35,GlenOak (Canton),0,0,,
7,Grove City Christian (Grove City),48,Millersport (Millersport),0,0,,
7,Hamilton (Hamilton),42,Fairfield (Fairfield),21,0,,
7,Hamilton Township (Columbus),53,Circleville (Circleville),28,0,,
7,Warren G Harding (Warren),19,Boardman (Youngstown),14,0,,
7,Hicksville (Hicksville),20,Ayersville (Defiance),21,0,,
7,Hilliard Bradley (Hilliard),13,Hilliard Davidson (Hilliard),45,0,,
7,Hilliard Darby (Hilliard),14,Dublin Jerome (Dublin),35,0,,
7,Hilltop (West Unity),6,Ottawa Hills (Toledo),76,0,,
7,Archbishop Hoban (Akron),14,Walsh Jesuit (Cuyahoga Falls),19,0,,
7,Hoover (North Canton),21,Canton McKinley (Canton),28,0,,
7,Howland (Warren),6,Youngstown East (Youngstown),20,0,,
7,Hubbard (Hubbard),31,Beaver Local (East Liverpool),39,0,,
7,Hudson (Hudson),35,Brecksville-Broadview Heights (Broadview Heights),0,0,,
7,Indian Hill (Cincinnati),35,Reading (Reading),7,0,,
7,Indian Valley (Gnadenhutten),40,Garaway (Sugarcreek),35,0,,
7,Ironton (Ironton),48,Pikeville (Pikeville),33,0,,KY
7,Jackson-Milton (North Jackson),28,Waterloo (Atwater),30,0,,
7,John F Kennedy (Cleveland),18,Collinwood (Cleveland),14,0,,
7,John Hay (Cleveland),0,Brush (Lyndhurst),42,0,,
7,John Marshall (Cleveland),16,John Adams (Cleveland),20,0,,
7,Johnstown (Johnstown),28,Northridge (Johnstown),0,0,,
7,Kettering Fairmont (Kettering),42,Northmont (Clayton),13,0,,
7,Kirtland (Kirtland),46,Berkshire (Burton),11,0,,
7,River Valley (Bidwell),0,Alexander (Albany),40,0,,
7,LaBrae (Leavittsburg),25,Brookfield (Brookfield),20,0,,
7,Lake (Millbury),17,Rossford (Rossford),7,0,,
7,Lake (Uniontown),14,Jackson (Massillon),24,0,,
7,Lakeview (Cortland),9,Struthers (Struthers),27,0,,
7,Lakewood (Hebron),13,Heath (Heath),50,0,,
7,Lakota (Kansas),7,Gibsonburg (Gibsonburg),55,0,,
7,Lakota East (Liberty Township),36,Colerain (Cincinnati),31,0,,
7,Lakota West (West Chester),52,Sycamore (Cincinnati),0,0,,
7,Lancaster (Lancaster),20,Logan (Logan),6,0,,
7,La Salle (Cincinnati),28,Roncalli (Indianapolis),17,0,,IN
7,Leetonia (Leetonia),6,United (Hanoverton),49,0,,
7,Lehman Catholic (Sidney),34,Riverside (De Graff),18,0,,
7,Liberty (Youngstown),13,Garfield (Garrettsville),20,0,,
7,Liberty Center (Liberty Center),21,Patrick Henry (Hamler),15,0,,
7,Licking Heights (Pataskala),0,Granville (Granville),21,0,,
7,Licking Valley (Newark),35,Zanesville (Zanesville),0,0,,
7,Lincoln West (Cleveland),0,East Technical (Cleveland),40,0,,
7,Little Miami (Morrow),0,Kings (Kings Mills),38,0,,
7,Logan Elm (Circleville),14,Bloom-Carroll (Carroll),41,0,,
7,London (London),49,Jonathan Alder (Plain City),0,0,,
7,Louisville (Louisville),16,Canfield (Canfield),23,0,,
7,Lowellville (Lowellville),14,McDonald (McDonald),42,0,,
7,Lutheran East (Cleveland Heights),14,University School (Hunting Valley),31,0,,
7,Lutheran West (Rocky River),21,Hawken (Gates Mills),27,0,,
7,Madeira (Cincinnati),35,Mariemont (Cincinnati),9,0,,
7,Madison Comprehensive (Mansfield),21,New Philadelphia (New Philadelphia),35,0,,
7,Madison-Plains (London),21,Greenon (Enon),0,0,,
7,Malvern (Malvern),32,Buckeye Trail (Lore City),14,0,,
7,Manchester (New Franklin),46,Tuslaw (Massillon),14,0,,
7,Mansfield Senior (Mansfield),3,Ashland (Ashland),35,0,,
7,Mapleton (Ashland),29,South Central (Greenwich),27,0,,
7,Marysville (Marysville),15,Olentangy (Lewis Center),31,0,,
7,Mason (Mason),17,Middletown (Middletown),14,0,,
7,Mayfield (Mayfield),3,Kenston (Chagrin Falls),21,0,,
7,McClain (Greenfield),10,Miami Trace (Washington Court House),44,0,,
7,McComb (McComb),27,Leipsic (Leipsic),30,0,,
7,Niles McKinley (Niles),0,Poland Seminary (Poland),42,0,,
7,Sebring McKinley (Sebring),0,Holgate (Holgate),54,0,,
7,Mechanicsburg (Mechanicsburg),36,Fairbanks (Milford Center),48,0,,
7,St Marys Memorial (St Marys),42,Shawnee (Lima),0,0,,
7,Mentor (Mentor),45,Shaker Heights (Shaker Heights),6,0,,
7,Miami East (Casstown),51,Troy Christian (Troy),0,0,,
7,Miami Valley Christian Academy (Cincinnati),9,St Bernard-Elmwood Place (St Bernard),42,0,,
7,Midview (Grafton),20,North Ridgeville (North Ridgeville),38,0,,
7,Mifflin (Columbus),14,Beechcroft (Columbus),40,0,,
7,Milford (Milford),16,Lebanon (Lebanon),22,0,,
7,Miller (Corning),44,Fisher Catholic (Lancaster),18,0,,
7,Milton-Union (West Milton),29,Covington (Covington),7,0,,
7,Mineral Ridge (Mineral Ridge),40,Campbell Memorial (Campbell),8,0,,
7,Minerva (Minerva),0,Salem (Salem),55,0,,
7,Minster (Minster),48,New Bremen (New Bremen),14,0,,
7,Mississinawa Valley (Union City),36,Bradford (Bradford),6,0,,
7,Mohawk (Sycamore),31,Wynford (Bucyrus),13,0,,
7,Monroe (Monroe),21,Eaton (Eaton),31,0,,
7,Monroe Central (Woodsfield),34,Shenandoah (Sarahsville),0,0,,
7,Morgan (McConnelsville),16,John Glenn (New Concord),28,0,,
7,Mount Healthy (Cincinnati),26,Harrison (Harrison),49,0,,
7,Napoleon (Napoleon),49,Bowsher (Toledo),6,0,,
7,Nelsonville-York (Nelsonville),39,Wellston (Wellston),14,0,,
7,New Albany (New Albany),6,Gahanna Lincoln (Gahanna),41,0,,
7,Newark (Newark),7,Pickerington Central (Pickerington),44,0,,
7,New Lexington (New Lexington),49,Maysville (Zanesville),24,0,,
7,New London (New London),0,St Paul (Norwalk),55,0,,
7,New Miami (Hamilton),0,Lockland (Lockland),10,0,,
7,New Richmond (New Richmond),38,Western Brown (Mount Orab),16,0,,
7,Nordonia (Macedonia),36,Wadsworth (Wadsworth),37,0,,
7,Normandy (Parma),24,Lakewood (Lakewood),32,0,,
7,North (Eastlake),0,Riverside (Painesville),34,0,,
7,North College Hill (Cincinnati),40,Norwood (Norwood),14,0,,
7,Northeastern (South Vienna),47,Triad (North Lewisburg),18,0,,
7,Northmor (Galion),42,East Knox (Howard),0,0,,
7,North Olmsted (North Olmsted),16,Rocky River (Rocky River),17,0,,
7,Northridge (Dayton),48,Bethel (Tipp City),7,0,,
7,Norwalk (Norwalk),0,Sandusky (Sandusky),42,0,,
7,Northwest (Canal Fulton),46,Orrville (Orrville),45,0,,
7,Northwestern (Springfield),9,North Union (Richwood),7,0,,
7,Oak Harbor (Oak Harbor),31,Otsego (Tontogany),0,0,,
7,Oak Hill (Oak Hill),14,Wheelersburg (Wheelersburg),45,0,,
7,Oak Hills (Cincinnati),10,Princeton (Cincinnati),23,0,,
7,Oakwood (Dayton),14,Brookville (Brookville),28,0,,
7,Oberlin (Oberlin),7,Black River (Sullivan),42,0,,
7,Olentangy Liberty (Powell),28,Upper Arlington (Upper Arlington),31,0,,
7,Ontario (Ontario),35,Pleasant (Marion),14,0,,
7,Orange (Pepper Pike),0,Perry (Perry),62,0,,
7,Olentangy Orange (Lewis Center),27,Dublin Coffman (Dublin),20,0,,
7,Padua Franciscan (Parma),17,Lake Catholic (Mentor),46,0,,
7,Pandora-Gilboa (Pandora),21,Liberty-Benton (Findlay),38,0,,
7,Perkins (Sandusky),14,Edison (Milan),15,0,,
7,Perry (Lima),28,Cory-Rawson (Rawson),3,0,,
7,Perry (Massillon),15,Austintown-Fitch (Austintown),20,0,,
7,Philo (Duncan Falls),6,Sheridan (Thornville),21,0,,
7,Piketon (Piketon),13,Paint Valley (Bainbridge),12,0,,
7,Purcell Marian (Cincinnati),22,Cincinnati Hills Christian Academy (Cincinnati),52,0,,
7,Reynoldsburg (Reynoldsburg),22,Groveport Madison (Groveport),21,0,,
7,Richmond Heights (Richmond Heights),6,Montpelier (Montpelier),41,0,,
7,Ridgedale (Morral),13,North Baltimore (North Baltimore),32,0,,
7,Ridgemont (Mt Victory),14,Hardin Northern (Dola),7,0,,
7,Ridgewood (West Lafayette),35,Sandy Valley (Magnolia),9,0,,
7,River Valley (Caledonia),21,Shelby (Shelby),55,0,,
7,River View (Warsaw),0,Tri-Valley (Dresden),65,0,,
7,Rock Hill (Ironton),37,Gallia Academy (Gallipolis),12,0,,
7,Roger Bacon (St Bernard),42,Summit Country Day (Cincinnati),2,0,,
7,Rogers (Toledo),6,Lima Senior (Lima),37,0,,
7,Kent Roosevelt (Kent),7,Highland (Medina),56,0,,
7,Rootstown (Rootstown),14,John F Kennedy (Warren),20,0,,
7,St Charles (Columbus),13,Buckeye Valley (Delaware),31,0,,
7,St Edward (Lakewood),28,St Ignatius (Cleveland),6,0,,
7,St Francis de Sales (Toledo),35,Lumen Christi (Jackson),63,0,,MI
7,St Henry (St Henry),48,Parkway (Rockford),13,0,,
7,St John's Jesuit (Toledo),21,Central Catholic (Toledo),56,0,,
7,St Vincent-St Mary (Akron),7,Ursuline (Youngstown),37,0,,
7,St Xavier (Cincinnati),3,Trinity (Louisville),7,0,,KY
7,Shadyside (Shadyside),20,River (Hannibal),0,0,,
7,Shaw (East Cleveland),6,Maple Heights (Maple Heights),60,0,,
7,Shawnee (Springfield),7,Graham Local (St Paris),27,0,,
7,Smithville (Smithville),44,Northwestern (West Salem),20,0,,
7,Solon (Solon),21,Twinsburg (Twinsburg),27,0,,
7,South (Willoughby),0,Chardon (Chardon),52,0,,
7,Southeast (Ravenna),22,Champion (Warren),16,0,,
7,Southeastern (Chillicothe),12,Huntington (Chillicothe),28,0,,
7,Southeastern Local (South Charleston),0,Greeneview (Jamestown),33,0,,
7,South Gallia (Crown City),46,Sciotoville Community (Portsmouth),8,0,,
7,Southern (Racine),14,Waterford (Waterford),42,0,,
7,South Range (Canfield),55,Girard (Girard),27,0,,
7,Springfield (Akron),0,Ravenna (Ravenna),24,0,,
7,Springfield (New Middletown),12,Western Reserve (Berlin Center),0,0,,
7,Start (Toledo),52,Waite (Toledo),6,0,,
7,Stebbins (Riverside),47,Greenville (Greenville),28,0,,
7,Amherst Steele (Amherst),13,Olmsted Falls (Olmsted Falls),44,0,,
7,Stow-Munroe Falls (Stow),0,North Royalton (North Royalton),35,0,,
7,Strongsville (Strongsville),49,Medina (Medina),14,0,,
7,Sylvania Northview (Sylvania),0,Springfield (Holland),21,0,,
7,Sylvania Southview (Sylvania),14,Bowling Green (Bowling Green),21,0,,
7,Talawanda (Oxford),34,Northwest (Cincinnati),24,0,,
7,Tallmadge (Tallmadge),14,Aurora (Aurora),45,0,,
7,Tecumseh (New Carlisle),8,Bellefontaine (Bellefontaine),56,0,,
7,Tinora (Defiance),3,Wayne Trace (Haviland),0,0,,
7,Tippecanoe (Tipp City),42,Sidney (Sidney),6,0,,
7,Trinity (Garfield Heights),1,Beachwood (Beachwood),0,0,,
7,Tri-Village (New Madison),28,Arcanum (Arcanum),20,0,,
7,Triway (Wooster),28,Canton South (Canton),12,0,,
7,Trotwood-Madison (Trotwood),44,Ponitz Tech (Dayton),0,0,,
7,Turpin (Cincinnati),13,Anderson (Cincinnati),56,0,,
7,Tuscarawas Central Catholic (New Philadelphia),0,Newcomerstown (Newcomerstown),52,0,,
7,Twin Valley South (West Alexandria),35,Dixie (New Lebanon),0,0,,
7,Upper Scioto Valley (McGuffey),30,Dayton Christian (Miamisburg),0,0,,
7,Urbana (Urbana),27,Kenton Ridge (Springfield),0,0,,
7,Utica (Utica),33,Newark Catholic (Newark),7,0,,
7,Valley (Lucasville),21,Portsmouth West (West Portsmouth),22,0,,
7,Valley View (Germantown),35,Madison (Middletown),0,0,,
7,Van Buren (Van Buren),29,Arcadia (Arcadia),14,0,,
7,Van Wert (Van Wert),35,Ottawa-Glandorf (Ottawa),34,0,,
7,Vermilion (Vermilion),36,Port Clinton (Port Clinton),27,0,,
7,Vinton County (McArthur),11,Northwest (McDermott),19,0,,
7,Walnut Hills (Cincinnati),0,West Clermont (Cincinnati),30,0,,
7,Wapakoneta (Wapakoneta),42,Kenton (Kenton),21,0,,
7,Warren (Vincent),24,John Marshall (Glen Dale),12,0,,WV
7,Warrensville Heights (Warrensville Heights),20,Lorain (Lorain),57,0,,
7,Washington (Washington Court House),0,Jackson (Jackson),42,0,,
7,Watkins Memorial (Pataskala),27,Mount Vernon (Mount Vernon),21,0,,
7,Waverly (Waverly),36,Minford (Minford),0,0,,
7,Wayne (Huber Heights),36,Springfield (Springfield),6,0,,
7,Waynedale (Apple Creek),14,Hillsdale (Jeromesville),34,0,,
7,Waynesfield-Goshen (Waynesfield),21,Elgin (Marion),14,0,,
7,Waynesville (Waynesville),42,Carlisle (Carlisle),14,0,,
7,Wellington (Wellington),7,Columbia (Columbia Station),33,0,,
7,West Branch (Beloit),64,Marlington (Alliance),14,0,,
7,West Carrollton (West Carrollton),0,Piqua (Piqua),44,0,,
7,Western Hills (Cincinnati),6,Aiken (Cincinnati),32,0,,
7,Western Reserve (Collins),0,Monroeville (Monroeville),48,0,,
7,Westerville Central (Westerville),0,Grove City (Grove City),35,0,,
7,Westerville North (Westerville),21,Westland (Galloway),34,0,,
7,Westerville South (Westerville),21,Delaware Hayes (Delaware),24,0,,
7,West Geauga (Chesterland),34,Harvey (Painesville),41,0,,
7,West Holmes (Millersburg),13,Lexington (Lexington),19,0,,
7,West Jefferson (West Jefferson),6,West Liberty-Salem (West Liberty),43,0,,
7,West Muskingum (Zanesville),41,Crooksville (Crooksville),0,0,,
7,Whetstone (Columbus),14,East (Columbus),43,0,,
7,Whitehall-Yearling (Whitehall),6,Bishop Ready (Columbus),42,0,,
7,Whitmer (Toledo),27,Perrysburg (Perrysburg),13,0,,
7,Willard (Willard),0,Hopewell-Loudon (Bascom),56,0,,
7,Williamsburg (Williamsburg),22,Blanchester (Blanchester),18,0,,
7,Winton Woods (Cincinnati),49,Loveland (Loveland),0,0,,
7,Woodridge (Peninsula),0,Streetsboro (Streetsboro),42,0,,
7,Wooster (Wooster),28,Dover (Dover),48,0,,
7,Thomas Worthington (Worthington),14,Olentangy Berlin (Delaware),43,0,,
7,Worthington Kilbourne (Columbus),0,Big Walnut (Sunbury),31,0,,
7,Wyoming (Cincinnati),56,Deer Park (Cincinnati),20,0,,
7,Xenia (Xenia),21,Troy (Troy),18,0,,
7,Zane Trace (Chillicothe),35,Westfall (Williamsport),0,0,,
7,Clark Montessori (Cincinnati),14,Cincinnati Country Day (Cincinnati),44,0,,
7,West Union (club) (West Union),0,Peebles (club) (Peebles),42,0,,
7,Brooke (Wellsburg),0,Bridgeport (Bridgeport),54,0,WV,WV
7,Cameron (Cameron),66,Madonna (Weirton),16,0,WV,WV
7,Frankfort (Ridgeley),49,Mountain Ridge (Frostburg),12,0,WV,MD
7,Herbert Hoover (Elkview),41,Chapmanville,7,0,WV,WV
7,Hundred (Hundred),13,Southern Garrett (Oakland),40,0,WV,MD
7,Huntington (Huntington),52,Cabell Midland (Ona),7,0,WV,WV
7,Magnolia (New Martinsville),0,Tyler Consolidated,42,0,WV,WV
7,Morgantown (Morgantown),7,Wheeling Park (Wheeling),14,0,WV,WV
7,Musselman,1,Martinsburg (Martinsburg),0,0,WV,WV
7,Paden City (Paden City),0,Van (Van),14,0,WV,WV
7,Point Pleasant (Point Pleasant),48,Robert C Byrd,35,0,WV,WV
7,Roane County (Spencer),45,Poca,19,0,WV,WV
7,Webster County,7,Wirt County (Elizabeth),43,0,WV,WV
7,Weir (Weirton),12,Keyser (Keyser),55,0,WV,WV
7,Williamstown (Williamstown),30,Marietta (Marietta),22,0,WV,
7,Spring Mills (Martinsburg),43,Washington,0,0,WV,WV
7,Linsly (Wheeling),14,Steubenville (Steubenville),48,0,WV,
7,Ashland Blazer (Ashland),55,Rowan County,7,0,KY,KY
7,Bellevue (Bellevue),0,Ludlow (Ludlow),43,0,KY,KY
7,Boyd County (Ashland),37,Greenup County (Greenup),42,0,KY,KY
7,Dixie Heights (Edgewood),0,Highlands (Fort Thomas),49,0,KY,KY
7,Elizabethtown,3,Central (Louisville),61,0,KY,KY
7,Fairview (Ashland),30,Nicholas County,58,0,KY,KY
7,Holy Cross (Covington),38,Morgan County (West Liberty),8,0,KY,KY
7,Paris,14,Bishop Brossart (Alexandria),21,0,KY,KY
7,Ryle (Union),24,St Xavier (Louisville),31,0,KY,KY
7,West Carter,3,Russell (Russell),31,0,KY,KY
7,Woodford County,27,South Oldham (Crestwood),32,0,KY,KY
7,East Ridge,26,Paintsville (Paintsville),34,0,KY,KY
7,Bangor,8,NorthPointe Christian (Grand Rapids),39,0,MI,MI
7,Bellevue,42,Mendon,66,0,MI,MI
7,Detroit Country Day,0,Orchard Lake St Mary (Orchard Lake),48,0,MI,MI
7,Burr Oak,36,Camden-Frontier,32,0,MI,MI
7,Dearborn Divine Child (Dearborn),33,U of D Jesuit (Detroit),17,0,MI,MI
7,Detroit Cass Tech (Detroit),56,Detroit Renaissance,0,0,MI,MI
7,Detroit Southeastern,0,Detroit King (Detroit),63,0,MI,MI
7,Erie Mason (Erie),8,Ottawa Lake Whiteford (Ottawa Lake),65,0,MI,MI
7,Grand Haven,14,Hudsonville,59,0,MI,MI
7,Grand Rapids Forest Hills Northern,7,Muskegon Mona Shores (Muskegon),33,0,MI,MI
7,Grandville (Grandville),33,East Kentwood,25,0,MI,MI
7,Hartland,30,Howell,44,0,MI,MI
7,Morenci,30,Adrian Lenawee Christian,46,0,MI,MI
7,Muskegon (Muskegon),62,Grand Rapids Union,0,0,MI,MI
7,New Lothrop,41,LakeVille Memorial (Otisville),7,0,MI,MI
7,North Adams-Jerome,22,Litchfield,26,0,MI,MI
7,Petersburg Summerfield (Petersburg),48,North Central (Pioneer),7,0,MI,
7,Pittsford,50,Concord,12,0,MI,MI
7,Novi Detroit Catholic Central (Novi),37,Brother Rice (Bloomfield Hills),14,0,MI,MI
7,Riverview Gabriel Richard (Riverview),48,Grosse Pointe Woods University Liggett,28,0,MI,MI
7,Springport,28,Reading (Reading),24,0,MI,MI
7,Tekonsha,0,Waldron,1,0,MI,MI
7,Bedford (Temperance),3,Saline,48,0,MI,MI
7,Wayland Union,0,Grand Rapids West Catholic (Grand Rapids),38,0,MI,MI
7,Cedar Cliff,0,State College,38,0,PA,PA
7,Central York (York),62,Northeastern,13,0,PA,PA
7,Penn Hills,21,Pine-Richland (Gibsonia),31,0,PA,PA
7,West Mifflin,20,McKeesport (McKeesport),40,0,PA,PA
7,Carrick (Pittsburgh),44,Brownsville (Brownsville),0,0,PA,PA
7,Perry Traditional Academy (Pittsburgh),28,Brashear (Pittsburgh),6,0,PA,PA
7,Bradford,27,Smethport (Smethport),12,0,PA,PA
7,McDowell (Erie),44,Cathedral Prep (Erie),21,0,PA,PA
7,Warren,6,General McLane (Edinboro),48,0,PA,PA
7,Franklin,6,Meadville,62,0,PA,PA
7,Corry (Corry),48,North East (North East),0,0,PA,PA
7,Hickory (Hermitage),56,Titusville (Titusville),21,0,PA,PA
7,Sharon (Sharon),35,Grove City,0,0,PA,PA
7,Girard (Girard),12,Harbor Creek (Harborcreek),31,0,PA,PA
7,Fairview (Fairview),10,Fort LeBoeuf,0,0,PA,PA
7,Eisenhower,14,Seneca,27,0,PA,PA
7,Mercer,6,Sharpsville,35,0,PA,PA
7,Cambridge Springs,54,Cochranton,0,0,PA,PA
7,Lakeview,0,Greenville,36,0,PA,PA
7,Iroquois,20,Northwestern (Albion),12,0,PA,PA
7,Conneaut Area (Linesville),13,Slippery Rock,16,0,PA,PA
7,Ben Davis,58,Carmel (Carmel),30,0,IN,IN
7,Center Grove (Greenwood),45,Cathedral (Indianapolis),49,0,IN,IN
7,Columbia City,14,East Noble,35,0,IN,IN
7,East Central (St Leon),62,Connersville,6,0,IN,IN
7,Edgewood,0,Sullivan,54,0,IN,IN
7,Bishop Luers (Fort Wayne),0,Bishop Dwenger (Fort Wayne),8,0,IN,IN
7,Bishop Chatard (Indianapolis),39,Andrean,14,0,IN,IN
7,Kokomo,57,Richmond (Richmond),29,0,IN,IN
7,Lawrence North (Indianapolis),33,Warren Central (Indianapolis),7,0,IN,IN
7,North Knox,0,Linton-Stockton (Linton),48,0,IN,IN
7,Northview,14,Cascade,41,0,IN,IN
7,Rushville Consolidated,6,Lawrenceburg (Lawrenceburg),38,0,IN,IN
7,Yorktown,21,Greenfield-Central,7,0,IN,IN
7,Indianapolis Washington (Indianapolis),8,Purdue Poly - Englewood (Indianapolis),14,0,IN,IN
7,Indianapolis Shortridge (Indianapolis),0,Crispus Attucks (Indianapolis),50,0,IN,IN
7,Innovation Academy (Springfield),0,Brentwood Academy (Brentwood),52,0,TN,TN
7,Life Christian Academy (Chester),0,DeMatha Catholic (Hyattsville),35,0,VA,MD
7,Hancock (Hancock),13,Clay-Battelle (Blacksville),41,0,MD,WV
7,Archbishop Spalding (Severn),54,St Mary's (Annapolis),0,0,MD,MD
7,Mt Zion Prep (Lanham),14,St Frances Academy (Regional),44,0,MD,MD
7,Gonzaga (Washington),23,Benedictine Prep (Richmond),16,0,DC,VA
7,Ron Brown (Washington),20,Wheeling Central Catholic (Wheeling),55,0,DC,WV
7,McQuaid Jesuit (Rochester),23,Aquinas Institute (Rochester),9,0,NY,NY
7,Long Island St Anthony's (South Huntington),40,Iona Prep (New Rochelle),48,0,NY,NY
7,St John the Baptist (West Islip),33,Fordham Prep (Bronx),39,0,NY,NY
7,Christ the King Regional (Middle Village),6,Xaverian (Brooklyn),42,0,NY,NY
7,Mt St Michael Academy (Bronx),42,John F Kennedy Catholic (Somers),13,0,NY,NY
7,St Dominic (Oyster Bay),14,Hackley School (Tarrytown),34,0,NY,NY
7,Moore Catholic (Staten Island),6,St Joseph by-the-Sea (Staten Island),14,0,NY,NY
7,DePaul Catholic (Wayne),21,Don Bosco Prep (Ramsey),20,0,NJ,NJ
7,Mt Carmel (Chicago),13,Brother Rice (Chicago),16,0,IL,IL
7,Mt Vernon (Mt Vernon),0,Cahokia (Cahokia),28,0,IL,IL
7,St Peter (Orléans),37,St Mother Teresa (Nepean),0,0,ON,ON
7,Ursuline College (The Pines) (Chatham),17,St Patrick's (Sarnia),17,0,ON,ON
7,Nelson (Burlington),44,Dr Frank J Hayden (Burlington),0,0,ON,ON
7,Notre Dame (Burlington),34,St Ignatius of Loyola (Oakville),7,0,ON,ON
7,Pauline Johnson (Brantford),28,McKinnon Park (Caledonia),31,0,ON,ON
7,John F. Ross CVI (Guelph),31,Our Lady of Lourdes (Guelph),6,0,ON,ON
7,Guelph CVI (Guelph),6,Bishop Macdonell (Guelph),39,0,ON,ON
7,Centennial CVI (Guelph),43,St James (Guelph),7,0,ON,ON
7,St Mary (Hamilton),7,St John Henry Newman (Stoney Creek),42,0,ON,ON
7,W.F. Herman (Windsor),41,Essex (Essex),20,0,ON,ON
7,Bishop Tonnos (Ancaster),12,Bishop Ryan (Hamilton),7,0,ON,ON
7,Oakridge (London),7,Parkside (St Thomas),16,0,ON,ON
7,St Thomas Aquinas (London),7,London Catholic Central (London),38,0,ON,ON
7,Sandwich (Windsor),25,Belle River (Belle River),10,0,ON,ON
7,Christ the King (Georgetown),15,St Thomas Aquinas (Oakville),28,0,ON,ON
7,Paris District (Paris),0,St John's College (Brantford),39,0,ON,ON
7,Garth Webb (Oakville),0,Georgetown (Georgetown),32,0,ON,ON
7,Holy Trinity (Simcoe),6,Simcoe CS (Simcoe),18,0,ON,ON
7,St Roch Catholic SS (Brampton),48,St Marcellinus (Mississauga),0,0,ON,ON
7,St Paul (Niagara Falls),21,Blessed Trinity (Grimsby),22,0,ON,ON
7,Football North (via Clarkson SS) (Mississauga),6,Massillon Washington (Massillon),45,0,ON,
7,St Joseph's Catholic (Windsor),48,Vincent Massey (Windsor),0,0,ON,ON
7,St Peter's (Barrie),14,St Theresa's (Midland),32,0,ON,ON
7,Korah (Sault Ste. Marie),51,White Pines (Sault Ste. Marie),0,0,ON,ON
7,Banting Memorial (Alliston),0,Barrie North (Barrie),48,0,ON,ON
7,Bear Creek (Barrie),9,Maple Ridge (Barrie),6,0,ON,ON
7,Westgate (Thunder Bay),24,St Ignatius (Thunder Bay),17,0,ON,ON
7,Northern CI (Sarnia),44,Chatham-Kent,3,0,ON,ON
7,Bayside (Belleville),28,Eastside (Belleville),14,0,ON,ON
7,Riverside (Windsor),55,F. J. Brennan Catholic (Windsor),0,0,ON,ON
7,Hammarskjold (Thunder Bay),14,St Patrick (Thunder Bay),17,0,ON,ON
7,Saugeen (Port Elgin),23,St Mary's (Owen Sound),37,0,ON,ON
7,Mississauga Huskies u18 (club) (Mississauga),18,Trinity College (Port Hope),20,0,ON,ON
7,Bishop Allen (Etobicoke),22,Senator O'Connor (Toronto),6,0,ON,ON
7,Woodbridge College (Woodbridge),0,Villanova College (King City),19,0,ON,ON
7,Waterford (Waterford),15,Delhi (Delhi),33,0,ON,ON
7,Westlane (Niagara Falls),44,Stamford Collegiate (Niagara Falls),0,0,ON,ON
7,St Catharines Collegiate (St Catharines),0,Thorold (Thorold),54,0,ON,ON
7,Eden (St Catharines),6,Governor Simcoe (St Catharines),44,0,ON,ON
7,Venice (Venice),16,IMG Academy (Bradenton),21,0,FL,FL
7,Benedictine Military School (Savannah),35,Warner Robins (Warner Robins),21,0,GA,GA
7,Mallard Creek (Charlotte),49,North Mecklenberg (Huntersville),7,0,NC,NC
7,Okkodo (Dededo),0,John F. Kennedy (Tamuning),29,0,GU,GU
7,"Charlotte Amalie (Charlotte Amalie, St Thomas)",0,"Ivanna Eudora Kean (Red Hook, St Thomas)",22,0,VI,VI
7,Bluffton (Bluffton),42,Crestview (Convoy),0,0,,
7,Chalker (Southington),64,Stryker (Stryker),26,0,,
7,Chippewa (Doylestown),7,Norwayne (Creston),49,0,,
7,Thurgood Marshall (Dayton),26,Belmont (Dayton),32,0,,
7,Lisbon David Anderson (Lisbon),20,Valley Christian School (Youngstown),34,0,,
7,Ellet (Akron),12,Buchtel (Akron),35,0,,
7,Federal Hocking (Stewart),0,Linden McKinley (Columbus),65,0,,
7,Firestone (Akron),0,Garfield (Akron),12,0,,
7,Gilmour Academy (Gates Mills),44,Cleveland Central Catholic (Cleveland),0,0,,
7,Green (Franklin Furnace),0,Notre Dame (Portsmouth),30,0,,
7,Jefferson (Delphos),0,Lima Central Catholic (Lima),56,0,,
7,St Mary Central Catholic (Sandusky),31,St Joseph Central Catholic (Fremont),13,0,,
7,Shroder (Cincinnati),60,Gamble Montessori (Cincinnati),0,0,,
7,Taft (Cincinnati),48,Hughes (Cincinnati),20,0,,
7,Windham (Windham),32,St John School (Ashtabula),26,0,,
7,Withrow (Cincinnati),39,Woodward (Cincinnati),0,0,,
7,Cincinnati College Prep (Cincinnati),20,Woodmore (Elmore),24,0,,
7,Columbus Crusaders (club) (Columbus),18,Landmark Eagles (club) (Cincinnati),19,0,,
7,C4 Lions (club) (Trenton),6,Noblesville Lions (club) (Noblesville),7,0,,IN
7,Oak Glen (New Cumberland),7,Catholic Central (Steubenville),35,0,WV,
7,Delaware Valley,40,Long Island Lutheran (Brookville),32,0,PA,NY
7,Taylor Allderdice (Pittsburgh),0,University Prep (USO co-op) (Pittsburgh),14,0,PA,PA
7,Wilmington (New Wilmington),56,Reynolds (Greenville),9,0,PA,PA
7,Erie (Erie),14,Oil City (Oil City),7,0,PA,PA
7,Saint Joseph's Prep (Philadelphia),34,La Salle College (Wyndmoor),35,0,PA,PA
7,Blackhawk Christian (Fort Wayne),62,Vanlue (Vanlue),20,1,IN,
7,Bishop McNamara (Forestville),18,Archbishop Carroll (Washington),16,0,MD,DC
7,St John's College (Washington),17,Cornerstone Christian (San Antonio),9,0,DC,TX
7,St Francis (Hamburg),34,Canisius (Buffalo),55,0,NY,NY
7,Holy Trinity - Long Island (Hicksville),7,Xavier (New York),42,0,NY,NY
7,Monsignor Farrell (Staten Island),14,St Peter's (Staten Island),3,0,NY,NY
7,Archbishop Stepinac (White Plains),22,Chaminade (Mineola),30,0,NY,NY
7,Cardinal Hayes (Bronx),27,Kellenberg Memorial (Uniondale),7,0,NY,NY
7,Wayne Valley (Wayne),7,Wayne Hills (Wayne),17,0,NJ,NJ
7,St Andrew's College (Aurora),30,Upper Canada College (Toronto),0,0,ON,ON
7,Huron Heights (Newmarket),27,Bishop Timon - St Jude (Buffalo),7,0,ON,NY
7,Bill Crothers SS (Unionville),7,St Joseph's Collegiate (Buffalo),34,0,ON,NY
7,Barrow (Barrow),28,Kodiak (Kodiak),16,0,AK,AK
7,Monroe Catholic (Fairbanks),14,Nikiski (Nikiski),54,0,AK,AK
7,Simon Sanchez (Yigo),0,George Washington (Mangilao),35,0,GU,GU
7,Southern (Santa Rita),35,Guam High (Agana Heights),6,0,GU,GU
7,"St Croix Central (Kingshill, St Croix)",8,"St Croix Educational Complex (Kingshill, St Croix)",6,0,VI,VI
7,St Francis Prep (Fresh Meadows),34,Holy Cross (Flushing),7,0,NY,NY
7,Ancaster (Ancaster),7,Westdale (Hamilton),21,0,ON,ON
7,MacNab (Hamilton),0,Waterdown (Waterdown),21,0,ON,ON
7,Westmount (Hamilton),14,Saltfleet (Stoney Creek),6,0,ON,ON
7,Orchard Park (Stoney Creek),7,Churchill (Hamilton),34,0,ON,ON
7,Dundas Valley (Dundas),15,Glendale (Hamilton),8,0,ON,ON
7,Nora Frances Henderson (Hamilton),10,Sherwood (Hamilton),29,0,ON,ON
8,Clarkson (Mississauga),36,Brampton Centennial (Brampton),8,0,ON,ON
8,Clarke Road (London),35,Montcalm (London),0,0,ON,ON
8,Preston (Cambridge),7,Cameron Heights CI (Kitchener),24,0,ON,ON
8,Aldershot (Burlington),23,T.A. Blakelock (Oakville),14,0,ON,ON
8,Milton District (Milton),30,M. M. Robinson (Burlington),0,0,ON,ON
8,Patrick Fogarty (Orillia),14,St Joseph's (Barrie),24,0,ON,ON
8,Fletcher's Meadow (Brampton),10,Cardinal Ambrozic (Brampton),26,0,ON,ON
8,Huron Heights (Kitchener),38,Galt CI (Cambridge),0,0,ON,ON
8,De La Salle (Concord),31,NFL Academy London (London),9,0,CA,UK
8,Ashbury College (Ottawa),35,Sir Wilfrid Laurier (Orléans),7,0,ON,ON
8,Sacred Heart (Stittsville),7,St Patrick's (Ottawa),13,0,ON,ON
8,Lorne Park (Mississauga),21,Robert F. Hall (Caledon East),25,0,ON,ON
8,Mother Teresa (London),7,Sir Wilfrid Laurier (London),20,0,ON,ON
8,Oakridge (London),14,London South (London),48,0,ON,ON
8,A. B. Lucas (London),22,Medway (Arva),18,0,ON,ON
8,Bishop Reding (Milton),0,Notre Dame (Burlington),28,0,ON,ON
8,Birchmount Park CI (Scarborough),31,Newtonbrook (North York),12,0,ON,ON
8,Leaside (East York),35,Lakeshore CI (Toronto),0,0,ON,ON
8,St Paul (Niagara Falls),7,St Francis (St Catharines),29,0,ON,ON
8,St David (Waterloo),6,St Benedict (Cambridge),35,0,ON,ON
8,Dr Frank J Hayden (Burlington),24,Iroquois Ridge (Oakville),35,0,ON,ON
8,Abbey Park (Oakville),8,Georgetown (Georgetown),30,0,ON,ON
8,St Francis Xavier (Milton),21,St Ignatius of Loyola (Oakville),15,0,ON,ON
8,Nantyr Shores (Innisfil),0,Collingwood (Collingwood),14,0,ON,ON
8,Great Lakes (Sarnia),26,Wallaceburg District (Wallaceburg),22,0,ON,ON
8,Trenton (Trenton),0,Bayside (Belleville),49,0,ON,ON
8,St Mary's (Kitchener),9,Resurrection (Kitchener),27,0,ON,ON
8,Laurel Heights (Waterloo),27,Grand River CI (Kitchener),7,0,ON,ON
8,Saugeen (Port Elgin),30,Owen Sound District (Owen Sound),14,0,ON,ON
8,Mississauga Huskies u18 (club) (Mississauga),7,St Andrew's College (Aurora),30,0,ON,ON
8,Central Tech (Toronto),13,York Memorial CI (York),24,0,ON,ON
8,Ernestown (Odessa),0,Frontenac (Kingston),35,0,ON,ON
8,Kingston (Kingston),13,Bayridge (Kingston),9,0,ON,ON
8,West Niagara (Lincoln),19,Welland Centennial (Welland),14,0,ON,ON
8,Eden (St Catharines),0,Westlane (Niagara Falls),30,0,ON,ON
8,Arcadia (Arcadia),13,Pandora-Gilboa (Pandora),55,0,,
8,Bay (Bay Village),10,North Olmsted (North Olmsted),14,0,,
8,Beachwood (Beachwood),6,Cuyahoga Heights (Cuyahoga Heights),39,0,,
8,Boardman (Youngstown),35,Howland (Warren),7,0,,
8,Brecksville-Broadview Heights (Broadview Heights),28,Solon (Solon),19,0,,
8,Buckeye (Medina),59,Normandy (Parma),13,0,,
8,Carlisle (Carlisle),21,Oakwood (Dayton),13,0,,
8,Chagrin Falls (Chagrin Falls),0,Kirtland (Kirtland),49,0,,
8,Twinsburg (Twinsburg),14,North Royalton (North Royalton),21,0,,
8,Cincinnati Country Day (Cincinnati),41,New Miami (Hamilton),8,0,,
8,Columbus Academy (Gahanna),52,Worthington Christian (Worthington),7,0,,
8,Copley (Copley),48,Barberton (Barberton),27,0,,
8,East Technical (Cleveland),32,John F Kennedy (Cleveland),8,0,,
8,Hawken (Gates Mills),50,Orange (Pepper Pike),13,0,,
8,Independence (Columbus),0,Africentric Early College (Columbus),28,0,,
8,Jefferson Area (Jefferson),6,Madison (Madison),44,0,,
8,John Hay (Cleveland),43,John Marshall (Cleveland),18,0,,
8,Kenston (Chagrin Falls),31,Riverside (Painesville),14,0,,
8,Lutheran West (Rocky River),23,West Geauga (Chesterland),20,0,,
8,Maple Heights (Maple Heights),40,Bedford (Bedford),6,0,,
8,Mariemont (Cincinnati),6,Wyoming (Cincinnati),41,0,,
8,Mayfield (Mayfield),7,Chardon (Chardon),31,0,,
8,Northwest (Cincinnati),36,Ponitz Tech (Dayton),0,0,,
8,Preble Shawnee (Camden),34,Arcanum (Arcanum),0,0,,
8,Pymatuning Valley (Andover),50,Mathews (Vienna),0,0,,
8,Revere (Richfield),0,Highland (Medina),41,0,,
8,Shaker Heights (Shaker Heights),0,Strongsville (Strongsville),50,0,,
8,Start (Toledo),42,Bowsher (Toledo),14,0,,
8,Westlake (Westlake),19,Rocky River (Rocky River),28,0,,
8,Whitehall-Yearling (Whitehall),40,Bexley (Columbus),21,0,,
8,Wayne,0,Herbert Hoover (Elkview),49,0,WV,WV
8,Pendleton County (Falmouth),20,Lloyd Memorial (Erlanger),50,0,KY,KY
8,Trimble County,0,Ludlow (Ludlow),54,0,KY,KY
8,U of D Jesuit (Detroit),9,Detroit Country Day,16,0,MI,MI
8,Detroit Western,0,Detroit Cass Tech (Detroit),40,0,MI,MI
8,Bedford (Temperance),31,Ann Arbor Huron,20,0,MI,MI
8,Taylor Allderdice (Pittsburgh),0,Butler,7,0,PA,PA
8,Perry Traditional Academy (Pittsburgh),12,Carrick (Pittsburgh),16,0,PA,PA
8,Meadville,27,General McLane (Edinboro),35,0,PA,PA
8,Lakeview,55,Cochranton,14,0,PA,PA
8,Aquinas Institute (Rochester),35,Pittsford Mendon/Sutherland (Pittsford),7,0,NY,NY
8,Ramapo,45,Wayne Valley (Wayne),29,0,NJ,NJ
8,Washington School for the Deaf,19,McKenzie (Finn Rock),51,0,WA,OR
8,St Matthew (Orléans),19,St Peter (Orléans),20,0,ON,ON
8,St Mark (Manotick),24,Holy Trinity (Kanata),6,0,ON,ON
8,Westdale (Hamilton),42,Waterdown (Waterdown),28,0,ON,ON
8,Mayfield (Brampton),7,Philip Pocock (Mississauga),6,0,ON,ON
8,Holy Names (Windsor),14,W.F. Herman (Windsor),0,0,ON,ON
8,Chatham-Kent,0,Ursuline College (The Pines) (Chatham),7,0,ON,ON
8,Nelson (Burlington),42,Craig Kielburger (Milton),3,0,ON,ON
8,Churchill (Hamilton),0,Ancaster (Ancaster),71,0,ON,ON
8,Glendale (Hamilton),7,Saltfleet (Stoney Creek),21,0,ON,ON
8,St John's College (Brantford),29,Brantford Collegiate Institute (Brantford),22,0,ON,ON
8,Our Lady of Lourdes (Guelph),6,Guelph CVI (Guelph),0,0,ON,ON
8,Centennial CVI (Guelph),35,John F. Ross CVI (Guelph),7,0,ON,ON
8,St James (Guelph),31,Bishop Macdonell (Guelph),20,0,ON,ON
8,St Thomas of Villanova (LaSalle),10,Essex (Essex),26,0,ON,ON
8,East Elgin (Aylmer),7,College Avenue (Woodstock),17,0,ON,ON
8,Parkside (St Thomas),1,St Thomas Aquinas (London),36,0,ON,ON
8,Tillsonburg Glendale (Tillsonburg),17,Ingersoll (Ingersoll),27,0,ON,ON
8,London Catholic Central (London),10,Sir Frederick Banting (London),16,0,ON,ON
8,MacNab (Hamilton),22,Nora Frances Henderson (Hamilton),15,0,ON,ON
8,St Michael's College (Toronto),2,Chaminade College School (North York),7,0,ON,ON
8,Holy Trinity Catholic SS (Courtice),0,Bill Crothers SS (Unionville),35,0,ON,ON
8,Corpus Christi (Burlington),44,Christ the King (Georgetown),0,0,ON,ON
8,Garth Webb (Oakville),39,Burlington Central (Burlington),0,0,ON,ON
8,Notre Dame College (Welland),52,Blessed Trinity (Grimsby),0,0,ON,ON
8,Jacob Hespeler SS (Cambridge),39,Bluevale CI (Waterloo),0,0,ON,ON
8,St Thomas Aquinas (Oakville),8,Holy Trinity Catholic (Oakville),32,0,ON,ON
8,David Suzuki (Brampton),6,St Roch Catholic SS (Brampton),18,0,ON,ON
8,St Joseph's (St Thomas),35,Strathroy District (Strathroy),15,0,ON,ON
8,St Peter (Peterborough),7,Holy Cross (Peterborough),27,0,ON,ON
8,Bernie Custis (Hamilton),0,Sherwood (Hamilton),19,0,ON,ON
8,Dundas Valley (Dundas),0,Westmount (Hamilton),35,0,ON,ON
8,A.N. Myer (Niagara Falls),42,Sir Winston Churchill (St Catharines),7,0,ON,ON
8,Korah (Sault Ste. Marie),58,Superior Heights (Sault Ste. Marie),7,0,ON,ON
8,Barrie North (Barrie),22,Bear Creek (Barrie),7,0,ON,ON
8,Innisdale (Barrie),12,Eastview (Barrie),11,0,ON,ON
8,Western Tech (Toronto),27,Northern SS (Toronto),13,0,ON,ON
8,St Mother Teresa (Nepean),14,St Joseph (Nepean),52,0,ON,ON
8,Northern CI (Sarnia),16,St Patrick's (Sarnia),31,0,ON,ON
8,Adam Scott (Peterborough),33,Thomas A. Stewart (Peterborough),7,0,ON,ON
8,Centennial (Belleville),36,Eastside (Belleville),0,0,ON,ON
8,Belle River (Belle River),21,St Anne Catholic (Belle River),14,0,ON,ON
8,Kitchener-Waterloo CI/VS (Kitchener),6,Waterloo Collegiate Institute (Waterloo),35,0,ON,ON
8,Elmira District SS (Elmira),28,Waterloo-Oxford District SS (Baden),7,0,ON,ON
8,St Oscar Romero (Toronto),1,Bishop Allen (Etobicoke),31,0,ON,ON
8,Lawrence Park CI (Toronto),19,Malvern CI (Toronto),28,0,ON,ON
8,Sydenham (Sydenham),0,La Salle (Kingston),13,0,ON,ON
8,Holy Cross (Kingston),17,Regiopolis-Notre Dame (Kingston),7,0,ON,ON
8,Thorold (Thorold),11,Governor Simcoe (St Catharines),17,0,ON,ON
8,St Catharines Collegiate (St Catharines),0,Stamford Collegiate (Niagara Falls),38,0,ON,ON
8,Harding University High (Charlotte),0,Mallard Creek (Charlotte),53,0,NC,NC
8,Alexander (Albany),0,Nelsonville-York (Nelsonville),47,0,,
8,Anderson (Cincinnati),46,Walnut Hills (Cincinnati),7,0,,
8,Anthony Wayne (Whitehouse),43,Springfield (Holland),13,0,,
8,Antwerp (Antwerp),0,Wayne Trace (Haviland),34,0,,
8,Ashland (Ashland),56,West Holmes (Millersburg),28,0,,
8,Aurora (Aurora),49,Kent Roosevelt (Kent),14,0,,
8,Austintown-Fitch (Austintown),35,McDowell (Erie),38,0,,PA
8,Avon (Avon),49,Midview (Grafton),10,0,,
8,Ayersville (Defiance),0,Tinora (Defiance),21,0,,
8,Badin (Hamilton),13,Archbishop Alter (Kettering),10,0,,
8,Barnesville (Barnesville),44,Monroe Central (Woodsfield),14,0,,
8,Batavia (Batavia),38,New Richmond (New Richmond),0,0,,
8,Bellaire (Bellaire),8,East Liverpool (East Liverpool),42,0,,
8,Bellbrook (Bellbrook),38,Monroe (Monroe),10,0,,
8,Bellefontaine (Bellefontaine),50,Urbana (Urbana),19,0,,
8,Belmont (Dayton),0,Mount Healthy (Cincinnati),42,0,,
8,Benedictine (Cleveland),42,Cathedral Prep (Erie),14,0,,PA
8,Benjamin Logan (Bellefontaine),30,North Union (Richwood),26,0,,
8,Berne Union (Sugar Grove),7,Grove City Christian (Grove City),41,0,,
8,Bethel (Tipp City),0,Milton-Union (West Milton),49,0,,
8,Big Walnut (Sunbury),32,Westerville North (Westerville),31,0,,
8,Bishop Rosecrans (Zanesville),49,Bridgeport (Bridgeport),14,0,,
8,Blanchester (Blanchester),14,Bethel-Tate (Bethel),35,0,,
8,Bloom-Carroll (Carroll),38,Bishop Hartley (Columbus),44,0,,
8,Bluffton (Bluffton),42,Fort Loramie (Fort Loramie),28,0,,
8,Bowling Green (Bowling Green),35,Woodward (Toledo),8,0,,
8,Bradford (Bradford),6,Twin Valley South (West Alexandria),43,0,,
8,Brookfield (Brookfield),28,Southeast (Ravenna),27,0,,
8,Brookside (Sheffield),14,Black River (Sullivan),47,0,,
8,Brookville (Brookville),24,Eaton (Eaton),45,0,,
8,Bryan (Bryan),35,Swanton (Swanton),13,0,,
8,Buckeye Valley (Delaware),14,Bishop Ready (Columbus),49,0,,
8,Cambridge (Cambridge),0,Martins Ferry (Martins Ferry),41,0,,
8,Canton McKinley (Canton),35,Lake (Uniontown),21,0,,
8,Cardinal Mooney (Youngstown),6,Warren G Harding (Warren),20,0,,
8,Carey (Carey),19,Colonel Crawford (North Robinson),10,0,,
8,Archbishop Carroll (Dayton),0,Chaminade Julienne (Dayton),68,0,,
8,Carrollton (Carrollton),35,Salem (Salem),34,0,,
8,Catholic Central (Steubenville),6,Wheeling Central Catholic (Wheeling),38,0,,WV
8,Cedarville (Cedarville),14,Southeastern Local (South Charleston),31,0,,
8,Celina (Celina),7,Ottawa-Glandorf (Ottawa),21,0,,
8,Centerburg (Centerburg),0,Danville (Danville),12,0,,
8,Central Crossing (Grove City),7,New Albany (New Albany),44,0,,
8,Chaney (Youngstown),28,University School (Hunting Valley),0,0,,
8,Chillicothe (Chillicothe),40,McClain (Greenfield),7,0,,
8,Chippewa (Doylestown),0,Waynedale (Apple Creek),20,0,,
8,Cincinnati Hills Christian Academy (Cincinnati),35,Roger Bacon (St Bernard),14,0,,
8,Clermont Northeastern (Batavia),49,Fayetteville (Fayetteville),13,0,,
8,Cleveland Central Catholic (Cleveland),6,Lutheran East (Cleveland Heights),28,0,,
8,Cleveland Heights (Cleveland Heights),44,Medina (Medina),0,0,,
8,Clinton-Massie (Clarksville),42,Western Brown (Mount Orab),14,0,,
8,Cloverleaf (Seville),10,Field (Mogadore),37,0,,
8,Clyde (Clyde),21,Sandusky (Sandusky),22,0,,
8,Colerain (Cincinnati),0,Mason (Mason),31,0,,
8,Collinwood (Cleveland),14,Mogadore (Mogadore),47,0,,
8,Columbia (Columbia Station),22,Clearview (Lorain),18,0,,
8,Tiffin Columbian (Tiffin),28,Bellevue (Bellevue),14,0,,
8,Columbus Grove (Columbus Grove),49,Crestview (Convoy),7,0,,
8,Conneaut (Conneaut),29,Edgewood (Ashtabula),27,0,,
8,Conotton Valley (Bowerston),27,Toronto (Toronto),68,0,,
8,Cory-Rawson (Rawson),3,Ridgedale (Morral),20,0,,
8,Coventry (Akron),21,Springfield (Akron),13,0,,
8,Covington (Covington),7,Lehman Catholic (Sidney),35,0,,
8,Crestline (Crestline),14,Hardin Northern (Dola),52,0,,
8,Crestview (Columbiana),43,Champion (Warren),7,0,,
8,Crestwood (Mantua),14,Berkshire (Burton),23,0,,
8,Crooksville (Crooksville),29,Coshocton (Coshocton),45,0,,
8,Cuyahoga Falls (Cuyahoga Falls),7,Tallmadge (Tallmadge),48,0,,
8,Cuyahoga Valley Christian Academy (Cuyahoga Falls),55,Northwest (Canal Fulton),21,0,,
8,Dawson-Bryant (Coal Grove),43,South Point (South Point),0,0,,
8,Deer Park (Cincinnati),16,Reading (Reading),21,0,,
8,Defiance (Defiance),0,Bath (Lima),28,0,,
8,Dixie (New Lebanon),17,Tri-Village (New Madison),55,0,,
8,Dover (Dover),35,Madison Comprehensive (Mansfield),3,0,,
8,Dublin Scioto (Dublin),25,Delaware Hayes (Delaware),34,0,,
8,Dunbar (Dayton),0,Trotwood-Madison (Trotwood),67,0,,
8,East (Columbus),50,Beechcroft (Columbus),25,0,,
8,East Canton (East Canton),49,Tuscarawas Central Catholic (New Philadelphia),0,0,,
8,East Clinton (Sabina),0,Williamsburg (Williamsburg),47,0,,
8,East Knox (Howard),0,Fredericktown (Fredericktown),31,0,,
8,Eastmoor Academy (Columbus),21,Walnut Ridge (Columbus),48,0,,
8,East Palestine (East Palestine),34,Columbiana (Columbiana),28,0,,
8,Edgerton (Edgerton),28,Fairview (Sherwood),42,0,,
8,Edgewood (Trenton),20,Valley View (Germantown),24,0,,
8,Edison (Richmond),44,Buckeye Local (Rayland),0,0,,
8,Ellet (Akron),28,North (Akron),0,0,,
8,Elmwood (Bloomdale),18,Riverdale (Mt Blanchard),32,0,,
8,Elyria (Elyria),10,Amherst Steele (Amherst),44,0,,
8,Elyria Catholic (Elyria),6,Lake Catholic (Mentor),49,0,,
8,Euclid (Euclid),0,Erie (Erie),22,0,,PA
8,Evergreen (Metamora),0,Liberty Center (Liberty Center),42,0,,
8,Fairbanks (Milford Center),24,Northeastern (South Vienna),21,0,,
8,Fairfield (Fairfield),30,Princeton (Cincinnati),62,0,,
8,Fairfield Christian Academy (Lancaster),21,Miller (Corning),41,0,,
8,Fairfield Union (Lancaster),50,Circleville (Circleville),22,0,,
8,Fairview (Fairview Park),56,Cardinal (Middlefield),20,0,,
8,Bishop Fenwick (Franklin),7,Archbishop McNicholas (Cincinnati),35,0,,
8,Firelands (Oberlin),18,Keystone (La Grange),33,0,,
8,Fisher Catholic (Lancaster),35,Millersport (Millersport),6,0,,
8,Fostoria (Fostoria),36,Lake (Millbury),32,0,,
8,Franklin Heights (Columbus),0,Worthington Kilbourne (Columbus),34,0,,
8,Fremont Ross (Fremont),26,Sylvania Southview (Sylvania),21,0,,
8,Frontier (New Matamoras),32,Magnolia (New Martinsville),34,0,,WV
8,Gallia Academy (Gallipolis),21,Chesapeake (Chesapeake),57,0,,
8,Garaway (Sugarcreek),49,Tuscarawas Valley (Zoarville),7,0,,
8,Garfield Heights (Garfield Heights),40,Warrensville Heights (Warrensville Heights),6,0,,
8,Geneva (Geneva),43,Lakeside (Ashtabula),0,0,,
8,Genoa Area (Genoa),7,Oak Harbor (Oak Harbor),38,0,,
8,Gibsonburg (Gibsonburg),55,Willard (Willard),14,0,,
8,Gilmour Academy (Gates Mills),35,Brush (Lyndhurst),7,0,,
8,Girard (Girard),6,Poland Seminary (Poland),24,0,,
8,GlenOak (Canton),7,Jackson (Massillon),21,0,,
8,Glenville (Cleveland),0,Archbishop Hoban (Akron),20,0,,
8,Graham Local (St Paris),37,Northwestern (Springfield),21,0,,
8,Grand Valley (Orwell),22,Rootstown (Rootstown),42,0,,
8,Grandview Heights (Columbus),49,Centennial (Columbus),6,0,,
8,Granville (Granville),19,Licking Valley (Newark),22,0,,
8,Green (Uniontown),28,Louisville (Louisville),0,0,,
8,Greeneview (Jamestown),33,Madison-Plains (London),0,0,,
8,Greenon (Enon),41,Catholic Central (Springfield),7,0,,
8,Greenville (Greenville),0,Fairborn (Fairborn),27,0,,
8,Groveport Madison (Groveport),28,Pickerington Central (Pickerington),35,0,,
8,Marion Harding (Marion),14,Ontario (Ontario),45,0,,
8,Highland (Marengo),14,River Valley (Caledonia),38,0,,
8,Hilliard Bradley (Hilliard),14,Olentangy Liberty (Powell),37,0,,
8,Hilliard Davidson (Hilliard),42,Dublin Coffman (Dublin),14,0,,
8,Hillsboro (Hillsboro),30,Washington (Washington Court House),50,0,,
8,Hilltop (West Unity),6,Edon (Edon),47,0,,
8,Holy Name (Parma Heights),13,Padua Franciscan (Parma),7,0,,
8,Hoover (North Canton),27,Perry (Massillon),10,0,,
8,Hudson (Hudson),23,Nordonia (Macedonia),22,0,,
8,Hughes (Cincinnati),42,Woodward (Cincinnati),28,0,,
8,Huron (Huron),10,Vermilion (Vermilion),13,0,,
8,Indian Creek (Wintersville),14,Beaver Local (East Liverpool),0,0,,
8,Indian Hill (Cincinnati),44,Finneytown (Cincinnati),14,0,,
8,Indian Lake (Lewistown),14,Shawnee (Springfield),0,0,,
8,Indian Valley (Gnadenhutten),41,Ridgewood (West Lafayette),27,0,,
8,Ironton (Ironton),41,Fairland (Proctorville),0,0,,
8,Jefferson (Delphos),0,Allen East (Harrod),41,0,,
8,John F Kennedy (Warren),47,St Thomas Aquinas (Louisville),0,0,,
8,John Glenn (New Concord),67,River View (Warsaw),0,0,,
8,Kenton (Kenton),28,St Marys Memorial (St Marys),64,0,,
8,Kenton Ridge (Springfield),28,Jonathan Alder (Plain City),27,0,,
8,Kings (Kings Mills),45,Milford (Milford),0,0,,
8,Lakeview (Cortland),20,Hubbard (Hubbard),30,0,,
8,Lakewood (Hebron),0,Johnstown (Johnstown),76,0,,
8,Lakota West (West Chester),52,Oak Hills (Cincinnati),7,0,,
8,Lebanon (Lebanon),48,Turpin (Cincinnati),28,0,,
8,Leetonia (Leetonia),28,Lisbon David Anderson (Lisbon),42,0,,
8,Lexington (Lexington),13,New Philadelphia (New Philadelphia),29,0,,
8,Liberty (Youngstown),22,LaBrae (Leavittsburg),16,0,,
8,Liberty-Benton (Findlay),38,Leipsic (Leipsic),0,0,,
8,Liberty Union (Baltimore),20,Hamilton Township (Columbus),47,0,,
8,Lima Central Catholic (Lima),36,Spencerville (Spencerville),7,0,,
8,Gahanna Lincoln (Gahanna),35,Westerville Central (Westerville),0,0,,
8,Linden McKinley (Columbus),38,Whetstone (Columbus),10,0,,
8,Lockland (Lockland),27,Miami Valley Christian Academy (Cincinnati),12,0,,
8,Logan (Logan),0,Canal Winchester (Canal Winchester),42,0,,
8,Logan Elm (Circleville),12,Amanda-Clearcreek (Amanda),42,0,,
8,Lorain (Lorain),60,Shaw (East Cleveland),7,0,,
8,Loudonville (Loudonville),13,Cardington-Lincoln (Cardington),42,0,,
8,Loveland (Loveland),42,Little Miami (Morrow),3,0,,
8,Lowellville (Lowellville),34,Jackson-Milton (North Jackson),17,0,,
8,Madison (Middletown),0,Waynesville (Waynesville),38,0,,
8,Manchester (Manchester),58,Federal Hocking (Stewart),18,0,,
8,Margaretta (Castalia),35,Lakota (Kansas),0,0,,
8,Marietta (Marietta),21,Fort Frye (Beverly),28,0,,
8,Marion Local (Maria Stein),42,Anna (Anna),0,0,,
8,Marlington (Alliance),48,Minerva (Minerva),0,0,,
8,Maysville (Zanesville),0,West Muskingum (Zanesville),43,0,,
8,McComb (McComb),37,Arlington (Arlington),7,0,,
8,McDonald (McDonald),41,Campbell Memorial (Campbell),7,0,,
8,Sebring McKinley (Sebring),0,Danbury (Lakeside),52,0,,
8,Meadowbrook (Byesville),19,New Lexington (New Lexington),41,0,,
8,Meadowdale (Dayton),46,Thurgood Marshall (Dayton),6,0,,
8,Mentor (Mentor),45,Brunswick (Brunswick),14,0,,
8,Miamisburg (Miamisburg),7,Wayne (Huber Heights),43,0,,
8,Miami Trace (Washington Court House),27,Jackson (Jackson),43,0,,
8,Middletown (Middletown),7,Hamilton (Hamilton),42,0,,
8,Mifflin (Columbus),6,Northland (Columbus),58,0,,
8,Minford (Minford),7,Meigs (Pomeroy),38,0,,
8,Archbishop Moeller (Cincinnati),44,St Ignatius (Cleveland),0,0,,
8,Monroeville (Monroeville),49,Mapleton (Ashland),0,0,,
8,Mount Gilead (Mount Gilead),14,Northmor (Galion),16,0,,
8,Mount Vernon (Mount Vernon),7,Licking Heights (Pataskala),14,0,,
8,Napoleon (Napoleon),14,Clay (Oregon),35,0,,
8,National Trail (New Paris),50,Mississinawa Valley (Union City),14,0,,
8,Newark Catholic (Newark),0,Heath (Heath),51,0,,
8,New Bremen (New Bremen),7,Coldwater (Coldwater),24,0,,
8,Newcomerstown (Newcomerstown),28,Malvern (Malvern),38,0,,
8,New London (New London),12,Plymouth (Plymouth),40,0,,
8,Newton Falls (Newton Falls),0,Garfield (Garrettsville),40,0,,
8,North Baltimore (North Baltimore),7,Ridgemont (Mt Victory),41,0,,
8,North Central (Pioneer),0,Lucas (Lucas),50,0,,
8,Northmont (Clayton),0,Centerville (Centerville),45,0,,
8,Northridge (Dayton),68,Troy Christian (Troy),7,0,,
8,Northridge (Johnstown),3,Utica (Utica),7,0,,
8,North Ridgeville (North Ridgeville),42,Berea-Midpark (Berea),33,0,,
8,Norton (Norton),7,Woodridge (Peninsula),6,0,,
8,Northwest (McDermott),0,Portsmouth West (West Portsmouth),35,0,,
8,Northwestern (West Salem),6,Hillsdale (Jeromesville),36,0,,
8,Northwood (Northwood),18,Montpelier (Montpelier),7,0,,
8,Norwayne (Creston),17,Dalton (Dalton),14,0,,
8,Norwood (Norwood),20,Purcell Marian (Cincinnati),60,0,,
8,Notre Dame (Portsmouth),22,Eastern (Beaver),43,0,,
8,Oberlin (Oberlin),3,Wellington (Wellington),39,0,,
8,Olentangy Berlin (Delaware),27,Dublin Jerome (Dublin),20,0,,
8,Olentangy (Lewis Center),21,Hilliard Darby (Hilliard),0,0,,
8,Olmsted Falls (Olmsted Falls),43,Avon Lake (Avon Lake),37,0,,
8,Otsego (Tontogany),20,Eastwood (Pemberville),35,0,,
8,Paint Valley (Bainbridge),46,Huntington (Chillicothe),0,0,,
8,Parkway (Rockford),24,Fort Recovery (Fort Recovery),36,0,,
8,Patrick Henry (Hamler),37,Delta (Delta),3,0,,
8,Paulding (Paulding),50,Hicksville (Hicksville),18,0,,
8,Perkins (Sandusky),49,Norwalk (Norwalk),0,0,,
8,Perry (Perry),49,Harvey (Painesville),13,0,,
8,Perrysburg (Perrysburg),37,Findlay (Findlay),14,0,,
8,Pickerington North (Pickerington),28,Grove City (Grove City),7,0,,
8,Piketon (Piketon),35,Southeastern (Chillicothe),0,0,,
8,Piqua (Piqua),8,Xenia (Xenia),30,0,,
8,Pleasant (Marion),10,Galion (Galion),31,0,,
8,Port Clinton (Port Clinton),7,Edison (Milan),41,0,,
8,Ravenna (Ravenna),14,Streetsboro (Streetsboro),45,0,,
8,Reynoldsburg (Reynoldsburg),26,Lancaster (Lancaster),23,0,,
8,Richmond Heights (Richmond Heights),6,Canton Central Catholic (Canton),41,0,,
8,Rittman (Rittman),13,Smithville (Smithville),42,0,,
8,Riverside (De Graff),0,Miami East (Casstown),35,0,,
8,Rock Hill (Ironton),21,Portsmouth (Portsmouth),42,0,,
8,Ross (Hamilton),0,Franklin (Franklin),21,0,,
8,Rossford (Rossford),7,Maumee (Maumee),45,0,,
8,St Charles (Columbus),0,Bishop Watterson (Columbus),53,0,,
8,St Clairsville (St Clairsville),28,Union Local (Belmont),14,0,,
8,St Francis de Sales (Toledo),28,Dearborn Divine Child (Dearborn),21,0,,MI
8,St John's (Delphos),6,St Henry (St Henry),49,0,,
8,St John School (Ashtabula),13,Fairport Harding (Fairport Harbor),43,0,,
8,St Xavier (Cincinnati),9,La Salle (Cincinnati),0,0,,
8,Sandy Valley (Magnolia),21,Claymont (Uhrichsville),7,0,,
8,Scott (Toledo),8,Rogers (Toledo),46,0,,
8,Seneca East (Attica),56,Buckeye Central (New Washington),21,0,,
8,Shadyside (Shadyside),7,Caldwell (Caldwell),63,0,,
8,Shawnee (Lima),14,Van Wert (Van Wert),28,0,,
8,Shelby (Shelby),34,Clear Fork (Bellville),7,0,,
8,Shenandoah (Sarahsville),7,River (Hannibal),38,0,,
8,Sheridan (Thornville),48,Morgan (McConnelsville),16,0,,
8,Shroder (Cincinnati),0,Cincinnati College Prep (Cincinnati),6,0,,
8,Sidney (Sidney),43,Butler (Vandalia),46,0,,
8,Canton South (Canton),35,Fairless (Brewster),13,0,,
8,South (Columbus),12,Briggs (Columbus),52,0,,
8,South (Willoughby),27,North (Eastlake),7,0,,
8,South Central (Greenwich),15,Western Reserve (Collins),41,0,,
8,Southern (Racine),55,Belpre (Belpre),14,0,,
8,South Range (Canfield),41,Niles McKinley (Niles),0,0,,
8,Springboro (Springboro),7,Kettering Fairmont (Kettering),24,0,,
8,Springfield (New Middletown),34,Mineral Ridge (Mineral Ridge),27,0,,
8,Springfield (Springfield),60,Beavercreek (Beavercreek),8,0,,
8,Strasburg-Franklin (Strasburg),13,Buckeye Trail (Lore City),32,0,,
8,Struthers (Struthers),26,Youngstown East (Youngstown),6,0,,
8,Sycamore (Cincinnati),12,Lakota East (Liberty Township),56,0,,
8,Sylvania Northview (Sylvania),0,Whitmer (Toledo),63,0,,
8,Symmes Valley (Willow Wood),47,Sciotoville Community (Portsmouth),8,0,,
8,Taft (Cincinnati),76,Western Hills (Cincinnati),0,0,,
8,Talawanda (Oxford),15,Harrison (Harrison),56,0,,
8,Taylor (Cleves),36,Madeira (Cincinnati),12,0,,
8,Teays Valley (Ashville),7,Newark (Newark),35,0,,
8,Tecumseh (New Carlisle),0,London (London),85,0,,
8,Tippecanoe (Tipp City),63,West Carrollton (West Carrollton),6,0,,
8,Triad (North Lewisburg),6,West Jefferson (West Jefferson),34,0,,
8,Trimble (Glouster),20,Eastern (Reedsville),41,0,,
8,Trinity (Garfield Heights),40,Brooklyn (Brooklyn),12,0,,
8,Tri-Valley (Dresden),35,Philo (Duncan Falls),7,0,,
8,Triway (Wooster),27,Manchester (New Franklin),34,0,,
8,Troy (Troy),42,Stebbins (Riverside),35,0,,
8,Tuslaw (Massillon),28,Orrville (Orrville),34,0,,
8,Tri-County North (Lewisburg),7,Ansonia (Ansonia),52,0,,
8,Unioto (Chillicothe),28,Zane Trace (Chillicothe),14,0,,
8,Upper Arlington (Upper Arlington),20,Olentangy Orange (Lewis Center),28,0,,
8,Upper Sandusky (Upper Sandusky),13,Mohawk (Sycamore),6,0,,
8,Upper Scioto Valley (McGuffey),28,Elgin (Marion),8,0,,
8,Ursuline (Youngstown),24,Villa Angela-St Joseph (Cleveland),17,0,,
8,Valley (Lucasville),49,Oak Hill (Oak Hill),13,0,,
8,Valley Forge (Parma Heights),42,Lakewood (Lakewood),21,0,,
8,Van Buren (Van Buren),18,Ada (Ada),46,0,,
8,Versailles (Versailles),0,Minster (Minster),35,0,,
8,Vinton County (McArthur),39,River Valley (Bidwell),0,0,,
8,Wadsworth (Wadsworth),49,Stow-Munroe Falls (Stow),23,0,,
8,Waite (Toledo),0,Lima Senior (Lima),79,0,,
8,Walsh Jesuit (Cuyahoga Falls),63,Notre Dame-Cathedral Latin (Chardon),21,0,,
8,Wapakoneta (Wapakoneta),35,Elida (Elida),0,0,,
8,Warren (Vincent),13,Point Pleasant (Point Pleasant),44,0,,WV
8,Waterford (Waterford),42,Harrison Central (Cadiz),7,0,,
8,Wauseon (Wauseon),26,Archbold (Archbold),39,0,,
8,Waynesfield-Goshen (Waynesfield),26,Perry (Lima),7,0,,
8,Wellston (Wellston),0,Athens (The Plains),41,0,,
8,Wellsville (Wellsville),27,United (Hanoverton),57,0,,
8,West (Columbus),14,Marion-Franklin (Columbus),34,0,,
8,West Branch (Beloit),49,Alliance (Alliance),0,0,,
8,Western Reserve (Berlin Center),42,Waterloo (Atwater),16,0,,
8,Westfall (Williamsport),42,Adena (Frankfort),34,0,,
8,West Clermont (Cincinnati),7,Winton Woods (Cincinnati),12,0,,
8,Westland (Galloway),31,Westerville South (Westerville),14,0,,
8,West Liberty-Salem (West Liberty),42,Mechanicsburg (Mechanicsburg),13,0,,
8,Wheelersburg (Wheelersburg),42,Waverly (Waverly),12,0,,
8,Wickliffe (Wickliffe),33,Independence (Independence),14,0,,
8,Wilmington (Wilmington),41,Goshen (Goshen),0,0,,
8,Woodmore (Elmore),21,Calvert (Tiffin),51,0,,
8,Wooster (Wooster),42,Mansfield Senior (Mansfield),24,0,,
8,Harvest Prep (Canal Winchester),40,St Vincent-St Mary (Akron),7,0,,
8,Thomas Worthington (Worthington),14,Marysville (Marysville),42,0,,
8,Wynford (Bucyrus),48,Bucyrus (Bucyrus),12,0,,
8,Zanesville (Zanesville),6,Watkins Memorial (Pataskala),41,0,,
8,Valley Christian School (Youngstown),14,Southern (Salineville),31,0,,
8,Gamble Montessori (Cincinnati),6,Dayton Christian (Miamisburg),56,0,,
8,KIPP Columbus (Columbus),6,St Francis DeSales (Columbus),39,0,,
8,Peebles (club) (Peebles),62,West Union (club) (West Union),8,0,,
8,Bridgeport (Bridgeport),56,Parkersburg South (Parkersburg),21,0,WV,WV
8,Brooke (Wellsburg),0,Frankfort (Ridgeley),42,0,WV,WV
8,Cabell Midland (Ona),49,Musselman,35,0,WV,WV
8,Clay-Battelle (Blacksville),34,Meadow Bridge,28,0,WV,WV
8,East Fairmont,36,Weir (Weirton),23,0,WV,WV
8,Greenbrier West (Charmco),6,James Monroe,32,0,WV,WV
8,Hundred (Hundred),59,Paden City (Paden City),22,0,WV,WV
8,Huntington (Huntington),40,Spring Valley (Huntington),21,0,WV,WV
8,Keyser (Keyser),21,John Marshall (Glen Dale),42,0,WV,WV
8,Madonna (Weirton),46,Beallsville (Beallsville),6,0,WV,
8,Martinsburg (Martinsburg),51,Morgantown (Morgantown),14,0,WV,WV
8,Parkersburg (Parkersburg),23,George Washington (Charleston),30,0,WV,WV
8,Ritchie County (Ellenboro),7,Wahama (Mason),54,0,WV,WV
8,St Marys (St Marys),7,Williamstown (Williamstown),55,0,WV,WV
8,Tyler Consolidated,55,Oak Glen (New Cumberland),7,0,WV,WV
8,Valley (Wetzel) (Pine Grove),0,Cameron (Cameron),46,0,WV,WV
8,Wheeling Park (Wheeling),14,Fairmont Senior (Fairmont),34,0,WV,WV
8,Wirt County (Elizabeth),67,Pocahontas County,12,0,WV,WV
8,Ballard,0,Trinity (Louisville),20,0,KY,KY
8,Bishop Brossart (Alexandria),35,Holy Cross (Covington),0,0,KY,KY
8,Boyd County (Ashland),21,Ashland Blazer (Ashland),49,0,KY,KY
8,Campbell County (Alexandria),14,Ryle (Union),42,0,KY,KY
8,Conner (Hebron),35,Dixie Heights (Edgewood),31,0,KY,KY
8,Dayton (Dayton),0,Bellevue (Bellevue),42,0,KY,KY
8,DuPont Manual,29,St Xavier (Louisville),22,0,KY,KY
8,Meade County,35,Pleasure Ridge Park (Louisville),17,0,KY,KY
8,Paintsville (Paintsville),0,Hazard,41,0,KY,KY
8,Raceland (Raceland),56,Fairview (Ashland),6,0,KY,KY
8,Russell (Russell),45,Lewis County (Vanceburg),0,0,KY,KY
8,Russell County,6,Boyle County (Danville),55,0,KY,KY
8,Shelby Valley (Pikeville),14,Pike County Central,12,0,KY,KY
8,South Oldham (Crestwood),7,Scott County (Georgetown),28,0,KY,KY
8,Battle Creek St Philip,20,Mendon,62,0,MI,MI
8,Brother Rice (Bloomfield Hills),21,Warren De La Salle (Warren),42,0,MI,MI
8,Camden-Frontier,14,Pittsford,42,0,MI,MI
8,Detroit King (Detroit),40,Detroit East English (Detroit),14,0,MI,MI
8,Erie Mason (Erie),0,Petersburg Summerfield (Petersburg),62,0,MI,MI
8,Grand Rapids Union,0,Muskegon Mona Shores (Muskegon),48,0,MI,MI
8,Grand Rapids West Catholic (Grand Rapids),24,Forest Hills Eastern (Ada),23,0,MI,MI
8,Grandville (Grandville),16,Hudsonville,35,0,MI,MI
8,Howell,35,Novi,21,0,MI,MI
8,Macomb Lutheran North,30,Riverview Gabriel Richard (Riverview),22,0,MI,MI
8,Morenci,14,Britton-Deerfield (Britton),62,0,MI,MI
8,Mt Morris,28,LakeVille Memorial (Otisville),20,0,MI,MI
8,Muskegon Reeths-Puffer,7,Muskegon (Muskegon),47,0,MI,MI
8,North Adams-Jerome,50,Tekonsha,26,0,MI,MI
8,Orchard Lake St Mary (Orchard Lake),6,Central Catholic (Toledo),7,0,MI,
8,Ottawa Lake Whiteford (Ottawa Lake),12,Clarkston Everest Collegiate,24,0,MI,MI
8,Novi Detroit Catholic Central (Novi),37,St John's Jesuit (Toledo),3,0,MI,
8,Traverse City St Francis,7,Lumen Christi (Jackson),35,0,MI,MI
8,Vermontville Maple Valley,26,Reading (Reading),53,0,MI,MI
8,NorthPointe Christian (Grand Rapids),56,New Buffalo,30,0,MI,MI
8,Red Lion,16,Central York (York),63,0,PA,PA
8,Meyersdale,42,Brownsville (Brownsville),8,0,PA,PA
8,State College,55,Central Dauphin East,17,0,PA,PA
8,McKeesport (McKeesport),28,Mars,7,0,PA,PA
8,Greater Latrobe,0,Pine-Richland (Gibsonia),42,0,PA,PA
8,Uniontown,6,Northern Garrett (Accident),58,0,PA,MD
8,Brashear (Pittsburgh),7,Redbank Valley,42,0,PA,PA
8,Smethport (Smethport),34,Otto-Eldred,48,0,PA,PA
8,Fort LeBoeuf,20,Harbor Creek (Harborcreek),16,0,PA,PA
8,Corry (Corry),40,Fairview (Fairview),7,0,PA,PA
8,Grove City,6,Hickory (Hermitage),69,0,PA,PA
8,North East (North East),27,Girard (Girard),34,0,PA,PA
8,Titusville (Titusville),42,Slippery Rock,0,0,PA,PA
8,Sharon (Sharon),63,Conneaut Area (Linesville),7,0,PA,PA
8,Mercyhurst Prep (Erie),42,Iroquois,6,0,PA,PA
8,Greenville,35,Saegertown,13,0,PA,PA
8,Maplewood (Guys Mills),20,Cambridge Springs,44,0,PA,PA
8,Eisenhower,34,Franklin,40,0,PA,PA
8,Mercer,8,Wilmington (New Wilmington),49,0,PA,PA
8,Sharpsville,21,Farrell (Farrell),40,0,PA,PA
8,University Prep (USO co-op) (Pittsburgh),6,Westinghouse (Pittsburgh),43,0,PA,PA
8,Saint Joseph's Prep (Philadelphia),35,Cardinal O'Hara (Springfield),14,0,PA,PA
8,Carmel (Carmel),3,Warren Central (Indianapolis),32,0,IN,IN
8,Center Grove (Greenwood),21,Lawrence North (Indianapolis),34,0,IN,IN
8,Connersville,0,Lawrenceburg (Lawrenceburg),51,0,IN,IN
8,East Central (St Leon),49,Greensburg,0,0,IN,IN
8,Bishop Dwenger (Fort Wayne),6,Fort Wayne Snider,17,0,IN,IN
8,Leo,18,Columbia City,21,0,IN,IN
8,Northview,41,Edgewood,7,0,IN,IN
8,Richmond (Richmond),53,Anderson,38,0,IN,IN
8,Roncalli (Indianapolis),6,Cathedral (Indianapolis),35,0,IN,IN
8,Sullivan,14,Indian Creek,21,0,IN,IN
8,Yorktown,20,Pendleton Heights,47,0,IN,IN
8,Eastern Greene,9,Linton-Stockton (Linton),67,0,IN,IN
8,Crispus Attucks (Indianapolis),52,Indianapolis Washington (Indianapolis),0,0,IN,IN
8,Innovation Academy (Springfield),7,Westbrook Christian (Rainbow City),48,0,TN,AL
8,Bishop McNamara (Forestville),20,Cornerstone Christian (San Antonio),10,0,MD,TX
8,Riverdale Baptist (Upper Marlboro),28,Elder (Cincinnati),27,0,MD,
8,Mt Zion Prep (Lanham),37,Life Christian Academy (Chester),0,0,MD,VA
8,Concordia Prep (Towson),0,Archbishop Spalding (Severn),47,0,MD,MD
8,Canisius (Buffalo),35,Bishop Timon - St Jude (Buffalo),14,0,NY,NY
8,St Joseph's Collegiate (Buffalo),7,St Francis (Hamburg),28,0,NY,NY
8,South Shore (Brooklyn),9,Canarsie Campus (Brooklyn),12,0,NY,NY
8,Monsignor Farrell (Staten Island),28,Fordham Prep (Bronx),14,0,NY,NY
8,Xavier (New York),26,Long Island St Anthony's (South Huntington),42,0,NY,NY
8,Iona Prep (New Rochelle),34,Cardinal Hayes (Bronx),27,0,NY,NY
8,St Peter's (Staten Island),31,Archbishop Stepinac (White Plains),28,0,NY,NY
8,St Joseph by-the-Sea (Staten Island),17,Xaverian (Brooklyn),13,0,NY,NY
8,Saint Joseph Regional (Montvale),28,Don Bosco Prep (Ramsey),35,0,NJ,NJ
8,Joliet Catholic (Joliet),21,Mt Carmel (Chicago),35,0,IL,IL
8,Mt Vernon (Mt Vernon),42,Granite City (Granite City),18,0,IL,IL
8,Legacy Sport Sciences (Spring),0,Massillon Washington (Massillon),41,0,TX,
8,Pauline Johnson (Brantford),21,Waterford (Waterford),3,0,ON,ON
8,St John Henry Newman (Stoney Creek),10,Bishop Tonnos (Ancaster),28,0,ON,ON
8,Bishop Ryan (Hamilton),6,St Thomas More (Hamilton),8,0,ON,ON
8,Huron Heights (Newmarket),19,Steubenville (Steubenville),34,0,ON,
8,Paris District (Paris),21,Assumption College (Brantford),43,0,ON,ON
8,Holy Trinity (Simcoe),14,McKinnon Park (Caledonia),34,0,ON,ON
8,Richview CI (Etobicoke),20,Etobicoke CI (Etobicoke),6,0,ON,ON
8,St Theresa's (Midland),7,Patrick Fogarty (Orillia),13,0,ON,ON
8,St Mary's College (Sault Ste. Marie),44,White Pines (Sault Ste. Marie),0,0,ON,ON
8,Banting Memorial (Alliston),0,Maple Ridge (Barrie),53,0,ON,ON
8,Fenelon Falls (Fenelon Falls),29,Crestwood (Cavan Monaghan),14,0,ON,ON
8,Hammarskjold (Thunder Bay),7,St Ignatius (Thunder Bay),43,0,ON,ON
8,St Patrick (Thunder Bay),8,Westgate (Thunder Bay),31,0,ON,ON
8,Woodbridge College (Woodbridge),6,Markham District (Markham),7,0,ON,ON
8,Simcoe CS (Simcoe),27,Delhi (Delhi),14,0,ON,ON
8,Seward (Seward),36,Nikiski (Nikiski),6,1,AK,AK
8,Colony (Palmer),23,Dimond (Anchorage),40,0,AK,AK
8,Ware County (Waycross),38,Benedictine Military School (Savannah),14,0,GA,GA
8,Guam High (Agana Heights),36,Simon Sanchez (Yigo),6,0,GU,GU
8,John F. Kennedy (Tamuning),6,George Washington (Mangilao),48,0,GU,GU
8,Chalker (Southington),14,St Mary Central Catholic (Sandusky),26,0,,
8,Crestview (Ashland),15,St Paul (Norwalk),16,0,,
8,Firestone (Akron),13,East (Akron),12,0,,
8,Garfield (Akron),6,Buchtel (Akron),12,0,,
8,Stryker (Stryker),6,St Joseph Central Catholic (Fremont),38,0,,
8,Summit Country Day (Cincinnati),14,North College Hill (Cincinnati),27,0,,
8,Windham (Windham),48,Vanlue (Vanlue),0,0,,
8,Withrow (Cincinnati),21,Aiken (Cincinnati),12,0,,
8,Clark Montessori (Cincinnati),6,St Bernard-Elmwood Place (St Bernard),43,0,,
8,Landmark Eagles (club) (Cincinnati),20,Noblesville Lions (club) (Noblesville),14,0,,IN
8,C4 Lions (club) (Trenton),22,Columbus Crusaders (club) (Columbus),53,0,,
8,Concord,32,Holgate (Holgate),60,0,MI,
8,Oil City (Oil City),62,Warren,0,0,PA,PA
8,Northwestern (Albion),8,Seneca,42,0,PA,PA
8,Reynolds (Greenville),43,Kennedy Catholic (Hermitage),8,0,PA,PA
8,Union City,12,Sheffield,41,0,PA,PA
8,Greenwood Christian,38,Blackhawk Christian (Fort Wayne),7,0,IN,IN
8,DeMatha Catholic (Hyattsville),28,Gonzaga (Washington),14,0,MD,DC
8,Holy Cross (Flushing),12,St John the Baptist (West Islip),49,0,NY,NY
8,St Francis Prep (Fresh Meadows),42,Christ the King Regional (Middle Village),12,0,NY,NY
8,Kellenberg Memorial (Uniondale),21,Chaminade (Mineola),42,0,NY,NY
8,John F Kennedy Catholic (Somers),0,Cardinal Spellman (Bronx),24,0,NY,NY
8,Mt St Michael Academy (Bronx),32,Holy Trinity - Long Island (Hicksville),47,0,NY,NY
8,Paramus Catholic (Paramus),0,Bergen Catholic (Oradell),34,0,NJ,NJ
8,Football North (via Clarkson SS) (Mississauga),12,St Edward (Lakewood),22,0,ON,
8,Homer (Homer),6,Barrow (Barrow),0,0,AK,AK
8,Juneau-Douglas (Juneau),13,West Anchorage (Anchorage),20,0,AK,AK
8,Kenai-Central (Kenai),27,Redington (Wasilla),20,0,AK,AK
8,Lathrop (Fairbanks),56,West Valley (Fairbanks),12,0,AK,AK
8,Service (Anchorage),0,Bettye Davis East Anchorage (Anchorage),30,0,AK,AK
8,South Anchorage (Anchorage),27,Bartlett (Anchorage),42,0,AK,AK
8,Tiyan (Barrigada),6,Okkodo (Dededo),0,0,GU,GU
8,Adrian Lenawee Christian,63,Waldron,16,0,MI,MI
9,St Joan of Arc (Barrie),1,St Joseph's (Barrie),21,0,ON,ON
9,Owen Sound District (Owen Sound),10,St Mary's (Owen Sound),14,0,ON,ON
9,Leaside (East York),38,Birchmount Park CI (Scarborough),7,0,ON,ON
9,Waterloo Collegiate Institute (Waterloo),22,Preston (Cambridge),17,0,ON,ON
9,Orchard Park (Stoney Creek),14,Bernie Custis (Hamilton),12,0,ON,ON
9,Abbey Park (Oakville),42,Burlington Central (Burlington),0,0,ON,ON
9,St Joseph (Nepean),35,Ashbury College (Ottawa),6,1,ON,ON
9,St Patrick's (Ottawa),0,St Mark (Manotick),36,0,ON,ON
9,Lambton Central (Petrolia),13,Great Lakes (Sarnia),9,0,ON,ON
9,Resurrection (Kitchener),28,St Benedict (Cambridge),12,0,ON,ON
9,St Mary's (Kitchener),49,St David (Waterloo),0,0,ON,ON
9,Cameron Heights CI (Kitchener),7,Glenview Park (Cambridge),0,0,ON,ON
9,Kitchener-Waterloo CI/VS (Kitchener),13,Huron Heights (Kitchener),7,0,ON,ON
9,Lakeshore CI (Toronto),6,Newtonbrook (North York),34,0,ON,ON
9,Thorold (Thorold),29,Westlane (Niagara Falls),15,0,ON,ON
9,Bowsher (Toledo),13,Rogers (Toledo),28,0,,
9,Centennial (Columbus),17,East (Columbus),34,0,,
9,Dunbar (Dayton),42,Belmont (Dayton),34,0,,
9,Sciotoville Community (Portsmouth),12,Green (Franklin Furnace),21,0,,
9,Linden McKinley (Columbus),57,Mifflin (Columbus),0,0,,
9,North (Akron),0,Firestone (Akron),34,0,,
9,Walnut Ridge (Columbus),34,Briggs (Columbus),8,0,,
9,Landmark Eagles (club) (Cincinnati),20,C4 Lions (club) (Trenton),13,0,,
9,John Marshall (Glen Dale),6,Brooke (Wellsburg),33,0,WV,WV
9,Shelby Valley (Pikeville),24,Betsy Lane,19,0,KY,KY
9,Taylor Allderdice (Pittsburgh),14,University Prep (USO co-op) (Pittsburgh),6,1,PA,PA
9,Friendship Collegiate (Washington),19,Mt Zion Prep (Lanham),6,0,DC,MD
9,St Joseph's Collegiate (Buffalo),31,McKinley (Buffalo),0,0,NY,NY
9,Mayfield (Brampton),34,Brampton Centennial (Brampton),22,0,ON,ON
9,Holy Names (Windsor),26,Essex (Essex),3,0,ON,ON
9,M. M. Robinson (Burlington),12,Nelson (Burlington),63,0,ON,ON
9,Saltfleet (Stoney Creek),21,Churchill (Hamilton),0,0,ON,ON
9,Ancaster (Ancaster),37,Glendale (Hamilton),7,0,ON,ON
9,Sherwood (Hamilton),35,MacNab (Hamilton),7,0,ON,ON
9,Brantford Collegiate Institute (Brantford),13,Assumption College (Brantford),4,0,ON,ON
9,Montcalm (London),0,Strathroy District (Strathroy),41,0,ON,ON
9,Sir Frederick Banting (London),40,St Thomas Aquinas (London),14,0,ON,ON
9,Clarke Road (London),4,East Elgin (Aylmer),6,0,ON,ON
9,Oakridge (London),17,London Catholic Central (London),52,0,ON,ON
9,Holy Trinity Catholic SS (Courtice),2,Paul Dwyer (Oshawa),30,0,ON,ON
9,St Marcellinus (Mississauga),0,Lorne Park (Mississauga),29,0,ON,ON
9,Chaminade College School (North York),5,Brebeuf College (North York),11,0,ON,ON
9,St Francis (St Catharines),3,Notre Dame College (Welland),24,0,ON,ON
9,O'Neill CVI (Oshawa),0,Brooklin (Brooklin),31,0,ON,ON
9,Westmount (Hamilton),27,Waterdown (Waterdown),37,0,ON,ON
9,St Thomas Aquinas (Oakville),13,Notre Dame (Burlington),31,0,ON,ON
9,St Peter (Peterborough),6,Adam Scott (Peterborough),27,0,ON,ON
9,St Francis Xavier (Milton),34,Christ the King (Georgetown),14,0,ON,ON
9,Dundas Valley (Dundas),0,Westdale (Hamilton),38,0,ON,ON
9,Sir Winston Churchill (St Catharines),24,Greater Fort Erie (Fort Erie),14,0,ON,ON
9,White Pines (Sault Ste. Marie),8,Korah (Sault Ste. Marie),44,0,ON,ON
9,Banting Memorial (Alliston),7,Bear Creek (Barrie),43,0,ON,ON
9,Innisdale (Barrie),0,Barrie North (Barrie),37,0,ON,ON
9,Sir Wilfrid Laurier (Orléans),16,Colonel By (Gloucester),17,0,ON,ON
9,Thomas A. Stewart (Peterborough),40,Fenelon Falls (Fenelon Falls),14,0,ON,ON
9,Trenton (Trenton),18,Eastside (Belleville),34,0,ON,ON
9,l'Essor (Tecumseh),28,North Star (Amherstburg),14,0,ON,ON
9,Riverside (Windsor),13,Tecumseh Vista Academy (Tecumseh),0,0,ON,ON
9,Elmira District SS (Elmira),9,Jacob Hespeler SS (Cambridge),31,0,ON,ON
9,York Memorial CI (York),6,Lawrence Park CI (Toronto),15,0,ON,ON
9,Malvern CI (Toronto),37,Central Tech (Toronto),0,0,ON,ON
9,Kingston (Kingston),32,Ernestown (Odessa),7,0,ON,ON
9,Sydenham (Sydenham),18,Holy Cross (Kingston),18,0,ON,ON
9,Welland Centennial (Welland),0,A.N. Myer (Niagara Falls),57,0,ON,ON
9,Ada (Ada),14,Pandora-Gilboa (Pandora),34,0,,
9,Africentric Early College (Columbus),44,South (Columbus),0,0,,
9,Alexander (Albany),0,Logan Elm (Circleville),41,0,,
9,Allen East (Harrod),7,Bluffton (Bluffton),42,0,,
9,Alliance (Alliance),41,Minerva (Minerva),7,0,,
9,Amanda-Clearcreek (Amanda),13,Fairfield Union (Lancaster),18,0,,
9,Anna (Anna),49,Fort Recovery (Fort Recovery),6,0,,
9,Anthony Wayne (Whitehouse),56,Sylvania Northview (Sylvania),0,0,,
9,Antwerp (Antwerp),33,Ayersville (Defiance),28,0,,
9,Arcadia (Arcadia),8,Liberty-Benton (Findlay),45,0,,
9,Arcanum (Arcanum),32,Dixie (New Lebanon),0,0,,
9,Archbold (Archbold),7,Patrick Henry (Hamler),26,0,,
9,Ashland (Ashland),24,Wooster (Wooster),14,0,,
9,Lakeside (Ashtabula),42,Conneaut (Conneaut),24,0,,
9,Avon Lake (Avon Lake),12,North Ridgeville (North Ridgeville),10,0,,
9,Barberton (Barberton),3,Aurora (Aurora),53,0,,
9,Batavia (Batavia),8,Clinton-Massie (Clarksville),41,0,,
9,Bath (Lima),20,Wapakoneta (Wapakoneta),48,0,,
9,Beallsville (Beallsville),0,Wirt County (Elizabeth),73,0,,WV
9,Beavercreek (Beavercreek),6,Wayne (Huber Heights),44,0,,
9,Bedford (Bedford),0,Lorain (Lorain),32,0,,
9,Bellbrook (Bellbrook),31,Oakwood (Dayton),0,0,,
9,Beechcroft (Columbus),20,Whitehall-Yearling (Whitehall),14,0,,
9,Benedictine (Cleveland),39,Brush (Lyndhurst),0,0,,
9,Benjamin Logan (Bellefontaine),17,Shawnee (Springfield),9,0,,
9,Berea-Midpark (Berea),35,Olmsted Falls (Olmsted Falls),14,0,,
9,Berkshire (Burton),29,Fairview (Fairview Park),43,0,,
9,Bethel (Tipp City),12,Miami East (Casstown),43,0,,
9,Bethel-Tate (Bethel),12,Williamsburg (Williamsburg),44,0,,
9,Big Walnut (Sunbury),38,Dublin Scioto (Dublin),10,0,,
9,Bishop Ready (Columbus),35,Bexley (Columbus),6,0,,
9,Boardman (Youngstown),28,Austintown-Fitch (Austintown),45,0,,
9,Bowling Green (Bowling Green),24,Napoleon (Napoleon),14,0,,
9,Brookfield (Brookfield),54,Newton Falls (Newton Falls),8,0,,
9,Brooklyn (Brooklyn),8,Wickliffe (Wickliffe),42,0,,
9,Buckeye Trail (Lore City),38,East Canton (East Canton),9,0,,
9,Buckeye Valley (Delaware),14,Columbus Academy (Gahanna),20,0,,
9,Harrison Central (Cadiz),12,Edison (Richmond),35,0,,
9,Calvert (Tiffin),42,Willard (Willard),6,0,,
9,Cambridge (Cambridge),0,Beaver Local (East Liverpool),56,0,,
9,Canal Winchester (Canal Winchester),27,Lancaster (Lancaster),24,0,,
9,Cardinal (Middlefield),7,Chagrin Falls (Chagrin Falls),43,0,,
9,Cardington-Lincoln (Cardington),6,Northmor (Galion),49,0,,
9,Carey (Carey),14,Mohawk (Sycamore),27,0,,
9,Catholic Central (Springfield),6,Greeneview (Jamestown),47,0,,
9,Cedarville (Cedarville),8,Greenon (Enon),7,0,,
9,Celina (Celina),28,Defiance (Defiance),6,0,,
9,Centerville (Centerville),28,Springboro (Springboro),10,0,,
9,Central Catholic (Toledo),28,St Francis de Sales (Toledo),7,0,,
9,Twinsburg (Twinsburg),20,Brecksville-Broadview Heights (Broadview Heights),28,0,,
9,Champion (Warren),7,Liberty (Youngstown),34,0,,
9,Chardon (Chardon),42,North (Eastlake),7,0,,
9,Chesapeake (Chesapeake),49,Rock Hill (Ironton),60,0,,
9,Circleville (Circleville),57,Liberty Union (Baltimore),35,0,,
9,Clay (Oregon),41,Sylvania Southview (Sylvania),14,0,,
9,Claymont (Uhrichsville),19,Ridgewood (West Lafayette),49,0,,
9,Clear Fork (Bellville),41,Highland (Marengo),7,0,,
9,Clearview (Lorain),22,Black River (Sullivan),14,0,,
9,Clermont Northeastern (Batavia),24,East Clinton (Sabina),6,0,,
9,Coldwater (Coldwater),52,Versailles (Versailles),14,0,,
9,Thurgood Marshall (Dayton),0,Ponitz Tech (Dayton),14,0,,
9,Columbia (Columbia Station),49,Brookside (Sheffield),14,0,,
9,Columbiana (Columbiana),42,Wellsville (Wellsville),8,0,,
9,Coshocton (Coshocton),0,West Muskingum (Zanesville),44,0,,
9,Covington (Covington),14,Riverside (De Graff),26,0,,
9,Crestline (Crestline),13,North Baltimore (North Baltimore),36,0,,
9,Crestview (Convoy),42,Spencerville (Spencerville),13,0,,
9,Crooksville (Crooksville),10,New Lexington (New Lexington),38,0,,
9,Cuyahoga Heights (Cuyahoga Heights),24,Trinity (Garfield Heights),21,0,,
9,Dalton (Dalton),49,Chippewa (Doylestown),0,0,,
9,Dawson-Bryant (Coal Grove),8,Fairland (Proctorville),36,0,,
9,Deer Park (Cincinnati),18,Mariemont (Cincinnati),13,0,,
9,Dublin Coffman (Dublin),13,Upper Arlington (Upper Arlington),38,0,,
9,Youngstown East (Youngstown),0,Cardinal Mooney (Youngstown),32,0,,
9,Dublin Jerome (Dublin),34,Olentangy (Lewis Center),42,0,,
9,Eastern (Beaver),13,South Gallia (Crown City),12,0,,
9,Eastern (Reedsville),55,Belpre (Belpre),13,0,,
9,East Knox (Howard),6,Centerburg (Centerburg),40,0,,
9,East Liverpool (East Liverpool),45,Weir (Weirton),7,0,,WV
9,Eastwood (Pemberville),27,Oak Harbor (Oak Harbor),31,0,,
9,Eaton (Eaton),15,Waynesville (Waynesville),42,0,,
9,Elgin (Marion),30,Perry (Lima),13,0,,
9,Elmwood (Bloomdale),13,Van Buren (Van Buren),43,0,,
9,Elyria Catholic (Elyria),13,Holy Name (Parma Heights),3,0,,
9,Fairborn (Fairborn),14,Troy (Troy),42,0,,
9,Fairless (Brewster),0,Manchester (New Franklin),39,0,,
9,Fayetteville (Fayetteville),12,Blanchester (Blanchester),58,0,,
9,Bishop Fenwick (Franklin),0,Archbishop Alter (Kettering),21,0,,
9,Finneytown (Cincinnati),10,Madeira (Cincinnati),12,0,,
9,Fisher Catholic (Lancaster),28,Berne Union (Sugar Grove),12,0,,
9,Fort Frye (Beverly),6,Warren (Vincent),28,0,,
9,Fort Loramie (Fort Loramie),61,Jefferson (Delphos),13,0,,
9,Franklin (Franklin),0,Edgewood (Trenton),24,0,,
9,Fredericktown (Fredericktown),14,Danville (Danville),31,0,,
9,Galion (Galion),42,River Valley (Caledonia),34,0,,
9,Gallia Academy (Gallipolis),10,Ironton (Ironton),49,0,,
9,Garaway (Sugarcreek),41,Sandy Valley (Magnolia),6,0,,
9,Garfield (Garrettsville),23,Crestview (Columbiana),22,0,,
9,Garfield Heights (Garfield Heights),0,Maple Heights (Maple Heights),54,0,,
9,GlenOak (Canton),52,Mansfield Senior (Mansfield),14,0,,
9,Grandview Heights (Columbus),49,Valley (Lucasville),27,0,,
9,Granville (Granville),45,Zanesville (Zanesville),0,0,,
9,Grove City (Grove City),7,Gahanna Lincoln (Gahanna),35,0,,
9,Hamilton (Hamilton),38,Colerain (Cincinnati),0,0,,
9,Hamilton Township (Columbus),7,Bloom-Carroll (Carroll),42,0,,
9,Harrison (Harrison),14,Bishop Watterson (Columbus),51,0,,
9,Harvey (Painesville),6,Hawken (Gates Mills),20,0,,
9,Delaware Hayes (Delaware),28,Westland (Galloway),48,0,,
9,Heath (Heath),50,Northridge (Johnstown),22,0,,
9,Hicksville (Hicksville),20,Edgerton (Edgerton),27,0,,
9,Highland (Medina),56,Cuyahoga Falls (Cuyahoga Falls),0,0,,
9,Hilliard Davidson (Hilliard),7,Olentangy Liberty (Powell),32,0,,
9,Hilliard Darby (Hilliard),41,Thomas Worthington (Worthington),20,0,,
9,Hillsboro (Hillsboro),0,Jackson (Jackson),49,0,,
9,Hillsdale (Jeromesville),42,Rittman (Rittman),7,0,,
9,Archbishop Hoban (Akron),41,Central York (York),7,0,,PA
9,Holgate (Holgate),0,Toledo Christian (Toledo),62,0,,
9,Howland (Warren),0,Canfield (Canfield),34,0,,
9,Hubbard (Hubbard),6,Girard (Girard),45,0,,
9,Hughes (Cincinnati),0,Withrow (Cincinnati),42,0,,
9,Huntington (Chillicothe),31,Westfall (Williamsport),34,0,,
9,Huron (Huron),7,Clyde (Clyde),20,0,,
9,Independence (Columbus),50,West (Columbus),12,0,,
9,Independence (Independence),37,Beachwood (Beachwood),0,0,,
9,Indian Creek (Wintersville),6,St Clairsville (St Clairsville),22,0,,
9,Indian Lake (Lewistown),41,Northwestern (Springfield),19,0,,
9,Jackson (Massillon),20,Canton McKinley (Canton),7,0,,
9,Jefferson Area (Jefferson),44,Edgewood (Ashtabula),20,0,,
9,John Adams (Cleveland),24,East Technical (Cleveland),6,0,,
9,John Glenn (New Concord),14,Philo (Duncan Falls),20,0,,
9,John Hay (Cleveland),35,John F Kennedy (Cleveland),6,0,,
9,John Marshall (Cleveland),6,Glenville (Cleveland),48,0,,
9,Johnstown (Johnstown),28,Utica (Utica),7,0,,
9,Jonathan Alder (Plain City),7,Bellefontaine (Bellefontaine),49,0,,
9,Garfield (Akron),20,Ellet (Akron),6,0,,
9,Kenston (Chagrin Falls),42,South (Willoughby),0,0,,
9,Kettering Fairmont (Kettering),17,Springfield (Springfield),13,0,,
9,Keystone (La Grange),40,Wellington (Wellington),6,0,,
9,Kirtland (Kirtland),37,Crestwood (Mantua),6,0,,
9,River Valley (Bidwell),0,Athens (The Plains),58,0,,
9,LaBrae (Leavittsburg),20,Southeast (Ravenna),7,0,,
9,Lake (Millbury),0,Otsego (Tontogany),7,0,,
9,Lake (Uniontown),17,Hoover (North Canton),18,0,,
9,Lake Catholic (Mentor),31,Canton Central Catholic (Canton),12,0,,
9,Lakewood (Hebron),14,Newark Catholic (Newark),48,0,,
9,Lakewood (Lakewood),20,Bay (Bay Village),22,0,,
9,Lakota East (Liberty Township),24,Lakota West (West Chester),42,0,,
9,Leetonia (Leetonia),26,East Palestine (East Palestine),52,0,,
9,Leipsic (Leipsic),20,Arlington (Arlington),14,0,,
9,Liberty Center (Liberty Center),49,Delta (Delta),7,0,,
9,Licking Heights (Pataskala),18,Watkins Memorial (Pataskala),36,0,,
9,Licking Valley (Newark),48,Mount Vernon (Mount Vernon),14,0,,
9,Lima Senior (Lima),49,Scott (Toledo),0,0,,
9,Lima Central Catholic (Lima),20,Columbus Grove (Columbus Grove),28,0,,
9,Little Miami (Morrow),7,Milford (Milford),42,0,,
9,Lockland (Lockland),0,Cincinnati Country Day (Cincinnati),47,0,,
9,Logan (Logan),6,Groveport Madison (Groveport),41,0,,
9,London (London),42,Kenton Ridge (Springfield),7,0,,
9,Loudonville (Loudonville),0,Mount Gilead (Mount Gilead),43,0,,
9,Loveland (Loveland),17,West Clermont (Cincinnati),21,0,,
9,Lucas (Lucas),46,Lakota (Kansas),9,0,,
9,Lutheran East (Cleveland Heights),12,St Charles (Columbus),10,0,,
9,Madison (Madison),14,Geneva (Geneva),21,0,,
9,Madison (Middletown),35,Carlisle (Carlisle),38,0,,
9,Madison Comprehensive (Mansfield),7,Lexington (Lexington),14,0,,
9,Manchester (Manchester),30,North Central (Pioneer),59,0,,
9,Mapleton (Ashland),47,New London (New London),13,0,,
9,Margaretta (Castalia),7,Gibsonburg (Gibsonburg),14,0,,
9,Marion-Franklin (Columbus),38,Eastmoor Academy (Columbus),19,0,,
9,Martins Ferry (Martins Ferry),34,Rootstown (Rootstown),7,0,,
9,Mason (Mason),29,Sycamore (Cincinnati),7,0,,
9,Mathews (Vienna),0,Fairport Harding (Fairport Harbor),43,0,,
9,Maumee (Maumee),45,Fostoria (Fostoria),14,0,,
9,McClain (Greenfield),19,Washington (Washington Court House),49,0,,
9,McDonald (McDonald),0,Springfield (New Middletown),40,0,,
9,Sebring McKinley (Sebring),8,Chalker (Southington),40,0,,
9,Archbishop McNicholas (Cincinnati),59,Archbishop Carroll (Dayton),0,0,,
9,Meadowbrook (Byesville),6,Maysville (Zanesville),13,0,,
9,Meadowdale (Dayton),6,Trotwood-Madison (Trotwood),39,0,,
9,Mechanicsburg (Mechanicsburg),35,Northeastern (South Vienna),18,0,,
9,Medina (Medina),21,Shaker Heights (Shaker Heights),22,0,,
9,Campbell Memorial (Campbell),20,Jackson-Milton (North Jackson),13,0,,
9,St Marys Memorial (St Marys),52,Elida (Elida),31,0,,
9,Miami Trace (Washington Court House),25,Chillicothe (Chillicothe),28,0,,
9,Miami Valley Christian Academy (Cincinnati),15,Clark Montessori (Cincinnati),12,0,,
9,Midview (Grafton),49,Elyria (Elyria),7,0,,
9,Miller (Corning),41,Bishop Rosecrans (Zanesville),0,0,,
9,Millersport (Millersport),0,Fairfield Christian Academy (Lancaster),28,0,,
9,Milton-Union (West Milton),21,Northridge (Dayton),40,0,,
9,Minford (Minford),0,Wheelersburg (Wheelersburg),54,0,,
9,Minster (Minster),0,Marion Local (Maria Stein),21,0,,
9,Mississinawa Valley (Union City),28,Tri-County North (Lewisburg),39,0,,
9,Mogadore (Mogadore),41,St Thomas Aquinas (Louisville),7,0,,
9,Monroe (Monroe),13,Ross (Hamilton),24,0,,
9,Monroe Central (Woodsfield),49,Frontier (New Matamoras),0,0,,
9,Monroeville (Monroeville),59,Plymouth (Plymouth),0,0,,
9,Morgan (McConnelsville),62,River View (Warsaw),7,0,,
9,Nelsonville-York (Nelsonville),39,Vinton County (McArthur),12,0,,
9,Newark (Newark),21,Reynoldsburg (Reynoldsburg),20,0,,
9,New Philadelphia (New Philadelphia),38,West Holmes (Millersburg),31,0,,
9,New Richmond (New Richmond),14,Wilmington (Wilmington),49,0,,
9,Nordonia (Macedonia),47,Stow-Munroe Falls (Stow),20,0,,
9,North College Hill (Cincinnati),7,Cincinnati Hills Christian Academy (Cincinnati),56,0,,
9,Northland (Columbus),42,Whetstone (Columbus),0,0,,
9,Northmont (Clayton),27,Miamisburg (Miamisburg),30,0,,
9,North Royalton (North Royalton),43,Hudson (Hudson),35,0,,
9,North Union (Richwood),0,Graham Local (St Paris),38,0,,
9,Norton (Norton),51,Springfield (Akron),0,0,,
9,Norwalk (Norwalk),20,Tiffin Columbian (Tiffin),47,0,,
9,Northwest (Canal Fulton),38,Triway (Wooster),21,0,,
9,Northwestern (West Salem),28,Waynedale (Apple Creek),49,0,,
9,Northwood (Northwood),41,Hilltop (West Unity),18,0,,
9,Norwood (Norwood),6,Summit Country Day (Cincinnati),43,0,,
9,Notre Dame-Cathedral Latin (Chardon),21,Padua Franciscan (Parma),38,0,,
9,Oak Hills (Cincinnati),21,Fairfield (Fairfield),18,0,,
9,Oberlin (Oberlin),6,Firelands (Oberlin),41,0,,
9,Olentangy Berlin (Delaware),48,Marysville (Marysville),13,0,,
9,Ontario (Ontario),36,Shelby (Shelby),50,0,,
9,Orange (Pepper Pike),35,Lutheran West (Rocky River),28,0,,
9,Orrville (Orrville),14,Cuyahoga Valley Christian Academy (Cuyahoga Falls),41,0,,
9,Olentangy Orange (Lewis Center),35,Hilliard Bradley (Hilliard),10,0,,
9,Ottawa-Glandorf (Ottawa),21,Shawnee (Lima),14,0,,
9,Ottawa Hills (Toledo),48,Montpelier (Montpelier),7,0,,
9,Paint Valley (Bainbridge),0,Unioto (Chillicothe),43,0,,
9,Perry (Massillon),21,Green (Uniontown),16,0,,
9,Pickerington Central (Pickerington),49,Teays Valley (Ashville),23,0,,
9,Pickerington North (Pickerington),34,New Albany (New Albany),14,0,,
9,Piketon (Piketon),40,Adena (Frankfort),16,0,,
9,Pleasant (Marion),14,Marion Harding (Marion),3,0,,
9,Poland Seminary (Poland),35,Lakeview (Cortland),7,0,,
9,Port Clinton (Port Clinton),29,Bellevue (Bellevue),26,0,,
9,Portsmouth (Portsmouth),41,South Point (South Point),0,0,,
9,Portsmouth West (West Portsmouth),57,Oak Hill (Oak Hill),13,0,,
9,Princeton (Cincinnati),13,Middletown (Middletown),7,0,,
9,Purcell Marian (Cincinnati),8,Roger Bacon (St Bernard),29,0,,
9,Ravenna (Ravenna),35,Coventry (Akron),7,0,,
9,Reading (Reading),14,Taylor (Cleves),43,0,,
9,Revere (Richfield),35,Copley (Copley),47,0,,
9,Rhodes (Cleveland),6,Gilmour Academy (Gates Mills),38,0,,
9,Richmond Heights (Richmond Heights),6,Edon (Edon),47,0,,
9,Ridgedale (Morral),6,Waynesfield-Goshen (Waynesfield),33,0,,
9,Ridgemont (Mt Victory),6,Cory-Rawson (Rawson),3,0,,
9,River (Hannibal),39,Buckeye Local (Rayland),9,0,,
9,Riverdale (Mt Blanchard),6,McComb (McComb),49,0,,
9,Riverside (Painesville),17,Mayfield (Mayfield),21,0,,
9,Rocky River (Rocky River),0,Buckeye (Medina),55,0,,
9,Rossford (Rossford),0,Genoa Area (Genoa),41,0,,
9,St Bernard-Elmwood Place (St Bernard),77,New Miami (Hamilton),0,0,,
9,St Francis DeSales (Columbus),38,Northwest (Cincinnati),6,0,,
9,St Henry (St Henry),21,New Bremen (New Bremen),14,0,,
9,St Ignatius (Cleveland),19,St Xavier (Cincinnati),31,0,,
9,St John's (Delphos),40,Parkway (Rockford),21,0,,
9,St Mary Central Catholic (Sandusky),35,Morenci,22,0,,MI
9,St Paul (Norwalk),34,South Central (Greenwich),20,0,,
9,St Vincent-St Mary (Akron),13,Villa Angela-St Joseph (Cleveland),37,0,,
9,Salem (Salem),45,Marlington (Alliance),0,0,,
9,Sandusky (Sandusky),0,Perkins (Sandusky),37,0,,
9,Seneca East (Attica),59,Bucyrus (Bucyrus),6,0,,
9,Shadyside (Shadyside),40,Bridgeport (Bridgeport),34,0,,
9,Shenandoah (Sarahsville),0,Barnesville (Barnesville),55,0,,
9,Sheridan (Thornville),9,Tri-Valley (Dresden),21,0,,
9,Sidney (Sidney),20,Piqua (Piqua),13,0,,
9,Smithville (Smithville),14,Norwayne (Creston),27,0,,
9,Solon (Solon),27,Wadsworth (Wadsworth),28,0,,
9,Southeastern (Chillicothe),12,Zane Trace (Chillicothe),48,0,,
9,Southeastern Local (South Charleston),0,Madison-Plains (London),31,0,,
9,Southern (Salineville),22,Lisbon David Anderson (Lisbon),7,0,,
9,South Range (Canfield),49,Louisville (Louisville),28,0,,
9,Springfield (Holland),6,Perrysburg (Perrysburg),42,0,,
9,Start (Toledo),46,Woodward (Toledo),6,0,,
9,Stebbins (Riverside),0,Tippecanoe (Tipp City),51,0,,
9,Amherst Steele (Amherst),7,Avon (Avon),42,0,,
9,Strasburg-Franklin (Strasburg),14,Newcomerstown (Newcomerstown),26,0,,
9,Streetsboro (Streetsboro),49,Field (Mogadore),0,0,,
9,Strongsville (Strongsville),17,Mentor (Mentor),44,0,,
9,Struthers (Struthers),53,Niles McKinley (Niles),0,0,,
9,Swanton (Swanton),0,Evergreen (Metamora),45,0,,
9,Symmes Valley (Willow Wood),22,Notre Dame (Portsmouth),26,0,,
9,Talawanda (Oxford),42,Mount Healthy (Cincinnati),62,0,,
9,Tallmadge (Tallmadge),21,Kent Roosevelt (Kent),14,0,,
9,Tinora (Defiance),21,Paulding (Paulding),18,0,,
9,Toronto (Toronto),28,Caldwell (Caldwell),21,0,,
9,Tri-Village (New Madison),56,Bradford (Bradford),7,0,,
9,Troy Christian (Troy),19,Lehman Catholic (Sidney),65,0,,
9,Turpin (Cincinnati),7,Kings (Kings Mills),27,0,,
9,Tuscarawas Valley (Zoarville),7,Indian Valley (Gnadenhutten),48,0,,
9,Tuslaw (Massillon),24,Canton South (Canton),28,0,,
9,Twin Valley South (West Alexandria),40,National Trail (New Paris),22,0,,
9,Upper Sandusky (Upper Sandusky),14,Colonel Crawford (North Robinson),28,0,,
9,Upper Scioto Valley (McGuffey),38,Hardin Northern (Dola),10,0,,
9,Urbana (Urbana),41,Tecumseh (New Carlisle),8,0,,
9,Ursuline (Youngstown),37,Chaney (Youngstown),6,0,,
9,Valley Forge (Parma Heights),7,North Olmsted (North Olmsted),26,0,,
9,Valley View (Germantown),27,Brookville (Brookville),21,0,,
9,Van Wert (Van Wert),45,Kenton (Kenton),44,0,,
9,Vermilion (Vermilion),0,Edison (Milan),17,0,,
9,Waite (Toledo),6,Fremont Ross (Fremont),56,0,,
9,Walnut Hills (Cincinnati),6,Lebanon (Lebanon),41,0,,
9,Walsh Jesuit (Cuyahoga Falls),38,Brunswick (Brunswick),7,0,,
9,Warrensville Heights (Warrensville Heights),26,Shaw (East Cleveland),12,0,,
9,Massillon Washington (Massillon),45,Warren G Harding (Warren),14,0,,
9,Waterford (Waterford),14,Trimble (Glouster),6,0,,
9,Waterloo (Atwater),40,Lowellville (Lowellville),56,0,,
9,Wauseon (Wauseon),35,Bryan (Bryan),14,0,,
9,Waverly (Waverly),40,Northwest (McDermott),49,0,,
9,Wayne Trace (Haviland),20,Fairview (Sherwood),34,0,,
9,Wellston (Wellston),6,Meigs (Pomeroy),20,0,,
9,West Branch (Beloit),33,Carrollton (Carrollton),6,0,,
9,West Carrollton (West Carrollton),14,Butler (Vandalia),37,0,,
9,Western Brown (Mount Orab),42,Goshen (Goshen),7,0,,
9,Western Reserve (Berlin Center),39,Mineral Ridge (Mineral Ridge),12,0,,
9,Western Reserve (Collins),8,Crestview (Ashland),28,0,,
9,Westerville Central (Westerville),25,Central Crossing (Grove City),0,0,,
9,Westerville North (Westerville),35,Worthington Kilbourne (Columbus),24,0,,
9,Westerville South (Westerville),20,Franklin Heights (Columbus),6,0,,
9,West Geauga (Chesterland),7,Perry (Perry),63,0,,
9,West Jefferson (West Jefferson),35,Fairbanks (Milford Center),69,0,,
9,Westlake (Westlake),20,Normandy (Parma),24,0,,
9,West Liberty-Salem (West Liberty),49,Triad (North Lewisburg),8,0,,
9,Whitmer (Toledo),37,Findlay (Findlay),6,0,,
9,Windham (Windham),8,Pymatuning Valley (Andover),40,0,,
9,Winton Woods (Cincinnati),17,Anderson (Cincinnati),31,0,,
9,Woodmore (Elmore),0,Hopewell-Loudon (Bascom),57,0,,
9,Woodridge (Peninsula),0,Cloverleaf (Seville),17,0,,
9,Woodward (Cincinnati),20,Western Hills (Cincinnati),26,0,,
9,Harvest Prep (Canal Winchester),14,La Salle (Cincinnati),28,0,,
9,Worthington Christian (Worthington),24,Grove City Christian (Grove City),21,0,,
9,Wynford (Bucyrus),32,Buckeye Central (New Washington),21,0,,
9,Wyoming (Cincinnati),23,Indian Hill (Cincinnati),13,0,,
9,Xenia (Xenia),48,Greenville (Greenville),6,0,,
9,KIPP Columbus (Columbus),18,Bishop Hartley (Columbus),41,0,,
9,Dohn Community (Cincinnati),0,University School (Hunting Valley),34,0,,
9,Calhoun County,21,Valley (Wetzel) (Pine Grove),63,0,WV,WV
9,Cameron (Cameron),47,Clay-Battelle (Blacksville),0,0,WV,WV
9,Greenbrier West (Charmco),32,Petersburg,47,0,WV,WV
9,Herbert Hoover (Elkview),56,Ripley (Ripley),28,0,WV,WV
9,Logan,6,Roane County (Spencer),55,0,WV,WV
9,Madonna (Weirton),42,Federal Hocking (Stewart),0,0,WV,
9,Martinsburg (Martinsburg),51,Washington,7,0,WV,WV
9,Parkersburg (Parkersburg),21,Cabell Midland (Ona),48,0,WV,WV
9,Point Pleasant (Point Pleasant),3,Marietta (Marietta),24,0,WV,
9,Preston,7,Bridgeport (Bridgeport),57,0,WV,WV
9,St Marys (St Marys),41,Magnolia (New Martinsville),8,0,WV,WV
9,South Harrison (Lost Creek),14,Wahama (Mason),50,0,WV,WV
9,Spring Valley (Huntington),52,Capital (Charleston),26,0,WV,WV
9,University (Morgantown),6,Spring Mills (Martinsburg),34,0,WV,WV
9,Linsly (Wheeling),25,Dover (Dover),34,0,WV,
9,Bath County,8,Russell (Russell),42,0,KY,KY
9,Boyle County (Danville),41,Lincoln County,0,0,KY,KY
9,Christian Academy-Louisville (Louisville),28,Central (Louisville),48,0,KY,KY
9,Dixie Heights (Edgewood),48,Scott (Covington),14,0,KY,KY
9,Greenup County (Greenup),42,Johnson Central,67,0,KY,KY
9,Holy Cross (Covington),34,Trimble County,0,0,KY,KY
9,Ludlow (Ludlow),46,Bishop Brossart (Alexandria),35,0,KY,KY
9,Newport (Newport),39,Bellevue (Bellevue),12,0,KY,KY
9,North Bullitt,7,South Oldham (Crestwood),39,0,KY,KY
9,Pendleton County (Falmouth),20,Bourbon County (Paris),50,0,KY,KY
9,Pikeville (Pikeville),41,Paintsville (Paintsville),0,0,KY,KY
9,Pleasure Ridge Park (Louisville),14,DuPont Manual,40,0,KY,KY
9,Rowan County,13,Boyd County (Ashland),49,0,KY,KY
9,Simon Kenton (Independence),48,Campbell County (Alexandria),29,0,KY,KY
9,St Xavier (Louisville),45,Meade County,21,0,KY,KY
9,Trinity (Louisville),49,Eastern (Louisville),0,0,KY,KY
9,Great Crossing (Georgetown),8,Ryle (Union),36,0,KY,KY
9,Adrian Lenawee Christian,42,Concord,0,0,MI,MI
9,Birch Run,75,LakeVille Memorial (Otisville),12,0,MI,MI
9,Bloomfield Hills Cranbrook Kingswood,14,Riverview Gabriel Richard (Riverview),40,0,MI,MI
9,Brighton,14,Howell,36,0,MI,MI
9,Camden-Frontier,48,North Adams-Jerome,14,0,MI,MI
9,Detroit King (Detroit),14,Detroit Cass Tech (Detroit),30,1,MI,MI
9,U of D Jesuit (Detroit),21,Saginaw Heritage,42,0,MI,MI
9,Gaylord,20,Lumen Christi (Jackson),37,0,MI,MI
9,Grandville Calvin Christian,0,NorthPointe Christian (Grand Rapids),38,0,MI,MI
9,Hamilton,14,Grand Rapids West Catholic (Grand Rapids),54,0,MI,MI
9,Holland West Ottawa,3,Grandville (Grandville),38,0,MI,MI
9,Hudsonville,35,Caledonia (Caledonia),13,0,MI,MI
9,Mendon,44,Climax-Scotts,46,0,MI,MI
9,Monroe,0,Bedford (Temperance),33,0,MI,MI
9,Muskegon (Muskegon),14,Byron Center,17,0,MI,MI
9,Muskegon Mona Shores (Muskegon),40,Muskegon Reeths-Puffer,0,0,MI,MI
9,Orchard Lake St Mary (Orchard Lake),51,Brother Rice (Bloomfield Hills),10,0,MI,MI
9,Ottawa Lake Whiteford (Ottawa Lake),30,White Pigeon,16,0,MI,MI
9,Petersburg Summerfield (Petersburg),70,Vanlue (Vanlue),0,0,MI,
9,Pittsford,46,Waldron,14,0,MI,MI
9,Reading (Reading),36,Sand Creek,18,0,MI,MI
9,Novi Detroit Catholic Central (Novi),55,Grand Ledge,0,0,MI,MI
9,Warren De La Salle (Warren),49,St John's Jesuit (Toledo),14,0,MI,
9,Lutheran Westland,21,Erie Mason (Erie),20,0,MI,MI
9,Redford Westfield Prep (Redford Charter Twp),6,Dearborn Divine Child (Dearborn),43,0,MI,MI
9,Carlisle,0,State College,60,0,PA,PA
9,Butler,20,Wheeling Park (Wheeling),47,0,PA,WV
9,Connellsville,27,Uniontown,6,0,PA,PA
9,Indiana,0,McKeesport (McKeesport),54,0,PA,PA
9,Pine-Richland (Gibsonia),21,North Allegheny (Wexford),28,0,PA,PA
9,Brownsville (Brownsville),6,Albert Gallatin (Uniontown),48,0,PA,PA
9,Farrell (Farrell),54,Reynolds (Greenville),7,0,PA,PA
9,Carrick (Pittsburgh),12,Wheeling Central Catholic (Wheeling),49,0,PA,WV
9,Perry Traditional Academy (Pittsburgh),0,Westinghouse (Pittsburgh),68,1,PA,PA
9,Cameron County,46,Smethport (Smethport),18,0,PA,PA
9,McDowell (Erie),21,Steubenville (Steubenville),44,0,PA,
9,Warren,7,Meadville,56,0,PA,PA
9,General McLane (Edinboro),32,Cathedral Prep (Erie),39,0,PA,PA
9,Harbor Creek (Harborcreek),7,Corry (Corry),28,0,PA,PA
9,Oil City (Oil City),48,Franklin,6,0,PA,PA
9,Grove City,7,Conneaut Area (Linesville),40,0,PA,PA
9,Hickory (Hermitage),56,Slippery Rock,0,0,PA,PA
9,Titusville (Titusville),22,Sharon (Sharon),63,0,PA,PA
9,Girard (Girard),18,Fort LeBoeuf,52,0,PA,PA
9,Mercyhurst Prep (Erie),48,Eisenhower,21,0,PA,PA
9,Cambridge Springs,22,Lakeview,12,0,PA,PA
9,Iroquois,0,Seneca,33,0,PA,PA
9,Kennedy Catholic (Hermitage),0,Mercer,1,0,PA,PA
9,Sharpsville,17,Wilmington (New Wilmington),34,0,PA,PA
9,Cochranton,0,Saegertown,55,0,PA,PA
9,Columbia City,49,Norwell,7,0,IN,IN
9,Fort Wayne Concordia Lutheran,7,Bishop Dwenger (Fort Wayne),41,0,IN,IN
9,Fremont,56,Blackhawk Christian (Fort Wayne),0,0,IN,IN
9,Indian Creek,7,Northview,48,0,IN,IN
9,Bishop Chatard (Indianapolis),0,Elder (Cincinnati),14,0,IN,
9,Cathedral (Indianapolis),28,Warren Central (Indianapolis),34,0,IN,IN
9,Lawrence Central,17,Carmel (Carmel),14,0,IN,IN
9,Lawrence North (Indianapolis),24,Pike,14,0,IN,IN
9,Lawrenceburg (Lawrenceburg),17,South Dearborn (Aurora),14,0,IN,IN
9,Linton-Stockton (Linton),44,Phalen Academy,18,0,IN,IN
9,Mt. Vernon (Fortville),27,Yorktown,28,0,IN,IN
9,Richmond (Richmond),14,Muncie Central,55,0,IN,IN
9,Roncalli (Indianapolis),17,East Central (St Leon),7,0,IN,IN
9,West Vigo,12,Sullivan,7,0,IN,IN
9,Southside Crimson Knights (club),6,Crispus Attucks (Indianapolis),64,0,IN,IN
9,Saint Frances Academy (Baltimore),48,Center Grove (Greenwood),10,0,MD,IN
9,Good Counsel (Wheaton),7,DeMatha Catholic (Hyattsville),35,0,MD,MD
9,Riverdale Baptist (Upper Marlboro),44,Southern Durham (Durham),6,0,MD,NC
9,St Frances Academy (Regional),6,Football North (via Clarkson SS) (Mississauga),35,0,MD,ON
9,St John the Baptist (West Islip),13,Long Island St Anthony's (South Huntington),34,0,NY,NY
9,Kellenberg Memorial (Uniondale),7,Iona Prep (New Rochelle),42,0,NY,NY
9,Rush-Henrietta (Henrietta),24,Aquinas Institute (Rochester),50,0,NY,NY
9,Christ the King Regional (Middle Village),6,Xavier (New York),35,0,NY,NY
9,St Joseph by-the-Sea (Staten Island),35,John F Kennedy Catholic (Somers),7,0,NY,NY
9,Seton Hall Prep (West Orange),0,Don Bosco Prep (Ramsey),28,0,NJ,NJ
9,Mount Olive (Mount Olive),27,Wayne Valley (Wayne),28,0,NJ,NJ
9,Centralia (Centralia),42,Mt Vernon (Mt Vernon),16,0,IL,IL
9,Mt Carmel (Chicago),35,Fenwick (Oak Park),10,0,IL,IL
9,Legacy Sport Sciences (Spring),34,St Charles Catholic (LaPlace),28,0,TX,LA
9,Sacred Heart (Stittsville),0,St Matthew (Orléans),38,0,ON,ON
9,Ursuline College (The Pines) (Chatham),13,Northern CI (Sarnia),34,0,ON,ON
9,Philip Pocock (Mississauga),0,Clarkson (Mississauga),20,0,ON,ON
9,Iroquois Ridge (Oakville),7,Garth Webb (Oakville),1,0,ON,ON
9,St John's College (Brantford),1,St Andrew's College (Aurora),14,0,ON,ON
9,John F. Ross CVI (Guelph),28,Guelph CVI (Guelph),14,0,ON,ON
9,Centennial CVI (Guelph),38,Bishop Macdonell (Guelph),21,0,ON,ON
9,St James (Guelph),43,Our Lady of Lourdes (Guelph),7,0,ON,ON
9,Mother Teresa (London),7,A. B. Lucas (London),38,0,ON,ON
9,St John Henry Newman (Stoney Creek),6,Bishop Ryan (Hamilton),0,0,ON,ON
9,Medway (Arva),21,Saunders (London),23,0,ON,ON
9,Huron Heights (Newmarket),14,River Rouge (River Rouge),30,0,ON,MI
9,London South (London),35,Parkside (St Thomas),0,0,ON,ON
9,Tillsonburg Glendale (Tillsonburg),7,College Avenue (Woodstock),42,0,ON,ON
9,W.F. Herman (Windsor),30,St Thomas of Villanova (LaSalle),10,0,ON,ON
9,Bishop Tonnos (Ancaster),34,Cathedral (Hamilton),10,0,ON,ON
9,St Michael's College (Toronto),11,Michael Power - St Joseph (Etobicoke),13,1,ON,ON
9,Bishop Reding (Milton),0,Assumption Catholic (Burlington),29,0,ON,ON
9,T.A. Blakelock (Oakville),7,Milton District (Milton),42,0,ON,ON
9,Northern SS (Toronto),24,Richview CI (Etobicoke),15,0,ON,ON
9,Holy Trinity (Kanata),14,St Francis Xavier (Gloucester),36,0,ON,ON
9,Ingersoll (Ingersoll),0,St Joseph's (St Thomas),35,0,ON,ON
9,Stamford Collegiate (Niagara Falls),7,Eden (St Catharines),21,0,ON,ON
9,St Joseph's Catholic (Windsor),14,F. J. Brennan Catholic (Windsor),22,0,ON,ON
9,St Anne Catholic (Belle River),7,Sandwich (Windsor),33,0,ON,ON
9,Cardinal Carter Catholic (Leamington),34,Vincent Massey (Windsor),6,0,ON,ON
9,David Suzuki (Brampton),17,Robert F. Hall (Caledon East),18,0,ON,ON
9,Craig Kielburger (Milton),31,Aldershot (Burlington),6,0,ON,ON
9,Dr Frank J Hayden (Burlington),0,Georgetown (Georgetown),39,0,ON,ON
9,Superior Heights (Sault Ste. Marie),6,St Mary's College (Sault Ste. Marie),26,0,ON,ON
9,Maple Ridge (Barrie),17,Collingwood (Collingwood),7,0,ON,ON
9,Nantyr Shores (Innisfil),23,Eastview (Barrie),6,0,ON,ON
9,St Joseph's (Barrie),37,St Theresa's (Midland),27,0,ON,ON
9,Western Tech (Toronto),28,Etobicoke CI (Etobicoke),10,0,ON,ON
9,Frontenac (Kingston),36,Regiopolis-Notre Dame (Kingston),16,0,ON,ON
9,Westgate (Thunder Bay),35,St Ignatius (Thunder Bay),21,0,ON,ON
9,St Patrick's (Sarnia),7,Chatham-Kent,0,0,ON,ON
9,Crestwood (Cavan Monaghan),0,Holy Cross (Peterborough),35,0,ON,ON
9,Bayside (Belleville),14,Centennial (Belleville),13,0,ON,ON
9,Cardinal Ambrozic (Brampton),7,Humberview (Caledon),14,0,ON,ON
9,St Patrick (Thunder Bay),21,Hammarskjold (Thunder Bay),7,0,ON,ON
9,Bluevale CI (Waterloo),26,Grand River CI (Kitchener),6,0,ON,ON
9,Waterloo-Oxford District SS (Baden),16,Laurel Heights (Waterloo),42,0,ON,ON
9,St Mary's (Owen Sound),19,Saugeen (Port Elgin),23,0,ON,ON
9,Bishop Allen (Etobicoke),16,Villanova College (King City),6,0,ON,ON
9,James Cardinal McGuigan (North York),8,Woodbridge College (Woodbridge),9,0,ON,ON
9,Simcoe CS (Simcoe),29,Pauline Johnson (Brantford),7,0,ON,ON
9,Delhi (Delhi),36,Holy Trinity (Simcoe),3,0,ON,ON
9,La Salle (Kingston),35,Bayridge (Kingston),8,0,ON,ON
9,Governor Simcoe (St Catharines),29,St Catharines Collegiate (St Catharines),0,0,ON,ON
9,Lathrop (Fairbanks),42,North Pole (North Pole),13,0,AK,AK
9,Lake Nona (Orlando),36,Timber Creek (Orlando),7,0,FL,FL
9,Benedictine Military School (Savannah),40,Wayne County (Jesup),0,0,GA,GA
9,Mallard Creek (Charlotte),0,W. A. Hough (Cornelius),33,0,NC,NC
9,Simon Sanchez (Yigo),22,John F. Kennedy (Tamuning),6,0,GU,GU
9,Aiken (Cincinnati),0,Taft (Cincinnati),50,0,,
9,Buchtel (Akron),14,East (Akron),22,0,,
9,Chaminade Julienne (Dayton),0,Badin (Hamilton),14,0,,
9,Cleveland Central Catholic (Cleveland),14,John F Kennedy (Warren),44,0,,
9,Cleveland Heights (Cleveland Heights),70,Euclid (Euclid),27,0,,
9,Conotton Valley (Bowerston),47,Catholic Central (Steubenville),26,0,,
9,Danbury (Lakeside),64,Stryker (Stryker),32,0,,
9,Dayton Christian (Miamisburg),7,Shroder (Cincinnati),46,0,,
9,Grand Valley (Orwell),8,St John School (Ashtabula),26,0,,
9,Malvern (Malvern),41,Tuscarawas Central Catholic (New Philadelphia),0,0,,
9,Preble Shawnee (Camden),13,Ansonia (Ansonia),24,0,,
9,St Edward (Lakewood),30,Archbishop Moeller (Cincinnati),35,0,,
9,Union Local (Belmont),50,Bellaire (Bellaire),18,0,,
9,United (Hanoverton),45,Valley Christian School (Youngstown),14,0,,
9,Columbus Crusaders (club) (Columbus),58,Calumet Christian (Griffith),6,0,,IN
9,Peebles (club) (Peebles),52,North Adams (club) (Seaman),16,0,,
9,Frankfort (Ridgeley),27,Williamstown (Williamstown),7,0,WV,WV
9,Man,34,Hundred (Hundred),0,0,WV,WV
9,Fairview (Ashland),59,Phelps,28,1,KY,KY
9,Britton-Deerfield (Britton),80,Burr Oak,20,0,MI,MI
9,North East (North East),7,Fairview (Fairview),24,0,PA,PA
9,Northwestern (Albion),28,Union City,6,0,PA,PA
9,Maplewood (Guys Mills),20,Greenville,50,0,PA,PA
9,Erie (Erie),6,Canisius (Buffalo),31,0,PA,NY
9,Roman Catholic (Philadelphia),20,Saint Joseph's Prep (Philadelphia),48,0,PA,PA
9,Life Christian Academy (Chester),0,Benedictine Prep (Richmond),62,0,VA,VA
9,St John's College (Washington),0,Bishop McNamara (Forestville),28,0,DC,MD
9,Bishop Timon - St Jude (Buffalo),28,St Francis (Hamburg),50,0,NY,NY
9,Monsignor Farrell (Staten Island),24,Archbishop Stepinac (White Plains),14,0,NY,NY
9,Fordham Prep (Bronx),18,St Peter's (Staten Island),20,0,NY,NY
9,St Dominic (Oyster Bay),18,Cardinal Spellman (Bronx),6,0,NY,NY
9,Delbarton School (Morristown),13,Bergen Catholic (Oradell),42,0,NJ,NJ
9,Pennington (Pennington),42,Long Island Lutheran (Brookville),13,0,NJ,NY
9,North Park (Brantford),7,Paris District (Paris),34,0,ON,ON
9,McKinnon Park (Caledonia),41,Waterford (Waterford),21,0,ON,ON
9,Bartlett (Anchorage),6,Dimond (Anchorage),36,0,AK,AK
9,Chugiak (Eagle River),7,Soldotna (Soldotna),56,0,AK,AK
9,Homer (Homer),16,Kenai-Central (Kenai),0,1,AK,AK
9,West Anchorage (Anchorage),34,Bettye Davis East Anchorage (Anchorage),14,0,AK,AK
9,Guam High (Agana Heights),40,Okkodo (Dededo),0,0,GU,GU
9,Tiyan (Barrigada),6,Southern (Santa Rita),53,0,GU,GU
9,St Francis Prep (Fresh Meadows),34,Mt St Michael Academy (Bronx),7,0,NY,NY
9,Cardinal Hayes (Bronx),16,Chaminade (Mineola),14,0,NY,NY
9,Xaverian (Brooklyn),13,Holy Cross (Flushing),20,0,NY,NY
9,Moore Catholic (Staten Island),14,Holy Trinity - Long Island (Hicksville),7,0,NY,NY
10,Keystone (La Grange),7,Clearview (Lorain),6,0,,
10,Colonel By (Gloucester),19,St Matthew (Orléans),27,0,ON,ON
10,St Mark (Manotick),23,St Francis Xavier (Gloucester),21,0,ON,ON
10,Holy Trinity (Kanata),27,Ashbury College (Ottawa),22,0,ON,ON
10,Glenview Park (Cambridge),43,Galt CI (Cambridge),7,0,ON,ON
10,Belmont (Dayton),2,Meadowdale (Dayton),22,0,,
10,Clarkson (Mississauga),35,Cardinal Ambrozic (Brampton),0,0,ON,ON
10,Wallaceburg District (Wallaceburg),1,Lambton Central (Petrolia),32,0,ON,ON
10,Nelson (Burlington),42,Garth Webb (Oakville),0,0,ON,ON
10,Mother Teresa (London),6,Oakridge (London),30,0,ON,ON
10,Parkside (St Thomas),10,Saunders (London),7,1,ON,ON
10,Birchmount Park CI (Scarborough),37,York Memorial CI (York),0,0,ON,ON
10,St David (Waterloo),0,Resurrection (Kitchener),63,0,ON,ON
10,Aldershot (Burlington),0,Abbey Park (Oakville),35,0,ON,ON
10,St Joan of Arc (Barrie),32,Patrick Fogarty (Orillia),6,0,ON,ON
10,Bernie Custis (Hamilton),0,MacNab (Hamilton),34,0,ON,ON
10,Nora Frances Henderson (Hamilton),5,Orchard Park (Stoney Creek),2,0,ON,ON
10,Bear Creek (Barrie),25,Nantyr Shores (Innisfil),15,0,ON,ON
10,Collingwood (Collingwood),16,Barrie North (Barrie),30,0,ON,ON
10,St Benedict (Cambridge),15,St Mary's (Kitchener),24,0,ON,ON
10,Owen Sound District (Owen Sound),10,Saugeen (Port Elgin),8,0,ON,ON
10,Malvern CI (Toronto),48,Lakeshore CI (Toronto),14,0,ON,ON
10,Regiopolis-Notre Dame (Kingston),55,Kingston (Kingston),7,0,ON,ON
10,Adena (Frankfort),21,Huntington (Chillicothe),27,0,,
10,Arcadia (Arcadia),7,Arlington (Arlington),41,0,,
10,Beechcroft (Columbus),14,Northland (Columbus),17,0,,
10,Chaminade Julienne (Dayton),6,Archbishop Alter (Kettering),31,0,,
10,Dunbar (Dayton),40,Ponitz Tech (Dayton),0,0,,
10,Garfield Heights (Garfield Heights),24,Shaw (East Cleveland),21,0,,
10,Lutheran East (Cleveland Heights),36,John F Kennedy (Warren),15,0,,
10,St Thomas Aquinas (Louisville),7,Canton Central Catholic (Canton),54,0,,
10,South (Columbus),8,Marion-Franklin (Columbus),24,0,,
10,Spencerville (Spencerville),54,Jefferson (Delphos),7,0,,
10,Springfield (Springfield),48,Northmont (Clayton),7,0,,
10,Woodward (Toledo),6,Waite (Toledo),26,0,,
10,Bellevue (Bellevue),6,Newport Central Catholic,54,0,KY,KY
10,Grand Rapids West Catholic (Grand Rapids),20,Zeeland West (Zeeland),34,0,MI,MI
10,Assumption Catholic (Burlington),42,St Ignatius of Loyola (Oakville),7,0,ON,ON
10,Trinity College (Port Hope),7,Upper Canada College (Toronto),28,0,ON,ON
10,Brampton Centennial (Brampton),21,Fletcher's Meadow (Brampton),14,0,ON,ON
10,Chatham-Kent,0,Northern CI (Sarnia),7,0,ON,ON
10,Ancaster (Ancaster),29,Saltfleet (Stoney Creek),36,0,ON,ON
10,Sherwood (Hamilton),7,Westmount (Hamilton),42,0,ON,ON
10,Glendale (Hamilton),3,Westdale (Hamilton),41,0,ON,ON
10,Assumption College (Brantford),23,Brantford Collegiate Institute (Brantford),28,0,ON,ON
10,Montcalm (London),0,College Avenue (Woodstock),35,0,ON,ON
10,London South (London),42,Medway (Arva),14,0,ON,ON
10,Tillsonburg Glendale (Tillsonburg),12,St Joseph's (St Thomas),47,0,ON,ON
10,St Michael's College (Toronto),16,Brebeuf College (North York),30,1,ON,ON
10,Holy Trinity Catholic SS (Courtice),21,Brooklin (Brooklin),20,0,ON,ON
10,Christ the King (Georgetown),7,Holy Trinity Catholic (Oakville),45,0,ON,ON
10,Chaminade College School (North York),3,Michael Power - St Joseph (Etobicoke),6,0,ON,ON
10,Paris District (Paris),27,North Park (Brantford),2,0,ON,ON
10,Senator O'Connor (Toronto),37,Woodbridge College (Woodbridge),7,0,ON,ON
10,Leaside (East York),40,Central Tech (Toronto),8,0,ON,ON
10,Waterloo Collegiate Institute (Waterloo),20,Grand River CI (Kitchener),29,0,ON,ON
10,O'Neill CVI (Oshawa),7,Paul Dwyer (Oshawa),28,0,ON,ON
10,Ingersoll (Ingersoll),28,Strathroy District (Strathroy),27,0,ON,ON
10,Burlington Central (Burlington),0,M. M. Robinson (Burlington),35,0,ON,ON
10,St Anne Catholic (Belle River),0,Holy Names (Windsor),34,0,ON,ON
10,Craig Kielburger (Milton),34,Milton District (Milton),7,0,ON,ON
10,Dundas Valley (Dundas),7,Waterdown (Waterdown),42,0,ON,ON
10,Eastview (Barrie),48,Banting Memorial (Alliston),14,0,ON,ON
10,Maple Ridge (Barrie),8,Innisdale (Barrie),0,0,ON,ON
10,Sir Wilfrid Laurier (Orléans),15,Sacred Heart (Stittsville),7,0,ON,ON
10,Thomas A. Stewart (Peterborough),7,Adam Scott (Peterborough),14,1,ON,ON
10,Fenelon Falls (Fenelon Falls),0,Holy Cross (Peterborough),26,0,ON,ON
10,Eastside (Belleville),8,Bayside (Belleville),16,0,ON,ON
10,l'Essor (Tecumseh),41,St Joseph's Catholic (Windsor),7,0,ON,ON
10,North Star (Amherstburg),21,Riverside (Windsor),7,0,ON,ON
10,Laurel Heights (Waterloo),28,Jacob Hespeler SS (Cambridge),45,1,ON,ON
10,Lawrence Park CI (Toronto),28,Newtonbrook (North York),14,0,ON,ON
10,Bayridge (Kingston),7,Frontenac (Kingston),43,0,ON,ON
10,Ernestown (Odessa),0,Sydenham (Sydenham),43,0,ON,ON
10,Greater Fort Erie (Fort Erie),20,Sir Winston Churchill (St Catharines),23,0,ON,ON
10,West Niagara (Lincoln),0,A.N. Myer (Niagara Falls),45,0,ON,ON
10,Eden (St Catharines),0,Governor Simcoe (St Catharines),34,0,ON,ON
10,Timber Creek (Orlando),7,Winter Park (Winter Park),21,0,FL,FL
10,Anderson (Cincinnati),49,Loveland (Loveland),23,0,,
10,Ansonia (Ansonia),70,Mississinawa Valley (Union City),6,0,,
10,Athens (The Plains),14,Nelsonville-York (Nelsonville),19,0,,
10,Avon (Avon),42,Avon Lake (Avon Lake),10,0,,
10,Ayersville (Defiance),13,Wayne Trace (Haviland),48,0,,
10,Badin (Hamilton),10,Archbishop McNicholas (Cincinnati),6,0,,
10,Bay (Bay Village),35,Rocky River (Rocky River),21,0,,
10,Beachwood (Beachwood),7,Wickliffe (Wickliffe),44,0,,
10,Beaver Local (East Liverpool),28,Lakeview (Cortland),31,0,,
10,Beavercreek (Beavercreek),7,Kettering Fairmont (Kettering),20,0,,
10,Bedford (Bedford),37,Warrensville Heights (Warrensville Heights),0,0,,
10,Bellaire (Bellaire),8,Martins Ferry (Martins Ferry),34,0,,
10,Bellefontaine (Bellefontaine),35,Kenton Ridge (Springfield),0,0,,
10,Bellevue (Bellevue),12,Vermilion (Vermilion),26,0,,
10,Belpre (Belpre),0,Waterford (Waterford),55,0,,
10,Berea-Midpark (Berea),34,Elyria (Elyria),21,0,,
10,Bexley (Columbus),0,Worthington Christian (Worthington),35,0,,
10,Bishop Hartley (Columbus),48,St Charles (Columbus),27,0,,
10,Bishop Rosecrans (Zanesville),30,Millersport (Millersport),12,0,,
10,Black River (Sullivan),30,Columbia (Columbia Station),35,0,,
10,Blanchester (Blanchester),38,East Clinton (Sabina),6,0,,
10,Bloom-Carroll (Carroll),41,Circleville (Circleville),7,0,,
10,Boardman (Youngstown),42,Canfield (Canfield),17,0,,
10,Bradford (Bradford),0,Arcanum (Arcanum),30,0,,
10,Brecksville-Broadview Heights (Broadview Heights),13,Nordonia (Macedonia),49,0,,
10,Bridgeport (Bridgeport),7,Cameron (Cameron),62,0,,WV
10,Briggs (Columbus),42,West (Columbus),8,0,,
10,Brunswick (Brunswick),9,Strongsville (Strongsville),19,0,,
10,Brush (Lyndhurst),7,Elyria Catholic (Elyria),49,0,,
10,Bryan (Bryan),10,Archbold (Archbold),45,0,,
10,Buchtel (Akron),36,North (Akron),0,0,,
10,Buckeye (Medina),51,Lakewood (Lakewood),14,0,,
10,Buckeye Central (New Washington),7,Upper Sandusky (Upper Sandusky),42,0,,
10,Buckeye Local (Rayland),14,Harrison Central (Cadiz),34,0,,
10,Butler (Vandalia),27,Stebbins (Riverside),19,0,,
10,Caldwell (Caldwell),37,Shenandoah (Sarahsville),0,0,,
10,Cardinal (Middlefield),0,Kirtland (Kirtland),33,0,,
10,Cardinal Mooney (Youngstown),0,Ursuline (Youngstown),30,0,,
10,Cardington-Lincoln (Cardington),12,Mount Gilead (Mount Gilead),28,0,,
10,Carey (Carey),60,Bucyrus (Bucyrus),6,0,,
10,Carlisle (Carlisle),7,Eaton (Eaton),34,0,,
10,Central Catholic (Toledo),14,Muskegon Mona Shores (Muskegon),13,0,,MI
10,Central Crossing (Grove City),0,Grove City (Grove City),38,0,,
10,Chagrin Falls (Chagrin Falls),6,Berkshire (Burton),13,0,,
10,Champion (Warren),35,Newton Falls (Newton Falls),8,0,,
10,Chardon (Chardon),25,Riverside (Painesville),14,0,,
10,Chesapeake (Chesapeake),13,Fairland (Proctorville),48,0,,
10,Chippewa (Doylestown),0,Smithville (Smithville),9,0,,
10,Cincinnati Country Day (Cincinnati),40,St Bernard-Elmwood Place (St Bernard),26,0,,
10,Clearview (Lorain),42,Brookside (Sheffield),10,0,,
10,Clinton-Massie (Clarksville),42,New Richmond (New Richmond),0,0,,
10,Clyde (Clyde),34,Norwalk (Norwalk),0,0,,
10,Colerain (Cincinnati),3,Princeton (Cincinnati),41,0,,
10,Colonel Crawford (North Robinson),42,Wynford (Bucyrus),6,0,,
10,Tiffin Columbian (Tiffin),7,Perkins (Sandusky),42,0,,
10,Columbus Academy (Gahanna),14,Bishop Ready (Columbus),23,0,,
10,Columbus Grove (Columbus Grove),42,Bluffton (Bluffton),0,0,,
10,Copley (Copley),0,Tallmadge (Tallmadge),31,0,,
10,Cory-Rawson (Rawson),0,Gibsonburg (Gibsonburg),48,0,,
10,Coventry (Akron),7,Norton (Norton),39,0,,
10,Crestview (Columbiana),58,LaBrae (Leavittsburg),25,0,,
10,Crestview (Convoy),3,Lima Central Catholic (Lima),10,0,,
10,Cuyahoga Falls (Cuyahoga Falls),6,Barberton (Barberton),49,0,,
10,Cuyahoga Heights (Cuyahoga Heights),41,Brooklyn (Brooklyn),8,0,,
10,Danville (Danville),36,East Knox (Howard),6,0,,
10,Lisbon David Anderson (Lisbon),35,Wellsville (Wellsville),28,0,,
10,Delta (Delta),21,Evergreen (Metamora),27,0,,
10,Dixie (New Lebanon),0,Preble Shawnee (Camden),62,0,,
10,Dover (Dover),24,New Philadelphia (New Philadelphia),42,0,,
10,Dublin Scioto (Dublin),24,Westerville North (Westerville),41,0,,
10,East (Columbus),20,Linden McKinley (Columbus),28,0,,
10,Youngstown East (Youngstown),14,Chaney (Youngstown),13,0,,
10,Sciotoville Community (Portsmouth),6,Notre Dame (Portsmouth),48,0,,
10,East Canton (East Canton),0,Malvern (Malvern),34,0,,
10,Eastmoor Academy (Columbus),13,Africentric Early College (Columbus),48,0,,
10,East Technical (Cleveland),6,Collinwood (Cleveland),8,0,,
10,Edgerton (Edgerton),0,Tinora (Defiance),24,0,,
10,Edgewood (Ashtabula),18,Lakeside (Ashtabula),36,0,,
10,Edgewood (Trenton),21,Monroe (Monroe),19,0,,
10,Edison (Milan),28,Huron (Huron),3,0,,
10,Edison (Richmond),13,Indian Creek (Wintersville),20,0,,
10,Edon (Edon),14,Ottawa Hills (Toledo),55,0,,
10,Elida (Elida),49,Van Wert (Van Wert),34,0,,
10,Fairbanks (Milford Center),27,West Liberty-Salem (West Liberty),29,0,,
10,Fairfield Christian Academy (Lancaster),6,Berne Union (Sugar Grove),7,0,,
10,Fairfield Union (Lancaster),23,John Marshall (Glen Dale),6,0,,WV
10,Fairless (Brewster),14,Tuslaw (Massillon),10,0,,
10,Fairport Harding (Fairport Harbor),25,Windham (Windham),41,0,,
10,Fairview (Fairview Park),47,Crestwood (Mantua),46,0,,
10,Fairview (Sherwood),34,Hicksville (Hicksville),12,0,,
10,Fayetteville (Fayetteville),6,Bethel-Tate (Bethel),54,0,,
10,Bishop Fenwick (Franklin),19,Archbishop Carroll (Dayton),7,0,,
10,Field (Mogadore),6,Ravenna (Ravenna),3,0,,
10,Findlay (Findlay),42,Sylvania Northview (Sylvania),6,0,,
10,Finneytown (Cincinnati),3,Wyoming (Cincinnati),36,0,,
10,Fort Frye (Beverly),35,Point Pleasant (Point Pleasant),7,0,,WV
10,Fort Loramie (Fort Loramie),31,Allen East (Harrod),21,0,,
10,Fort Recovery (Fort Recovery),7,Minster (Minster),49,0,,
10,Fostoria (Fostoria),29,Rossford (Rossford),21,0,,
10,Franklin (Franklin),7,Brookville (Brookville),23,0,,
10,Franklin Heights (Columbus),8,Delaware Hayes (Delaware),38,0,,
10,Fredericktown (Fredericktown),21,Centerburg (Centerburg),35,0,,
10,Fremont Ross (Fremont),49,Bowling Green (Bowling Green),0,0,,
10,Frontier (New Matamoras),7,River (Hannibal),6,0,,
10,Garfield (Garrettsville),41,Brookfield (Brookfield),14,0,,
10,Geneva (Geneva),56,Jefferson Area (Jefferson),22,0,,
10,Genoa Area (Genoa),27,Eastwood (Pemberville),42,0,,
10,Gilmour Academy (Gates Mills),14,Villa Angela-St Joseph (Cleveland),48,0,,
10,Glenville (Cleveland),41,John F Kennedy (Cleveland),0,0,,
10,Goshen (Goshen),25,Batavia (Batavia),62,0,,
10,Graham Local (St Paris),6,Benjamin Logan (Bellefontaine),19,0,,
10,Green (Franklin Furnace),8,Eastern (Beaver),46,0,,
10,Green (Uniontown),21,Lake (Uniontown),49,0,,
10,Greeneview (Jamestown),42,Cedarville (Cedarville),8,0,,
10,Greenon (Enon),24,Southeastern Local (South Charleston),28,0,,
10,Greenville (Greenville),8,West Carrollton (West Carrollton),30,0,,
10,Grove City Christian (Grove City),20,Fisher Catholic (Lancaster),14,0,,
10,Marion Harding (Marion),21,Galion (Galion),33,0,,
10,Warren G Harding (Warren),35,Austintown-Fitch (Austintown),21,0,,
10,Hardin Northern (Dola),28,Elgin (Marion),32,0,,
10,Harvey (Painesville),34,Lutheran West (Rocky River),21,0,,
10,Hawken (Gates Mills),0,Perry (Perry),68,0,,
10,Highland (Medina),34,Aurora (Aurora),0,0,,
10,Highland (Marengo),7,Ontario (Ontario),33,0,,
10,Hilliard Bradley (Hilliard),28,Dublin Coffman (Dublin),49,0,,
10,Holy Name (Parma Heights),10,West Holmes (Millersburg),42,0,,
10,Hoover (North Canton),20,Jackson (Massillon),23,0,,
10,Hopewell-Loudon (Bascom),26,Calvert (Tiffin),0,0,,
10,Hudson (Hudson),10,Solon (Solon),31,0,,
10,Hughes (Cincinnati),16,Aiken (Cincinnati),30,0,,
10,Indian Valley (Gnadenhutten),42,Claymont (Uhrichsville),0,0,,
10,Ironton (Ironton),50,Portsmouth (Portsmouth),0,0,,
10,Jackson (Jackson),43,Chillicothe (Chillicothe),14,0,,
10,Jackson-Milton (North Jackson),6,Western Reserve (Berlin Center),27,0,,
10,John Adams (Cleveland),14,John Hay (Cleveland),20,0,,
10,Kenton (Kenton),48,Shawnee (Lima),47,0,,
10,Keystone (La Grange),34,Oberlin (Oberlin),0,0,,
10,Kings (Kings Mills),42,Walnut Hills (Cincinnati),0,0,,
10,River Valley (Bidwell),0,Trimble (Glouster),58,0,,
10,Lake Catholic (Mentor),26,Notre Dame-Cathedral Latin (Chardon),17,0,,
10,Lakota (Kansas),17,Woodmore (Elmore),21,0,,
10,Lakota East (Liberty Township),24,Oak Hills (Cincinnati),6,0,,
10,Lakota West (West Chester),41,Mason (Mason),0,0,,
10,Lancaster (Lancaster),25,Newark (Newark),36,0,,
10,La Salle (Cincinnati),35,Elder (Cincinnati),24,0,,
10,Lebanon (Lebanon),14,Winton Woods (Cincinnati),28,0,,
10,Lehman Catholic (Sidney),14,Northridge (Dayton),46,0,,
10,Leipsic (Leipsic),26,Ada (Ada),29,0,,
10,Lexington (Lexington),21,Ashland (Ashland),30,0,,
10,Liberty Center (Liberty Center),52,Wauseon (Wauseon),0,0,,
10,Liberty Union (Baltimore),14,Amanda-Clearcreek (Amanda),50,0,,
10,Lima Senior (Lima),20,Start (Toledo),48,0,,
10,Gahanna Lincoln (Gahanna),17,Pickerington North (Pickerington),6,0,,
10,Logan Elm (Circleville),34,Hamilton Township (Columbus),32,0,,
10,Lorain (Lorain),34,Maple Heights (Maple Heights),32,0,,
10,Louisville (Louisville),20,Wooster (Wooster),17,0,,
10,Lowellville (Lowellville),12,Springfield (New Middletown),43,0,,
10,Madeira (Cincinnati),20,Deer Park (Cincinnati),14,0,,
10,Madison (Madison),43,Conneaut (Conneaut),6,0,,
10,Madison-Plains (London),27,Catholic Central (Springfield),7,0,,
10,Manchester (New Franklin),6,Cuyahoga Valley Christian Academy (Cuyahoga Falls),17,0,,
10,Manchester (Manchester),24,Miller (Corning),57,0,,
10,Mansfield Senior (Mansfield),6,Madison Comprehensive (Mansfield),16,0,,
10,Mapleton (Ashland),14,Crestview (Ashland),40,0,,
10,Mariemont (Cincinnati),6,Reading (Reading),37,0,,
10,Marietta (Marietta),16,Warren (Vincent),35,0,,
10,Marion Local (Maria Stein),35,Coldwater (Coldwater),0,0,,
10,Marlington (Alliance),10,Alliance (Alliance),47,0,,
10,Marysville (Marysville),31,Hilliard Darby (Hilliard),25,0,,
10,Maysville (Zanesville),17,Crooksville (Crooksville),14,0,,
10,McClain (Greenfield),10,Hillsboro (Hillsboro),41,0,,
10,McComb (McComb),39,Elmwood (Bloomdale),0,0,,
10,Niles McKinley (Niles),8,Girard (Girard),42,0,,
10,Meigs (Pomeroy),27,Alexander (Albany),12,0,,
10,St Marys Memorial (St Marys),37,Bath (Lima),29,0,,
10,Mentor (Mentor),51,Euclid (Euclid),14,0,,
10,Miami East (Casstown),42,Covington (Covington),14,0,,
10,Miami Trace (Washington Court House),21,Washington (Washington Court House),14,0,,
10,Middletown (Middletown),28,Fairfield (Fairfield),21,0,,
10,Midview (Grafton),10,Olmsted Falls (Olmsted Falls),31,0,,
10,Milford (Milford),21,Turpin (Cincinnati),24,0,,
10,Mineral Ridge (Mineral Ridge),14,McDonald (McDonald),33,0,,
10,Minerva (Minerva),6,Carrollton (Carrollton),36,0,,
10,Minford (Minford),0,Valley (Lucasville),39,0,,
10,Archbishop Moeller (Cincinnati),52,Muskegon (Muskegon),27,0,,MI
10,Mohawk (Sycamore),21,Seneca East (Attica),13,0,,
10,Monroe Central (Woodsfield),52,Shadyside (Shadyside),0,0,,
10,Montpelier (Montpelier),40,Hilltop (West Unity),6,0,,
10,Mount Healthy (Cincinnati),46,Waverly (Waverly),21,0,,
10,Mount Vernon (Mount Vernon),14,Granville (Granville),53,0,,
10,National Trail (New Paris),0,Tri-Village (New Madison),45,0,,
10,New Albany (New Albany),38,Westerville Central (Westerville),13,0,,
10,Newark Catholic (Newark),0,Johnstown (Johnstown),49,0,,
10,New Bremen (New Bremen),17,St John's (Delphos),7,0,,
10,Newcomerstown (Newcomerstown),28,Buckeye Trail (Lore City),44,0,,
10,New Lexington (New Lexington),36,Sheridan (Thornville),10,0,,
10,New Miami (Hamilton),14,Miami Valley Christian Academy (Cincinnati),63,0,,
10,Normandy (Parma),28,Valley Forge (Parma Heights),42,0,,
10,North (Eastlake),7,Kenston (Chagrin Falls),42,0,,
10,North Baltimore (North Baltimore),14,Upper Scioto Valley (McGuffey),36,0,,
10,North Central (Pioneer),0,Reading (Reading),40,0,,MI
10,North College Hill (Cincinnati),8,Purcell Marian (Cincinnati),30,0,,
10,Northeastern (South Vienna),40,West Jefferson (West Jefferson),13,0,,
10,Northmor (Galion),50,Loudonville (Loudonville),0,0,,
10,North Olmsted (North Olmsted),35,Westlake (Westlake),14,0,,
10,Northridge (Johnstown),56,Lakewood (Hebron),28,0,,
10,North Ridgeville (North Ridgeville),26,Amherst Steele (Amherst),7,0,,
10,North Royalton (North Royalton),44,Wadsworth (Wadsworth),37,0,,
10,North Union (Richwood),6,Indian Lake (Lewistown),27,0,,
10,Northwest (Canal Fulton),24,Canton South (Canton),21,0,,
10,Northwest (Cincinnati),6,Harrison (Harrison),42,0,,
10,Norwayne (Creston),45,Hillsdale (Jeromesville),21,0,,
10,Oak Harbor (Oak Harbor),49,Lake (Millbury),20,0,,
10,Oak Hill (Oak Hill),35,Northwest (McDermott),55,0,,
10,Oakwood (Dayton),34,Madison (Middletown),56,0,,
10,Olentangy (Lewis Center),11,Olentangy Berlin (Delaware),14,0,,
10,Olentangy Liberty (Powell),50,Olentangy Orange (Lewis Center),22,0,,
10,Orange (Pepper Pike),25,West Geauga (Chesterland),22,0,,
10,Orrville (Orrville),35,Triway (Wooster),54,0,,
10,Otsego (Tontogany),17,Maumee (Maumee),41,0,,
10,Ottawa-Glandorf (Ottawa),10,Defiance (Defiance),22,0,,
10,Padua Franciscan (Parma),0,Walsh Jesuit (Cuyahoga Falls),42,0,,
10,Parkway (Rockford),0,Anna (Anna),46,0,,
10,Patrick Henry (Hamler),39,Swanton (Swanton),0,0,,
10,Paulding (Paulding),46,Antwerp (Antwerp),6,0,,
10,Perry (Lima),10,Ridgedale (Morral),7,0,,
10,Perry (Massillon),38,GlenOak (Canton),21,0,,
10,Perrysburg (Perrysburg),14,Anthony Wayne (Whitehouse),31,0,,
10,Philo (Duncan Falls),13,Morgan (McConnelsville),14,0,,
10,Piqua (Piqua),44,Fairborn (Fairborn),27,0,,
10,Plymouth (Plymouth),14,South Central (Greenwich),29,0,,
10,Poland Seminary (Poland),14,Struthers (Struthers),7,0,,
10,Pymatuning Valley (Andover),61,Grand Valley (Orwell),6,0,,
10,Reynoldsburg (Reynoldsburg),21,Pickerington Central (Pickerington),52,0,,
10,Rhodes (Cleveland),50,John Marshall (Cleveland),18,0,,
10,Ridgewood (West Lafayette),22,Garaway (Sugarcreek),14,0,,
10,Rittman (Rittman),55,Northwestern (West Salem),48,0,,
10,Riverdale (Mt Blanchard),7,Pandora-Gilboa (Pandora),37,0,,
10,Riverside (De Graff),14,Milton-Union (West Milton),28,0,,
10,River Valley (Caledonia),10,Clear Fork (Bellville),34,0,,
10,River View (Warsaw),6,Coshocton (Coshocton),55,0,,
10,Rock Hill (Ironton),3,Dawson-Bryant (Coal Grove),43,0,,
10,Roger Bacon (St Bernard),69,Norwood (Norwood),6,0,,
10,Rogers (Toledo),26,Clay (Oregon),70,0,,
10,Kent Roosevelt (Kent),7,Revere (Richfield),17,0,,
10,Rootstown (Rootstown),7,Mogadore (Mogadore),28,0,,
10,Ross (Hamilton),7,Bellbrook (Bellbrook),14,0,,
10,St Clairsville (St Clairsville),55,Cambridge (Cambridge),8,0,,
10,St Francis DeSales (Columbus),7,Bishop Watterson (Columbus),44,0,,
10,St John School (Ashtabula),30,Mathews (Vienna),0,0,,
10,St John's Jesuit (Toledo),42,U of D Jesuit (Detroit),0,0,,MI
10,St Joseph Central Catholic (Fremont),34,Danbury (Lakeside),14,0,,
10,St Paul (Norwalk),29,Monroeville (Monroeville),28,0,,
10,St Vincent-St Mary (Akron),8,Benedictine (Cleveland),39,0,,
10,Salem (Salem),7,West Branch (Beloit),26,0,,
10,Sandusky (Sandusky),28,Port Clinton (Port Clinton),19,0,,
10,Scott (Toledo),0,Bowsher (Toledo),23,0,,
10,Shawnee (Springfield),20,Northwestern (Springfield),35,0,,
10,Shelby (Shelby),33,Pleasant (Marion),14,0,,
10,Shroder (Cincinnati),64,Innovation Academy (Springfield),0,0,,TN
10,South (Willoughby),14,Mayfield (Mayfield),17,0,,
10,Southeast (Ravenna),19,Liberty (Youngstown),39,0,,
10,Southeastern (Chillicothe),0,Unioto (Chillicothe),36,0,,
10,South Gallia (Crown City),34,Symmes Valley (Willow Wood),20,0,,
10,Southern (Salineville),46,Leetonia (Leetonia),21,0,,
10,South Point (South Point),12,Gallia Academy (Gallipolis),49,0,,
10,South Range (Canfield),38,Hubbard (Hubbard),0,0,,
10,Springboro (Springboro),10,Miamisburg (Miamisburg),3,0,,
10,Springfield (Akron),0,Woodridge (Peninsula),50,0,,
10,Springfield (Holland),12,Whitmer (Toledo),48,0,,
10,Stow-Munroe Falls (Stow),45,Twinsburg (Twinsburg),28,0,,
10,Streetsboro (Streetsboro),63,Cloverleaf (Seville),15,0,,
10,Stryker (Stryker),12,Waldron,47,0,,MI
10,Summit Country Day (Cincinnati),8,Cincinnati Hills Christian Academy (Cincinnati),40,0,,
10,Sycamore (Cincinnati),3,Hamilton (Hamilton),50,0,,
10,Sylvania Southview (Sylvania),12,Napoleon (Napoleon),33,0,,
10,Taft (Cincinnati),57,Woodward (Cincinnati),0,0,,
10,Taylor (Cleves),28,Indian Hill (Cincinnati),21,0,,
10,Teays Valley (Ashville),24,Logan (Logan),3,0,,
10,Tecumseh (New Carlisle),8,Jonathan Alder (Plain City),41,0,,
10,Tippecanoe (Tipp City),35,Xenia (Xenia),21,0,,
10,Triad (North Lewisburg),0,Mechanicsburg (Mechanicsburg),37,0,,
10,Trinity (Garfield Heights),49,Independence (Independence),27,0,,
10,Tri-Valley (Dresden),38,John Glenn (New Concord),7,0,,
10,Trotwood-Madison (Trotwood),42,Thurgood Marshall (Dayton),0,0,,
10,Troy (Troy),31,Sidney (Sidney),20,0,,
10,Troy Christian (Troy),7,Bethel (Tipp City),52,0,,
10,Tuscarawas Central Catholic (New Philadelphia),0,Strasburg-Franklin (Strasburg),41,0,,
10,Tuscarawas Valley (Zoarville),21,Sandy Valley (Magnolia),32,0,,
10,Tri-County North (Lewisburg),27,Twin Valley South (West Alexandria),34,0,,
10,Union Local (Belmont),14,Barnesville (Barnesville),55,0,,
10,United (Hanoverton),51,East Palestine (East Palestine),12,0,,
10,University School (Hunting Valley),35,Howland (Warren),14,0,,
10,Upper Arlington (Upper Arlington),14,Hilliard Davidson (Hilliard),10,0,,
10,Urbana (Urbana),0,London (London),56,0,,
10,Utica (Utica),6,Heath (Heath),36,0,,
10,Van Buren (Van Buren),7,Liberty-Benton (Findlay),37,0,,
10,Vanlue (Vanlue),6,Crestline (Crestline),62,0,,
10,Versailles (Versailles),10,St Henry (St Henry),17,0,,
10,Vinton County (McArthur),26,Wellston (Wellston),12,0,,
10,Walnut Ridge (Columbus),46,Independence (Columbus),8,0,,
10,Wapakoneta (Wapakoneta),21,Celina (Celina),17,0,,
10,Waterloo (Atwater),12,Campbell Memorial (Campbell),8,0,,
10,Watkins Memorial (Pataskala),7,Licking Valley (Newark),54,0,,
10,Wayne (Huber Heights),14,Centerville (Centerville),38,0,,
10,Waynedale (Apple Creek),7,Dalton (Dalton),56,0,,
10,Waynesfield-Goshen (Waynesfield),12,Ridgemont (Mt Victory),18,0,,
10,Waynesville (Waynesville),21,Valley View (Germantown),61,0,,
10,Wellington (Wellington),8,Firelands (Oberlin),31,0,,
10,Western Hills (Cincinnati),12,Withrow (Cincinnati),39,0,,
10,Western Reserve (Collins),44,New London (New London),0,0,,
10,Westfall (Williamsport),6,Piketon (Piketon),42,0,,
10,West Clermont (Cincinnati),17,Little Miami (Morrow),7,0,,
10,Westland (Galloway),33,Big Walnut (Sunbury),34,0,,
10,West Muskingum (Zanesville),56,Meadowbrook (Byesville),28,0,,
10,Wheelersburg (Wheelersburg),36,Portsmouth West (West Portsmouth),6,0,,
10,Whetstone (Columbus),7,Centennial (Columbus),42,0,,
10,Whitehall-Yearling (Whitehall),6,Buckeye Valley (Delaware),41,0,,
10,Willard (Willard),14,Margaretta (Castalia),50,0,,
10,Williamsburg (Williamsburg),48,Clermont Northeastern (Batavia),13,0,,
10,Wilmington (Wilmington),42,Western Brown (Mount Orab),21,0,,
10,Harvest Prep (Canal Winchester),35,KIPP Columbus (Columbus),14,0,,
10,Thomas Worthington (Worthington),0,Dublin Jerome (Dublin),42,0,,
10,Worthington Kilbourne (Columbus),30,Westerville South (Westerville),31,0,,
10,Zanesville (Zanesville),0,Licking Heights (Pataskala),40,0,,
10,Valley Christian School (Youngstown),34,Columbiana (Columbiana),28,0,,
10,Zane Trace (Chillicothe),16,Paint Valley (Bainbridge),12,0,,
10,Clark Montessori (Cincinnati),20,Lockland (Lockland),7,0,,
10,Brooke (Wellsburg),3,Sharon (Sharon),35,0,WV,PA
10,Cabell Midland (Ona),52,South Charleston,0,0,WV,WV
10,Clay-Battelle (Blacksville),49,Beallsville (Beallsville),6,0,WV,
10,Elkins,7,Herbert Hoover (Elkview),56,0,WV,WV
10,Frankfort (Ridgeley),52,Berkeley Springs,7,0,WV,WV
10,Gilmer County (Glenville),20,Wirt County (Elizabeth),62,0,WV,WV
10,Madonna (Weirton),14,Conotton Valley (Bowerston),47,0,WV,
10,Magnolia (New Martinsville),30,Ravenswood,14,0,WV,WV
10,Martinsburg (Martinsburg),17,Spring Mills (Martinsburg),12,0,WV,WV
10,Oak Glen (New Cumberland),0,East Liverpool (East Liverpool),52,0,WV,
10,Saint Albans,12,Parkersburg (Parkersburg),27,0,WV,WV
10,Sherman (Seth),12,Greenbrier West (Charmco),47,0,WV,WV
10,Spring Valley (Huntington),33,Woodrow Wilson (Beckley),17,0,WV,WV
10,Wahama (Mason),63,Webster County,7,0,WV,WV
10,Wheeling Central Catholic (Wheeling),29,Toronto (Toronto),27,0,WV,
10,Wheeling Park (Wheeling),49,Talawanda (Oxford),36,0,WV,
10,Mingo Central (Matewan),8,Roane County (Spencer),42,0,WV,WV
10,Boyle County (Danville),55,Wayne County,0,0,KY,KY
10,Campbell County (Alexandria),25,Great Crossing (Georgetown),60,0,KY,KY
10,Central (Louisville),78,LaRue County,0,0,KY,KY
10,Greenup County (Greenup),53,Rowan County,18,0,KY,KY
10,Hazard,6,Pikeville (Pikeville),24,0,KY,KY
10,Johnson Central,36,Ashland Blazer (Ashland),41,0,KY,KY
10,Lawrence County,20,Boyd County (Ashland),42,0,KY,KY
10,Lexington Catholic,57,Pendleton County (Falmouth),0,0,KY,KY
10,Ludlow (Ludlow),33,Holy Cross (Covington),6,0,KY,KY
10,Paris,50,Fairview (Ashland),0,0,KY,KY
10,Pleasure Ridge Park (Louisville),6,St Xavier (Louisville),42,0,KY,KY
10,Russell (Russell),23,East Carter,14,0,KY,KY
10,Ryle (Union),37,Simon Kenton (Independence),0,0,KY,KY
10,South Oldham (Crestwood),41,Collins (Shelbyville),42,0,KY,KY
10,Trimble County,0,Bishop Brossart (Alexandria),65,0,KY,KY
10,Trinity (Louisville),42,Oldham County,0,0,KY,KY
10,East Ridge,14,Shelby Valley (Pikeville),40,0,KY,KY
10,Cooper (Union),63,Dixie Heights (Edgewood),21,0,KY,KY
10,Adrian Lenawee Christian,30,Mendon,87,0,MI,MI
10,Belleville,29,Howell,30,0,MI,MI
10,Brother Rice (Bloomfield Hills),6,Sterling Heights Stevenson,30,0,MI,MI
10,Caledonia (Caledonia),20,Grandville (Grandville),49,0,MI,MI
10,Center Line,0,River Rouge (River Rouge),35,0,MI,MI
10,Colon,48,North Adams-Jerome,14,0,MI,MI
10,Concord,0,Bellevue,38,0,MI,MI
10,Dearborn Divine Child (Dearborn),42,Detroit Southeastern,8,0,MI,MI
10,Detroit Cass Tech (Detroit),40,Medina (Medina),0,0,MI,
10,Hudsonville,46,Holland West Ottawa,8,0,MI,MI
10,Martin,22,NorthPointe Christian (Grand Rapids),20,0,MI,MI
10,Orchard Lake St Mary (Orchard Lake),55,Warren Fitzgerald,13,0,MI,MI
10,LakeVille Memorial (Otisville),0,Northwood (Northwood),48,0,MI,
10,Ottawa Lake Whiteford (Ottawa Lake),22,Lucas (Lucas),6,0,MI,
10,Owosso,56,Erie Mason (Erie),6,0,MI,MI
10,Sand Creek,6,Petersburg Summerfield (Petersburg),58,0,MI,MI
10,Bedford (Temperance),0,St Francis de Sales (Toledo),30,0,MI,
10,Warren De La Salle (Warren),31,Clinton Township Chippewa Valley,21,0,MI,MI
10,Britton-Deerfield (Britton),50,Camden-Frontier,0,0,MI,MI
10,William Penn,0,Central York (York),41,0,PA,PA
10,Bishop McDevitt (Harrisburg),55,State College,58,0,PA,PA
10,Shaler,3,Pine-Richland (Gibsonia),44,0,PA,PA
10,McKeesport (McKeesport),46,Knoch,14,0,PA,PA
10,Albert Gallatin (Uniontown),48,Weir (Weirton),20,0,PA,WV
10,Farrell (Farrell),0,Cathedral Prep (Erie),7,0,PA,PA
10,Smethport (Smethport),7,Brockway,60,0,PA,PA
10,Meadville,7,Erie (Erie),44,0,PA,PA
10,Harbor Creek (Harborcreek),56,Iroquois,14,0,PA,PA
10,Franklin,12,Lakeview,44,0,PA,PA
10,Corry (Corry),26,Oil City (Oil City),21,0,PA,PA
10,North East (North East),29,Warren,14,0,PA,PA
10,Slippery Rock,20,Mercer,0,0,PA,PA
10,Seneca,41,Maplewood (Guys Mills),22,0,PA,PA
10,Eisenhower,6,Greenville,27,0,PA,PA
10,Saegertown,21,Northwestern (Albion),8,0,PA,PA
10,Bonner-Prendergast (Drexel Hill),14,Saint Joseph's Prep (Philadelphia),49,0,PA,PA
10,Conneaut Area (Linesville),35,Girard (Girard),0,0,PA,PA
10,Columbia City,0,Bishop Dwenger (Fort Wayne),38,0,IN,IN
10,Blackhawk Christian (Fort Wayne),14,North Miami,54,0,IN,IN
10,Bishop Chatard (Indianapolis),42,Crispus Attucks (Indianapolis),0,0,IN,IN
10,Northview,17,Roncalli (Indianapolis),33,0,IN,IN
10,South Dearborn (Aurora),8,Lawrenceburg (Lawrenceburg),34,0,IN,IN
10,Sullivan,7,Linton-Stockton (Linton),30,0,IN,IN
10,Yorktown,46,Richmond (Richmond),6,0,IN,IN
10,Life Christian Academy (Chester),0,St Xavier (Cincinnati),62,0,VA,
10,Southern Garrett (Oakland),8,Uniontown,27,0,MD,PA
10,Loyola / Blakefield (Towson),3,Archbishop Spalding (Severn),56,0,MD,MD
10,Riverdale Baptist (Upper Marlboro),55,Hayfield,30,0,MD,VA
10,St Francis (Hamburg),35,McDowell (Erie),33,0,NY,PA
10,Aquinas Institute (Rochester),31,Hilton (Hilton),14,0,NY,NY
10,Long Island St Anthony's (South Huntington),34,Kellenberg Memorial (Uniondale),20,0,NY,NY
10,Chaminade (Mineola),7,Iona Prep (New Rochelle),28,0,NY,NY
10,Long Island Lutheran (Brookville),14,Steubenville (Steubenville),35,0,NY,
10,Fordham Prep (Bronx),20,Xaverian (Brooklyn),7,0,NY,NY
10,St Dominic (Oyster Bay),39,St Luke (New Canaan),0,0,NY,CT
10,Moore Catholic (Staten Island),13,Monsignor Farrell (Staten Island),28,0,NY,NY
10,Don Bosco Prep (Ramsey),42,Paramus Catholic (Paramus),0,0,NJ,NJ
10,Wayne Valley (Wayne),24,Ridgewood,13,0,NJ,NJ
10,East St Louis Senior (East St Louis),13,IMG Academy (Bradenton),14,0,IL,FL
10,Mt Vernon (Mt Vernon),32,Alton Senior (Alton),33,0,IL,IL
10,Loyola Academy (Wilmette),31,Mt Carmel (Chicago),7,0,IL,IL
10,Lorne Park (Mississauga),10,Robert F. Hall (Caledon East),15,0,ON,ON
10,Humberview (Caledon),17,Mayfield (Brampton),18,0,ON,ON
10,Bishop Macdonell (Guelph),13,St James (Guelph),9,0,ON,ON
10,Sir Wilfrid Laurier (London),7,Sir Frederick Banting (London),42,0,ON,ON
10,Pauline Johnson (Brantford),36,Simcoe CS (Simcoe),38,1,ON,ON
10,John F. Ross CVI (Guelph),3,Centennial CVI (Guelph),31,0,ON,ON
10,St Thomas More (Hamilton),24,St John Henry Newman (Stoney Creek),3,0,ON,ON
10,Cathedral (Hamilton),6,St Mary (Hamilton),21,0,ON,ON
10,East Elgin (Aylmer),21,Clarke Road (London),5,0,ON,ON
10,W.F. Herman (Windsor),49,Sandwich (Windsor),0,0,ON,ON
10,St Thomas Aquinas (London),13,A. B. Lucas (London),28,0,ON,ON
10,Georgetown (Georgetown),38,Iroquois Ridge (Oakville),9,0,ON,ON
10,T.A. Blakelock (Oakville),0,Dr Frank J Hayden (Burlington),59,0,ON,ON
10,Corpus Christi (Burlington),37,Notre Dame (Burlington),7,0,ON,ON
10,Richview CI (Etobicoke),2,Northern SS (Toronto),25,0,ON,ON
10,Bill Crothers SS (Unionville),14,St Andrew's College (Aurora),21,0,ON,ON
10,Father Henry Carr (Etobicoke),14,Bishop Allen (Etobicoke),15,0,ON,ON
10,St Thomas Aquinas (Oakville),22,Bishop Reding (Milton),15,0,ON,ON
10,Football North (via Clarkson SS) (Mississauga),27,St Ignatius (Cleveland),26,0,ON,
10,F. J. Brennan Catholic (Windsor),12,Cardinal Carter Catholic (Leamington),44,0,ON,ON
10,David Suzuki (Brampton),20,St Roch Catholic SS (Brampton),33,0,ON,ON
10,St Mary's College (Sault Ste. Marie),13,Korah (Sault Ste. Marie),42,0,ON,ON
10,Western Tech (Toronto),35,Etobicoke CI (Etobicoke),8,0,ON,ON
10,Westgate (Thunder Bay),25,Hammarskjold (Thunder Bay),14,0,ON,ON
10,St Patrick's (Sarnia),10,Ursuline College (The Pines) (Chatham),0,0,ON,ON
10,Centennial (Belleville),42,Trenton (Trenton),0,0,ON,ON
10,Belle River (Belle River),15,Essex (Essex),8,0,ON,ON
10,Vincent Massey (Windsor),12,Tecumseh Vista Academy (Tecumseh),30,0,ON,ON
10,St Ignatius (Thunder Bay),44,St Patrick (Thunder Bay),0,0,ON,ON
10,Cameron Heights CI (Kitchener),7,Waterloo-Oxford District SS (Baden),24,0,ON,ON
10,Bluevale CI (Waterloo),14,Elmira District SS (Elmira),22,0,ON,ON
10,McKinnon Park (Caledonia),6,Delhi (Delhi),35,1,ON,ON
10,La Salle (Kingston),27,Holy Cross (Kingston),24,0,ON,ON
10,Westlane (Niagara Falls),3,Thorold (Thorold),26,0,ON,ON
10,West Anchorage (Anchorage),7,Dimond (Anchorage),14,1,AK,AK
10,Mallard Creek (Charlotte),40,West Mecklenberg (Charlotte),0,0,NC,NC
10,John F. Kennedy (Tamuning),7,Guam High (Agana Heights),28,0,GU,GU
10,Southern (Santa Rita),0,George Washington (Mangilao),14,0,GU,GU
10,Canton McKinley (Canton),7,Massillon Washington (Massillon),16,0,,
10,Toledo Christian (Toledo),28,St Mary Central Catholic (Sandusky),0,0,,
10,Dayton Christian (Miamisburg),9,Cincinnati College Prep (Cincinnati),40,0,,
10,East (Akron),28,Garfield (Akron),26,0,,
10,Firestone (Akron),33,Ellet (Akron),6,0,,
10,Groveport Madison (Groveport),29,Canal Winchester (Canal Winchester),27,0,,
10,Archbishop Hoban (Akron),24,St Edward (Lakewood),21,0,,
10,Holgate (Holgate),8,Chalker (Southington),68,0,,
10,Shaker Heights (Shaker Heights),35,Cleveland Heights (Cleveland Heights),54,0,,
10,Southern (Racine),7,Eastern (Reedsville),49,0,,
10,North Adams (club) (Seaman),1,West Union (club) (West Union),0,0,,
10,Parkersburg South (Parkersburg),35,Linsly (Wheeling),28,0,WV,WV
10,Detroit King (Detroit),7,Novi Detroit Catholic Central (Novi),23,1,MI,MI
10,Kalamazoo Hackett,21,Lumen Christi (Jackson),39,1,MI,MI
10,Taylor Allderdice (Pittsburgh),12,Westinghouse (Pittsburgh),40,1,PA,PA
10,Carrick (Pittsburgh),18,Catholic Central (Steubenville),26,0,PA,
10,Punxsutawney,34,Sharpsville,45,0,PA,PA
10,Noblesville Lions (club) (Noblesville),3,Columbus Crusaders (club) (Columbus),33,0,IN,
10,Virginia Academy (Ashburn),28,Mt Zion Prep (Lanham),34,0,VA,MD
10,Bishop McNamara (Forestville),0,Gonzaga (Washington),27,0,MD,DC
10,DeMatha Catholic (Hyattsville),31,St John's College (Washington),15,0,MD,DC
10,Bishop Timon - St Jude (Buffalo),41,St Mary's (Lancaster),0,0,NY,NY
10,Canisius (Buffalo),28,Huron Heights (Newmarket),0,0,NY,ON
10,St Joseph's Collegiate (Buffalo),45,Dohn Community (Cincinnati),6,0,NY,
10,Holy Trinity - Long Island (Hicksville),41,St Peter's (Staten Island),44,0,NY,NY
10,Christ the King Regional (Middle Village),6,John F Kennedy Catholic (Somers),7,0,NY,NY
10,Mt St Michael Academy (Bronx),0,Holy Cross (Flushing),14,0,NY,NY
10,St Joseph by-the-Sea (Staten Island),15,St John the Baptist (West Islip),0,0,NY,NY
10,Bergen Catholic (Oradell),28,Saint Joseph Regional (Montvale),17,0,NJ,NJ
10,Lathrop (Fairbanks),28,Soldotna (Soldotna),49,1,AK,AK
10,Simon Sanchez (Yigo),38,Tiyan (Barrigada),12,1,GU,GU
10,Cardinal Hayes (Bronx),24,Archbishop Stepinac (White Plains),3,0,NY,NY
10,Cardinal Spellman (Bronx),6,St Francis Prep (Fresh Meadows),35,0,NY,NY
11,St Peter (Orléans),49,Colonel By (Gloucester),26,0,ON,ON
11,St Joseph (Nepean),38,St Mark (Manotick),13,0,ON,ON
11,St Mother Teresa (Nepean),36,Holy Trinity (Kanata),11,0,ON,ON
11,St Roch Catholic SS (Brampton),22,Robert F. Hall (Caledon East),12,1,ON,ON
11,Eastview (Barrie),0,Maple Ridge (Barrie),19,0,ON,ON
11,Nantyr Shores (Innisfil),15,Collingwood (Collingwood),8,0,ON,ON
11,Huron Heights (Kitchener),21,Preston (Cambridge),41,0,ON,ON
11,Glenview Park (Cambridge),17,Kitchener-Waterloo CI/VS (Kitchener),28,0,ON,ON
11,Sacred Heart (Stittsville),7,St Patrick's (Ottawa),34,0,ON,ON
11,Waterdown (Waterdown),13,Westdale (Hamilton),17,0,ON,ON
11,Trinity College (Port Hope),10,Upper Canada College (Toronto),28,0,ON,ON
11,Wallaceburg District (Wallaceburg),30,Great Lakes (Sarnia),14,0,ON,ON
11,Saltfleet (Stoney Creek),2,Westmount (Hamilton),23,0,ON,ON
11,Bishop Reding (Milton),0,St Thomas Aquinas (Oakville),22,0,ON,ON
11,Nora Frances Henderson (Hamilton),17,MacNab (Hamilton),0,0,ON,ON
11,Banting Memorial (Alliston),0,Barrie North (Barrie),46,0,ON,ON
11,Innisdale (Barrie),3,Bear Creek (Barrie),7,0,ON,ON
11,Adam Scott (Peterborough),7,Holy Cross (Peterborough),22,0,ON,ON
11,Trenton (Trenton),0,Centennial (Belleville),41,0,ON,ON
11,Cardinal Ambrozic (Brampton),0,Mayfield (Brampton),34,0,ON,ON
11,Resurrection (Kitchener),14,St Mary's (Kitchener),13,0,ON,ON
11,St Benedict (Cambridge),40,St David (Waterloo),12,0,ON,ON
11,Central Tech (Toronto),18,Markham District (Markham),28,0,ON,ON
11,Bayridge (Kingston),8,Sydenham (Sydenham),24,0,ON,ON
11,Regiopolis-Notre Dame (Kingston),29,Ernestown (Odessa),0,0,ON,ON
11,Life Christian Academy (Chester),14,Hargrave Military Academy (Chatham),13,0,VA,VA
11,Iroquois Ridge (Oakville),15,Nelson (Burlington),37,0,ON,ON
11,East Elgin (Aylmer),8,St Joseph's (St Thomas),43,0,ON,ON
11,Grand River CI (Kitchener),41,Laurel Heights (Waterloo),0,0,ON,ON
11,Georgetown (Georgetown),28,Craig Kielburger (Milton),0,0,ON,ON
11,Ingersoll (Ingersoll),0,College Avenue (Woodstock),35,0,ON,ON
11,St Anne Catholic (Belle River),7,W.F. Herman (Windsor),33,0,ON,ON
11,F. J. Brennan Catholic (Windsor),0,North Star (Amherstburg),42,0,ON,ON
11,Cardinal Carter Catholic (Leamington),26,St Joseph's Catholic (Windsor),17,0,ON,ON
11,Sir Winston Churchill (St Catharines),35,A.N. Myer (Niagara Falls),31,0,ON,ON
11,Frontenac (Kingston),24,La Salle (Kingston),10,0,ON,ON
11,Fletcher's Meadow (Brampton),6,Clarkson (Mississauga),16,0,ON,ON
11,Waterloo-Oxford District SS (Baden),11,Bluevale CI (Waterloo),14,1,ON,ON
11,Owen Sound District (Owen Sound),7,St Mary's (Owen Sound),10,0,ON,ON
11,Mississauga Huskies u18 (club) (Mississauga),20,Brampton Centennial (Brampton),6,0,ON,ON
11,Holy Cross (Kingston),35,Kingston (Kingston),7,0,ON,ON
11,Africentric Early College (Columbus),26,West Muskingum (Zanesville),34,0,,
11,Aiken (Cincinnati),20,Mount Healthy (Cincinnati),26,0,,
11,Amanda-Clearcreek (Amanda),16,Portsmouth (Portsmouth),35,0,,
11,Arcanum (Arcanum),26,West Liberty-Salem (West Liberty),41,0,,
11,Archbishop Alter (Kettering),14,Eaton (Eaton),0,0,,
11,Archbold (Archbold),0,Eastwood (Pemberville),41,0,,
11,Arlington (Arlington),6,Gibsonburg (Gibsonburg),21,0,,
11,Bath (Lima),51,Carlisle (Carlisle),22,0,,
11,Beavercreek (Beavercreek),0,Centerville (Centerville),42,0,,
11,Bedford (Bedford),6,Aurora (Aurora),42,0,,
11,Berea-Midpark (Berea),30,Lorain (Lorain),6,0,,
11,Bishop Hartley (Columbus),43,Bloom-Carroll (Carroll),44,0,,
11,Black River (Sullivan),6,Springfield (New Middletown),35,0,,
11,Bowling Green (Bowling Green),0,Defiance (Defiance),38,0,,
11,Bridgeport (Bridgeport),0,Danville (Danville),54,0,,
11,Briggs (Columbus),14,Teays Valley (Ashville),31,0,,
11,Brookville (Brookville),43,Cincinnati Hills Christian Academy (Cincinnati),42,0,,
11,Brunswick (Brunswick),3,Jackson (Massillon),24,0,,
11,Buchtel (Akron),6,Perry (Perry),42,0,,
11,Buckeye Trail (Lore City),22,Fort Frye (Beverly),30,0,,
11,Buckeye Valley (Delaware),7,Steubenville (Steubenville),47,0,,
11,Caldwell (Caldwell),0,Northmor (Galion),42,0,,
11,Cardinal Mooney (Youngstown),21,Streetsboro (Streetsboro),42,0,,
11,Carey (Carey),21,Tinora (Defiance),17,0,,
11,Carrollton (Carrollton),12,Tri-Valley (Dresden),43,0,,
11,Celina (Celina),3,Archbishop McNicholas (Cincinnati),35,0,,
11,Centerburg (Centerburg),34,Eastern (Reedsville),12,0,,
11,Canton Central Catholic (Canton),18,Poland Seminary (Poland),39,0,,
11,Central Crossing (Grove City),7,Kettering Fairmont (Kettering),42,0,,
11,Chagrin Falls (Chagrin Falls),16,Berkshire (Burton),24,0,,
11,Chaminade Julienne (Dayton),44,Bellefontaine (Bellefontaine),28,0,,
11,Chaney (Youngstown),14,Ursuline (Youngstown),44,0,,
11,Chesapeake (Chesapeake),24,Portsmouth West (West Portsmouth),42,0,,
11,Clear Fork (Bellville),2,Ontario (Ontario),24,0,,
11,Cleveland Heights (Cleveland Heights),14,Strongsville (Strongsville),31,0,,
11,Cloverleaf (Seville),14,Bay (Bay Village),41,0,,
11,Collinwood (Cleveland),0,John Adams (Cleveland),52,1,,
11,Colonel Crawford (North Robinson),37,Monroe Central (Woodsfield),36,0,,
11,Tiffin Columbian (Tiffin),7,Benedictine (Cleveland),35,0,,
11,Covington (Covington),0,Coldwater (Coldwater),58,0,,
11,Crestline (Crestline),0,Western Reserve (Berlin Center),52,0,,
11,Crestview (Ashland),12,Ottawa Hills (Toledo),49,0,,
11,Cuyahoga Heights (Cuyahoga Heights),37,St Paul (Norwalk),20,0,,
11,Dawson-Bryant (Coal Grove),6,Harvest Prep (Canal Winchester),40,0,,
11,Dayton Christian (Miamisburg),0,St Bernard-Elmwood Place (St Bernard),54,0,,
11,Deer Park (Cincinnati),14,Cincinnati Country Day (Cincinnati),39,0,,
11,Delta (Delta),42,Norwayne (Creston),45,0,,
11,Dover (Dover),33,Granville (Granville),0,0,,
11,Dublin Coffman (Dublin),49,Westland (Galloway),42,0,,
11,East (Akron),12,Gilmour Academy (Gates Mills),45,0,,
11,Dublin Jerome (Dublin),13,Springboro (Springboro),59,0,,
11,East Liverpool (East Liverpool),41,East (Columbus),40,0,,
11,East Palestine (East Palestine),13,John F Kennedy (Warren),40,0,,
11,Edgerton (Edgerton),14,Mohawk (Sycamore),49,0,,
11,Edgewood (Trenton),7,Anderson (Cincinnati),78,0,,
11,Edison (Richmond),7,Girard (Girard),44,0,,
11,Elgin (Marion),6,Grandview Heights (Columbus),41,0,,
11,Elida (Elida),21,Shelby (Shelby),49,0,,
11,Evergreen (Metamora),4,Patrick Henry (Hamler),35,0,,
11,Fairbanks (Milford Center),21,Waterford (Waterford),34,0,,
11,Fairfield (Fairfield),7,Princeton (Cincinnati),48,0,,
11,Fairfield Christian Academy (Lancaster),7,Conotton Valley (Bowerston),46,0,,
11,Fairless (Brewster),13,South Range (Canfield),56,0,,
11,Fairport Harding (Fairport Harbor),12,Hillsdale (Jeromesville),55,0,,
11,Fairview (Fairview Park),0,Liberty-Benton (Findlay),37,0,,
11,Field (Mogadore),24,Lutheran East (Cleveland Heights),16,0,,
11,Findlay (Findlay),0,St Edward (Lakewood),48,0,,
11,Firestone (Akron),6,Archbishop Hoban (Akron),45,0,,
11,Fisher Catholic (Lancaster),7,Trimble (Glouster),28,0,,
11,Fort Loramie (Fort Loramie),49,Ridgemont (Mt Victory),22,0,,
11,Fort Recovery (Fort Recovery),0,Marion Local (Maria Stein),68,0,,
11,Franklin (Franklin),7,Wapakoneta (Wapakoneta),48,0,,
11,Fredericktown (Fredericktown),7,Oak Harbor (Oak Harbor),52,0,,
11,Fremont Ross (Fremont),7,Highland (Medina),52,0,,
11,Frontier (New Matamoras),14,South Gallia (Crown City),56,0,,
11,Genoa Area (Genoa),21,Keystone (La Grange),49,0,,
11,Graham Local (St Paris),6,Greeneview (Jamestown),27,0,,
11,Grove City (Grove City),7,Olentangy Berlin (Delaware),28,0,,
11,Hardin Northern (Dola),25,Calvert (Tiffin),55,0,,
11,Delaware Hayes (Delaware),7,Groveport Madison (Groveport),48,0,,
11,Heath (Heath),15,Indian Valley (Gnadenhutten),40,0,,
11,Hilliard Bradley (Hilliard),34,Springfield (Springfield),30,0,,
11,Holy Name (Parma Heights),14,Rocky River (Rocky River),34,0,,
11,Hoover (North Canton),0,Lake (Uniontown),28,0,,
11,Hubbard (Hubbard),6,West Branch (Beloit),31,0,,
11,Hudson (Hudson),37,Boardman (Youngstown),7,0,,
11,Independence (Independence),7,Monroeville (Monroeville),47,0,,
11,Indian Creek (Wintersville),0,Licking Valley (Newark),48,0,,
11,Indian Hill (Cincinnati),50,Northridge (Dayton),14,0,,
11,John Hay (Cleveland),0,Warren G Harding (Warren),37,0,,
11,John Marshall (Cleveland),0,Whitmer (Toledo),49,0,,
11,Johnstown (Johnstown),20,Triway (Wooster),41,0,,
11,Jonathan Alder (Plain City),17,Bishop Ready (Columbus),18,0,,
11,Kenton Ridge (Springfield),7,Taft (Cincinnati),50,0,,
11,Lakeview (Cortland),21,Garaway (Sugarcreek),41,0,,
11,Lancaster (Lancaster),7,Olentangy Liberty (Powell),42,0,,
11,Leipsic (Leipsic),30,Ada (Ada),22,0,,
11,Lexington (Lexington),28,Maumee (Maumee),14,0,,
11,Liberty (Youngstown),14,Manchester (New Franklin),49,0,,
11,Licking Heights (Pataskala),6,Massillon Washington (Massillon),41,0,,
11,Lima Senior (Lima),0,Butler (Vandalia),31,0,,
11,Linden McKinley (Columbus),8,Athens (The Plains),21,0,,
11,Little Miami (Morrow),0,Winton Woods (Cincinnati),35,0,,
11,Logan (Logan),0,Big Walnut (Sunbury),42,0,,
11,Lowellville (Lowellville),34,McDonald (McDonald),20,0,,
11,Lucas (Lucas),26,Malvern (Malvern),40,0,,
11,Lutheran West (Rocky River),14,Central Catholic (Toledo),49,0,,
11,Madeira (Cincinnati),28,Williamsburg (Williamsburg),6,0,,
11,Madison (Madison),11,Geneva (Geneva),35,0,,
11,Madison (Middletown),9,Waynesville (Waynesville),42,0,,
11,Madison-Plains (London),21,Rock Hill (Ironton),30,0,,
11,Manchester (Manchester),14,Minster (Minster),75,0,,
11,Maple Heights (Maple Heights),16,Kenston (Chagrin Falls),7,0,,
11,Margaretta (Castalia),8,Hopewell-Loudon (Bascom),43,0,,
11,Marion-Franklin (Columbus),6,St Clairsville (St Clairsville),40,0,,
11,Martins Ferry (Martins Ferry),48,Crestview (Columbiana),41,0,,
11,Marysville (Marysville),7,Hilliard Davidson (Hilliard),52,0,,
11,Mason (Mason),3,Elder (Cincinnati),28,0,,
11,Mayfield (Mayfield),7,Austintown-Fitch (Austintown),31,0,,
11,McComb (McComb),28,Edon (Edon),14,0,,
11,Meadowdale (Dayton),12,Bellbrook (Bellbrook),47,0,,
11,Mechanicsburg (Mechanicsburg),21,Ridgewood (West Lafayette),28,0,,
11,Medina (Medina),0,Perrysburg (Perrysburg),47,0,,
11,Miami Trace (Washington Court House),24,St Marys Memorial (St Marys),28,0,,
11,Miami Valley Christian Academy (Cincinnati),0,Northeastern (South Vienna),41,0,,
11,Middletown (Middletown),20,Wayne (Huber Heights),26,0,,
11,Midview (Grafton),14,Padua Franciscan (Parma),31,0,,
11,Milford (Milford),0,St Xavier (Cincinnati),41,0,,
11,Milton-Union (West Milton),6,Miami East (Casstown),14,0,,
11,Mineral Ridge (Mineral Ridge),0,Pymatuning Valley (Andover),37,0,,
11,Mogadore (Mogadore),27,United (Hanoverton),13,0,,
11,Monroe (Monroe),21,La Salle (Cincinnati),69,0,,
11,Napoleon (Napoleon),49,Clearview (Lorain),0,0,,
11,New Albany (New Albany),28,St Francis DeSales (Columbus),48,0,,
11,Newark (Newark),15,Upper Arlington (Upper Arlington),27,0,,
11,New Bremen (New Bremen),10,St Henry (St Henry),13,0,,
11,Newcomerstown (Newcomerstown),23,Grove City Christian (Grove City),14,0,,
11,New Philadelphia (New Philadelphia),14,Jackson (Jackson),21,0,,
11,New Richmond (New Richmond),20,Valley View (Germantown),26,0,,
11,Normandy (Parma),7,Canton McKinley (Canton),49,0,,
11,North Baltimore (North Baltimore),8,Columbus Grove (Columbus Grove),42,0,,
11,Northmont (Clayton),21,Lebanon (Lebanon),42,0,,
11,North Olmsted (North Olmsted),12,Avon (Avon),47,0,,
11,Northridge (Johnstown),0,Edison (Milan),42,0,,
11,North Royalton (North Royalton),7,Wadsworth (Wadsworth),38,0,,
11,Norton (Norton),28,Struthers (Struthers),49,0,,
11,Norwalk (Norwalk),7,Buckeye (Medina),42,0,,
11,Notre Dame-Cathedral Latin (Chardon),20,Glenville (Cleveland),47,0,,
11,Oak Hills (Cincinnati),0,Hamilton (Hamilton),28,0,,
11,Olentangy (Lewis Center),17,Olentangy Orange (Lewis Center),21,0,,
11,Orange (Pepper Pike),30,Northwest (Canal Fulton),36,0,,
11,Otsego (Tontogany),7,Clyde (Clyde),42,0,,
11,Ottawa-Glandorf (Ottawa),13,Galion (Galion),7,0,,
11,Pandora-Gilboa (Pandora),28,Lima Central Catholic (Lima),33,0,,
11,Paulding (Paulding),6,Bluffton (Bluffton),21,0,,
11,Perry (Lima),14,Anna (Anna),61,0,,
11,Perry (Massillon),34,Northland (Columbus),6,0,,
11,Philo (Duncan Falls),21,Logan Elm (Circleville),41,0,,
11,Piketon (Piketon),7,Columbus Academy (Gahanna),24,0,,
11,Pleasant (Marion),0,Preble Shawnee (Camden),28,0,,
11,Purcell Marian (Cincinnati),34,Paint Valley (Bainbridge),21,0,,
11,Ravenna (Ravenna),14,Lake Catholic (Mentor),42,0,,
11,Revere (Richfield),34,Copley (Copley),28,0,,
11,Reynoldsburg (Reynoldsburg),10,Gahanna Lincoln (Gahanna),38,0,,
11,Rhodes (Cleveland),6,Anthony Wayne (Whitehouse),48,0,,
11,Rittman (Rittman),7,Columbia (Columbia Station),49,0,,
11,Riverside (De Graff),13,Lehman Catholic (Sidney),46,0,,
11,Riverside (Painesville),14,Green (Uniontown),35,0,,
11,River Valley (Caledonia),21,Vermilion (Vermilion),37,0,,
11,Roger Bacon (St Bernard),7,Clinton-Massie (Clarksville),41,0,,
11,Rootstown (Rootstown),0,Kirtland (Kirtland),62,0,,
11,Ross (Hamilton),14,London (London),39,0,,
11,St Charles (Columbus),0,Ashland (Ashland),42,0,,
11,St Francis de Sales (Toledo),34,Avon Lake (Avon Lake),31,0,,
11,St Ignatius (Cleveland),7,Mentor (Mentor),31,0,,
11,St John's (Delphos),28,Upper Scioto Valley (McGuffey),22,0,,
11,Villa Angela-St Joseph (Cleveland),52,Hawken (Gates Mills),21,0,,
11,St Joseph Central Catholic (Fremont),7,Toledo Christian (Toledo),55,0,,
11,Sandusky (Sandusky),35,Clay (Oregon),28,0,,
11,Seneca East (Attica),56,Western Reserve (Collins),20,0,,
11,Shadyside (Shadyside),12,Notre Dame (Portsmouth),34,0,,
11,Shroder (Cincinnati),14,Wyoming (Cincinnati),49,0,,
11,Sidney (Sidney),14,Xenia (Xenia),31,0,,
11,Smithville (Smithville),20,LaBrae (Leavittsburg),13,0,,
11,Solon (Solon),6,Nordonia (Macedonia),38,0,,
11,Canton South (Canton),28,New Lexington (New Lexington),55,0,,
11,South (Willoughby),0,Walsh Jesuit (Cuyahoga Falls),42,0,,
11,Southeastern Local (South Charleston),7,Cincinnati College Prep (Cincinnati),20,0,,
11,Southern (Racine),16,Miller (Corning),27,0,,
11,Southern (Salineville),35,Windham (Windham),50,0,,
11,Spencerville (Spencerville),7,Huron (Huron),42,0,,
11,Start (Toledo),6,North Ridgeville (North Ridgeville),42,0,,
11,Amherst Steele (Amherst),7,Olmsted Falls (Olmsted Falls),35,0,,
11,Strasburg-Franklin (Strasburg),6,Eastern (Beaver),30,0,,
11,Stryker (Stryker),46,Sebring McKinley (Sebring),6,0,,
11,Sycamore (Cincinnati),7,Archbishop Moeller (Cincinnati),63,0,,
11,Talawanda (Oxford),7,Tippecanoe (Tipp City),49,0,,
11,Tallmadge (Tallmadge),14,Chardon (Chardon),49,0,,
11,Trinity (Garfield Heights),26,Garfield (Garrettsville),35,0,,
11,Tri-Village (New Madison),43,Waynesfield-Goshen (Waynesfield),7,0,,
11,Trotwood-Madison (Trotwood),12,Badin (Hamilton),14,0,,
11,Troy (Troy),7,Harrison (Harrison),43,0,,
11,Twin Valley South (West Alexandria),8,Ansonia (Ansonia),46,0,,
11,Union Local (Belmont),23,Nelsonville-York (Nelsonville),13,0,,
11,University School (Hunting Valley),14,Cuyahoga Valley Christian Academy (Cuyahoga Falls),45,0,,
11,Upper Sandusky (Upper Sandusky),10,Perkins (Sandusky),49,0,,
11,Urbana (Urbana),6,Taylor (Cleves),43,0,,
11,Utica (Utica),6,Liberty Center (Liberty Center),58,0,,
11,Versailles (Versailles),7,Indian Lake (Lewistown),19,0,,
11,Walnut Hills (Cincinnati),0,Lakota West (West Chester),49,0,,
11,Warren (Vincent),7,Bishop Watterson (Columbus),44,0,,
11,Watkins Memorial (Pataskala),13,Pickerington Central (Pickerington),69,0,,
11,Waverly (Waverly),28,Fairfield Union (Lancaster),21,0,,
11,Westerville North (Westerville),23,Pickerington North (Pickerington),45,0,,
11,Westerville South (Westerville),7,Canal Winchester (Canal Winchester),17,0,,
11,West Clermont (Cincinnati),28,Lakota East (Liberty Township),42,0,,
11,West Holmes (Millersburg),28,Unioto (Chillicothe),21,0,,
11,Wheelersburg (Wheelersburg),24,Barnesville (Barnesville),7,0,,
11,Wickliffe (Wickliffe),31,Toronto (Toronto),33,0,,
11,Wilmington (Wilmington),37,Batavia (Batavia),34,0,,
11,Withrow (Cincinnati),0,Kings (Kings Mills),10,0,,
11,Woodmore (Elmore),9,Fairview (Sherwood),41,0,,
11,Worthington Christian (Worthington),14,Ironton (Ironton),68,0,,
11,Worthington Kilbourne (Columbus),29,Walnut Ridge (Columbus),26,0,,
11,Valley Christian School (Youngstown),0,Dalton (Dalton),62,0,,
11,Zane Trace (Chillicothe),7,Fairland (Proctorville),31,0,,
11,Bridgeport (Bridgeport),56,Fairmont Senior (Fairmont),28,0,WV,WV
11,Capital (Charleston),19,Cabell Midland (Ona),40,0,WV,WV
11,Frankfort (Ridgeley),48,Grafton,6,0,WV,WV
11,Gilmer County (Glenville),0,Wahama (Mason),63,0,WV,WV
11,Greenbrier West (Charmco),8,Midland Trail,49,0,WV,WV
11,Herbert Hoover (Elkview),45,Hedgesville,0,0,WV,WV
11,Huntington (Huntington),37,Parkersburg (Parkersburg),12,0,WV,WV
11,John Marshall (Glen Dale),34,Point Pleasant (Point Pleasant),21,0,WV,WV
11,Oak Glen (New Cumberland),14,Madonna (Weirton),21,0,WV,WV
11,Parkersburg South (Parkersburg),0,Spring Mills (Martinsburg),37,0,WV,WV
11,Roane County (Spencer),14,North Marion,6,0,WV,WV
11,South Charleston,7,Spring Valley (Huntington),61,0,WV,WV
11,Valley (Wetzel) (Pine Grove),32,Magnolia (New Martinsville),46,0,WV,WV
11,Weir (Weirton),14,Brooke (Wellsburg),27,0,WV,WV
11,Williamstown (Williamstown),35,Doddridge County,13,0,WV,WV
11,Wirt County (Elizabeth),22,Sherman (Seth),24,0,WV,WV
11,Ashland Blazer (Ashland),58,Simon Kenton (Independence),28,0,KY,KY
11,Bishop Brossart (Alexandria),49,Pendleton County (Falmouth),0,0,KY,KY
11,Bowling Green (Bowling Green),26,St Xavier (Louisville),9,0,KY,KY
11,Covington Catholic (Park Hills),42,Campbell County (Alexandria),28,0,KY,KY
11,Dixie Heights (Edgewood),27,Ryle (Union),44,0,KY,KY
11,Greenup County (Greenup),51,Fleming County,42,0,KY,KY
11,Holy Cross (Covington),0,Newport (Newport),37,0,KY,KY
11,Jackson County,6,Bellevue (Bellevue),40,0,KY,KY
11,Paris,52,Ludlow (Ludlow),12,0,KY,KY
11,Pike County Central,6,Paintsville (Paintsville),28,0,KY,KY
11,Pikeville (Pikeville),47,Boyd County (Ashland),35,0,KY,KY
11,Pleasure Ridge Park (Louisville),35,Hopkinsville,28,0,KY,KY
11,Frederick Douglass (Lexington),17,Boyle County (Danville),38,0,KY,KY
11,Floyd Central (Eastern),34,Shelby Valley (Pikeville),52,0,KY,KY
11,Adrian Lenawee Christian,15,Britton-Deerfield (Britton),58,0,MI,MI
11,Allen Park Cabrini,0,Riverview Gabriel Richard (Riverview),48,0,MI,MI
11,Dearborn Divine Child (Dearborn),42,Madison Heights Lamphere,6,0,MI,MI
11,Dearborn Heights Robichaud,8,Lumen Christi (Jackson),42,0,MI,MI
11,Grandville (Grandville),24,Rockford,14,0,MI,MI
11,Kalamazoo Central,12,Howell,35,0,MI,MI
11,East Kentwood,23,Hudsonville,25,0,MI,MI
11,Livonia Stevenson,0,Novi Detroit Catholic Central (Novi),33,0,MI,MI
11,Manchester,20,Petersburg Summerfield (Petersburg),17,0,MI,MI
11,Mendon,58,Climax-Scotts,50,0,MI,MI
11,Muskegon Oakridge,14,Grand Rapids West Catholic (Grand Rapids),32,0,MI,MI
11,Orchard Lake St Mary (Orchard Lake),42,North Farmington,7,0,MI,MI
11,Ottawa Lake Whiteford (Ottawa Lake),32,Clinton,38,0,MI,MI
11,River Rouge (River Rouge),13,Southgate Anderson,7,0,MI,MI
11,Sand Creek,0,Reading (Reading),36,0,MI,MI
11,Sterling Heights Stevenson,0,Detroit Cass Tech (Detroit),41,0,MI,MI
11,Bedford (Temperance),21,Gibraltar Carlson,42,0,MI,MI
11,Traverse City West,0,Muskegon Mona Shores (Muskegon),28,0,MI,MI
11,Warren De La Salle (Warren),49,Port Huron Northern,0,0,MI,MI
11,Warren Fitzgerald,0,Detroit King (Detroit),41,0,MI,MI
11,Belle Vernon Area,11,McKeesport (McKeesport),34,0,PA,PA
11,Taylor Allderdice (Pittsburgh),8,Hollidaysburg,41,0,PA,PA
11,DuBois,45,Cathedral Prep (Erie),42,0,PA,PA
11,Fort LeBoeuf,6,Corry (Corry),9,1,PA,PA
11,Hickory (Hermitage),1,Slippery Rock,0,0,PA,PA
11,Fairview (Fairview),0,Titusville (Titusville),33,1,PA,PA
11,Erie (Erie),14,McDowell (Erie),28,1,PA,PA
11,Conneaut Area (Linesville),6,Sharon (Sharon),65,1,PA,PA
11,Carmel (Carmel),28,Zionsville,29,0,IN,IN
11,Center Grove (Greenwood),72,Jeffersonville,7,0,IN,IN
11,East Central (St Leon),35,Seymour,0,0,IN,IN
11,Bishop Dwenger (Fort Wayne),25,Fort Wayne Wayne,6,0,IN,IN
11,Greensburg,6,Lawrenceburg (Lawrenceburg),59,0,IN,IN
11,Lawrence North (Indianapolis),40,Lawrence Central,9,0,IN,IN
11,Mooresville,15,Bishop Chatard (Indianapolis),42,0,IN,IN
11,North Central (Indianapolis),0,Cathedral (Indianapolis),36,0,IN,IN
11,Roncalli (Indianapolis),55,Brebeuf Jesuit Preparatory,27,0,IN,IN
11,South Vermillion,6,Linton-Stockton (Linton),38,0,IN,IN
11,Saint Frances Academy (Baltimore),30,IMG Academy (Bradenton),3,0,MD,FL
11,Bishop McNamara (Forestville),0,DeMatha Catholic (Hyattsville),37,0,MD,MD
11,Gonzaga (Washington),0,Good Counsel (Wheaton),21,0,DC,MD
11,St Joseph's Collegiate (Buffalo),37,Bishop Timon - St Jude (Buffalo),13,0,NY,NY
11,Chaminade (Mineola),20,Xavier (New York),7,0,NY,NY
11,Iona Prep (New Rochelle),35,Monsignor Farrell (Staten Island),15,0,NY,NY
11,Christ the King Regional (Middle Village),16,St Dominic (Oyster Bay),22,0,NY,NY
11,Penfield (Penfield),0,Aquinas Institute (Rochester),35,0,NY,NY
11,Don Bosco Prep (Ramsey),42,St Peter's Prep,7,0,NJ,NJ
11,Chatham (Chatham),24,Wayne Valley (Wayne),7,0,NJ,NJ
11,Mt Carmel (Chicago),56,Harlem (Machesney Park),14,0,IL,IL
11,Cornerstone Christian (San Antonio),35,St Francis Episcopal (Houston),0,0,TX,TX
11,St Matthew (Orléans),35,St Peter (Orléans),0,0,ON,ON
11,Ashbury College (Ottawa),40,St Mother Teresa (Nepean),29,0,ON,ON
11,Assumption Catholic (Burlington),23,Notre Dame (Burlington),6,0,ON,ON
11,Ursuline College (The Pines) (Chatham),31,St Patrick's (Sarnia),21,0,ON,ON
11,Humberview (Caledon),12,Philip Pocock (Mississauga),21,0,ON,ON
11,Bishop Macdonell (Guelph),3,Centennial CVI (Guelph),45,0,ON,ON
11,M. M. Robinson (Burlington),0,Garth Webb (Oakville),23,0,ON,ON
11,Assumption College (Brantford),0,Brantford Collegiate Institute (Brantford),24,0,ON,ON
11,St Thomas of Villanova (LaSalle),24,Sandwich (Windsor),10,0,ON,ON
11,St John Henry Newman (Stoney Creek),0,St Thomas More (Hamilton),38,0,ON,ON
11,Bishop Ryan (Hamilton),21,Bishop Tonnos (Ancaster),48,0,ON,ON
11,London South (London),11,Sir Frederick Banting (London),14,0,ON,ON
11,London Catholic Central (London),32,A. B. Lucas (London),8,0,ON,ON
11,Villanova College (King City),10,Father Henry Carr (Etobicoke),14,0,ON,ON
11,Holy Trinity Catholic (Oakville),0,Corpus Christi (Burlington),30,0,ON,ON
11,Paris District (Paris),14,St John's College (Brantford),19,0,ON,ON
11,Northern SS (Toronto),36,Western Tech (Toronto),35,1,ON,ON
11,Aldershot (Burlington),0,Dr Frank J Hayden (Burlington),43,0,ON,ON
11,St Theresa's (Midland),0,St Joseph's (Barrie),34,1,ON,ON
11,Michael Power - St Joseph (Etobicoke),2,Brebeuf College (North York),20,1,ON,ON
11,Patrick Fogarty (Orillia),0,St Joan of Arc (Barrie),30,1,ON,ON
11,St Francis Xavier (Gloucester),21,St Joseph (Nepean),45,0,ON,ON
11,Essex (Essex),44,Belle River (Belle River),20,0,ON,ON
11,Tecumseh Vista Academy (Tecumseh),21,l'Essor (Tecumseh),14,0,ON,ON
11,Riverside (Windsor),43,Vincent Massey (Windsor),0,0,ON,ON
11,Hammarskjold (Thunder Bay),0,Westgate (Thunder Bay),44,0,ON,ON
11,St Patrick (Thunder Bay),10,St Ignatius (Thunder Bay),7,0,ON,ON
11,Bishop Allen (Etobicoke),25,Senator O'Connor (Toronto),0,0,ON,ON
11,Lawrence Park CI (Toronto),8,Birchmount Park CI (Scarborough),31,1,ON,ON
11,Newtonbrook (North York),0,Leaside (East York),30,1,ON,ON
11,Thorold (Thorold),7,Governor Simcoe (St Catharines),38,0,ON,ON
11,Timber Creek (Orlando),27,Poinciana (Kissimmee),20,0,FL,FL
11,Julius L. Chambers / Vance (Charlotte),19,Mallard Creek (Charlotte),44,0,NC,NC
11,Crazy Horse,0,Lower Brule,66,0,SD,SD
11,Little Wound,20,Winnebago (Winnebago),34,0,SD,NE
11,White River,36,Omaha Nation (Macy),0,0,SD,NE
11,Danbury (Lakeside),18,Chalker (Southington),58,0,,
11,Holgate (Holgate),0,St Mary Central Catholic (Sandusky),40,0,,
11,River (Hannibal),22,Catholic Central (Steubenville),28,0,,
11,Columbus Crusaders (club) (Columbus),38,Landmark Eagles (club) (Cincinnati),52,0,,
11,Peebles (club) (Peebles),52,North Adams (club) (Seaman),6,0,,
11,Central (Louisville),42,W.E.B. DuBois Academy (Louisville),6,0,KY,KY
11,Oil City (Oil City),20,Meadville,27,1,PA,PA
11,Seneca,7,Farrell (Farrell),44,1,PA,PA
11,Eisenhower,21,Reynolds (Greenville),26,1,PA,PA
11,Saegertown,7,Cambridge Springs,46,1,PA,PA
11,Lakeview,7,Greenville,28,1,PA,PA
11,Sharpsville,35,Mercyhurst Prep (Erie),31,1,PA,PA
11,University Prep (USO co-op) (Pittsburgh),38,Punxsutawney,26,1,PA,PA
11,Kiski Prep (Saltsburg),31,Linsly (Wheeling),28,0,PA,WV
11,Virginia Academy (Ashburn),0,Football North (via Clarkson SS) (Mississauga),49,1,VA,ON
11,Archbishop Spalding (Severn),31,Mount St Joseph (Baltimore),0,0,MD,MD
11,Mt Zion Prep (Lanham),20,St Frances Academy (Regional),14,0,MD,MD
11,Long Island St Anthony's (South Huntington),42,Cardinal Hayes (Bronx),34,0,NY,NY
11,Holy Cross (Flushing),38,Cardinal Spellman (Bronx),6,0,NY,NY
11,St Francis Prep (Fresh Meadows),21,Kellenberg Memorial (Uniondale),35,0,NY,NY
11,John F Kennedy Catholic (Somers),6,Xaverian (Brooklyn),31,0,NY,NY
11,St Peter's (Staten Island),31,St John the Baptist (West Islip),13,0,NY,NY
11,Long Island Lutheran (Brookville),40,St Luke (New Canaan),9,0,NY,CT
11,Fordham Prep (Bronx),28,Mt St Michael Academy (Bronx),13,0,NY,NY
11,Nashua North (Nashua),7,Canisius (Buffalo),48,0,NH,NY
11,Seton Hall Prep (West Orange),0,Bergen Catholic (Oradell),31,0,NJ,NJ
11,Huron Heights (Newmarket),61,St Francis (Hamburg),47,0,ON,NY
11,Holy Trinity Catholic SS (Courtice),17,Paul Dwyer (Oshawa),24,0,ON,ON
11,Delhi (Delhi),45,Simcoe CS (Simcoe),0,1,ON,ON
11,Southern (Santa Rita),6,George Washington (Mangilao),18,0,GU,GU
11,Archbishop Stepinac (White Plains),21,Moore Catholic (Staten Island),14,0,NY,NY
11,St Joseph by-the-Sea (Staten Island),38,Holy Trinity - Long Island (Hicksville),31,0,NY,NY
12,Maple Ridge (Barrie),15,Bear Creek (Barrie),23,0,ON,ON
12,Nantyr Shores (Innisfil),0,Barrie North (Barrie),35,0,ON,ON
12,Grand River CI (Kitchener),2,Elmira District SS (Elmira),7,0,ON,ON
12,Holy Trinity (Kanata),6,Ashbury College (Ottawa),35,0,ON,ON
12,St Mary's (Kitchener),8,St Benedict (Cambridge),7,0,ON,ON
12,Bluevale CI (Waterloo),0,Jacob Hespeler SS (Cambridge),33,1,ON,ON
12,St Peter (Orléans),28,St Francis Xavier (Gloucester),13,0,ON,ON
12,Upper Canada College (Toronto),7,St Andrew's College (Aurora),29,0,ON,ON
12,Preston (Cambridge),17,Waterloo Collegiate Institute (Waterloo),14,0,ON,ON
12,St Mother Teresa (Nepean),7,St Matthew (Orléans),36,0,ON,ON
12,St Patrick's (Ottawa),18,Sir Wilfrid Laurier (Orléans),38,0,ON,ON
12,Great Lakes (Sarnia),21,Wallaceburg District (Wallaceburg),0,0,ON,ON
12,Kitchener-Waterloo CI/VS (Kitchener),3,Cameron Heights CI (Kitchener),34,0,ON,ON
12,Kingston (Kingston),6,Holy Cross (Kingston),50,0,ON,ON
12,Regiopolis-Notre Dame (Kingston),28,Sydenham (Sydenham),34,1,ON,ON
12,Freedom (Orlando),3,Timber Creek (Orlando),48,0,FL,FL
12,Westdale (Hamilton),0,Westmount (Hamilton),14,1,ON,ON
12,Brantford Collegiate Institute (Brantford),15,St John's College (Brantford),7,1,ON,ON
12,Georgetown (Georgetown),28,Nelson (Burlington),11,1,ON,ON
12,Birchmount Park CI (Scarborough),14,Leaside (East York),34,1,ON,ON
12,St Francis (St Catharines),18,Notre Dame College (Welland),20,0,ON,ON
12,Father Henry Carr (Etobicoke),18,Bishop Allen (Etobicoke),7,0,ON,ON
12,St Thomas Aquinas (Oakville),17,St Francis Xavier (Milton),42,1,ON,ON
12,Tecumseh Vista Academy (Tecumseh),28,Cardinal Carter Catholic (Leamington),35,0,ON,ON
12,Riverside (Windsor),36,St Joseph's Catholic (Windsor),7,0,ON,ON
12,North Star (Amherstburg),41,Vincent Massey (Windsor),0,0,ON,ON
12,Ernestown (Odessa),6,Bayridge (Kingston),30,0,ON,ON
12,Archbishop Alter (Kettering),42,Wyoming (Cincinnati),0,0,,
12,Athens (The Plains),14,Steubenville (Steubenville),35,0,,
12,Bath (Lima),23,Greeneview (Jamestown),28,0,,
12,Berea-Midpark (Berea),14,Perrysburg (Perrysburg),25,0,,
12,Berkshire (Burton),19,Manchester (New Franklin),41,0,,
12,Bishop Ready (Columbus),22,St Clairsville (St Clairsville),29,0,,
12,Bloom-Carroll (Carroll),17,Licking Valley (Newark),29,0,,
12,Brookville (Brookville),0,Taft (Cincinnati),44,0,,
12,Butler (Vandalia),14,Anderson (Cincinnati),49,0,,
12,Canal Winchester (Canal Winchester),7,Massillon Washington (Massillon),37,0,,
12,Canton McKinley (Canton),35,Jackson (Massillon),32,0,,
12,Carey (Carey),0,Patrick Henry (Hamler),24,0,,
12,Centerburg (Centerburg),7,Northmor (Galion),39,0,,
12,Chaminade Julienne (Dayton),12,London (London),24,0,,
12,Chardon (Chardon),16,Cuyahoga Valley Christian Academy (Cuyahoga Falls),19,0,,
12,Clyde (Clyde),7,Ontario (Ontario),38,0,,
12,Colonel Crawford (North Robinson),6,Grandview Heights (Columbus),13,0,,
12,Columbus Academy (Gahanna),7,Harvest Prep (Canal Winchester),48,0,,
12,Cuyahoga Heights (Cuyahoga Heights),7,Western Reserve (Berlin Center),6,0,,
12,Dalton (Dalton),27,Pymatuning Valley (Andover),25,0,,
12,Defiance (Defiance),6,Benedictine (Cleveland),28,0,,
12,Dover (Dover),37,Tri-Valley (Dresden),35,0,,
12,Dublin Coffman (Dublin),56,Lebanon (Lebanon),20,0,,
12,Eastwood (Pemberville),56,Norwayne (Creston),49,0,,
12,Elder (Cincinnati),14,Lakota West (West Chester),20,0,,
12,Fairview (Sherwood),20,Ottawa Hills (Toledo),45,0,,
12,Field (Mogadore),3,Lake Catholic (Mentor),35,0,,
12,Fort Loramie (Fort Loramie),7,Cincinnati College Prep (Cincinnati),18,0,,
12,Garaway (Sugarcreek),38,Garfield (Garrettsville),20,0,,
12,Geneva (Geneva),14,Aurora (Aurora),42,0,,
12,Girard (Girard),30,South Range (Canfield),49,0,,
12,Glenville (Cleveland),13,West Branch (Beloit),0,0,,
12,Green (Uniontown),17,Nordonia (Macedonia),42,0,,
12,Groveport Madison (Groveport),7,Olentangy Liberty (Powell),27,0,,
12,Hamilton (Hamilton),7,Princeton (Cincinnati),37,0,,
12,Warren G Harding (Warren),21,Austintown-Fitch (Austintown),42,0,,
12,Harrison (Harrison),45,Xenia (Xenia),28,0,,
12,Hilliard Bradley (Hilliard),12,Hilliard Davidson (Hilliard),34,0,,
12,Holgate (Holgate),0,Toledo Christian (Toledo),49,0,,
12,Hudson (Hudson),21,Walsh Jesuit (Cuyahoga Falls),35,0,,
12,Huron (Huron),0,Bluffton (Bluffton),35,0,,
12,Indian Hill (Cincinnati),16,Clinton-Massie (Clarksville),13,0,,
12,Indian Lake (Lewistown),28,Preble Shawnee (Camden),14,0,,
12,Jackson (Jackson),0,Bishop Watterson (Columbus),34,0,,
12,John F Kennedy (Warren),28,Monroeville (Monroeville),19,0,,
12,Keystone (La Grange),7,Oak Harbor (Oak Harbor),35,0,,
12,Kings (Kings Mills),27,La Salle (Cincinnati),35,0,,
12,Lake (Uniontown),14,Archbishop Hoban (Akron),21,0,,
12,Lakota East (Liberty Township),28,Archbishop Moeller (Cincinnati),55,0,,
12,Lehman Catholic (Sidney),20,Ansonia (Ansonia),60,0,,
12,Leipsic (Leipsic),18,Gibsonburg (Gibsonburg),16,0,,
12,Lexington (Lexington),49,Rocky River (Rocky River),29,0,,
12,Liberty-Benton (Findlay),0,Liberty Center (Liberty Center),35,0,,
12,Lima Central Catholic (Lima),6,Columbus Grove (Columbus Grove),38,0,,
12,Logan Elm (Circleville),14,New Lexington (New Lexington),52,0,,
12,Lowellville (Lowellville),14,Malvern (Malvern),42,0,,
12,Madeira (Cincinnati),6,Waynesville (Waynesville),55,0,,
12,Maple Heights (Maple Heights),6,Gilmour Academy (Gates Mills),40,0,,
12,Martins Ferry (Martins Ferry),14,Poland Seminary (Poland),34,0,,
12,McComb (McComb),13,Mohawk (Sycamore),20,0,,
12,Archbishop McNicholas (Cincinnati),21,Bellbrook (Bellbrook),24,0,,
12,St Marys Memorial (St Marys),16,Tippecanoe (Tipp City),14,0,,
12,Miami East (Casstown),28,West Liberty-Salem (West Liberty),62,0,,
12,Mogadore (Mogadore),0,Columbia (Columbia Station),28,0,,
12,Mount Healthy (Cincinnati),30,Badin (Hamilton),14,0,,
12,Napoleon (Napoleon),28,Bay (Bay Village),0,0,,
12,Newcomerstown (Newcomerstown),14,Ridgewood (West Lafayette),34,0,,
12,Northeastern (South Vienna),7,Coldwater (Coldwater),56,0,,
12,Northwest (Canal Fulton),7,Streetsboro (Streetsboro),34,0,,
12,Notre Dame (Portsmouth),2,Danville (Danville),60,0,,
12,Olentangy Berlin (Delaware),17,Gahanna Lincoln (Gahanna),14,0,,
12,Olmsted Falls (Olmsted Falls),35,Avon (Avon),52,0,,
12,Ottawa-Glandorf (Ottawa),14,Shelby (Shelby),26,0,,
12,Padua Franciscan (Parma),39,Buckeye (Medina),34,0,,
12,Perry (Massillon),24,Big Walnut (Sunbury),35,0,,
12,Pickerington North (Pickerington),35,Pickerington Central (Pickerington),14,0,,
12,Portsmouth (Portsmouth),0,Ironton (Ironton),44,0,,
12,Purcell Marian (Cincinnati),12,Anna (Anna),54,0,,
12,Revere (Richfield),0,Central Catholic (Toledo),48,0,,
12,Rock Hill (Ironton),20,Cincinnati Country Day (Cincinnati),56,0,,
12,St Bernard-Elmwood Place (St Bernard),49,Portsmouth West (West Portsmouth),21,0,,
12,St Edward (Lakewood),24,Whitmer (Toledo),7,0,,
12,St Francis DeSales (Columbus),14,Ashland (Ashland),27,0,,
12,St Francis de Sales (Toledo),20,Highland (Medina),49,0,,
12,St Henry (St Henry),14,Minster (Minster),42,0,,
12,Villa Angela-St Joseph (Cleveland),8,Ursuline (Youngstown),44,0,,
12,St Xavier (Cincinnati),22,Winton Woods (Cincinnati),10,0,,
12,Sandusky (Sandusky),14,Anthony Wayne (Whitehouse),35,0,,
12,Seneca East (Attica),0,Hopewell-Loudon (Bascom),34,0,,
12,Smithville (Smithville),0,Kirtland (Kirtland),39,0,,
12,South Gallia (Crown City),6,Eastern (Beaver),41,0,,
12,Springboro (Springboro),7,Centerville (Centerville),14,0,,
12,Strongsville (Strongsville),0,Mentor (Mentor),33,0,,
12,Struthers (Struthers),0,Perry (Perry),3,0,,
12,Taylor (Cleves),42,Valley View (Germantown),10,0,,
12,Toronto (Toronto),28,Springfield (New Middletown),29,0,,
12,Trimble (Glouster),22,Conotton Valley (Bowerston),26,0,,
12,Tri-Village (New Madison),14,Marion Local (Maria Stein),56,0,,
12,Triway (Wooster),21,Edison (Milan),42,0,,
12,Upper Arlington (Upper Arlington),24,Olentangy Orange (Lewis Center),20,0,,
12,Vermilion (Vermilion),7,Perkins (Sandusky),48,0,,
12,Wadsworth (Wadsworth),21,North Ridgeville (North Ridgeville),10,0,,
12,Waterford (Waterford),26,Fort Frye (Beverly),29,0,,
12,Waverly (Waverly),14,Indian Valley (Gnadenhutten),49,0,,
12,Wayne (Huber Heights),20,Kettering Fairmont (Kettering),10,0,,
12,West Holmes (Millersburg),24,East Liverpool (East Liverpool),13,0,,
12,West Muskingum (Zanesville),33,Fairland (Proctorville),7,0,,
12,Wheelersburg (Wheelersburg),28,Union Local (Belmont),23,0,,
12,Wilmington (Wilmington),12,Wapakoneta (Wapakoneta),48,0,,
12,Windham (Windham),14,Hillsdale (Jeromesville),43,0,,
12,Worthington Kilbourne (Columbus),7,Teays Valley (Ashville),10,0,,
12,Cameron (Cameron),34,Pendleton County,13,0,WV,WV
12,Clay-Battelle (Blacksville),12,Magnolia (New Martinsville),14,0,WV,WV
12,Herbert Hoover (Elkview),62,Weir (Weirton),7,0,WV,WV
12,John Marshall (Glen Dale),30,Wheeling Park (Wheeling),35,0,WV,WV
12,Keyser (Keyser),0,Frankfort (Ridgeley),55,0,WV,WV
12,Lincoln,13,Bridgeport (Bridgeport),70,0,WV,WV
12,Martinsburg (Martinsburg),44,Hurricane (Hurricane),17,0,WV,WV
12,Musselman,6,Parkersburg (Parkersburg),29,0,WV,WV
12,Oak Glen (New Cumberland),44,Tygarts Valley,8,0,WV,WV
12,Richwood,32,Hundred (Hundred),38,0,WV,WV
12,Ripley (Ripley),7,Roane County (Spencer),43,0,WV,WV
12,Riverside (Belle),0,Cabell Midland (Ona),42,0,WV,WV
12,Spring Valley (Huntington),49,Saint Albans,14,0,WV,WV
12,Wheeling Central Catholic (Wheeling),48,Shady Spring,7,0,WV,WV
12,Williamstown (Williamstown),7,Scott,17,0,WV,WV
12,Winfield,34,Point Pleasant (Point Pleasant),55,0,WV,WV
12,Spring Mills (Martinsburg),33,Hedgesville,0,0,WV,WV
12,Linsly (Wheeling),20,Huntington (Huntington),55,0,WV,WV
12,Bellevue (Bellevue),12,Bishop Brossart (Alexandria),39,0,KY,KY
12,Boyd County (Ashland),14,Covington Catholic (Park Hills),42,0,KY,KY
12,Campbell County (Alexandria),0,DuPont Manual,45,0,KY,KY
12,Casey County,0,Central (Louisville),64,0,KY,KY
12,Dayton (Dayton),9,Ludlow (Ludlow),55,0,KY,KY
12,Dixie Heights (Edgewood),14,Woodford County,49,0,KY,KY
12,Greenup County (Greenup),21,Mason County,56,0,KY,KY
12,Harrison County (Cynthiana),7,Ashland Blazer (Ashland),47,0,KY,KY
12,Holy Cross (Covington),0,Newport (Newport),35,0,KY,KY
12,Paintsville (Paintsville),32,Middlesboro,19,0,KY,KY
12,Pendleton County (Falmouth),7,Russell (Russell),55,0,KY,KY
12,Perry County Central,7,Boyle County (Danville),57,0,KY,KY
12,Pineville,0,Pikeville (Pikeville),42,0,KY,KY
12,Pleasure Ridge Park (Louisville),0,Ryle (Union),39,0,KY,KY
12,Sayre (Lexington),63,Fairview (Ashland),0,0,KY,KY
12,Simon Kenton (Independence),13,St Xavier (Louisville),48,0,KY,KY
12,South Oldham (Crestwood),28,Cooper (Union),56,0,KY,KY
12,Southern (Louisville),0,Trinity (Louisville),63,0,KY,KY
12,Floyd Central (Eastern),16,Shelby Valley (Pikeville),48,0,KY,KY
12,Brighton,33,Howell,35,0,MI,MI
12,Byron Center,30,Muskegon Mona Shores (Muskegon),23,0,MI,MI
12,Dearborn,7,Detroit Cass Tech (Detroit),42,0,MI,MI
12,Dearborn Divine Child (Dearborn),21,Harper Woods (Harper Woods),40,0,MI,MI
12,Grand Rapids West Catholic (Grand Rapids),18,Grand Rapids Catholic Central,21,0,MI,MI
12,Grandville (Grandville),16,Hudsonville,19,0,MI,MI
12,Grosse Pointe North,28,Detroit King (Detroit),62,0,MI,MI
12,Ida,28,Lumen Christi (Jackson),49,0,MI,MI
12,Manchester,26,Riverview Gabriel Richard (Riverview),44,0,MI,MI
12,Orchard Lake St Mary (Orchard Lake),51,Farmington,0,0,MI,MI
12,Pittsford,26,Britton-Deerfield (Britton),60,0,MI,MI
12,Reading (Reading),30,Springport,29,0,MI,MI
12,River Rouge (River Rouge),20,Riverview,14,0,MI,MI
12,Warren De La Salle (Warren),35,Grosse Pointe South,21,0,MI,MI
12,West Bloomfield,14,Novi Detroit Catholic Central (Novi),41,0,MI,MI
12,Central Dauphin East,14,Central York (York),47,0,PA,PA
12,McKeesport (McKeesport),35,Mars,7,0,PA,PA
12,Franklin Regional,0,Pine-Richland (Gibsonia),42,0,PA,PA
12,McDowell (Erie),7,State College,35,0,PA,PA
12,Meadville,0,General McLane (Edinboro),34,1,PA,PA
12,Corry (Corry),7,Hickory (Hermitage),42,1,PA,PA
12,Titusville (Titusville),7,Sharon (Sharon),40,1,PA,PA
12,East Noble,38,Bishop Dwenger (Fort Wayne),0,0,IN,IN
12,Franklin Central,14,Center Grove (Greenwood),52,0,IN,IN
12,Franklin Community,0,East Central (St Leon),21,0,IN,IN
12,Bishop Chatard (Indianapolis),28,Roncalli (Indianapolis),24,0,IN,IN
12,Cathedral (Indianapolis),7,Lawrence North (Indianapolis),24,0,IN,IN
12,Lawrenceburg (Lawrenceburg),7,Batesville,21,0,IN,IN
12,Linton-Stockton (Linton),42,Greencastle,39,0,IN,IN
12,Mount St Joseph (Baltimore),0,Archbishop Spalding (Severn),38,0,MD,MD
12,Riverdale Baptist (Upper Marlboro),30,Friendship Collegiate (Washington),12,0,MD,DC
12,Mt Zion Prep (Lanham),6,Football North (via Clarkson SS) (Mississauga),60,1,MD,ON
12,Aquinas Institute (Rochester),21,McQuaid Jesuit (Rochester),6,0,NY,NY
12,Chaminade (Mineola),14,Monsignor Farrell (Staten Island),7,0,NY,NY
12,St Thomas More (Oakdale),7,IMG Academy (Bradenton),28,0,CT,FL
12,Legacy Sport Sciences (Spring),34,Cornerstone Christian (San Antonio),16,0,TX,TX
12,Assumption Catholic (Burlington),10,Corpus Christi (Burlington),24,1,ON,ON
12,Brampton Centennial (Brampton),28,Mayfield (Brampton),22,0,ON,ON
12,Paul Dwyer (Oshawa),7,St Roch Catholic SS (Brampton),40,1,ON,ON
12,St Thomas of Villanova (LaSalle),7,Holy Names (Windsor),35,0,ON,ON
12,St Thomas More (Hamilton),26,Bishop Tonnos (Ancaster),33,0,ON,ON
12,Garth Webb (Oakville),13,Abbey Park (Oakville),14,0,ON,ON
12,F. J. Brennan Catholic (Windsor),0,l'Essor (Tecumseh),54,0,ON,ON
12,Dr Frank J Hayden (Burlington),17,Milton District (Milton),9,0,ON,ON
12,Bear Creek (Barrie),0,Barrie North (Barrie),23,1,ON,ON
12,St Joseph's (Barrie),21,St Joan of Arc (Barrie),14,1,ON,ON
12,Centennial (Belleville),0,Holy Cross (Peterborough),17,0,ON,ON
12,Essex (Essex),7,W.F. Herman (Windsor),50,0,ON,ON
12,Cardinal Ambrozic (Brampton),7,Clarkson (Mississauga),39,0,ON,ON
12,College Avenue (Woodstock),24,St Joseph's (St Thomas),46,0,ON,ON
12,St Mary's (Kitchener),14,Resurrection (Kitchener),28,1,ON,ON
12,St Mary's (Owen Sound),0,Centennial CVI (Guelph),38,1,ON,ON
12,IMG Academy Var-White (Bradenton),24,NFL Academy London (London),40,0,FL,UK
12,Brookings,7,Watertown,20,0,SD,SD
12,Canistota,28,Sully Buttes,34,0,SD,SD
12,Elk Point-Jefferson,14,Sioux Valley,28,0,SD,SD
12,Elkton-Lake Benton,16,Hamlin,20,0,SD,SD
12,Harrisburg,14,Sioux Falls Lincoln,20,0,SD,SD
12,Lennox,35,Dell Rapids,0,0,SD,SD
12,Pierre T.F. Riggs,14,Yankton,9,0,SD,SD
12,Pine Ridge,42,Winnebago (Winnebago),40,1,SD,NE
12,Sioux Falls Jefferson,34,Brandon Valley,37,0,SD,SD
12,St. Mary's,22,Faulkton Area,48,0,SD,SD
12,St. Thomas More,0,Winner,36,0,SD,SD
12,Warner,13,Howard,40,0,SD,SD
12,West Central,7,Sioux Falls Christian,31,0,SD,SD
12,White River,8,Lower Brule,60,1,SD,SD
12,Wolsey-Wessington,30,Wall,28,0,SD,SD
12,Freeman/Marion/Freeman Academy (co-op),22,Parkston,28,0,SD,SD
12,Guam High (Agana Heights),6,Southern (Santa Rita),30,1,GU,GU
12,Brebeuf College (North York),4,Northern SS (Toronto),16,1,ON,ON
12,Chalker (Southington),6,St Mary Central Catholic (Sandusky),41,0,,
12,Miller (Corning),36,Catholic Central (Steubenville),20,0,,
12,St John's (Delphos),27,Calvert (Tiffin),0,0,,
12,Landmark Eagles (club) (Cincinnati),46,Osceola Grace (club) (Elkhart),48,1,,IN
12,C4 Lions (club) (Trenton),0,Noblesville Lions (club) (Noblesville),24,1,,IN
12,Martin,22,Mendon,26,0,MI,MI
12,Greenville,27,Cambridge Springs,26,1,PA,PA
12,Reynolds (Greenville),14,Wilmington (New Wilmington),49,1,PA,PA
12,Sharpsville,18,Farrell (Farrell),28,1,PA,PA
12,University Prep (USO co-op) (Pittsburgh),24,Clearfield,34,1,PA,PA
12,Saint Joseph's Prep (Philadelphia),21,La Salle College (Wyndmoor),14,1,PA,PA
12,Calumet Christian (Griffith),35,Columbus Crusaders (club) (Columbus),34,1,IN,
12,Good Counsel (Wheaton),18,Bishop McNamara (Forestville),16,0,MD,MD
12,Gonzaga (Washington),10,St John's College (Washington),7,0,DC,DC
12,Holy Trinity - Long Island (Hicksville),6,St Joseph by-the-Sea (Staten Island),30,0,NY,NY
12,St John the Baptist (West Islip),36,St Peter's (Staten Island),49,0,NY,NY
12,Xavier (New York),28,Moore Catholic (Staten Island),38,0,NY,NY
12,St Francis Prep (Fresh Meadows),14,Fordham Prep (Bronx),41,0,NY,NY
12,Kellenberg Memorial (Uniondale),6,Cardinal Hayes (Bronx),34,0,NY,NY
12,Archbishop Stepinac (White Plains),14,Long Island St Anthony's (South Huntington),50,0,NY,NY
12,Christ the King Regional (Middle Village),0,Mt St Michael Academy (Bronx),35,0,NY,NY
12,John F Kennedy Catholic (Somers),14,Cardinal Spellman (Bronx),8,0,NY,NY
12,St Charles North (St Charles),15,Mt Carmel (Chicago),48,0,IL,IL
12,Ursuline College (The Pines) (Chatham),13,Northern CI (Sarnia),23,0,ON,ON
12,Huron Heights (Newmarket),33,Long Island Lutheran (Brookville),41,0,ON,NY
12,Preston (Cambridge),14,Cameron Heights CI (Kitchener),31,1,ON,ON
12,Lo-Ellen Park (Sudbury),18,Korah (Sault Ste. Marie),41,0,ON,ON
12,St Patrick (Thunder Bay),14,Westgate (Thunder Bay),44,1,ON,ON
12,Elmira District SS (Elmira),10,Jacob Hespeler SS (Cambridge),24,1,ON,ON
13,St Matthew (Orléans),3,St Mark (Manotick),8,0,ON,ON
13,St Peter (Orléans),6,St Joseph (Nepean),30,0,ON,ON
13,Sydenham (Sydenham),7,Frontenac (Kingston),38,1,ON,ON
13,Holy Cross (Kingston),26,La Salle (Kingston),28,1,ON,ON
13,Ashbury College (Ottawa),23,Colonel By (Gloucester),16,0,ON,ON
13,Assumption Catholic (Burlington),18,Bishop Tonnos (Ancaster),39,0,ON,ON
13,London Catholic Central (London),20,Sir Frederick Banting (London),7,1,ON,ON
13,Georgetown (Georgetown),18,Corpus Christi (Burlington),57,0,ON,ON
13,Great Lakes (Sarnia),16,Lambton Central (Petrolia),13,0,ON,ON
13,Brampton Centennial (Brampton),0,Clarkson (Mississauga),36,1,ON,ON
13,Brantford Collegiate Institute (Brantford),10,Jacob Hespeler SS (Cambridge),13,0,ON,ON
13,W.F. Herman (Windsor),15,Holy Names (Windsor),14,1,ON,ON
13,Northern SS (Toronto),10,St Roch Catholic SS (Brampton),42,1,ON,ON
13,Notre Dame College (Welland),7,A.N. Myer (Niagara Falls),39,0,ON,ON
13,Father Henry Carr (Etobicoke),12,Leaside (East York),23,1,ON,ON
13,Dr Frank J Hayden (Burlington),41,Abbey Park (Oakville),28,1,ON,ON
13,Sir Winston Churchill (St Catharines),2,Westmount (Hamilton),41,1,ON,ON
13,St Joseph's (Barrie),0,Barrie North (Barrie),13,1,ON,ON
13,Resurrection (Kitchener),0,Centennial CVI (Guelph),56,1,ON,ON
13,Hamlin,32,Parkston,8,1,SD,SD
13,Sully Buttes,34,Faulkton Area,14,1,SD,SD
13,Anna (Anna),56,Cincinnati Country Day (Cincinnati),14,1,,
13,Ansonia (Ansonia),0,Marion Local (Maria Stein),61,1,,
13,Anthony Wayne (Whitehouse),14,Highland (Medina),38,1,,
13,Archbishop Alter (Kettering),37,Taylor (Cleves),13,1,,
13,Ashland (Ashland),10,Big Walnut (Sunbury),28,1,,
13,Aurora (Aurora),10,Ursuline (Youngstown),29,1,,
13,Austintown-Fitch (Austintown),28,Walsh Jesuit (Cuyahoga Falls),42,1,,
13,Bellbrook (Bellbrook),24,Wapakoneta (Wapakoneta),21,1,,
13,Canton McKinley (Canton),0,Mentor (Mentor),31,1,,
13,Columbia (Columbia Station),7,Kirtland (Kirtland),41,1,,
13,Conotton Valley (Bowerston),22,Eastern (Beaver),29,1,,
13,Cuyahoga Heights (Cuyahoga Heights),21,John F Kennedy (Warren),19,1,,
13,Cuyahoga Valley Christian Academy (Cuyahoga Falls),28,Gilmour Academy (Gates Mills),35,1,,
13,Dalton (Dalton),25,Springfield (New Middletown),0,1,,
13,Dover (Dover),14,Steubenville (Steubenville),42,1,,
13,Dublin Coffman (Dublin),7,Centerville (Centerville),42,1,,
13,Eastwood (Pemberville),28,Edison (Milan),49,1,,
13,Fort Frye (Beverly),0,Grandview Heights (Columbus),27,1,,
13,Garaway (Sugarcreek),14,South Range (Canfield),42,1,,
13,Glenville (Cleveland),28,Lake Catholic (Mentor),0,1,,
13,Harrison (Harrison),0,La Salle (Cincinnati),37,1,,
13,Indian Hill (Cincinnati),14,Taft (Cincinnati),30,1,,
13,Indian Lake (Lewistown),28,Greeneview (Jamestown),13,1,,
13,Lexington (Lexington),7,Central Catholic (Toledo),35,1,,
13,Licking Valley (Newark),0,Bishop Watterson (Columbus),30,1,,
13,Malvern (Malvern),48,Hillsdale (Jeromesville),50,1,,
13,St Marys Memorial (St Marys),7,London (London),30,1,,
13,Miller (Corning),6,Danville (Danville),46,1,,
13,Mohawk (Sycamore),13,Columbus Grove (Columbus Grove),35,1,,
13,Mount Healthy (Cincinnati),0,Anderson (Cincinnati),42,1,,
13,Napoleon (Napoleon),21,Perkins (Sandusky),35,1,,
13,New Lexington (New Lexington),23,Indian Valley (Gnadenhutten),42,1,,
13,Nordonia (Macedonia),13,Archbishop Hoban (Akron),48,1,,
13,Oak Harbor (Oak Harbor),21,Liberty Center (Liberty Center),24,1,,
13,Ontario (Ontario),49,Shelby (Shelby),48,1,,
13,Ottawa Hills (Toledo),22,Bluffton (Bluffton),61,1,,
13,Padua Franciscan (Parma),42,Benedictine (Cleveland),28,1,,
13,Patrick Henry (Hamler),35,Hopewell-Loudon (Bascom),7,1,,
13,Pickerington North (Pickerington),10,Olentangy Berlin (Delaware),7,1,,
13,Poland Seminary (Poland),24,Manchester (New Franklin),13,1,,
13,Princeton (Cincinnati),10,Archbishop Moeller (Cincinnati),28,1,,
13,Ridgewood (West Lafayette),7,Northmor (Galion),21,1,,
13,St Bernard-Elmwood Place (St Bernard),0,Coldwater (Coldwater),56,1,,
13,St Edward (Lakewood),40,Perrysburg (Perrysburg),24,1,,
13,St John's (Delphos),21,Leipsic (Leipsic),13,1,,
13,St Xavier (Cincinnati),16,Lakota West (West Chester),13,1,,
13,Streetsboro (Streetsboro),21,Perry (Perry),45,1,,
13,Teays Valley (Ashville),14,Massillon Washington (Massillon),48,1,,
13,Upper Arlington (Upper Arlington),13,Olentangy Liberty (Powell),17,1,,
13,Wadsworth (Wadsworth),10,Avon (Avon),41,1,,
13,Wayne (Huber Heights),31,Hilliard Davidson (Hilliard),7,1,,
13,Waynesville (Waynesville),42,West Liberty-Salem (West Liberty),45,1,,
13,West Holmes (Millersburg),21,St Clairsville (St Clairsville),35,1,,
13,Wheelersburg (Wheelersburg),30,West Muskingum (Zanesville),14,1,,
13,Harvest Prep (Canal Winchester),13,Ironton (Ironton),41,1,,
13,Cincinnati College Prep (Cincinnati),0,Minster (Minster),42,1,,
13,Ballard,23,Male (Louisville),17,0,KY,KY
13,Bishop Brossart (Alexandria),14,Newport Central Catholic,41,0,KY,KY
13,Fern Creek,0,Trinity (Louisville),45,0,KY,KY
13,Garrard County,7,Central (Louisville),32,0,KY,KY
13,Johnson Central,13,Covington Catholic (Park Hills),14,0,KY,KY
13,Letcher County Central,6,Boyle County (Danville),47,0,KY,KY
13,Lloyd Memorial (Erlanger),20,Russell (Russell),21,0,KY,KY
13,Mason County,14,Ashland Blazer (Ashland),42,0,KY,KY
13,Newport (Newport),23,Ludlow (Ludlow),7,0,KY,KY
13,Paintsville (Paintsville),14,Pikeville (Pikeville),42,0,KY,KY
13,St Xavier (Louisville),17,Ryle (Union),38,0,KY,KY
13,Martin County (Inez),32,Shelby Valley (Pikeville),22,0,KY,KY
13,Belleville,21,Novi Detroit Catholic Central (Novi),35,0,MI,MI
13,Detroit Cass Tech (Detroit),21,Macomb Dakota,14,0,MI,MI
13,Detroit Loyola,12,Riverview Gabriel Richard (Riverview),30,0,MI,MI
13,Orchard Lake St Mary (Orchard Lake),27,Gibraltar Carlson,3,0,MI,MI
13,River Rouge (River Rouge),0,Detroit King (Detroit),34,0,MI,MI
13,Warren De La Salle (Warren),19,Birmingham Groves,21,0,MI,MI
13,Central York (York),20,Wilson (West Lawn),28,0,PA,PA
13,Windber,6,Westinghouse (Pittsburgh),61,0,PA,PA
13,Bethel Park,7,Pine-Richland (Gibsonia),28,1,PA,PA
13,Peters Township,7,Upper Saint Clair,3,1,PA,PA
13,General McLane (Edinboro),26,Clearfield,27,0,PA,PA
13,Hickory (Hermitage),37,Sharon (Sharon),31,1,PA,PA
13,Central Clarion (co-op),41,Farrell (Farrell),6,0,PA,PA
13,Brownstown Central,21,Linton-Stockton (Linton),22,0,IN,IN
13,Center Grove (Greenwood),23,Warren Central (Indianapolis),15,0,IN,IN
13,East Central (St Leon),16,Decatur Central,21,0,IN,IN
13,Lawrence North (Indianapolis),21,Brownsburg,22,0,IN,IN
13,New Palestine,28,Bishop Chatard (Indianapolis),21,0,IN,IN
13,Bishop O'Connell (Arlington),0,St Mary's Ryken (Leonardtown),48,0,VA,MD
13,Gonzaga (Washington),14,Good Counsel (Wheaton),26,0,DC,MD
13,Archbishop Carroll (Washington),14,Paul VI (Chantilly),38,0,DC,VA
13,St John's College (Washington),6,DeMatha Catholic (Hyattsville),42,0,DC,MD
13,Rush-Henrietta (Henrietta),14,Aquinas Institute (Rochester),48,1,NY,NY
13,Cardinal Hayes (Bronx),30,Long Island St Anthony's (South Huntington),35,0,NY,NY
13,Mt St Michael Academy (Bronx),13,Xaverian (Brooklyn),55,0,NY,NY
13,Fordham Prep (Bronx),16,St Joseph by-the-Sea (Staten Island),21,0,NY,NY
13,St Joseph (Metuchen),6,Don Bosco Prep (Ramsey),45,0,NJ,NJ
13,Red Lion Christian Academy (Bear),28,Delmar,21,0,DE,DE
13,Conrad Science (Wilmington),14,Indian River,38,0,DE,DE
13,St Georges Tech (Middletown),27,Smyrna (Smyrna),12,0,DE,DE
13,Cape Henlopen,0,Salesianum (Wilmington),35,0,DE,DE
13,Christiana,0,Brandywine,44,0,DE,DE
13,Laurel,0,Caravel Academy (Bear),34,0,DE,DE
13,Lake Norman (Mooresville),9,Mallard Creek (Charlotte),34,0,NC,NC
13,Mililani,6,Kahuku (Kahuku),8,1,HI,HI
13,Pierre T.F. Riggs,13,Watertown,14,1,SD,SD
13,Winner,20,Sioux Valley,14,1,SD,SD
13,Wolsey-Wessington,30,Howard,38,1,SD,SD
13,St Mary Central Catholic (Sandusky),0,Toledo Christian (Toledo),24,1,,
13,Constantine,6,Lumen Christi (Jackson),42,0,MI,MI
13,Hudsonville,35,Howell,6,0,MI,MI
13,Mendon,32,Deckerville,49,0,MI,MI
13,Morrice,36,Britton-Deerfield (Britton),0,0,MI,MI
13,Reading (Reading),0,Decatur,41,0,MI,MI
13,McKeesport (McKeesport),7,Thomas Jefferson,28,1,PA,PA
13,Greenville,21,Wilmington (New Wilmington),26,1,PA,PA
13,Saint Joseph's Prep (Philadelphia),42,Imhotep Charter (Philadelphia),0,0,PA,PA
13,McDonogh School (Owings Mills),7,Archbishop Spalding (Severn),31,1,MD,MD
13,Concordia Prep (Towson),35,Long Island Lutheran (Brookville),18,0,MD,NY
13,Saint Albans School (Washington),20,Digital Pioneers Academy (Washington),12,1,DC,DC
13,Bishop Timon - St Jude (Buffalo),6,Canisius (Buffalo),37,0,NY,NY
13,St Joseph's Collegiate (Buffalo),23,St Francis (Hamburg),20,0,NY,NY
13,Chaminade (Mineola),14,Iona Prep (New Rochelle),34,0,NY,NY
13,John F Kennedy Catholic (Somers),7,Holy Cross (Flushing),35,1,NY,NY
13,Moore Catholic (Staten Island),28,St Peter's (Staten Island),42,0,NY,NY
13,Seton Hall Prep (West Orange),10,Bergen Catholic (Oradell),41,0,NJ,NJ
13,Appoquinimink (Middletown),28,Sussex Central (Georgetown),31,0,DE,DE
13,Paul M. Hodgson Vo-Tech (Newark),0,Middletown (Middletown),41,0,DE,DE
13,First State Military Academy,6,Polytech,35,0,DE,DE
13,Lake Forest,24,Howard,36,0,DE,DE
13,St. Elizabeth,6,Tatnall,41,0,DE,DE
13,Woodbridge,16,Archmere,14,0,DE,DE
13,Community (Normal),42,Mt Carmel (Chicago),49,1,IL,IL
13,Algonquin Catholic (North Bay),6,Korah (Sault Ste. Marie),37,0,ON,ON
13,Riverside (Windsor),35,Cardinal Carter Catholic (Leamington),27,1,ON,ON
13,North Star (Amherstburg),0,l'Essor (Tecumseh),17,1,ON,ON
13,La Salle (Kingston),13,Frontenac (Kingston),27,1,ON,ON
13,Campbell,24,Saint Louis School,27,1,HI,HI
13,Pac-Five (co-op),0,Kaiser,30,0,HI,HI
13,Kamehameha Schools - Hawaii,7,Roosevelt,13,0,HI,HI
13,Lennox,14,Sioux Falls Christian,6,1,SD,SD
13,Sioux Falls Lincoln,31,Brandon Valley,21,1,SD,SD
13,Leilehua,40,Lahainaluna,13,0,HI,HI
14,St Mark (Manotick),2,St Joseph (Nepean),16,1,ON,ON
14,W.F. Herman (Windsor),21,Northern CI (Sarnia),15,0,ON,ON
14,Bishop Tonnos (Ancaster),21,Corpus Christi (Burlington),35,0,ON,ON
14,Jacob Hespeler SS (Cambridge),19,Centennial CVI (Guelph),40,1,ON,ON
14,Westmount (Hamilton),13,A.N. Myer (Niagara Falls),35,0,ON,ON
14,Atlas Rattlers (club),28,Christ Prep Academy (Lenexa),26,1,TX,KS
14,Tomball Christian (club) (Tomball),47,Landmark Eagles (club) (Cincinnati),6,1,TX,
14,l'Essor (Tecumseh),0,Great Lakes (Sarnia),26,0,ON,ON
14,Dike-New Hartford,7,Grundy Center,28,1,IA,IA
14,Gladbrook-Reinbeck,12,Remsen St. Mary's (Remsen),51,1,IA,IA
14,Pella,14,North Polk (Alleman),28,1,IA,IA
14,West Hancock (Britt),10,Tri-Center (Neola),14,1,IA,IA
14,Anna (Anna),21,Coldwater (Coldwater),45,1,,
14,Archbishop Alter (Kettering),12,Taft (Cincinnati),26,1,,
14,Cuyahoga Heights (Cuyahoga Heights),14,Hillsdale (Jeromesville),44,1,,
14,Dalton (Dalton),6,Kirtland (Kirtland),41,1,,
14,Eastern (Beaver),6,Danville (Danville),40,1,,
14,Gilmour Academy (Gates Mills),0,Ursuline (Youngstown),54,1,,
14,Glenville (Cleveland),12,Perry (Perry),6,1,,
14,Highland (Medina),20,Avon (Avon),28,1,,
14,Archbishop Hoban (Akron),21,Walsh Jesuit (Cuyahoga Falls),7,1,,
14,Indian Lake (Lewistown),14,West Liberty-Salem (West Liberty),21,1,,
14,Indian Valley (Gnadenhutten),48,St Clairsville (St Clairsville),7,1,,
14,La Salle (Cincinnati),21,Anderson (Cincinnati),28,1,,
14,Liberty Center (Liberty Center),34,Edison (Milan),6,1,,
14,London (London),13,Bellbrook (Bellbrook),0,1,,
14,Minster (Minster),7,Marion Local (Maria Stein),21,1,,
14,Northmor (Galion),37,Grandview Heights (Columbus),6,1,,
14,Ontario (Ontario),21,Perkins (Sandusky),28,1,,
14,Padua Franciscan (Parma),7,Central Catholic (Toledo),45,1,,
14,Patrick Henry (Hamler),7,Bluffton (Bluffton),24,1,,
14,Pickerington North (Pickerington),9,Olentangy Liberty (Powell),21,1,,
14,Poland Seminary (Poland),16,South Range (Canfield),17,1,,
14,St Edward (Lakewood),13,Mentor (Mentor),7,1,,
14,St John's (Delphos),0,Columbus Grove (Columbus Grove),14,1,,
14,St Xavier (Cincinnati),23,Archbishop Moeller (Cincinnati),28,1,,
14,Steubenville (Steubenville),7,Bishop Watterson (Columbus),37,1,,
14,Massillon Washington (Massillon),7,Big Walnut (Sunbury),14,1,,
14,Wayne (Huber Heights),14,Centerville (Centerville),23,1,,
14,Wheelersburg (Wheelersburg),0,Ironton (Ironton),55,1,,
14,East Fairmont,6,Spring Valley (Huntington),54,0,WV,WV
14,George Washington (Charleston),13,Hurricane (Hurricane),14,0,WV,WV
14,Hedgesville,0,Spring Mills (Martinsburg),56,0,WV,WV
14,Lewis County,6,Oak Hill,27,0,WV,WV
14,Nicholas County,20,Wheeling Central Catholic (Wheeling),41,0,WV,WV
14,Point Pleasant (Point Pleasant),6,Fairmont Senior (Fairmont),35,0,WV,WV
14,Ripley (Ripley),10,North Marion,47,0,WV,WV
14,Robert C Byrd,0,Bridgeport (Bridgeport),65,0,WV,WV
14,South Harrison (Lost Creek),18,Bluefield,20,0,WV,WV
14,Tyler Consolidated,14,Sherman (Seth),30,0,WV,WV
14,Valley (Wetzel) (Pine Grove),0,Cameron (Cameron),62,0,WV,WV
14,Woodrow Wilson (Beckley),10,Morgantown (Morgantown),35,0,WV,WV
14,Ashland Blazer (Ashland),7,Corbin,42,0,KY,KY
14,Ballard,21,Trinity (Louisville),35,0,KY,KY
14,Central (Louisville),6,Christian Academy-Louisville (Louisville),28,0,KY,KY
14,Central Hardin,14,Ryle (Union),43,0,KY,KY
14,Covington Catholic (Park Hills),31,Boyle County (Danville),28,0,KY,KY
14,Pikeville (Pikeville),6,Sayre (Lexington),21,0,KY,KY
14,Russell (Russell),17,Belfry (Belfry),35,0,KY,KY
14,Martin County (Inez),7,Beechwood (Fort Mitchell),44,0,KY,KY
14,Bishop McDevitt (Harrisburg),48,Exeter Township,14,1,PA,PA
14,State College,19,Central Catholic (Pittsburgh),41,1,PA,PA
14,Hollidaysburg,14,Roman Catholic (Philadelphia),48,1,PA,PA
14,Wilmington (New Wilmington),20,Port Allegany (Port Allegany),38,1,PA,PA
14,Parkland,7,Saint Joseph's Prep (Philadelphia),46,1,PA,PA
14,Brownsburg,31,Center Grove (Greenwood),27,0,IN,IN
14,Linton-Stockton (Linton),40,Indianapolis Lutheran (Indianapolis),28,0,IN,IN
14,Paul VI (Chantilly),27,St Mary's Ryken (Leonardtown),17,1,VA,MD
14,Lancaster (Lancaster),19,Aquinas Institute (Rochester),21,1,NY,NY
14,St Peter's (Staten Island),7,St Joseph by-the-Sea (Staten Island),8,1,NY,NY
14,St Augustine Prep (Richland),14,Don Bosco Prep (Ramsey),35,0,NJ,NJ
14,Sussex Central (Georgetown),13,Salesianum (Wilmington),39,0,DE,DE
14,Polytech,22,Indian River,30,0,DE,DE
14,Woodbridge,0,Caravel Academy (Bear),35,0,DE,DE
14,Hillcrest (Ammon),31,Skyline (Idaho Falls),8,1,ID,ID
14,Humboldt,14,Wahlert Catholic,49,1,IA,IA
14,Spirit Lake,7,West Lyon (Inwood),42,1,IA,IA
14,Valley (West Des Moines),35,Southeast Polk,38,1,IA,IA
14,Landmark Eagles (club) (Cincinnati),7,Christ Prep Academy (Lenexa),48,1,,KS
14,Cabell Midland (Ona),28,Jefferson,48,0,WV,WV
14,Chapmanville,14,Roane County (Spencer),35,0,WV,WV
14,Clay County,17,Philip Barbour (Philippi),28,0,WV,WV
14,Elkins,7,Herbert Hoover (Elkview),49,0,WV,WV
14,Hampshire,9,Princeton Senior (Princeton),63,0,WV,WV
14,Madonna (Weirton),13,Wahama (Mason),68,0,WV,WV
14,Meadow Bridge,30,Pendleton County,44,0,WV,WV
14,Moorefield,21,Williamstown (Williamstown),47,0,WV,WV
14,Musselman,0,Wheeling Park (Wheeling),43,0,WV,WV
14,Parkersburg (Parkersburg),7,Martinsburg (Martinsburg),77,0,WV,WV
14,Shady Spring,7,Nitro,41,0,WV,WV
14,Tolsia,8,Tug Valley (Williamson),48,0,WV,WV
14,University (Morgantown),28,Huntington (Huntington),56,0,WV,WV
14,Wayne,12,Scott,40,0,WV,WV
14,Wirt County (Elizabeth),8,Doddridge County,28,0,WV,WV
14,Westside,0,Frankfort (Ridgeley),45,0,WV,WV
14,Washington,17,Parkersburg South (Parkersburg),24,0,WV,WV
14,River View (Bradshaw),8,Petersburg,49,0,WV,WV
14,Decatur,30,Riverview Gabriel Richard (Riverview),36,0,MI,MI
14,Detroit Cass Tech (Detroit),17,Novi Detroit Catholic Central (Novi),14,0,MI,MI
14,Marine City,6,Lumen Christi (Jackson),35,0,MI,MI
14,Mason,14,Detroit King (Detroit),35,0,MI,MI
14,Morrice,20,Crystal Falls Forest Park,42,1,MI,MI
14,Orchard Lake St Mary (Orchard Lake),28,Birmingham Groves,27,0,MI,MI
14,Pickford,28,Deckerville,30,1,MI,MI
14,Rochester Adams,7,Hudsonville,27,0,MI,MI
14,Scranton Preparatory,0,Northwestern Lehigh (New Tripoli),34,1,PA,PA
14,Riverside,28,Williams Valley,21,1,PA,PA
14,Wilson (West Lawn),14,Harrisburg,42,1,PA,PA
14,Penn Cambria,30,Hickory (Hermitage),7,1,PA,PA
14,Cambria Heights,6,Central Clarion (co-op),49,1,PA,PA
14,Bishop Guilfoyle (Altoona),56,Westinghouse (Pittsburgh),15,1,PA,PA
14,Peters Township,9,Pine-Richland (Gibsonia),20,1,PA,PA
14,South Park,21,Seton LaSalle,14,1,PA,PA
14,Clairton,20,Fort Cherry,21,1,PA,PA
14,Clearfield,0,Thomas Jefferson,35,1,PA,PA
14,Southern Lehigh,45,Juniata,7,1,PA,PA
14,Central Valley (Monaca),0,Avonworth (Pittsburgh),17,1,PA,PA
14,Anacostia (Washington),8,Bell (Washington),49,1,DC,DC
14,Saint Albans School (Washington),35,Maret School (Washington),34,1,DC,DC
14,St Joseph's Collegiate (Buffalo),22,Canisius (Buffalo),32,0,NY,NY
14,Long Island St Anthony's (South Huntington),22,Iona Prep (New Rochelle),43,1,NY,NY
14,Xaverian (Brooklyn),14,Holy Cross (Flushing),6,1,NY,NY
14,Saint Joseph Regional (Montvale),14,Bergen Catholic (Oradell),20,0,NJ,NJ
14,Red Lion Christian Academy (Bear),14,Howard,40,0,DE,DE
14,St Georges Tech (Middletown),7,Middletown (Middletown),24,0,DE,DE
14,Brandywine,24,Tatnall,27,0,DE,DE
14,Mt Carmel (Chicago),43,St Rita (Chicago),24,0,IL,IL
14,Atlas Rattlers (club),6,Tomball Christian (club) (Tomball),42,1,TX,TX
14,Eagle,21,Rigby,41,1,ID,ID
14,Mallard Creek (Charlotte),23,Watauga (Boone),0,0,NC,NC
14,Leilehua,20,Konawaena,45,0,HI,HI
14,Leone (Vailoatai),0,Tafuna (Tafuna),40,0,AS,AS
14,East Hardy (Baker),0,Tucker County (Hambleton),30,0,WV,WV
14,James Monroe,23,Independence (Coal City),41,0,WV,WV
14,Good Counsel (Wheaton),7,DeMatha Catholic (Hyattsville),16,1,MD,MD
14,Roosevelt,26,Kamehameha Schools - Maui,60,0,HI,HI
15,Huron Heights (Newmarket),35,Korah (Sault Ste. Marie),15,1,ON,ON
15,London Catholic Central (London),30,W.F. Herman (Windsor),7,1,ON,ON
15,Northern SS (Toronto),4,Holy Cross (Peterborough),23,1,ON,ON
15,St Joseph (Nepean),13,St Roch Catholic SS (Brampton),28,1,ON,ON
15,A.N. Myer (Niagara Falls),10,Corpus Christi (Burlington),13,1,ON,ON
15,Frontenac (Kingston),25,Westgate (Thunder Bay),14,1,ON,ON
15,Brebeuf College (North York),7,Northern CI (Sarnia),28,1,ON,ON
15,Paul Dwyer (Oshawa),9,Barrie North (Barrie),7,1,ON,ON
15,Westmount (Hamilton),7,Centennial CVI (Guelph),35,1,ON,ON
15,Coolidge (Washington),21,Dunbar (Washington),35,1,DC,DC
15,Cardinal Hayes (Bronx),22,Mt St Michael Academy (Bronx),0,0,NY,NY
15,Fordham Prep (Bronx),0,Xavier (New York),28,0,NY,NY
15,Anderson (Cincinnati),28,Big Walnut (Sunbury),24,1,,
15,Avon (Avon),35,Archbishop Hoban (Akron),10,1,,
15,Bluffton (Bluffton),6,Coldwater (Coldwater),28,1,,
15,Centerville (Centerville),10,Archbishop Moeller (Cincinnati),49,1,,
15,Central Catholic (Toledo),7,Ursuline (Youngstown),6,1,,
15,Columbus Grove (Columbus Grove),6,Marion Local (Maria Stein),41,1,,
15,Glenville (Cleveland),11,Perkins (Sandusky),13,1,,
15,Hillsdale (Jeromesville),25,Danville (Danville),22,1,,
15,Indian Valley (Gnadenhutten),29,Taft (Cincinnati),20,1,,
15,London (London),21,Bishop Watterson (Columbus),56,1,,
15,Northmor (Galion),7,Kirtland (Kirtland),41,1,,
15,Olentangy Liberty (Powell),21,St Edward (Lakewood),7,1,,
15,South Range (Canfield),14,Liberty Center (Liberty Center),48,1,,
15,West Liberty-Salem (West Liberty),21,Ironton (Ironton),63,1,,
15,Doddridge County,13,Cameron (Cameron),28,0,WV,WV
15,Huntington (Huntington),51,Wheeling Park (Wheeling),39,0,WV,WV
15,Morgantown (Morgantown),7,Spring Mills (Martinsburg),14,0,WV,WV
15,Oak Hill,14,Herbert Hoover (Elkview),56,0,WV,WV
15,Parkersburg South (Parkersburg),14,Martinsburg (Martinsburg),56,0,WV,WV
15,Scott,0,Roane County (Spencer),21,0,WV,WV
15,Sherman (Seth),0,Wahama (Mason),61,0,WV,WV
15,Spring Valley (Huntington),6,Fairmont Senior (Fairmont),29,0,WV,WV
15,Wheeling Central Catholic (Wheeling),21,Williamstown (Williamstown),29,0,WV,WV
15,Belfry (Belfry),21,Union County (Morganfield),43,0,KY,KY
15,Bowling Green (Bowling Green),31,South Warren (Bowling Green),28,0,KY,KY
15,Campbellsville,14,Sayre (Lexington),35,0,KY,KY
15,Corbin,14,Paducah Tilghman (Paducah),31,0,KY,KY
15,Covington Catholic (Park Hills),10,Franklin County (Frankfort),14,0,KY,KY
15,Highlands (Fort Thomas),23,Cooper (Union),61,0,KY,KY
15,Lexington Catholic,14,Christian Academy-Louisville (Louisville),50,0,KY,KY
15,Lexington Christian,24,Beechwood (Fort Mitchell),44,0,KY,KY
15,Raceland (Raceland),14,Kentucky Country Day,0,0,KY,KY
15,Somerset,14,Owensboro Catholic (Owensboro),27,0,KY,KY
15,Frederick Douglass (Lexington),0,Trinity (Louisville),17,0,KY,KY
15,Great Crossing (Georgetown),7,Ryle (Union),35,0,KY,KY
15,Lansing Catholic Central (Lansing),18,Lumen Christi (Jackson),56,1,MI,MI
15,Beal City,43,Riverview Gabriel Richard (Riverview),14,1,MI,MI
15,Niles,6,Goodrich,35,1,MI,MI
15,Orchard Lake St Mary (Orchard Lake),35,Byron Center,19,1,MI,MI
15,Lampeter-Strasburg (Lancaster),20,Thomas Jefferson,16,1,PA,PA
15,Danville,14,Northwestern Lehigh (New Tripoli),31,1,PA,PA
15,Troy (Troy),35,Riverside,14,1,PA,PA
15,Bishop Guilfoyle (Altoona),21,Muncy,6,1,PA,PA
15,Pine-Richland (Gibsonia),14,Bishop McDevitt (Harrisburg),28,1,PA,PA
15,Fort Cherry,8,Port Allegany (Port Allegany),46,1,PA,PA
15,Avonworth (Pittsburgh),16,Penn Cambria,6,1,PA,PA
15,Southern Lehigh,26,Bonner-Prendergast (Drexel Hill),55,1,PA,PA
15,Roman Catholic (Philadelphia),41,West Chester Rustin (West Chester),17,1,PA,PA
15,Saint Joseph's Prep (Philadelphia),36,Downingtown West,7,1,PA,PA
15,Central Clarion (co-op),55,South Park,0,1,PA,PA
15,Adams Central,46,Linton-Stockton (Linton),6,1,IN,IN
15,East Noble,26,New Palestine,56,1,IN,IN
15,Westfield,17,Brownsburg,22,1,IN,IN
15,Don Bosco Prep (Ramsey),7,Bergen Catholic (Oradell),25,1,NJ,NJ
15,Middletown (Middletown),30,Salesianum (Wilmington),27,1,DE,DE
15,West Linn (West Linn),44,Lake Oswego (Lake Oswego),30,1,OR,OR
15,Wilsonville (Wilsonville),56,Mountain View (Bend),35,1,OR,OR
15,Mallard Creek (Charlotte),0,W. A. Hough (Cornelius),34,1,NC,NC
15,Bluefield,6,Frankfort (Ridgeley),27,0,WV,WV
15,Hurricane (Hurricane),57,Jefferson,21,0,WV,WV
15,Nitro,21,Bridgeport (Bridgeport),70,0,WV,WV
15,North Marion,20,Princeton Senior (Princeton),34,0,WV,WV
15,Pendleton County,0,Tucker County (Hambleton),50,0,WV,WV
15,Petersburg,20,Tug Valley (Williamson),49,0,WV,WV
15,Philip Barbour (Philippi),17,Independence (Coal City),49,0,WV,WV
15,Detroit Cass Tech (Detroit),42,Hudsonville,20,1,MI,MI
15,Detroit King (Detroit),22,Zeeland West (Zeeland),42,1,MI,MI
15,Millington (Millington),24,Monroe St Mary Catholic Central (Monroe),0,1,MI,MI
15,Pontiac Notre Dame (Pontiac),42,Frankenmuth,7,1,MI,MI
15,Harrisburg,33,Central Catholic (Pittsburgh),38,1,PA,PA
15,Bishop Luers (Fort Wayne),15,Heritage Hills,38,1,IN,IN
15,North Judson-San Pierre,20,Providence,35,1,IN,IN
15,Warsaw Community,24,Decatur Central,38,1,IN,IN
15,Bell (Washington),34,Saint Albans School (Washington),40,1,DC,DC
15,Iona Prep (New Rochelle),42,Canisius (Buffalo),26,0,NY,NY
15,Howard,6,Caravel Academy (Bear),43,1,DE,DE
15,Tatnall,45,Indian River,47,1,DE,DE
15,North Medford (Medford),31,South Medford (Medford),13,1,OR,OR
15,Burns (Burns),42,Vale (Vale),16,1,OR,OR
15,Henley (Klamath Falls),6,Marist Catholic (Eugene),30,1,OR,OR
15,North Douglas (Drain),12,Adrian (Adrian),66,1,OR,OR
15,St Paul (St Paul),28,Oakland (Oakland),20,1,OR,OR
15,Harper Charter (Harper),13,Powers (Powers),32,1,OR,OR
15,Mt Carmel (Chicago),55,Batavia (Batavia),34,1,IL,IL
15,Kaiser,14,Kamehameha Schools - Maui,37,1,HI,HI
15,Saint Louis School,17,Kahuku (Kahuku),10,1,HI,HI
16,Avon (Avon),20,Anderson (Cincinnati),13,1,,
16,Lampeter-Strasburg (Lancaster),14,Bonner-Prendergast (Drexel Hill),40,1,PA,PA
16,Port Allegany (Port Allegany),22,Bishop Guilfoyle (Altoona),41,1,PA,PA
16,Central Catholic (Toledo),14,Bishop Watterson (Columbus),19,1,,
16,Marion Local (Maria Stein),74,Hillsdale (Jeromesville),0,1,,
16,Archbishop Moeller (Cincinnati),14,Olentangy Liberty (Powell),28,1,,
16,Cameron (Cameron),36,Tug Valley (Williamson),0,0,WV,WV
16,Herbert Hoover (Elkview),35,Princeton Senior (Princeton),12,0,WV,WV
16,Independence (Coal City),7,Roane County (Spencer),42,0,WV,WV
16,Williamstown (Williamstown),7,Frankfort (Ridgeley),49,0,WV,WV
16,Franklin County (Frankfort),20,Paducah Tilghman (Paducah),27,1,KY,KY
16,Owensboro Catholic (Owensboro),34,Beechwood (Fort Mitchell),50,1,KY,KY
16,Raceland (Raceland),22,Sayre (Lexington),27,1,KY,KY
16,Bishop McDevitt (Harrisburg),34,Roman Catholic (Philadelphia),31,1,PA,PA
16,Central Clarion (co-op),24,Troy (Troy),25,1,PA,PA
16,Wilbur-Creston-Keller (Wilbur),42,Liberty Christian School,34,1,WA,WA
16,Seton Catholic (Vancouver),28,Royal (Royal City),61,1,WA,WA
16,O'Dea (Seattle),38,Bellevue (Bellevue),15,1,WA,WA
16,"Charlotte Amalie (Charlotte Amalie, St Thomas)",20,"Ivanna Eudora Kean (Red Hook, St Thomas)",34,0,VI,VI
16,Ironton (Ironton),28,Liberty Center (Liberty Center),17,1,,
16,Kirtland (Kirtland),7,Coldwater (Coldwater),31,1,,
16,Perkins (Sandusky),36,Indian Valley (Gnadenhutten),37,1,,
16,Bridgeport (Bridgeport),36,Fairmont Senior (Fairmont),7,0,WV,WV
16,Huntington (Huntington),34,Martinsburg (Martinsburg),35,0,WV,WV
16,Hurricane (Hurricane),7,Spring Mills (Martinsburg),49,0,WV,WV
16,Wahama (Mason),29,Tucker County (Hambleton),6,0,WV,WV
16,Christian Academy-Louisville (Louisville),42,Union County (Morganfield),21,1,KY,KY
16,Ryle (Union),23,Trinity (Louisville),42,1,KY,KY
16,Cooper (Union),20,Bowling Green (Bowling Green),37,1,KY,KY
16,Central Catholic (Pittsburgh),6,Saint Joseph's Prep (Philadelphia),35,1,PA,PA
16,Avonworth (Pittsburgh),33,Northwestern Lehigh (New Tripoli),36,1,PA,PA
16,Oakland (Murfreesboro),42,Houston (Germantown),20,1,TN,TN
16,Linganore (Frederick),7,Arundel (Gambrills),35,1,MD,MD
16,Friendship Collegiate (Washington),6,Dunbar (Washington),27,1,DC,DC
16,Christian Brothers Academy - Syracuse (Syracuse),41,Christian Brothers Academy - Albany (Albany),40,1,NY,NY
16,Napavine (Napavine),21,Okanogan (Okanogan),52,1,WA,WA
16,Anacortes (Anacortes),20,Tumwater (Tumwater),10,1,WA,WA
16,Sumner (Sumner),27,Camas (Camas),24,1,WA,WA
16,Bentonville (Bentonville),23,Bryant (Bryant),28,1,AR,AR
16,Muskogee (Muskogee),25,Choctaw (Choctaw),26,1,OK,OK
16,Legend (Parker),10,Cherry Creek (Greenwood Village),13,1,CO,CO
16,Centennial (Peoria),31,Mountain View (Mesa),21,1,AZ,AZ
16,Liberty (Peoria),35,Basha (Chandler),17,1,AZ,AZ
16,Hattiesburg (Hattiesburg),14,Grenada (Grenada),43,1,MS,MS
16,Cameron (Cameron),22,Wahama (Mason),29,1,WV,WV
16,Frankfort (Ridgeley),49,Roane County (Spencer),14,1,WV,WV
16,Herbert Hoover (Elkview),7,Bridgeport (Bridgeport),49,1,WV,WV
16,Spring Mills (Martinsburg),17,Martinsburg (Martinsburg),24,1,WV,WV
16,Graham (Bluefield),8,Strasburg (Strasburg),31,1,VA,VA
16,James Madison (Vienna),20,Oscar Smith (Chesapeake),21,1,VA,VA
16,Phoebus (Hampton),23,Varina (Henrico),6,1,VA,VA
16,Belton-Honea Path (Honea Path),17,Oceanside Collegiate (Mount Pleasant),35,1,SC,SC
16,Northwestern (Rock Hill),34,Irmo (Columbia),31,1,SC,SC
16,Darien (Darien),21,New Canaan (New Canaan),35,1,CT,CT
16,St. Joseph (Trumbull),21,Brookfield (Brookfield),20,1,CT,CT
16,West Haven (West Haven),0,Greenwich (Greenwich),14,1,CT,CT
16,Longview (Longview),17,Carroll (Southlake),20,1,TX,TX
16,Duncanville (Duncanville),34,North Crowley (Fort Worth),36,1,TX,TX
16,Summer Creek (Houston),31,Vandegrift (Austin),34,1,TX,TX
16,North Shore (Houston),10,Westlake (Austin),35,1,TX,TX
16,Elkins (Elkins),0,Arkadelphia (Arkadelphia),28,1,AR,AR
16,Salem (Salem),42,Bismarck (Bismarck),34,1,AR,AR
16,Elgin (Elgin),29,Tuttle (Tuttle),22,1,OK,OK
16,Carl Albert (Midwest City),30,Guthrie (Guthrie),6,1,OK,OK
16,Central (Baton Rouge),42,Ruston (Ruston),0,1,LA,LA
16,Alexandria (Alexandria),8,Edna Karr (New Orleans),53,1,LA,LA
16,Lake Mary (Lake Mary),19,Venice (Venice),52,1,FL,FL
16,Miami Northwestern (Miami),41,Raines (Jacksonville),0,1,FL,FL
16,Twelve Bridges (Lincoln),19,Palos Verdes (Palos Verdes Estates),55,1,CA,CA
