week,away,away_score,home,home_score,neutral,away_state,home_state
1,Alexander (Albany),0,Waterford (Waterford),20,0,,
1,Archbishop Alter (Kettering),21,Kettering Fairmont (Kettering),24,0,,
1,Beavercreek (Beavercreek),0,Xenia (Xenia),36,0,,
1,Bridgeport (Bridgeport),27,Frontier (New Matamoras),25,0,,
1,Calvert (Tiffin),14,Mohawk (Sycamore),12,0,,
1,Champion (Warren),7,John F Kennedy (Warren),26,0,,
1,Colonel Crawford (North Robinson),21,River (Hannibal),20,0,,
1,Columbus Grove (Columbus Grove),22,Pandora-Gilboa (Pandora),25,0,,
1,Galion (Galion),28,Wynford (Bucyrus),20,0,,
1,Grand Valley (Orwell),0,Conneaut (Conneaut),20,0,,
1,Howland (Warren),14,Niles McKinley (Niles),35,0,,
1,Indian Creek (Wintersville),35,Cambridge (Cambridge),25,0,,
1,Jefferson (Delphos),6,St John's (Delphos),45,0,,
1,Lakewood (Hebron),28,West Muskingum (Zanesville),48,0,,
1,Lima Central Catholic (Lima),42,Shawnee (Lima),14,0,,
1,Mathews (Vienna),0,Jackson-Milton (North Jackson),27,0,,
1,Meadowdale (Dayton),6,East (Columbus),36,0,,
1,Napoleon (Napoleon),13,Defiance (Defiance),38,0,,
1,Perry (Massillon),42,Canton Central Catholic (Canton),25,0,,
1,Philo (Duncan Falls),28,Athens (The Plains),13,0,,
1,Sandy Valley (Magnolia),29,Fairless (Brewster),22,0,,
1,Shroder (Cincinnati),6,Aiken (Cincinnati),12,0,,
1,Steubenville (Steubenville),28,Ursuline (Youngstown),36,0,,
1,Valley (Lucasville),29,Portsmouth (Portsmouth),59,0,,
1,Withrow (Cincinnati),42,Walnut Hills (Cincinnati),0,0,,
1,Dohn Community (Cincinnati),16,Thurgood Marshall (Dayton),28,0,,
1,Newport Central Catholic,7,Lloyd Memorial (Erlanger),24,0,KY,KY
1,Adena (Frankfort),23,McClain (Greenfield),41,0,,
1,Alliance (Alliance),12,Lake (Uniontown),7,0,,
1,Anderson (Cincinnati),44,South Oldham,15,0,,KY
1,Anthony Wayne (Whitehouse),28,Hilliard Darby (Hilliard),34,0,,
1,Archbold (Archbold),24,Genoa Area (Genoa),14,0,,
1,Arlington (Arlington),27,Hardin Northern (Dola),7,0,,
1,Austintown-Fitch (Austintown),40,Euclid (Euclid),6,0,,
1,Ayersville (Defiance),27,Delta (Delta),7,0,,
1,Badin (Hamilton),18,Hamilton (Hamilton),0,0,,
1,Barberton (Barberton),18,Wadsworth (Wadsworth),49,0,,
1,Beallsville (Beallsville),41,Millersport (Millersport),14,0,,
1,Bedford (Bedford),8,Nordonia (Macedonia),16,0,,
1,Bellaire (Bellaire),6,Garaway (Sugarcreek),38,0,,
1,Bellevue (Bellevue),6,Clyde (Clyde),14,0,,
1,Belmont (Dayton),0,Urbana (Urbana),76,0,,
1,Belpre (Belpre),6,Warren (Vincent),66,0,,
1,Benedictine (Cleveland),26,Walsh Jesuit (Cuyahoga Falls),49,0,,
1,Benjamin Logan (Bellefontaine),7,Bluffton (Bluffton),42,0,,
1,Berne Union (Sugar Grove),7,Newcomerstown (Newcomerstown),42,0,,
1,Bethel (Tipp City),7,Northeastern (Springfield),55,0,,
1,Big Walnut (Sunbury),19,Bishop Hartley (Columbus),21,0,,
1,Bishop Watterson (Columbus),47,Whetstone (Columbus),0,0,,
1,Blanchester (Blanchester),14,Paint Valley (Bainbridge),35,0,,
1,Bloom-Carroll (Carroll),16,Harvest Prep (Canal Winchester),38,0,,
1,Boardman (Youngstown),13,Kenston (Chagrin Falls),50,0,,
1,Bowsher (Toledo),6,Oak Harbor (Oak Harbor),47,0,,
1,Brecksville-Broadview Heights (Broadview Heights),20,Tallmadge (Tallmadge),2,0,,
1,Brookfield (Brookfield),7,Norwayne (Creston),56,0,,
1,Brooklyn (Brooklyn),0,Brookside (Sheffield),35,0,,
1,Brunswick (Brunswick),7,Avon (Avon),49,0,,
1,Buchtel (Akron),21,Hoover (North Canton),27,0,,
1,Buckeye (Medina),34,Cloverleaf (Lodi),0,0,,
1,Buckeye Central (New Washington),50,Crestline (Crestline),0,0,,
1,Buckeye Local (Rayland),0,Barnesville (Barnesville),49,0,,
1,Buckeye Trail (Lore City),26,Caldwell (Caldwell),39,0,,
1,Buckeye Valley (Delaware),28,Delaware Hayes (Delaware),59,0,,
1,Bucyrus (Bucyrus),8,Riverdale (Mt Blanchard),53,0,,
1,Canton McKinley (Canton),33,Warren G Harding (Warren),14,0,,
1,Cardinal Mooney (Youngstown),29,Lake Catholic (Mentor),26,0,,
1,Cardington-Lincoln (Cardington),0,Elgin (Marion),30,0,,
1,Carey (Carey),19,Hopewell-Loudon (Bascom),36,0,,
1,Carlisle (Carlisle),37,Twin Valley South (West Alexandria),0,0,,
1,Catholic Central (Steubenville),37,Wellsville (Wellsville),6,0,,
1,Celina (Celina),0,Versailles (Versailles),26,0,,
1,Centennial (Columbus),22,Grandview Heights (Columbus),26,0,,
1,Central Catholic (Toledo),47,Findlay (Findlay),14,0,,
1,Central Crossing (Grove City),21,Independence (Columbus),14,0,,
1,Chagrin Falls (Chagrin Falls),15,Berkshire (Burton),12,0,,
1,Twinsburg (Twinsburg),7,Aurora (Aurora),17,0,,
1,Chaney (Youngstown),13,East (Akron),14,0,,
1,Chardon (Chardon),35,West Geauga (Chesterland),0,0,,
1,Chesapeake (Chesapeake),39,Symmes Valley (Willow Wood),7,0,,
1,Claymont (Uhrichsville),19,Harrison Central (Cadiz),36,0,,
1,Cleveland Heights (Cleveland Heights),46,Berea-Midpark (Berea),21,0,,
1,Colerain (Cincinnati),3,La Salle (Cincinnati),28,0,,
1,Tiffin Columbian (Tiffin),41,Fremont Ross (Fremont),14,0,,
1,Columbus Academy (Gahanna),35,Cincinnati Hills Christian Academy (Cincinnati),12,0,,
1,Copley (Copley),21,Amherst Steele (Amherst),41,0,,
1,Cory-Rawson (Rawson),7,Arcadia (Arcadia),34,0,,
1,Coshocton (Coshocton),21,Ridgewood (West Lafayette),22,0,,
1,Covington (Covington),6,Arcanum (Arcanum),27,0,,
1,Crestview (Ashland),12,Seneca East (Attica),21,0,,
1,Crestview (Convoy),41,Parkway (Rockford),27,0,,
1,Cuyahoga Heights (Cuyahoga Heights),28,Fairview (Fairview Park),13,0,,
1,Lisbon David Anderson (Lisbon),41,Windham (Windham),6,0,,
1,Deer Park (Cincinnati),22,Purcell Marian (Cincinnati),40,0,,
1,Dixie (New Lebanon),74,Irvington Prep (Indianapolis),0,0,,IN
1,Dover (Dover),6,Green (Uniontown),14,0,,
1,Dublin Coffman (Dublin),24,St John's Jesuit (Toledo),0,0,,
1,Dublin Scioto (Dublin),20,Grove City (Grove City),59,0,,
1,Sciotoville Community (Portsmouth),42,Bishop Rosecrans (Zanesville),30,0,,
1,East Canton (East Canton),0,Toronto (Toronto),34,0,,
1,East Clinton (Sabina),12,Huntington (Chillicothe),0,0,,
1,Eastern (Beaver),43,Miller (Corning),15,0,,
1,Eastmoor Academy (Columbus),0,Chaminade Julienne (Dayton),35,0,,
1,East Palestine (East Palestine),34,Newton Falls (Newton Falls),48,0,,
1,Eaton (Eaton),45,Greenville (Greenville),7,0,,
1,Edison (Richmond),34,Monroe Central (Woodsfield),14,0,,
1,Edon (Edon),28,Edgerton (Edgerton),26,0,,
1,Elmwood (Bloomdale),6,Evergreen (Metamora),31,0,,
1,Elyria Catholic (Elyria),14,Liberty-Benton (Findlay),45,0,,
1,Fairfield (Fairfield),51,Wayne (Huber Heights),58,0,,
1,Fairfield Union (Lancaster),14,New Lexington (New Lexington),28,0,,
1,Fairland (Proctorville),32,Portsmouth West (West Portsmouth),29,0,,
1,Fairview (Sherwood),12,Wauseon (Wauseon),49,0,,
1,Fayetteville (Fayetteville),6,Cedarville (Cedarville),49,0,,
1,Field (Mogadore),0,Mogadore (Mogadore),34,0,,
1,Finneytown (Cincinnati),28,Attica,0,0,,IN
1,Firelands (Oberlin),6,Edison (Milan),35,0,,
1,Firestone (Akron),15,Cuyahoga Falls (Cuyahoga Falls),0,0,,
1,Fisher Catholic (Lancaster),7,Crooksville (Crooksville),59,0,,
1,Fort Frye (Beverly),21,Marietta (Marietta),18,0,,
1,Fort Loramie (Fort Loramie),28,Minster (Minster),41,0,,
1,Fort Recovery (Fort Recovery),30,Wayne Trace (Haviland),32,0,,
1,Fostoria (Fostoria),19,Van Buren (Van Buren),14,0,,
1,Franklin (Franklin),14,Bishop Fenwick (Franklin),28,0,,
1,Franklin Heights (Columbus),28,Bexley (Columbus),14,0,,
1,Garfield (Garrettsville),42,Cardinal (Middlefield),0,0,,
1,Garfield Heights (Garfield Heights),0,Lutheran West (Rocky River),28,0,,
1,Geneva (Geneva),42,University School (Hunting Valley),21,0,,
1,Gibsonburg (Gibsonburg),6,Ottawa Hills (Toledo),29,0,,
1,Gilmour Academy (Gates Mills),35,Valley Forge (Parma Heights),6,0,,
1,Graham Local (St Paris),15,West Liberty-Salem (West Liberty),48,0,,
1,Greeneview (Jamestown),28,Northridge (Dayton),14,0,,
1,Grove City Christian (Grove City),42,Miami Valley Christian Academy (Cincinnati),6,0,,
1,Groveport Madison (Groveport),0,Canal Winchester (Canal Winchester),17,0,,
1,Marion Harding (Marion),20,Mount Vernon (Mount Vernon),45,0,,
1,Harrison (Harrison),37,Taylor (Cleves),8,0,,
1,Harvey (Painesville),42,Rocky River (Rocky River),55,0,,
1,Heath (Heath),48,Liberty Union (Baltimore),0,0,,
1,Highland (Marengo),35,Fredericktown (Fredericktown),0,0,,
1,Hillsdale (Jeromesville),34,Black River (Sullivan),8,0,,
1,Hilltop (West Unity),6,Ridgedale (Morral),20,0,,
1,Hubbard (Hubbard),10,Youngstown East (Youngstown),6,0,,
1,Hudson (Hudson),35,Highland (Medina),21,0,,
1,Hughes (Cincinnati),12,Corbin,47,0,,KY
1,Independence (Independence),6,Columbia (Columbia Station),41,0,,
1,Indian Lake (Lewistown),12,Anna (Anna),49,0,,
1,Indian Valley (Gnadenhutten),33,Ellet (Akron),14,0,,
1,Jefferson Area (Jefferson),21,Girard (Girard),42,0,,
1,John Glenn (New Concord),28,Circleville (Circleville),0,0,,
1,John Hay (Cleveland),14,Villa Angela-St Joseph (Cleveland),40,0,,
1,John Marshall (Cleveland),12,Lakewood (Lakewood),48,0,,
1,Jonathan Alder (Plain City),47,Fairbanks (Milford Center),0,0,,
1,Garfield (Akron),22,Springfield (Akron),20,0,,
1,Kenton (Kenton),12,Coldwater (Coldwater),29,0,,
1,Kenton Ridge (Springfield),7,Mechanicsburg (Mechanicsburg),38,0,,
1,Keystone (La Grange),41,Northwestern (West Salem),0,0,,
1,Kings (Kings Mills),29,Sycamore (Cincinnati),22,0,,
1,Kirtland (Kirtland),14,Dalton (Dalton),7,0,,
1,River Valley (Bidwell),6,Eastern (Reedsville),55,0,,
1,Lakeview (Cortland),41,LaBrae (Leavittsburg),14,0,,
1,Lakota (Kansas),7,Monroeville (Monroeville),27,0,,
1,Lakota East (Liberty Township),12,Centerville (Centerville),30,0,,
1,Lakota West (West Chester),0,St Xavier (Cincinnati),10,0,,
1,Lebanon (Lebanon),27,Springboro (Springboro),14,0,,
1,Leetonia (Leetonia),6,Fairport Harding (Fairport Harbor),47,0,,
1,Leipsic (Leipsic),25,Lake (Millbury),19,0,,
1,Liberty (Youngstown),20,Edgewood (Ashtabula),58,0,,
1,Liberty Center (Liberty Center),35,Tinora (Defiance),14,0,,
1,Licking Heights (Pataskala),26,Johnstown (Johnstown),22,0,,
1,Licking Valley (Newark),14,Sheridan (Thornville),33,0,,
1,Lima Senior (Lima),36,Piqua (Piqua),31,0,,
1,Gahanna Lincoln (Gahanna),10,Mason (Mason),5,0,,
1,Linden McKinley (Columbus),6,Amanda-Clearcreek (Amanda),38,0,,
1,Lockland (Lockland),6,Ludlow,42,0,,KY
1,Logan (Logan),0,Jackson (Jackson),22,0,,
1,London (London),62,Washington (Washington Court House),14,0,,
1,Lorain (Lorain),35,Brush (Lyndhurst),7,0,,
1,Louisville (Louisville),21,New Philadelphia (New Philadelphia),42,0,,
1,Loveland (Loveland),16,Middletown (Middletown),31,0,,
1,Lowellville (Lowellville),22,Columbiana (Columbiana),21,0,,
1,Lucas (Lucas),14,Clear Fork (Bellville),17,0,,
1,Lutheran East (Cleveland Heights),42,John Adams (Cleveland),0,0,,
1,Madison (Madison),7,Perry (Perry),32,0,,
1,Malvern (Malvern),26,Western Reserve (Berlin Center),7,0,,
1,Manchester (New Franklin),30,Carrollton (Carrollton),37,0,,
1,Mansfield Senior (Mansfield),14,St Vincent-St Mary (Akron),35,0,,
1,Mapleton (Ashland),20,Loudonville (Loudonville),35,0,,
1,Margaretta (Castalia),14,Vermilion (Vermilion),21,0,,
1,Marion Local (Maria Stein),29,Wapakoneta (Wapakoneta),26,0,,
1,Marion-Franklin (Columbus),8,Granville (Granville),27,0,,
1,Martins Ferry (Martins Ferry),39,Shadyside (Shadyside),36,0,,
1,Marysville (Marysville),24,New Albany (New Albany),17,0,,
1,Maysville (Zanesville),17,Meadowbrook (Byesville),20,0,,
1,McComb (McComb),42,Allen East (Harrod),7,0,,
1,Medina (Medina),48,Stow-Munroe Falls (Stow),18,0,,
1,St Marys Memorial (St Marys),0,St Henry (St Henry),17,0,,
1,Mentor (Mentor),26,Jackson (Massillon),21,0,,
1,Miami East (Casstown),28,Greenon (Enon),6,0,,
1,Miami Trace (Washington Court House),27,Waverly (Waverly),26,0,,
1,Midview (Grafton),28,Westlake (Westlake),42,0,,
1,Mifflin (Columbus),8,KIPP Columbus (Columbus),30,0,,
1,Milford (Milford),42,Edgewood (Trenton),7,0,,
1,Minerva (Minerva),0,East Liverpool (East Liverpool),50,0,,
1,Montpelier (Montpelier),6,Antwerp (Antwerp),42,0,,
1,Morgan (McConnelsville),52,River View (Warsaw),0,0,,
1,Mount Gilead (Mount Gilead),15,Triad (North Lewisburg),8,0,,
1,Mount Healthy (Cincinnati),24,Little Miami (Morrow),0,0,,
1,National Trail (New Paris),12,Milton-Union (West Milton),27,0,,
1,Nelsonville-York (Nelsonville),12,Trimble (Glouster),14,0,,
1,Newark (Newark),35,Zanesville (Zanesville),21,0,,
1,Newark Catholic (Newark),21,Bishop Ready (Columbus),53,0,,
1,New Bremen (New Bremen),7,Bath (Lima),14,0,,
1,New Richmond (New Richmond),40,Bethel-Tate (Bethel),35,0,,
1,North (Akron),28,Coventry (Akron),0,0,,
1,North (Eastlake),14,Lakeside (Ashtabula),22,0,,
1,North Baltimore (North Baltimore),48,Vanlue (Vanlue),14,0,,
1,North Central (Pioneer),30,Woodmore (Elmore),6,0,,
1,North College Hill (Cincinnati),6,Catholic Central (Springfield),21,0,,
1,Northland (Columbus),21,Walnut Ridge (Columbus),22,0,,
1,Northmont (Clayton),28,Butler (Vandalia),10,0,,
1,Northmor (Galion),42,Upper Sandusky (Upper Sandusky),21,0,,
1,North Olmsted (North Olmsted),7,North Ridgeville (North Ridgeville),41,0,,
1,Northridge (Johnstown),0,East Knox (Howard),14,0,,
1,North Royalton (North Royalton),43,Maple Heights (Maple Heights),34,0,,
1,North Union (Richwood),15,Pleasant (Marion),21,0,,
1,Norton (Norton),35,Northwest (Canal Fulton),6,0,,
1,Northwest (Cincinnati),7,Wilmington (Wilmington),28,0,,
1,Northwest (McDermott),38,Southeastern (Chillicothe),8,0,,
1,Northwestern (Springfield),20,Southeastern Local (South Charleston),28,0,,
1,Northwood (Northwood),7,Rossford (Rossford),28,0,,
1,Norwood (Norwood),7,Madeira (Cincinnati),42,0,,
1,Notre Dame (Portsmouth),78,Manchester (Manchester),6,0,,
1,Oak Hill (Oak Hill),9,Wellston (Wellston),12,0,,
1,Oak Hills (Cincinnati),24,Turpin (Cincinnati),31,0,,
1,Oakwood (Dayton),19,Mariemont (Cincinnati),22,0,,
1,Olentangy Berlin (Delaware),13,Hilliard Bradley (Hilliard),20,0,,
1,Ontario (Ontario),17,Lexington (Lexington),14,0,,
1,Orange (Pepper Pike),49,Beachwood (Beachwood),0,0,,
1,Olentangy Orange (Lewis Center),42,West Clermont (Cincinnati),35,0,,
1,Otsego (Tontogany),31,Bowling Green (Bowling Green),44,0,,
1,Ottawa-Glandorf (Ottawa),18,Eastwood (Pemberville),21,0,,
1,Padua Franciscan (Parma),21,Holy Name (Parma Heights),9,0,,
1,Patrick Henry (Hamler),39,Hicksville (Hicksville),0,0,,
1,Ponitz Tech (Dayton),0,Valley View (Germantown),59,0,,
1,Perkins (Sandusky),81,Woodward (Toledo),0,0,,
1,Perry (Lima),6,Lehman Catholic (Sidney),76,0,,
1,Pickerington Central (Pickerington),28,Olentangy Liberty (Powell),17,0,,
1,Pickerington North (Pickerington),39,Elder (Cincinnati),35,0,,
1,Piketon (Piketon),28,Goshen (Goshen),22,0,,
1,Plymouth (Plymouth),40,Oberlin (Oberlin),20,0,,
1,Poland Seminary (Poland),38,Salem (Salem),6,0,,
1,Port Clinton (Port Clinton),47,Waite (Toledo),0,0,,
1,Preble Shawnee (Camden),13,Madison (Middletown),33,0,,
1,Princeton (Cincinnati),41,Elyria (Elyria),7,0,,
1,Pymatuning Valley (Andover),22,Mineral Ridge (Mineral Ridge),29,0,,
1,Revere (Richfield),0,Woodridge (Peninsula),28,0,,
1,Reynoldsburg (Reynoldsburg),6,Upper Arlington (Upper Arlington),35,0,,
1,Rhodes (Cleveland),8,Hawken (Gates Mills),49,0,,
1,Richmond Heights (Richmond Heights),0,Chippewa (Doylestown),1,0,,
1,Riverside (De Graff),14,Ansonia (Ansonia),30,0,,
1,Riverside (Painesville),14,Notre Dame-Cathedral Latin (Chardon),3,0,,
1,River Valley (Caledonia),20,Ashland (Ashland),26,0,,
1,Rock Hill (Ironton),7,Minford (Minford),17,0,,
1,Roger Bacon (St Bernard),33,Indian Hill (Cincinnati),20,0,,
1,Rogers (Toledo),6,Elida (Elida),42,0,,
1,Rootstown (Rootstown),42,Crestwood (Mantua),30,0,,
1,St Bernard-Elmwood Place (St Bernard),42,Dayton Christian (Miamisburg),0,0,,
1,St Charles (Columbus),21,Chillicothe (Chillicothe),18,0,,
1,St Clairsville (St Clairsville),40,Canton South (Canton),42,0,,
1,St Francis de Sales (Toledo),8,Perrysburg (Perrysburg),46,0,,
1,St Ignatius (Cleveland),11,Springfield (Springfield),27,0,,
1,St Thomas Aquinas (Louisville),0,Campbell Memorial (Campbell),30,0,,
1,Sandusky (Sandusky),32,Clay (Oregon),33,0,,
1,Scott (Toledo),8,Clearview (Lorain),36,0,,
1,Shaker Heights (Shaker Heights),39,South (Willoughby),26,0,,
1,Shaw (East Cleveland),0,Mayfield (Mayfield),58,0,,
1,Shelby (Shelby),41,Madison Comprehensive (Mansfield),14,0,,
1,Shenandoah (Sarahsville),8,Union Local (Belmont),20,0,,
1,Sidney (Sidney),19,Bellefontaine (Bellefontaine),46,0,,
1,Solon (Solon),0,Olmsted Falls (Olmsted Falls),35,0,,
1,South (Columbus),18,Archbishop Carroll (Dayton),21,0,,
1,Southeast (Ravenna),31,Wickliffe (Wickliffe),23,0,,
1,Southern (Racine),28,South Gallia (Crown City),32,0,,
1,Southern (Salineville),22,McDonald (McDonald),25,0,,
1,South Range (Canfield),41,Springfield (New Middletown),14,0,,
1,Spencerville (Spencerville),28,Ridgemont (Mt Victory),12,0,,
1,Springfield (Holland),20,Maumee (Maumee),27,0,,
1,Start (Toledo),0,Norwalk (Norwalk),27,0,,
1,Stebbins (Riverside),0,Shawnee (Springfield),41,0,,
1,Strasburg-Franklin (Strasburg),0,Rittman (Rittman),27,0,,
1,Streetsboro (Streetsboro),36,Cuyahoga Valley Christian Academy (Cuyahoga Falls),22,0,,
1,Strongsville (Strongsville),14,Avon Lake (Avon Lake),19,0,,
1,Struthers (Struthers),37,Beaver Local (East Liverpool),20,0,,
1,Summit Country Day (Cincinnati),0,Cincinnati Country Day (Cincinnati),30,0,,
1,Swanton (Swanton),0,Paulding (Paulding),36,0,,
1,Sylvania Northview (Sylvania),0,Sylvania Southview (Sylvania),34,0,,
1,Talawanda (Oxford),0,Monroe (Monroe),28,0,,
1,Teays Valley (Ashville),17,Lancaster (Lancaster),24,0,,
1,Tecumseh (New Carlisle),32,Fairborn (Fairborn),15,0,,
1,Tippecanoe (Tipp City),7,Bellbrook (Bellbrook),21,0,,
1,Trinity (Garfield Heights),38,St John School (Ashtabula),6,0,,
1,Tri-Valley (Dresden),17,St Francis DeSales (Columbus),21,0,,
1,Triway (Wooster),7,West Holmes (Millersburg),41,0,,
1,Troy (Troy),53,Dunbar (Dayton),6,0,,
1,Troy Christian (Troy),6,Tri-Village (New Madison),41,0,,
1,Tuscarawas Valley (Zoarville),21,Waynedale (Apple Creek),6,0,,
1,Tuslaw (Massillon),6,Smithville (Smithville),21,0,,
1,Tri-County North (Lewisburg),14,Brookville (Brookville),54,0,,
1,Unioto (Chillicothe),21,Vinton County (McArthur),20,0,,
1,Upper Scioto Valley (McGuffey),22,Ada (Ada),24,0,,
1,Utica (Utica),7,Centerburg (Centerburg),34,0,,
1,Van Wert (Van Wert),47,Bryan (Bryan),21,0,,
1,Warrensville Heights (Warrensville Heights),32,Marlington (Alliance),39,0,,
1,Waterloo (Atwater),6,United (Hanoverton),41,0,,
1,Watkins Memorial (Pataskala),21,Worthington Kilbourne (Columbus),0,0,,
1,Waynesfield-Goshen (Waynesfield),42,Mississinawa Valley (Union City),0,0,,
1,Waynesville (Waynesville),8,Clinton-Massie (Clarksville),38,0,,
1,West (Columbus),0,Hilliard Davidson (Hilliard),56,0,,
1,West Branch (Beloit),19,Canfield (Canfield),38,0,,
1,West Carrollton (West Carrollton),0,Miamisburg (Miamisburg),49,0,,
1,Western Brown (Mount Orab),38,Hillsboro (Hillsboro),27,0,,
1,Western Hills (Cincinnati),12,GlenOak (Canton),42,0,,
1,Western Reserve (Collins),33,Wellington (Wellington),10,0,,
1,Westerville Central (Westerville),12,Westerville North (Westerville),21,0,,
1,Westerville South (Westerville),15,Dublin Jerome (Dublin),30,0,,
1,Westfall (Williamsport),38,Madison-Plains (London),12,0,,
1,West Jefferson (West Jefferson),29,Africentric Early College (Columbus),22,0,,
1,Westland (Galloway),29,Briggs (Columbus),31,0,,
1,Wheelersburg (Wheelersburg),14,Ironton (Ironton),17,0,,
1,Whitehall-Yearling (Whitehall),19,Hamilton Township (Columbus),41,0,,
1,Whitmer (Toledo),35,Olentangy (Lewis Center),46,0,,
1,Willard (Willard),35,South Central (Greenwich),6,0,,
1,Williamsburg (Williamsburg),46,Batavia (Batavia),12,0,,
1,Winton Woods (Cincinnati),21,Trotwood-Madison (Trotwood),7,0,,
1,Woodward (Cincinnati),0,Reading (Reading),47,0,,
1,Wooster (Wooster),33,Orrville (Orrville),31,0,,
1,Thomas Worthington (Worthington),27,Beechcroft (Columbus),26,0,,
1,Worthington Christian (Worthington),21,Danville (Danville),55,0,,
1,Wyoming (Cincinnati),16,Ross (Hamilton),12,0,,
1,Valley Christian School (Youngstown),30,Crestview (Columbiana),12,0,,
1,Zane Trace (Chillicothe),23,Logan Elm (Circleville),39,0,,
1,Clark Montessori (Cincinnati),0,Cincinnati College Prep (Cincinnati),18,0,,
1,Ballard,41,Pulaski Southwestern,34,0,KY,KY
1,Bath County,20,Fairview (Ashland),6,0,KY,KY
1,Beechwood,31,Archbishop McNicholas (Cincinnati),14,0,KY,
1,Belfry (Belfry),48,Breathitt County (Jackson),14,0,KY,KY
1,Boyd County (Ashland),46,South Point (South Point),7,0,KY,
1,Bryan Station,3,Trinity (Louisville),36,0,KY,KY
1,Central (Louisville),0,DuPont Manual,26,0,KY,KY
1,Dixie Heights (Covington),19,Simon Kenton,29,0,KY,KY
1,Greenup County,28,Dawson-Bryant (Coal Grove),36,0,KY,
1,Highlands (Fort Thomas),34,Lexington Catholic,27,0,KY,KY
1,Madison Central,21,Johnson Central,28,0,KY,KY
1,Mason County,8,Russell (Russell),28,0,KY,KY
1,Nicholas County,32,Lewis County (Vanceburg),30,0,KY,KY
1,Paul Dunbar,21,Conner,45,0,KY,KY
1,Pleasure Ridge Park,18,Taft (Cincinnati),40,0,KY,
1,Pulaski County,12,Pikeville (Pikeville),34,1,KY,KY
1,Raceland (Raceland),21,Ashland Blazer (Ashland),28,0,KY,KY
1,Ryle (Union),22,Covington Catholic (Park Hills),37,0,KY,KY
1,Sayre (Lexington),41,Holy Cross (Covington),3,0,KY,KY
1,Scott (Covington),6,Campbell County (Alexandria),56,0,KY,KY
1,Walton-Verona (Walton),27,Bishop Brossart (Alexandria),14,0,KY,KY
1,Cooper (Union),35,Bardstown,14,0,KY,KY
1,Floyd Central (Eastern),28,Paintsville,22,0,KY,KY
1,Ben Davis,49,Archbishop Moeller (Cincinnati),28,0,IN,
1,Brebeuf Jesuit Preparatory,23,Bishop Chatard (Indianapolis),49,0,IN,IN
1,Brownsburg,51,Fort Wayne Bishop Dwenger,7,0,IN,IN
1,Concord,16,Elkhart (Elkhart),6,0,IN,IN
1,Connersville,19,Richmond,13,0,IN,IN
1,East Central (St Leon),42,Lawrenceburg (Lawrenceburg),7,0,IN,IN
1,Floyd Central,13,St Xavier (Louisville),52,0,IN,KY
1,Fremont,7,Shenandoah,28,0,IN,IN
1,Knightstown,20,Hagerstown,51,0,IN,IN
1,Lafayette Jefferson,14,Cathedral (Indianapolis),55,0,IN,IN
1,South Decatur,14,North Decatur,41,0,IN,IN
1,Calumet Christian (Griffith),41,Fort Wayne Blackhawk Christian,8,0,IN,IN
1,McCallie,53,Chattanooga Christian (Chattanooga),13,0,TN,TN
1,IMG Academy (Bradenton),35,David Lipscomb (Nashville),10,0,FL,TN
1,Valdosta (Valdosta),17,Massillon Washington (Massillon),28,0,GA,
1,Bay (Bay Village),42,Cleveland Central Catholic (Cleveland),6,0,,
1,Bradford (Bradford),22,Middletown Christian (club) (Franklin),0,0,,
1,Cardinal Stritch Catholic (Oregon),41,St Joseph Central Catholic (Fremont),6,0,,
1,Clermont Northeastern (Batavia),28,Riverview East Academy (Cincinnati),0,0,,
1,Glenville (Cleveland),36,Dinwiddie,13,1,,VA
1,Green (Franklin Furnace),0,Fairfield Christian Academy (Lancaster),42,0,,
1,Archbishop Hoban (Akron),45,Frederick Douglass (Lexington),6,1,,KY
1,Huron (Huron),31,St Paul (Norwalk),28,0,,
1,Meigs (Pomeroy),0,Gallia Academy (Gallipolis),39,0,,
1,New Miami (Hamilton),6,Gamble Montessori (Cincinnati),56,0,,
1,Kent Roosevelt (Kent),28,Ravenna (Ravenna),20,0,,
1,Tuscarawas Central Catholic (New Philadelphia),0,Conotton Valley (Bowerston),48,0,,
1,Columbus Crusaders (club) (Columbus),27,Landmark Eagles (club) (Cincinnati),22,0,,
1,Peebles (club) (Peebles),56,Southern Buckeye (club) (Russellville),8,0,,
1,Bellevue,1,Eminence,0,0,KY,KY
1,Center Grove,10,St Edward (Lakewood),27,1,IN,
2,St Marys (St Marys),34,Doddridge County,14,0,WV,WV
2,Avon Lake (Avon Lake),37,Benedictine (Cleveland),15,0,,
2,Bedford (Bedford),12,East (Akron),13,0,,
2,Briggs (Columbus),48,Whetstone (Columbus),18,0,,
2,Scott (Toledo),38,St Francis de Sales (Toledo),37,0,,
2,KIPP Columbus (Columbus),14,Eastmoor Academy (Columbus),28,0,,
2,George Washington (Charleston),21,Cabell Midland (Ona),49,0,WV,WV
2,Mingo Central (Matewan),38,Tug Valley (Williamson),0,0,WV,WV
2,Dearborn,7,Novi Detroit Catholic Central (Novi),28,0,MI,MI
2,Parma Western,21,Dearborn Divine Child,7,0,MI,MI
2,Richmond,7,Eaton (Eaton),49,0,IN,
2,Ada (Ada),27,Riverdale (Mt Blanchard),40,0,,
2,Adena (Frankfort),43,Fairfield Christian Academy (Lancaster),45,0,,
2,Aiken (Cincinnati),6,Purcell Marian (Cincinnati),26,0,,
2,Amanda-Clearcreek (Amanda),10,Unioto (Chillicothe),29,0,,
2,Anna (Anna),21,Brookville (Brookville),28,0,,
2,Ansonia (Ansonia),56,Covington (Covington),0,0,,
2,Antwerp (Antwerp),54,Edon (Edon),24,0,,
2,Arcadia (Arcadia),7,Lakota (Kansas),31,0,,
2,Arlington (Arlington),3,Allen East (Harrod),28,0,,
2,Aurora (Aurora),14,Riverside (Painesville),31,0,,
2,Avon (Avon),28,Canton McKinley (Canton),7,0,,
2,Ayersville (Defiance),42,Jefferson (Delphos),26,0,,
2,Badin (Hamilton),10,St Francis DeSales (Columbus),6,0,,
2,Batavia (Batavia),20,Blanchester (Blanchester),35,0,,
2,Bath (Lima),42,Van Wert (Van Wert),64,0,,
2,Beachwood (Beachwood),6,Chagrin Falls (Chagrin Falls),47,0,,
2,Beaver Local (East Liverpool),41,Salem (Salem),20,0,,
2,Bellefontaine (Bellefontaine),25,Coldwater (Coldwater),28,0,,
2,Belmont (Dayton),0,Chaminade Julienne (Dayton),67,0,,
2,Berea-Midpark (Berea),21,Nordonia (Macedonia),30,0,,
2,Berne Union (Sugar Grove),12,Notre Dame (Portsmouth),28,0,,
2,Bethel (Tipp City),0,Kenton Ridge (Springfield),44,0,,
2,Bethel-Tate (Bethel),18,Bishop Brossart (Alexandria),14,0,,KY
2,Bishop Hartley (Columbus),17,Bloom-Carroll (Carroll),28,0,,
2,Bishop Rosecrans (Zanesville),7,Eastern (Reedsville),40,0,,
2,Bishop Watterson (Columbus),42,Dublin Scioto (Dublin),0,0,,
2,Bowling Green (Bowling Green),51,Fostoria (Fostoria),28,0,,
2,Brookside (Sheffield),0,Huron (Huron),49,0,,
2,Brunswick (Brunswick),21,Olmsted Falls (Olmsted Falls),33,0,,
2,Brush (Lyndhurst),6,Shaker Heights (Shaker Heights),36,0,,
2,Bryan (Bryan),42,Maumee (Maumee),35,0,,
2,Buckeye (Medina),28,Amherst Steele (Amherst),13,0,,
2,Buckeye Valley (Delaware),35,Jonathan Alder (Plain City),56,0,,
2,Butler (Vandalia),27,Piqua (Piqua),3,0,,
2,Harrison Central (Cadiz),26,Buckeye Trail (Lore City),14,0,,
2,Calvert (Tiffin),35,Monroeville (Monroeville),34,0,,
2,Cambridge (Cambridge),14,John Glenn (New Concord),42,0,,
2,Canfield (Canfield),14,Mansfield Senior (Mansfield),24,0,,
2,Cardinal (Middlefield),13,Pymatuning Valley (Andover),28,0,,
2,Carey (Carey),14,Galion (Galion),21,0,,
2,Carrollton (Carrollton),14,Philo (Duncan Falls),20,0,,
2,Catholic Central (Springfield),0,Troy Christian (Troy),18,0,,
2,Cedarville (Cedarville),35,East Clinton (Sabina),0,0,,
2,Centennial (Columbus),22,South (Columbus),36,0,,
2,Centerville (Centerville),14,Dublin Coffman (Dublin),22,0,,
2,Central Catholic (Toledo),35,Whitmer (Toledo),8,0,,
2,Chalker (Southington),54,Sebring McKinley (Sebring),6,0,,
2,Chardon (Chardon),49,Tiffin Columbian (Tiffin),50,0,,
2,Chillicothe (Chillicothe),0,London (London),21,0,,
2,Chippewa (Doylestown),0,Tuslaw (Massillon),34,0,,
2,Cincinnati Country Day (Cincinnati),33,Bradford (Bradford),6,0,,
2,Cincinnati Hills Christian Academy (Cincinnati),22,Bishop Ready (Columbus),56,0,,
2,Clay (Oregon),42,Sylvania Northview (Sylvania),35,0,,
2,Clearview (Lorain),40,Lakewood (Lakewood),41,0,,
2,Cloverleaf (Lodi),17,Keystone (La Grange),7,0,,
2,Clyde (Clyde),44,Start (Toledo),12,0,,
2,Colerain (Cincinnati),3,Middletown (Middletown),20,0,,
2,Colonel Crawford (North Robinson),57,Cardinal Stritch Catholic (Oregon),13,0,,
2,Thurgood Marshall (Dayton),6,Archbishop Alter (Kettering),49,0,,
2,Columbia (Columbia Station),41,Fairview (Fairview Park),27,0,,
2,Columbiana (Columbiana),14,McDonald (McDonald),21,0,,
2,Columbus Academy (Gahanna),33,Cardington-Lincoln (Cardington),8,0,,
2,Conotton Valley (Bowerston),0,Malvern (Malvern),28,0,,
2,Coventry (Akron),6,Berkshire (Burton),50,0,,
2,Crestline (Crestline),0,Waynesfield-Goshen (Waynesfield),63,0,,
2,Crestview (Columbiana),6,Southern (Salineville),38,0,,
2,Crestview (Convoy),13,McComb (McComb),55,0,,
2,Crestwood (Mantua),36,Minerva (Minerva),21,0,,
2,Cuyahoga Falls (Cuyahoga Falls),33,Springfield (Akron),6,0,,
2,Danville (Danville),67,Bucyrus (Bucyrus),6,0,,
2,Dayton Christian (Miamisburg),6,Worthington Christian (Worthington),48,0,,
2,Delta (Delta),31,Fairview (Sherwood),28,0,,
2,Dover (Dover),40,Canton South (Canton),50,0,,
2,Dublin Jerome (Dublin),31,Reynoldsburg (Reynoldsburg),13,0,,
2,East Knox (Howard),14,Crestview (Ashland),20,0,,
2,Eastwood (Pemberville),42,Elmwood (Bloomdale),7,0,,
2,Edgerton (Edgerton),46,Hilltop (West Unity),12,0,,
2,Edgewood (Trenton),0,Clinton-Massie (Clarksville),42,0,,
2,Edison (Richmond),35,Independence (Independence),0,0,,
2,Elgin (Marion),32,Ridgedale (Morral),0,0,,
2,Elida (Elida),13,Shawnee (Lima),9,0,,
2,Elyria (Elyria),12,Lorain (Lorain),31,0,,
2,Fairbanks (Milford Center),6,Indian Lake (Lewistown),22,0,,
2,Fairfield Union (Lancaster),38,Meigs (Pomeroy),0,0,,
2,Fairless (Brewster),14,Tuscarawas Valley (Zoarville),45,0,,
2,Fairport Harding (Fairport Harbor),6,Lisbon David Anderson (Lisbon),14,0,,
2,Bishop Fenwick (Franklin),49,Talawanda (Oxford),0,0,,
2,Field (Mogadore),0,Bay (Bay Village),31,0,,
2,Findlay (Findlay),43,Lima Senior (Lima),0,0,,
2,Firelands (Oberlin),30,Vermilion (Vermilion),0,0,,
2,Firestone (Akron),53,Copley (Copley),28,0,,
2,Fort Frye (Beverly),62,Belpre (Belpre),0,0,,
2,Franklin (Franklin),7,Marion Local (Maria Stein),63,0,,
2,Franklin Heights (Columbus),14,Westland (Galloway),26,0,,
2,Fremont Ross (Fremont),21,Sandusky (Sandusky),15,0,,
2,Gallia Academy (Gallipolis),30,Athens (The Plains),0,0,,
2,Garaway (Sugarcreek),40,Waynedale (Apple Creek),12,0,,
2,Genoa Area (Genoa),42,Bowsher (Toledo),6,0,,
2,Gilmour Academy (Gates Mills),49,Warrensville Heights (Warrensville Heights),18,0,,
2,Girard (Girard),49,Liberty (Youngstown),7,0,,
2,GlenOak (Canton),7,Massillon Washington (Massillon),56,0,,
2,Glenville (Cleveland),34,Olentangy Liberty (Powell),10,0,,
2,Goshen (Goshen),19,Hillsboro (Hillsboro),56,0,,
2,Grand Valley (Orwell),0,Edgewood (Ashtabula),55,0,,
2,Granville (Granville),15,Clear Fork (Bellville),0,0,,
2,Green (Franklin Furnace),13,Grove City Christian (Grove City),49,0,,
2,Green (Uniontown),21,South Range (Canfield),7,0,,
2,Greeneview (Jamestown),20,Waynesville (Waynesville),24,0,,
2,Greenon (Enon),0,Northwestern (Springfield),34,0,,
2,Grove City (Grove City),21,Hilliard Davidson (Hilliard),48,0,,
2,Hamilton (Hamilton),21,Lakota East (Liberty Township),0,0,,
2,Marion Harding (Marion),6,Ashland (Ashland),14,0,,
2,Harrison (Harrison),7,East Central (St Leon),42,0,,IN
2,Harvey (Painesville),0,Perry (Perry),33,0,,
2,Hicksville (Hicksville),28,Swanton (Swanton),6,0,,
2,Highland (Medina),35,North Royalton (North Royalton),7,0,,
2,Hilliard Bradley (Hilliard),28,Hilliard Darby (Hilliard),10,0,,
2,Archbishop Hoban (Akron),44,Cathedral Prep (Erie),12,0,,PA
2,Hopewell-Loudon (Bascom),32,Mohawk (Sycamore),7,0,,
2,Hudson (Hudson),45,Hoover (North Canton),8,0,,
2,Huntington (Chillicothe),14,Eastern (Beaver),31,0,,
2,Independence (Columbus),22,East (Columbus),32,0,,
2,Indian Creek (Wintersville),7,East Liverpool (East Liverpool),27,0,,
2,Indian Hill (Cincinnati),42,Northwest (Cincinnati),7,0,,
2,Jackson-Milton (North Jackson),47,Newton Falls (Newton Falls),14,0,,
2,John Adams (Cleveland),0,Claymont (Uhrichsville),60,0,,
2,John Hay (Cleveland),9,Cleveland Central Catholic (Cleveland),6,0,,
2,John Marshall (Cleveland),6,Rocky River (Rocky River),42,0,,
2,Johnstown (Johnstown),50,Coshocton (Coshocton),36,0,,
2,Garfield (Akron),0,Revere (Richfield),42,0,,
2,Kenston (Chagrin Falls),49,West Geauga (Chesterland),14,0,,
2,Lake (Millbury),33,Northwood (Northwood),0,0,,
2,Lake (Uniontown),42,Boardman (Youngstown),31,0,,
2,Lakeview (Cortland),32,Jefferson Area (Jefferson),13,0,,
2,Lancaster (Lancaster),36,Hamilton Township (Columbus),57,0,,
2,La Salle (Cincinnati),31,Northmont (Clayton),35,0,,
2,Lexington (Lexington),19,Shelby (Shelby),50,0,,
2,Liberty-Benton (Findlay),14,Columbus Grove (Columbus Grove),24,0,,
2,Liberty Center (Liberty Center),47,Napoleon (Napoleon),6,0,,
2,Liberty Union (Baltimore),23,Lakewood (Hebron),28,0,,
2,Licking Heights (Pataskala),7,Tri-Valley (Dresden),42,0,,
2,Licking Valley (Newark),17,Heath (Heath),46,0,,
2,Gahanna Lincoln (Gahanna),34,Groveport Madison (Groveport),3,0,,
2,Linden McKinley (Columbus),0,Africentric Early College (Columbus),50,0,,
2,Little Miami (Morrow),14,West Clermont (Cincinnati),33,0,,
2,Logan (Logan),6,Teays Valley (Ashville),28,0,,
2,Logan Elm (Circleville),43,Westfall (Williamsport),6,0,,
2,Loudonville (Loudonville),7,Utica (Utica),49,0,,
2,Louisville (Louisville),22,Zanesville (Zanesville),0,0,,
2,Loveland (Loveland),14,Anderson (Cincinnati),48,0,,
2,Lowellville (Lowellville),33,Campbell Memorial (Campbell),14,0,,
2,Lucas (Lucas),17,Hillsdale (Jeromesville),21,0,,
2,Madeira (Cincinnati),7,Shawnee (Springfield),35,0,,
2,Madison Comprehensive (Mansfield),0,River Valley (Caledonia),42,0,,
2,Manchester (New Franklin),13,Sandy Valley (Magnolia),49,0,,
2,Manchester (Manchester),14,Sciotoville Community (Portsmouth),46,0,,
2,Maple Heights (Maple Heights),6,Brecksville-Broadview Heights (Broadview Heights),27,0,,
2,Mapleton (Ashland),42,Wellington (Wellington),18,0,,
2,Mariemont (Cincinnati),28,Norwood (Norwood),7,0,,
2,Marietta (Marietta),20,West Muskingum (Zanesville),38,0,,
2,Marion-Franklin (Columbus),32,Delaware Hayes (Delaware),38,0,,
2,Mason (Mason),24,Oak Hills (Cincinnati),14,0,,
2,Mathews (Vienna),28,Southeast (Ravenna),48,0,,
2,Mayfield (Mayfield),35,Jackson (Massillon),36,0,,
2,McClain (Greenfield),14,Northwest (McDermott),13,0,,
2,Niles McKinley (Niles),28,Alliance (Alliance),45,0,,
2,Archbishop McNicholas (Cincinnati),17,Wheelersburg (Wheelersburg),20,0,,
2,Meadowbrook (Byesville),16,Indian Valley (Gnadenhutten),47,0,,
2,Meadowdale (Dayton),22,Woodward (Cincinnati),18,0,,
2,Mechanicsburg (Mechanicsburg),7,New Bremen (New Bremen),28,0,,
2,St Marys Memorial (St Marys),15,Celina (Celina),37,0,,
2,Miami East (Casstown),20,Carlisle (Carlisle),34,0,,
2,Miamisburg (Miamisburg),14,Bellbrook (Bellbrook),10,0,,
2,Miami Valley Christian Academy (Cincinnati),21,Clermont Northeastern (Batavia),33,0,,
2,Midview (Grafton),23,North Olmsted (North Olmsted),6,0,,
2,Mifflin (Columbus),6,Bexley (Columbus),47,0,,
2,Milford (Milford),34,Lebanon (Lebanon),29,0,,
2,Miller (Corning),44,Frontier (New Matamoras),12,0,,
2,Millersport (Millersport),28,Vanlue (Vanlue),56,0,,
2,Mineral Ridge (Mineral Ridge),49,Orange (Pepper Pike),14,0,,
2,Minford (Minford),21,Chesapeake (Chesapeake),22,0,,
2,Minster (Minster),35,Graham Local (St Paris),0,0,,
2,Mississinawa Valley (Union City),21,Dixie (New Lebanon),35,0,,
2,Monroe (Monroe),0,Wyoming (Cincinnati),13,0,,
2,Monroe Central (Woodsfield),43,Bridgeport (Bridgeport),0,0,,
2,Mount Vernon (Mount Vernon),28,Newark (Newark),35,0,,
2,New Albany (New Albany),14,Canal Winchester (Canal Winchester),20,0,,
2,Newark Catholic (Newark),9,Nelsonville-York (Nelsonville),21,0,,
2,Newcomerstown (Newcomerstown),27,Beallsville (Beallsville),0,0,,
2,New Lexington (New Lexington),33,Maysville (Zanesville),10,0,,
2,New Philadelphia (New Philadelphia),14,Steubenville (Steubenville),29,0,,
2,New Richmond (New Richmond),39,Williamsburg (Williamsburg),54,0,,
2,North (Akron),14,Twinsburg (Twinsburg),58,0,,
2,North (Eastlake),35,Norwalk (Norwalk),0,0,,
2,North Baltimore (North Baltimore),21,Hardin Northern (Dola),49,0,,
2,Northeastern (Springfield),22,Riverside (De Graff),23,0,,
2,Northridge (Dayton),12,Oakwood (Dayton),38,0,,
2,Northridge (Johnstown),17,Fredericktown (Fredericktown),19,0,,
2,Northwest (Canal Fulton),21,Marlington (Alliance),31,0,,
2,Northwestern (West Salem),6,Black River (Sullivan),12,0,,
2,Norwayne (Creston),33,Canton Central Catholic (Canton),7,0,,
2,Notre Dame-Cathedral Latin (Chardon),38,Lakeside (Ashtabula),8,0,,
2,Oak Harbor (Oak Harbor),44,Woodward (Toledo),0,0,,
2,Oak Hill (Oak Hill),0,Piketon (Piketon),34,0,,
2,Oberlin (Oberlin),6,Brooklyn (Brooklyn),28,0,,
2,Olentangy Berlin (Delaware),31,Olentangy Orange (Lewis Center),24,0,,
2,Olentangy (Lewis Center),53,Medina (Medina),28,0,,
2,Ontario (Ontario),35,Centerburg (Centerburg),0,0,,
2,Orrville (Orrville),31,West Holmes (Millersburg),35,0,,
2,Ottawa-Glandorf (Ottawa),29,Kenton (Kenton),52,0,,
2,Ottawa Hills (Toledo),40,Evergreen (Metamora),7,0,,
2,Paint Valley (Bainbridge),13,West Jefferson (West Jefferson),49,0,,
2,Pandora-Gilboa (Pandora),21,Bluffton (Bluffton),28,0,,
2,Parkway (Rockford),48,North Central (Pioneer),27,0,,
2,Paulding (Paulding),8,Spencerville (Spencerville),35,0,,
2,Perkins (Sandusky),62,Elyria Catholic (Elyria),19,0,,
2,Perrysburg (Perrysburg),17,Marysville (Marysville),14,0,,
2,Pleasant (Marion),20,Wynford (Bucyrus),22,0,,
2,Poland Seminary (Poland),41,Howland (Warren),0,0,,
2,Portsmouth (Portsmouth),14,Portsmouth West (West Portsmouth),31,0,,
2,Princeton (Cincinnati),18,Lakota West (West Chester),3,0,,
2,Ravenna (Ravenna),3,Mogadore (Mogadore),21,0,,
2,Rhodes (Cleveland),18,Westlake (Westlake),45,0,,
2,Ridgemont (Mt Victory),62,Perry (Lima),28,0,,
2,Ridgewood (West Lafayette),57,River View (Warsaw),6,0,,
2,Rittman (Rittman),52,Windham (Windham),0,0,,
2,Rogers (Toledo),20,Springfield (Holland),30,0,,
2,Kent Roosevelt (Kent),0,Cuyahoga Valley Christian Academy (Cuyahoga Falls),30,0,,
2,Rossford (Rossford),21,Port Clinton (Port Clinton),52,0,,
2,St Charles (Columbus),37,Beechcroft (Columbus),18,0,,
2,St Clairsville (St Clairsville),54,Martins Ferry (Martins Ferry),0,0,,
2,St Henry (St Henry),0,Archbold (Archbold),29,0,,
2,St Ignatius (Cleveland),16,Mentor (Mentor),14,0,,
2,St John School (Ashtabula),12,Wickliffe (Wickliffe),48,0,,
2,St John's Jesuit (Toledo),19,Anthony Wayne (Whitehouse),48,0,,
2,Villa Angela-St Joseph (Cleveland),47,Cardinal Mooney (Youngstown),21,0,,
2,St Joseph Central Catholic (Fremont),0,Buckeye Central (New Washington),67,0,,
2,St Mary Central Catholic (Sandusky),20,Holgate (Holgate),54,0,,
2,St Paul (Norwalk),6,Edison (Milan),42,0,,
2,St Thomas Aquinas (Louisville),8,Smithville (Smithville),51,0,,
2,St Vincent-St Mary (Akron),16,Perry (Massillon),14,0,,
2,Seneca East (Attica),8,Gibsonburg (Gibsonburg),12,0,,
2,Shadyside (Shadyside),14,Shenandoah (Sarahsville),53,0,,
2,Shaw (East Cleveland),0,Youngstown East (Youngstown),58,0,,
2,Sheridan (Thornville),24,Watkins Memorial (Pataskala),19,0,,
2,Solon (Solon),13,Strongsville (Strongsville),18,0,,
2,South (Willoughby),6,Madison (Madison),41,0,,
2,South Central (Greenwich),0,Northmor (Galion),60,0,,
2,Southeastern (Chillicothe),27,Madison-Plains (London),6,0,,
2,South Gallia (Crown City),34,River Valley (Bidwell),13,0,,
2,Southern (Racine),6,Crooksville (Crooksville),31,0,,
2,Springfield (New Middletown),42,Brookfield (Brookfield),7,0,,
2,Stebbins (Riverside),14,Sidney (Sidney),28,0,,
2,Stow-Munroe Falls (Stow),23,Barberton (Barberton),47,0,,
2,Streetsboro (Streetsboro),49,Normandy (Parma),27,0,,
2,Struthers (Struthers),22,Geneva (Geneva),31,0,,
2,Stryker (Stryker),42,North Adams-Jerome,0,0,,MI
2,Sycamore (Cincinnati),24,Fairfield (Fairfield),21,0,,
2,Sylvania Southview (Sylvania),51,Waite (Toledo),14,0,,
2,Symmes Valley (Willow Wood),0,Rock Hill (Ironton),28,0,,
2,Taft (Cincinnati),40,Reading (Reading),27,0,,
2,Tallmadge (Tallmadge),10,Ellet (Akron),0,0,,
2,Tecumseh (New Carlisle),28,Archbishop Carroll (Dayton),14,0,,
2,Tinora (Defiance),27,Otsego (Tontogany),19,0,,
2,Tippecanoe (Tipp City),27,Fairborn (Fairborn),6,0,,
2,Toronto (Toronto),48,East Palestine (East Palestine),0,0,,
2,Triad (North Lewisburg),0,North Union (Richwood),41,0,,
2,Tri-Village (New Madison),48,Preble Shawnee (Camden),14,0,,
2,Triway (Wooster),7,Highland (Marengo),26,0,,
2,Trotwood-Madison (Trotwood),38,Kettering Fairmont (Kettering),8,0,,
2,Troy (Troy),58,Greenville (Greenville),0,0,,
2,Turpin (Cincinnati),10,Kings (Kings Mills),38,0,,
2,Tri-County North (Lewisburg),21,National Trail (New Paris),28,0,,
2,Twin Valley South (West Alexandria),42,Arcanum (Arcanum),13,0,,
2,Union Local (Belmont),48,Buckeye Local (Rayland),7,0,,
2,United (Hanoverton),42,East Canton (East Canton),21,0,,
2,University School (Hunting Valley),18,Norton (Norton),49,0,,
2,Upper Arlington (Upper Arlington),41,Big Walnut (Sunbury),14,0,,
2,Upper Sandusky (Upper Sandusky),26,Mount Gilead (Mount Gilead),12,0,,
2,Upper Scioto Valley (McGuffey),56,Cory-Rawson (Rawson),14,0,,
2,Urbana (Urbana),28,Fort Recovery (Fort Recovery),20,0,,
2,Ursuline (Youngstown),38,Padua Franciscan (Parma),7,0,,
2,Valley Forge (Parma Heights),6,North Ridgeville (North Ridgeville),41,0,,
2,Valley View (Germantown),60,Milton-Union (West Milton),7,0,,
2,Van Buren (Van Buren),0,Leipsic (Leipsic),48,0,,
2,Versailles (Versailles),35,Fort Loramie (Fort Loramie),0,0,,
2,Vinton County (McArthur),19,Circleville (Circleville),8,0,,
2,Walnut Hills (Cincinnati),0,Winton Woods (Cincinnati),48,0,,
2,Walnut Ridge (Columbus),14,Dunbar (Dayton),34,0,,
2,Wapakoneta (Wapakoneta),13,Defiance (Defiance),16,0,,
2,Warren (Vincent),22,Morgan (McConnelsville),33,0,,
2,Washington (Washington Court House),39,Western Brown (Mount Orab),20,0,,
2,Waterford (Waterford),14,Caldwell (Caldwell),41,0,,
2,Waterloo (Atwater),21,Leetonia (Leetonia),0,0,,
2,Wauseon (Wauseon),3,Bellevue (Bellevue),26,0,,
2,Waverly (Waverly),42,Zane Trace (Chillicothe),28,0,,
2,Wayne (Huber Heights),20,Pickerington Central (Pickerington),25,0,,
2,Wayne Trace (Haviland),12,Patrick Henry (Hamler),34,0,,
2,Wellston (Wellston),21,Fairland (Proctorville),56,0,,
2,West (Columbus),18,Grandview Heights (Columbus),34,0,,
2,West Branch (Beloit),34,Woodridge (Peninsula),13,0,,
2,Western Hills (Cincinnati),20,Roger Bacon (St Bernard),39,0,,
2,Western Reserve (Berlin Center),28,Conneaut (Conneaut),24,0,,
2,Western Reserve (Collins),44,Margaretta (Castalia),43,0,,
2,Westerville North (Westerville),42,Central Crossing (Grove City),21,0,,
2,Westerville South (Westerville),33,Westerville Central (Westerville),30,0,,
2,West Liberty-Salem (West Liberty),42,Benjamin Logan (Bellefontaine),7,0,,
2,Willard (Willard),37,Plymouth (Plymouth),16,0,,
2,Wilmington (Wilmington),24,Miami Trace (Washington Court House),21,0,,
2,Withrow (Cincinnati),29,Springboro (Springboro),10,0,,
2,Woodmore (Elmore),7,Montpelier (Montpelier),9,0,,
2,Wooster (Wooster),13,Wadsworth (Wadsworth),45,0,,
2,Worthington Kilbourne (Columbus),9,Thomas Worthington (Worthington),28,0,,
2,Xenia (Xenia),37,West Carrollton (West Carrollton),7,0,,
2,Clark Montessori (Cincinnati),44,Fayetteville (Fayetteville),14,0,,
2,Riverview East Academy (Cincinnati),0,New Miami (Hamilton),1,0,,
2,Cincinnati College Prep (Cincinnati),22,Summit Country Day (Cincinnati),9,0,,
2,Gamble Montessori (Cincinnati),6,Madison (Middletown),21,0,,
2,Dohn Community (Cincinnati),14,Holy Cross (Covington),32,0,,KY
2,Southern Buckeye (club) (Russellville),6,Lockland (Lockland),54,0,,
2,Middletown Christian (club) (Franklin),0,North College Hill (Cincinnati),20,0,,
2,Clay-Battelle (Blacksville),22,Hundred (Hundred),26,0,WV,WV
2,Greenbrier East,7,Point Pleasant (Point Pleasant),26,0,WV,WV
2,Hedgesville,0,Wheeling Park (Wheeling),56,0,WV,WV
2,James Monroe,45,Wheeling Central Catholic (Wheeling),32,0,WV,WV
2,John Marshall (Glen Dale),7,University,42,0,WV,WV
2,Madonna (Weirton),32,Wellsville (Wellsville),0,0,WV,
2,Oak Glen (New Cumberland),7,Weir (Weirton),38,0,WV,WV
2,Parkersburg (Parkersburg),56,Saint Albans,0,0,WV,WV
2,Parkersburg South (Parkersburg),83,Capital (Charleston),26,0,WV,WV
2,Ripley (Ripley),0,Brooke (Wellsburg),48,0,WV,WV
2,South Charleston,0,Morgantown (Morgantown),65,0,WV,WV
2,Tucker County,57,Pocahontas County,8,0,WV,WV
2,Valley (Wetzel) (Pine Grove),40,Tygarts Valley,7,0,WV,WV
2,Van (Van),12,Meadow Bridge,24,0,WV,WV
2,Williamstown (Williamstown),62,Ravenswood,6,0,WV,WV
2,Beechwood,50,Campbell County (Alexandria),7,0,KY,KY
2,Bell County,60,Boyd County (Ashland),41,0,KY,KY
2,Bellevue,6,Trimble County,8,0,KY,KY
2,Calloway County,14,Murray,35,0,KY,KY
2,Conner,7,Ryle (Union),28,0,KY,KY
2,Covington Catholic (Park Hills),35,Highlands (Fort Thomas),21,0,KY,KY
2,Dixie Heights (Covington),33,Hughes (Cincinnati),8,0,KY,
2,George Rogers Clark,53,Belfry (Belfry),27,1,KY,KY
2,Henry Clay,2,Cooper (Union),42,0,KY,KY
2,Newport (Newport),48,Holmes (Covington),6,0,KY,KY
2,Paintsville,12,Paris,58,0,KY,KY
2,Raceland (Raceland),40,Letcher County Central,20,0,KY,KY
2,Walton-Verona (Walton),7,Newport Central Catholic,42,0,KY,KY
2,Bridgman,28,Concord,12,0,MI,MI
2,Camden-Frontier,16,Bellevue,36,0,MI,MI
2,Detroit Central,6,Detroit Edison PSA Early College (Detroit),38,0,MI,MI
2,Detroit Denby,54,Detroit Osborn,0,0,MI,MI
2,Montrose,27,Riverview Gabriel Richard (Riverview),15,0,MI,MI
2,Morenci,14,Toledo Christian (Toledo),56,0,MI,
2,Ottawa Lake-Whiteford,28,Blissfield,21,0,MI,MI
2,Petersburg-Summerfield,14,Waterford Our Lady,7,0,MI,MI
2,Quincy,26,Sand Creek,54,0,MI,MI
2,River Rouge,28,Belleville,35,1,MI,MI
2,Rochester Adams,22,Orchard Lake St Mary,8,0,MI,MI
2,Roseville,41,Brother Rice (Bloomfield Hills),0,0,MI,MI
2,Tekonsha,6,Battle Creek St Philip,60,0,MI,MI
2,Bedford (Temperance),17,Plymouth Canton,35,0,MI,MI
2,Warren De La Salle,26,Davison,31,0,MI,MI
2,White Pigeon,36,Reading,14,0,MI,MI
2,Britton-Deerfield (Britton),6,Adrian Lenawee Christian,48,0,MI,MI
2,Everett,21,West Branch,6,0,PA,PA
2,Central Catholic (Pittsburgh),43,Woodland Hills,7,0,PA,PA
2,Pine-Richland (Gibsonia),14,Pickerington North (Pickerington),35,0,PA,
2,Brownsville,6,Bentworth,42,0,PA,PA
2,Carlynton,46,Carrick (Pittsburgh),6,0,PA,PA
2,West Greene,28,Cameron (Cameron),24,0,PA,WV
2,Farrell (Farrell),32,North East (North East),14,0,PA,PA
2,Taylor Allderdice (Pittsburgh),0,North Allegheny (Wexford),61,0,PA,PA
2,Brashear (Pittsburgh),0,Baldwin,56,0,PA,PA
2,Perry Traditional Academy (Pittsburgh),2,Trinity (Washington),47,0,PA,PA
2,Westinghouse (Pittsburgh),28,Clairton,0,0,PA,PA
2,McDowell (Erie),28,Walsh Jesuit (Cuyahoga Falls),49,0,PA,
2,Greenville,7,Hubbard (Hubbard),35,0,PA,
2,Central Valley (Monaca),36,Austintown-Fitch (Austintown),35,0,PA,
2,University Prep (USO co-op) (Pittsburgh),26,New Castle (New Castle),20,0,PA,PA
2,Erie (Erie),4,Euclid (Euclid),14,0,PA,
2,Neumann Goretti (Philadelphia),14,Elder (Cincinnati),35,0,PA,
2,Central Clarion (co-op),49,Brookville,27,0,PA,PA
2,Avon,14,Ben Davis,42,0,IN,IN
2,Centerville,14,Hagerstown,7,0,IN,IN
2,Fort Wayne Bishop Dwenger,0,Archbishop Moeller (Cincinnati),57,0,IN,
2,Fort Wayne Blackhawk Christian,0,Taylor,33,0,IN,IN
2,Fremont,43,Blackford,15,0,IN,IN
2,Bishop Chatard (Indianapolis),46,Indianapolis Arsenal Technical (Indianapolis),6,0,IN,IN
2,Cathedral (Indianapolis),31,Brownsburg,45,0,IN,IN
2,Lawrenceburg (Lawrenceburg),10,Taylor (Cleves),7,0,IN,
2,South Decatur,69,Irvington Prep (Indianapolis),0,0,IN,IN
2,Tri-County,46,Attica,22,0,IN,IN
2,Elkhart (Elkhart),29,Northridge,35,0,IN,IN
2,McCallie,41,Woodward Academy,21,0,TN,GA
2,Middle Tennessee Christian School,41,Master's Academy (Oviedo),13,0,TN,FL
2,Oakland,0,Center Grove,28,0,TN,IN
2,Dinwiddie,52,George Washington,7,0,VA,VA
2,St Mary's Ryken (Leonardtown),21,Rock Creek Christian (Upper Marlboro),34,1,MD,MD
2,Valdosta (Valdosta),37,Cook,20,0,GA,GA
2,Barnesville (Barnesville),38,Bellaire (Bellaire),14,0,,
2,Beavercreek (Beavercreek),62,Ponitz Tech (Dayton),7,0,,
2,Champion (Warren),0,Rootstown (Rootstown),41,0,,
2,Dawson-Bryant (Coal Grove),52,Valley (Lucasville),6,0,,
2,Finneytown (Cincinnati),7,St Bernard-Elmwood Place (St Bernard),28,0,,
2,Fisher Catholic (Lancaster),35,Tuscarawas Central Catholic (New Philadelphia),6,0,,
2,Garfield (Garrettsville),61,John F Kennedy (Warren),26,0,,
2,Garfield Heights (Garfield Heights),18,Lutheran East (Cleveland Heights),16,0,,
2,Warren G Harding (Warren),20,Buchtel (Akron),16,0,,
2,Holy Name (Parma Heights),20,Lake Catholic (Mentor),39,0,,
2,Jackson (Jackson),14,Ironton (Ironton),35,0,,
2,LaBrae (Leavittsburg),20,Valley Christian School (Youngstown),0,0,,
2,Lima Central Catholic (Lima),40,St John's (Delphos),42,0,,
2,Lutheran West (Rocky River),14,Kirtland (Kirtland),49,0,,
2,Northland (Columbus),57,Whitehall-Yearling (Whitehall),29,0,,
2,Richmond Heights (Richmond Heights),0,Linsly (Wheeling),42,0,,WV
2,Ross (Hamilton),14,Mount Healthy (Cincinnati),40,0,,
2,St Xavier (Cincinnati),44,Detroit King,8,0,,MI
2,Shroder (Cincinnati),0,Deer Park (Cincinnati),30,0,,
2,Southeastern Local (South Charleston),30,Lehman Catholic (Sidney),21,0,,
2,South Point (South Point),27,Alexander (Albany),14,0,,
2,Springfield (Springfield),7,DeMatha Catholic (Hyattsville),35,1,,MD
2,Strasburg-Franklin (Strasburg),0,Catholic Central (Steubenville),30,0,,
2,Trinity (Garfield Heights),12,Hawken (Gates Mills),48,0,,
2,Landmark Eagles (club) (Cincinnati),42,Crossroads (Illinois) Crusaders (club) (Big Rock),0,1,,IL
2,Ballard,3,Male (Louisville),34,0,KY,KY
2,Bullitt East,20,Pleasure Ridge Park,27,0,KY,KY
2,DuPont Manual,20,Central Hardin,7,0,KY,KY
2,Eastern (Louisville),42,Butler (Louisville),6,0,KY,KY
2,Fairview (Ashland),18,Caverna,58,0,KY,KY
2,Johnson Central,14,Pikeville (Pikeville),21,0,KY,KY
2,Russell (Russell),19,Greenup County,21,0,KY,KY
2,South Oldham,40,Nelson County,0,0,KY,KY
2,St Xavier (Louisville),21,Central (Louisville),6,0,KY,KY
2,West Jessamine,13,Ashland Blazer (Ashland),56,0,KY,KY
2,Frederick Douglass (Lexington),17,Trinity (Louisville),14,0,KY,KY
2,Erie-Mason,42,Monroe Jefferson,12,0,MI,MI
2,Waldron,28,Danbury (Lakeside),24,0,MI,
2,Grand Valley Patriots (club),22,Columbus Crusaders (club) (Columbus),55,0,MI,
2,Southfield Arts and Technology,29,Detroit Cass Tech,27,0,MI,MI
2,Southside Crimson Knights (club),14,Noblesville Lions (club) (Noblesville),36,0,IN,IN
2,Life Christian Academy (Chester),0,Imhotep Charter (Philadelphia),87,0,VA,PA
2,Freedom (Woodbridge),48,Coolidge (Washington),0,0,VA,DC
2,St John's College (Washington),20,American Heritage School (Plantation),45,0,DC,FL
2,Paramus Catholic (Paramus),43,Cleveland Heights (Cleveland Heights),41,0,NJ,
2,Football North (via Clarkson SS) (Mississauga),7,Martinsburg (Martinsburg),35,1,ON,WV
2,IMG Academy (Bradenton),17,Saint Joseph's Prep (Philadelphia),14,0,FL,PA
2,Good Counsel (Wheaton),7,St Edward (Lakewood),28,0,MD,
3,Camden-Frontier,48,Battle Creek St Philip,34,0,MI,MI
3,Archbishop Alter (Kettering),35,Meadowdale (Dayton),0,0,,
3,Butler (Vandalia),7,Troy (Troy),16,0,,
3,St Francis de Sales (Toledo),28,Brother Rice (Bloomfield Hills),19,0,,MI
3,Stryker (Stryker),42,Morenci,66,0,,MI
3,Taylor (Cleves),34,Gamble Montessori (Cincinnati),8,0,,
3,Brooke (Wellsburg),28,Indian Creek (Wintersville),7,0,WV,
3,Fairview (Ashland),0,Betsy Lane,43,0,KY,KY
3,Blissfield,63,Sand Creek,0,0,MI,MI
3,Bloomfield Hills Cranbrook Kingswood,14,Dearborn Divine Child,62,0,MI,MI
3,Clinton,58,Detroit Central,20,0,MI,MI
3,Dundee,41,Erie-Mason,18,0,MI,MI
3,Ida,7,Ottawa Lake-Whiteford,22,0,MI,MI
3,North Adams-Jerome,0,Pittsford,50,0,MI,MI
3,Quincy,18,Reading,12,0,MI,MI
3,Riverview Gabriel Richard (Riverview),49,Royal Oak Shrine,0,0,MI,MI
3,Waldron,14,Tekonsha,22,0,MI,MI
3,Carrick (Pittsburgh),0,University Prep (USO co-op) (Pittsburgh),66,0,PA,PA
3,Dinwiddie,58,North Stafford,8,0,VA,VA
3,Ada (Ada),41,Buckeye Central (New Washington),25,0,,
3,Africentric Early College (Columbus),12,KIPP Columbus (Columbus),2,0,,
3,Alexander (Albany),58,Belpre (Belpre),0,0,,
3,Allen East (Harrod),27,Indian Lake (Lewistown),28,0,,
3,Alliance (Alliance),28,Streetsboro (Streetsboro),37,0,,
3,Amanda-Clearcreek (Amanda),48,Adena (Frankfort),14,0,,
3,Anna (Anna),40,St Henry (St Henry),18,0,,
3,Antwerp (Antwerp),45,Hilltop (West Unity),6,0,,
3,Arcadia (Arcadia),8,Van Buren (Van Buren),22,0,,
3,Arcanum (Arcanum),6,Mississinawa Valley (Union City),0,0,,
3,Archbold (Archbold),48,Tinora (Defiance),7,0,,
3,Arlington (Arlington),30,Liberty-Benton (Findlay),34,0,,
3,Ashland (Ashland),23,Buckeye Valley (Delaware),27,0,,
3,Lakeside (Ashtabula),0,Ursuline (Youngstown),50,0,,
3,Athens (The Plains),19,Marietta (Marietta),28,0,,
3,Austintown-Fitch (Austintown),35,GlenOak (Canton),3,0,,
3,Avon Lake (Avon Lake),10,Chardon (Chardon),28,0,,
3,Barnesville (Barnesville),42,Buckeye Trail (Lore City),8,0,,
3,Batavia (Batavia),20,Clermont Northeastern (Batavia),8,0,,
3,Bay (Bay Village),17,University School (Hunting Valley),21,0,,
3,Bellaire (Bellaire),15,Fort Frye (Beverly),22,0,,
3,Bellbrook (Bellbrook),21,Valley View (Germantown),42,0,,
3,Bellefontaine (Bellefontaine),45,Licking Heights (Pataskala),14,0,,
3,Berne Union (Sugar Grove),14,Crooksville (Crooksville),47,0,,
3,Bethel-Tate (Bethel),7,Woodward (Cincinnati),12,0,,
3,Big Walnut (Sunbury),41,Franklin (Franklin),14,0,,
3,Bishop Hartley (Columbus),21,Chaminade Julienne (Dayton),7,0,,
3,Black River (Sullivan),34,Brooklyn (Brooklyn),7,0,,
3,Bloom-Carroll (Carroll),42,Jonathan Alder (Plain City),0,0,,
3,Bluffton (Bluffton),42,Ayersville (Defiance),0,0,,
3,Boardman (Youngstown),13,Chaney (Youngstown),21,0,,
3,Bowling Green (Bowling Green),6,Anthony Wayne (Whitehouse),35,0,,
3,Bradford (Bradford),44,New Miami (Hamilton),7,0,,
3,Brecksville-Broadview Heights (Broadview Heights),14,Lake (Uniontown),17,0,,
3,Briggs (Columbus),25,Franklin Heights (Columbus),24,0,,
3,Brookfield (Brookfield),26,Valley Christian School (Youngstown),12,0,,
3,Brookville (Brookville),49,Graham Local (St Paris),6,0,,
3,Bryan (Bryan),67,Fairview (Sherwood),46,0,,
3,Harrison Central (Cadiz),20,Malvern (Malvern),22,0,,
3,Caldwell (Caldwell),49,Wellsville (Wellsville),7,0,,
3,Cambridge (Cambridge),35,Meadowbrook (Byesville),60,0,,
3,Canal Winchester (Canal Winchester),42,Lancaster (Lancaster),14,0,,
3,Canton McKinley (Canton),24,Dublin Coffman (Dublin),14,0,,
3,Cardinal (Middlefield),46,Coventry (Akron),0,0,,
3,Cardinal Mooney (Youngstown),14,Steubenville (Steubenville),21,0,,
3,Cardinal Stritch Catholic (Oregon),16,Woodmore (Elmore),40,0,,
3,Cardington-Lincoln (Cardington),36,Bucyrus (Bucyrus),28,0,,
3,Carlisle (Carlisle),22,Northridge (Dayton),30,0,,
3,Archbishop Carroll (Dayton),17,Northland (Columbus),37,0,,
3,Carrollton (Carrollton),0,Ridgewood (West Lafayette),13,0,,
3,Catholic Central (Springfield),8,Northeastern (Springfield),41,0,,
3,Cedarville (Cedarville),27,Fairbanks (Milford Center),6,0,,
3,Celina (Celina),17,Van Wert (Van Wert),14,0,,
3,Centerburg (Centerburg),7,Worthington Christian (Worthington),20,0,,
3,Central Crossing (Grove City),27,Westland (Galloway),17,0,,
3,Chagrin Falls (Chagrin Falls),7,Kenston (Chagrin Falls),55,0,,
3,Twinsburg (Twinsburg),55,Copley (Copley),6,0,,
3,Chesapeake (Chesapeake),47,Southern (Racine),13,0,,
3,Chillicothe (Chillicothe),0,Westerville North (Westerville),42,0,,
3,Chippewa (Doylestown),13,Crestwood (Mantua),42,0,,
3,Cincinnati Hills Christian Academy (Cincinnati),35,Master's Academy (Oviedo),62,0,,FL
3,Circleville (Circleville),36,Westfall (Williamsport),48,0,,
3,Clear Fork (Bellville),27,Lexington (Lexington),28,0,,
3,Cleveland Heights (Cleveland Heights),34,Hudson (Hudson),31,0,,
3,Thurgood Marshall (Dayton),8,Beavercreek (Beavercreek),39,0,,
3,Tiffin Columbian (Tiffin),56,River Valley (Caledonia),45,0,,
3,Columbiana (Columbiana),6,Western Reserve (Berlin Center),28,0,,
3,Columbus Academy (Gahanna),40,Newark Catholic (Newark),0,0,,
3,Columbus Grove (Columbus Grove),28,Patrick Henry (Hamler),40,0,,
3,Conneaut (Conneaut),33,Independence (Independence),15,0,,
3,Coshocton (Coshocton),13,Maysville (Zanesville),48,0,,
3,Covington (Covington),0,Fort Loramie (Fort Loramie),48,0,,
3,Crestview (Ashland),26,Highland (Marengo),50,0,,
3,Crestview (Columbiana),14,United (Hanoverton),35,0,,
3,Crestview (Convoy),21,Wayne Trace (Haviland),20,0,,
3,Cuyahoga Heights (Cuyahoga Heights),27,Berkshire (Burton),14,0,,
3,Lisbon David Anderson (Lisbon),16,Waterloo (Atwater),26,0,,
3,Dawson-Bryant (Coal Grove),48,Meigs (Pomeroy),42,0,,
3,Dayton Christian (Miamisburg),20,Tri-County North (Lewisburg),76,0,,
3,Defiance (Defiance),30,St Marys Memorial (St Marys),15,0,,
3,Delta (Delta),38,Lake (Millbury),28,0,,
3,Dixie (New Lebanon),6,Ansonia (Ansonia),64,0,,
3,Dover (Dover),27,Indian Valley (Gnadenhutten),14,0,,
3,Dublin Scioto (Dublin),0,Olentangy Berlin (Delaware),38,0,,
3,East (Columbus),32,Scott (Toledo),8,0,,
3,Youngstown East (Youngstown),6,Villa Angela-St Joseph (Cleveland),42,0,,
3,Sciotoville Community (Portsmouth),20,Miller (Corning),27,0,,
3,East Canton (East Canton),22,Southern (Salineville),52,0,,
3,Eastern (Beaver),36,Southeastern (Chillicothe),20,0,,
3,Eastern (Reedsville),34,South Gallia (Crown City),8,0,,
3,East Knox (Howard),15,Colonel Crawford (North Robinson),49,0,,
3,Eastmoor Academy (Columbus),7,Harvest Prep (Canal Winchester),53,0,,
3,East Palestine (East Palestine),25,Bridgeport (Bridgeport),32,0,,
3,Edgerton (Edgerton),28,Montpelier (Montpelier),34,0,,
3,Edgewood (Ashtabula),48,Harvey (Painesville),18,0,,
3,Edison (Milan),42,Gibsonburg (Gibsonburg),6,0,,
3,Edison (Richmond),40,Minerva (Minerva),7,0,,
3,Edon (Edon),47,Hicksville (Hicksville),20,0,,
3,Elgin (Marion),59,North Baltimore (North Baltimore),0,0,,
3,Ellet (Akron),8,Buckeye (Medina),42,0,,
3,Elyria (Elyria),0,East (Akron),35,0,,
3,Elyria Catholic (Elyria),13,Midview (Grafton),21,0,,
3,Euclid (Euclid),6,Perry (Massillon),42,0,,
3,Evergreen (Metamora),32,Rossford (Rossford),6,0,,
3,Fairborn (Fairborn),34,West Carrollton (West Carrollton),6,0,,
3,Fairfield Christian Academy (Lancaster),7,Danville (Danville),41,0,,
3,Fairland (Proctorville),14,Ironton (Ironton),62,0,,
3,Fairless (Brewster),35,Claymont (Uhrichsville),33,0,,
3,Fairview (Fairview Park),13,Brookside (Sheffield),28,0,,
3,Fayetteville (Fayetteville),12,East Clinton (Sabina),62,0,,
3,Findlay (Findlay),49,Sylvania Southview (Sylvania),14,0,,
3,Finneytown (Cincinnati),16,Lockland (Lockland),13,0,,
3,Firelands (Oberlin),14,Poland Seminary (Poland),49,0,,
3,Firestone (Akron),13,Norton (Norton),48,0,,
3,Fort Recovery (Fort Recovery),7,Coldwater (Coldwater),35,0,,
3,Fostoria (Fostoria),12,Hopewell-Loudon (Bascom),47,0,,
3,Fredericktown (Fredericktown),20,Utica (Utica),34,0,,
3,Frontier (New Matamoras),13,Beallsville (Beallsville),25,0,,
3,Gallia Academy (Gallipolis),42,Point Pleasant (Point Pleasant),12,0,,WV
3,Garfield Heights (Garfield Heights),12,Valley Forge (Parma Heights),28,0,,
3,Genoa Area (Genoa),21,Huron (Huron),20,0,,
3,Girard (Girard),43,West Branch (Beloit),52,0,,
3,Glenville (Cleveland),16,Avon (Avon),24,0,,
3,Goshen (Goshen),7,Archbishop McNicholas (Cincinnati),35,0,,
3,Grand Valley (Orwell),0,Pymatuning Valley (Andover),30,0,,
3,Grandview Heights (Columbus),8,Northridge (Johnstown),35,0,,
3,Granville (Granville),31,Johnstown (Johnstown),0,0,,
3,Green (Uniontown),41,Tallmadge (Tallmadge),14,0,,
3,Greenon (Enon),7,Mechanicsburg (Mechanicsburg),47,0,,
3,Greenville (Greenville),6,Tippecanoe (Tipp City),49,0,,
3,Groveport Madison (Groveport),34,Worthington Kilbourne (Columbus),0,0,,
3,Hamilton Township (Columbus),49,Centennial (Columbus),0,0,,
3,Hardin Northern (Dola),47,Cory-Rawson (Rawson),26,0,,
3,Harrison (Harrison),35,Indian Hill (Cincinnati),17,0,,
3,Hawken (Gates Mills),10,Gilmour Academy (Gates Mills),41,0,,
3,Highland (Medina),35,Brunswick (Brunswick),14,0,,
3,Hilliard Bradley (Hilliard),31,Westerville Central (Westerville),15,0,,
3,Hilliard Davidson (Hilliard),17,Dublin Jerome (Dublin),13,0,,
3,Hilliard Darby (Hilliard),28,Olentangy Orange (Lewis Center),21,0,,
3,Hillsboro (Hillsboro),34,Portsmouth West (West Portsmouth),49,0,,
3,Holgate (Holgate),48,Britton-Deerfield (Britton),26,0,,MI
3,Howland (Warren),14,Hubbard (Hubbard),28,0,,
3,Hughes (Cincinnati),14,Roger Bacon (St Bernard),20,0,,
3,Huntington (Chillicothe),26,Northwest (McDermott),44,0,,
3,Jackson (Massillon),34,Stow-Munroe Falls (Stow),0,0,,
3,Jefferson Area (Jefferson),0,Beaver Local (East Liverpool),43,0,,
3,John F Kennedy (Cleveland),36,John Adams (Cleveland),0,0,,
3,John F Kennedy (Warren),3,South Range (Canfield),41,0,,
3,John Hay (Cleveland),6,Clearview (Lorain),34,0,,
3,John Marshall (Cleveland),12,Cleveland Central Catholic (Cleveland),27,0,,
3,Garfield (Akron),14,Cloverleaf (Lodi),34,0,,
3,Kenton (Kenton),22,Elida (Elida),30,0,,
3,Kettering Fairmont (Kettering),7,La Salle (Cincinnati),14,0,,
3,Keystone (La Grange),6,Lutheran West (Rocky River),34,0,,
3,River Valley (Bidwell),8,Symmes Valley (Willow Wood),30,0,,
3,Lakewood (Hebron),27,Bexley (Columbus),7,0,,
3,Lakewood (Lakewood),7,Kent Roosevelt (Kent),10,0,,
3,Lakota (Kansas),15,Northwood (Northwood),13,0,,
3,Lakota East (Liberty Township),16,Princeton (Cincinnati),30,0,,
3,Lakota West (West Chester),33,Fairfield (Fairfield),0,0,,
3,Lebanon (Lebanon),14,Anderson (Cincinnati),44,0,,
3,Leetonia (Leetonia),20,Strasburg-Franklin (Strasburg),26,0,,
3,Lehman Catholic (Sidney),56,Benjamin Logan (Bellefontaine),14,0,,
3,Liberty (Youngstown),31,Lakeview (Cortland),40,0,,
3,Lima Senior (Lima),6,Withrow (Cincinnati),42,0,,
3,Lima Central Catholic (Lima),14,Carey (Carey),28,0,,
3,Little Miami (Morrow),21,Turpin (Cincinnati),42,0,,
3,Logan Elm (Circleville),41,Miami Trace (Washington Court House),20,0,,
3,Lorain (Lorain),23,Sandusky (Sandusky),30,0,,
3,Loudonville (Loudonville),3,Hillsdale (Jeromesville),31,0,,
3,Lowellville (Lowellville),53,Tuscarawas Central Catholic (New Philadelphia),6,0,,
3,Madison (Madison),27,North (Eastlake),13,0,,
3,Madison Comprehensive (Mansfield),0,Ontario (Ontario),38,0,,
3,Manchester (Manchester),10,Green (Franklin Furnace),13,0,,
3,Mansfield Senior (Mansfield),10,Massillon Washington (Massillon),51,0,,
3,Maple Heights (Maple Heights),26,Linden McKinley (Columbus),12,0,,
3,Marion Local (Maria Stein),42,Minster (Minster),7,0,,
3,Marlington (Alliance),42,Manchester (New Franklin),13,0,,
3,Mason (Mason),6,Hamilton (Hamilton),37,0,,
3,Maumee (Maumee),42,Bowsher (Toledo),0,0,,
3,McClain (Greenfield),15,Paint Valley (Bainbridge),29,0,,
3,McDonald (McDonald),28,Campbell Memorial (Campbell),6,0,,
3,Niles McKinley (Niles),34,LaBrae (Leavittsburg),0,0,,
3,Mentor (Mentor),31,Riverside (Painesville),34,0,,
3,Miami Valley Christian Academy (Cincinnati),12,Deer Park (Cincinnati),47,0,,
3,Middletown (Middletown),17,Sycamore (Cincinnati),35,0,,
3,Mifflin (Columbus),0,Kenton Ridge (Springfield),31,0,,
3,Milford (Milford),52,Loveland (Loveland),34,0,,
3,Milton-Union (West Milton),14,Oakwood (Dayton),35,0,,
3,Mineral Ridge (Mineral Ridge),42,St Thomas Aquinas (Louisville),6,0,,
3,Archbishop Moeller (Cincinnati),28,East Central (St Leon),38,0,,IN
3,Mogadore (Mogadore),14,Dalton (Dalton),47,0,,
3,Mohawk (Sycamore),12,Margaretta (Castalia),17,0,,
3,Monroe (Monroe),20,Bishop Fenwick (Franklin),23,0,,
3,Monroe Central (Woodsfield),22,River (Hannibal),44,0,,
3,Monroeville (Monroeville),40,Seneca East (Attica),21,0,,
3,Mount Gilead (Mount Gilead),22,Grove City Christian (Grove City),0,0,,
3,Mount Healthy (Cincinnati),22,Wilmington (Wilmington),7,0,,
3,Mount Vernon (Mount Vernon),0,Delaware Hayes (Delaware),42,0,,
3,Napoleon (Napoleon),14,Sylvania Northview (Sylvania),17,0,,
3,Nelsonville-York (Nelsonville),47,Liberty Union (Baltimore),19,0,,
3,Newark (Newark),14,Marion Harding (Marion),34,0,,
3,Newcomerstown (Newcomerstown),52,Conotton Valley (Bowerston),20,0,,
3,New Lexington (New Lexington),13,John Glenn (New Concord),14,0,,
3,Nordonia (Macedonia),35,Mayfield (Mayfield),14,0,,
3,Normandy (Parma),13,Garfield (Garrettsville),52,0,,
3,North (Akron),12,Cuyahoga Falls (Cuyahoga Falls),26,0,,
3,North College Hill (Cincinnati),0,Cincinnati Country Day (Cincinnati),35,0,,
3,Northmont (Clayton),47,Dunbar (Dayton),16,0,,
3,Northmor (Galion),33,Mapleton (Ashland),40,0,,
3,North Ridgeville (North Ridgeville),20,North Royalton (North Royalton),17,0,,
3,North Union (Richwood),14,Zane Trace (Chillicothe),17,0,,
3,Norwalk (Norwalk),42,Rogers (Toledo),26,0,,
3,Northwest (Canal Fulton),26,Louisville (Louisville),14,0,,
3,Northwest (Cincinnati),3,Ross (Hamilton),48,0,,
3,Northwestern (Springfield),15,Miami East (Casstown),17,0,,
3,Northwestern (West Salem),22,Columbia (Columbia Station),57,0,,
3,Norwayne (Creston),38,Heath (Heath),25,0,,
3,Norwood (Norwood),16,Cincinnati College Prep (Cincinnati),34,0,,
3,Notre Dame-Cathedral Latin (Chardon),38,Bedford (Bedford),0,0,,
3,Oak Hills (Cincinnati),21,Colerain (Cincinnati),14,0,,
3,Oberlin (Oberlin),0,Lutheran East (Cleveland Heights),40,0,,
3,Olentangy (Lewis Center),31,Westerville South (Westerville),14,0,,
3,Olentangy Liberty (Powell),28,Gahanna Lincoln (Gahanna),46,0,,
3,Olmsted Falls (Olmsted Falls),42,Canfield (Canfield),14,0,,
3,Orange (Pepper Pike),28,Wickliffe (Wickliffe),14,0,,
3,Orrville (Orrville),50,Springfield (Akron),6,0,,
3,Otsego (Tontogany),0,Liberty Center (Liberty Center),45,0,,
3,Ottawa Hills (Toledo),49,Swanton (Swanton),7,0,,
3,Padua Franciscan (Parma),21,Bishop Watterson (Columbus),24,0,,
3,Pandora-Gilboa (Pandora),14,Leipsic (Leipsic),21,0,,
3,Parkway (Rockford),15,New Bremen (New Bremen),50,0,,
3,Ponitz Tech (Dayton),6,Miamisburg (Miamisburg),57,0,,
3,Perry (Lima),26,Crestline (Crestline),8,0,,
3,Perry (Perry),24,Kirtland (Kirtland),6,0,,
3,Perrysburg (Perrysburg),49,Fremont Ross (Fremont),20,0,,
3,Philo (Duncan Falls),34,Morgan (McConnelsville),13,0,,
3,Pickerington Central (Pickerington),17,Centerville (Centerville),28,0,,
3,Piketon (Piketon),42,Valley (Lucasville),14,0,,
3,Piqua (Piqua),14,Stebbins (Riverside),17,0,,
3,Pleasant (Marion),43,Whitehall-Yearling (Whitehall),13,0,,
3,Port Clinton (Port Clinton),7,Oak Harbor (Oak Harbor),42,0,,
3,Preble Shawnee (Camden),28,National Trail (New Paris),13,0,,
3,Purcell Marian (Cincinnati),35,Madeira (Cincinnati),41,0,,
3,Ravenna (Ravenna),14,Revere (Richfield),39,0,,
3,Reading (Reading),70,Summit Country Day (Cincinnati),7,0,,
3,Reynoldsburg (Reynoldsburg),20,Marysville (Marysville),31,0,,
3,Rhodes (Cleveland),20,Trinity (Garfield Heights),19,0,,
3,Richmond Heights (Richmond Heights),6,Canton Central Catholic (Canton),35,0,,
3,Ridgedale (Morral),32,Ridgemont (Mt Victory),16,0,,
3,Rittman (Rittman),40,Fairport Harding (Fairport Harbor),13,0,,
3,Riverdale (Mt Blanchard),32,Elmwood (Bloomdale),46,0,,
3,Riverside (De Graff),45,Spencerville (Spencerville),10,0,,
3,River View (Warsaw),6,Tuslaw (Massillon),40,0,,
3,Rock Hill (Ironton),47,Oak Hill (Oak Hill),13,0,,
3,Rocky River (Rocky River),28,Perkins (Sandusky),59,0,,
3,Rootstown (Rootstown),14,Field (Mogadore),7,0,,
3,St Charles (Columbus),41,Independence (Columbus),8,0,,
3,St Francis DeSales (Columbus),14,Walsh Jesuit (Cuyahoga Falls),48,0,,
3,St Joseph Central Catholic (Fremont),6,South Central (Greenwich),73,0,,
3,St Paul (Norwalk),25,Calvert (Tiffin),35,0,,
3,St Vincent-St Mary (Akron),11,Wayne (Huber Heights),22,0,,
3,St Xavier (Cincinnati),11,McCallie,34,0,,TN
3,Salem (Salem),0,East Liverpool (East Liverpool),28,0,,
3,Shadyside (Shadyside),26,Buckeye Local (Rayland),0,0,,
3,Shawnee (Lima),17,Bath (Lima),20,0,,
3,Shawnee (Springfield),42,Tecumseh (New Carlisle),14,0,,
3,Shelby (Shelby),33,Bellevue (Bellevue),35,0,,
3,Shenandoah (Sarahsville),22,Waterford (Waterford),24,0,,
3,Sheridan (Thornville),41,Logan (Logan),10,0,,
3,Sidney (Sidney),15,Xenia (Xenia),24,0,,
3,Smithville (Smithville),7,Lucas (Lucas),41,0,,
3,Solon (Solon),27,Shaker Heights (Shaker Heights),53,0,,
3,Canton South (Canton),35,Sandy Valley (Magnolia),27,0,,
3,South (Willoughby),33,Brush (Lyndhurst),32,0,,
3,Southeast (Ravenna),33,Champion (Warren),20,0,,
3,Springboro (Springboro),7,Elder (Cincinnati),28,0,,
3,Springfield (New Middletown),14,Geneva (Geneva),21,0,,
3,Springfield (Springfield),20,Trotwood-Madison (Trotwood),21,0,,
3,Start (Toledo),28,Springfield (Holland),33,0,,
3,Amherst Steele (Amherst),41,North Olmsted (North Olmsted),13,0,,
3,Strongsville (Strongsville),7,Berea-Midpark (Berea),41,0,,
3,Talawanda (Oxford),7,Eaton (Eaton),28,0,,
3,Teays Valley (Ashville),7,Watkins Memorial (Pataskala),28,0,,
3,Triad (North Lewisburg),19,Southeastern Local (South Charleston),42,0,,
3,Tri-Valley (Dresden),14,Clinton-Massie (Clarksville),24,0,,
3,Tri-Village (New Madison),35,Twin Valley South (West Alexandria),14,0,,
3,Troy Christian (Troy),7,Madison (Middletown),38,0,,
3,Tuscarawas Valley (Zoarville),39,Martins Ferry (Martins Ferry),24,0,,
3,Union Local (Belmont),32,John Marshall (Glen Dale),25,0,,WV
3,Upper Arlington (Upper Arlington),8,Pickerington North (Pickerington),28,0,,
3,Upper Sandusky (Upper Sandusky),6,Galion (Galion),41,0,,
3,Urbana (Urbana),42,Bethel (Tipp City),17,0,,
3,Vermilion (Vermilion),49,Willard (Willard),20,0,,
3,Versailles (Versailles),41,St John's (Delphos),0,0,,
3,Vinton County (McArthur),20,Trimble (Glouster),6,0,,
3,Wadsworth (Wadsworth),23,Medina (Medina),40,0,,
3,Waite (Toledo),14,Clyde (Clyde),42,0,,
3,Walnut Hills (Cincinnati),12,Kings (Kings Mills),35,0,,
3,Walnut Ridge (Columbus),0,New Albany (New Albany),43,0,,
3,Wapakoneta (Wapakoneta),45,Ottawa-Glandorf (Ottawa),0,0,,
3,Warren (Vincent),3,Fairfield Union (Lancaster),42,0,,
3,Washington (Washington Court House),42,Marion-Franklin (Columbus),6,0,,
3,Wauseon (Wauseon),14,Eastwood (Pemberville),7,0,,
3,Waverly (Waverly),28,Unioto (Chillicothe),14,0,,
3,Waynedale (Apple Creek),14,Triway (Wooster),17,0,,
3,Waynesfield-Goshen (Waynesfield),35,Upper Scioto Valley (McGuffey),6,0,,
3,Waynesville (Waynesville),34,Blanchester (Blanchester),14,0,,
3,Wellington (Wellington),14,Plymouth (Plymouth),20,0,,
3,Wellston (Wellston),18,Minford (Minford),42,0,,
3,Western Brown (Mount Orab),14,London (London),49,0,,
3,Western Hills (Cincinnati),26,New Richmond (New Richmond),48,0,,
3,West Clermont (Cincinnati),13,Winton Woods (Cincinnati),21,0,,
3,West Geauga (Chesterland),7,Aurora (Aurora),35,0,,
3,West Holmes (Millersburg),35,Licking Valley (Newark),40,0,,
3,West Jefferson (West Jefferson),49,Madison-Plains (London),14,0,,
3,Westlake (Westlake),35,Warrensville Heights (Warrensville Heights),34,0,,
3,West Liberty-Salem (West Liberty),41,Greeneview (Jamestown),19,0,,
3,West Muskingum (Zanesville),0,Garaway (Sugarcreek),28,0,,
3,Wheelersburg (Wheelersburg),20,Jackson (Jackson),28,0,,
3,Whetstone (Columbus),0,Bishop Ready (Columbus),47,0,,
3,Whitmer (Toledo),49,Clay (Oregon),21,0,,
3,Williamsburg (Williamsburg),34,Mariemont (Cincinnati),28,0,,
3,Windham (Windham),6,Jackson-Milton (North Jackson),50,0,,
3,Woodridge (Peninsula),14,Cuyahoga Valley Christian Academy (Cuyahoga Falls),29,0,,
3,Woodward (Toledo),0,Detroit Denby,26,0,,MI
3,Wooster (Wooster),13,New Philadelphia (New Philadelphia),22,0,,
3,Thomas Worthington (Worthington),0,Grove City (Grove City),49,0,,
3,Wynford (Bucyrus),20,Western Reserve (Collins),28,0,,
3,Zanesville (Zanesville),7,St Clairsville (St Clairsville),48,0,,
3,Riverview East Academy (Cincinnati),22,Bellevue,32,0,,KY
3,Dohn Community (Cincinnati),0,Hoover (North Canton),56,0,,
3,Southern Buckeye (club) (Russellville),10,West Union (club) (West Union),36,0,,
3,Buckhannon-Upshur,42,Ripley (Ripley),3,0,WV,WV
3,Cabell Midland (Ona),28,Spring Valley (Huntington),20,0,WV,WV
3,Cameron (Cameron),56,Hundred (Hundred),20,0,WV,WV
3,Hannan (Ashton),6,Paden City (Paden City),73,0,WV,WV
3,Magnolia (New Martinsville),0,Wirt County (Elizabeth),53,0,WV,WV
3,St Marys (St Marys),45,Oak Glen (New Cumberland),13,0,WV,WV
3,Sherman (Seth),8,Tug Valley (Williamson),13,0,WV,WV
3,Tygarts Valley,0,Tucker County,70,0,WV,WV
3,Valley (Wetzel) (Pine Grove),34,Calhoun,25,0,WV,WV
3,Van (Van),8,Wyoming East,6,0,WV,WV
3,Webster County,14,Williamstown (Williamstown),60,0,WV,WV
3,Weir (Weirton),23,Toronto (Toronto),12,0,WV,
3,Wheeling Park (Wheeling),49,Brashear (Pittsburgh),8,0,WV,PA
3,Ashland Blazer (Ashland),42,George Washington (Charleston),21,0,KY,WV
3,Beechwood,49,Dixie Heights (Covington),48,0,KY,KY
3,Butler (Louisville),0,Central (Louisville),34,0,KY,KY
3,Campbell County (Alexandria),35,Highlands (Fort Thomas),67,0,KY,KY
3,Conner,34,Lafayette,7,0,KY,KY
3,Corbin,30,Lexington Catholic,10,0,KY,KY
3,Covington Catholic (Park Hills),50,Simon Kenton,12,0,KY,KY
3,DuPont Manual,24,Taft (Cincinnati),8,0,KY,
3,East Carter,33,Boyd County (Ashland),28,0,KY,KY
3,Greenup County,28,Portsmouth (Portsmouth),22,0,KY,
3,Holy Cross (Covington),21,Grant County,18,0,KY,KY
3,Johnson Central,20,Belfry (Belfry),48,0,KY,KY
3,Male (Louisville),10,St Xavier (Louisville),20,0,KY,KY
3,Pleasure Ridge Park,22,Ballard,49,0,KY,KY
3,Prestonsburg,38,Paintsville,40,0,KY,KY
3,Russell (Russell),7,South Point (South Point),28,0,KY,
3,Sayre (Lexington),14,Ludlow,0,0,KY,KY
3,Scott (Covington),27,Newport Central Catholic,59,0,KY,KY
3,South Oldham,46,Spencer County,0,0,KY,KY
3,Trinity (Louisville),7,Center Grove,34,0,KY,IN
3,Cooper (Union),10,Ryle (Union),20,0,KY,KY
3,Bronson,8,Petersburg-Summerfield,9,0,MI,MI
3,Concord,34,Toledo Christian (Toledo),14,0,MI,
3,Detroit King,0,Carmel,39,0,MI,IN
3,Orchard Lake St Mary,28,St John's Jesuit (Toledo),7,0,MI,
3,Novi Detroit Catholic Central (Novi),21,Central Catholic (Toledo),42,0,MI,
3,River Rouge,6,Grand Rapids Catholic Central,38,0,MI,MI
3,Warren De La Salle,40,Muskegon,28,0,MI,MI
3,Ann Arbor Skyline (Ann Arbor),14,Bedford (Temperance),24,0,MI,MI
3,Moshannon Valley,35,Everett,27,0,PA,PA
3,Central Catholic (Pittsburgh),47,St Ignatius (Cleveland),6,0,PA,
3,Kiski Area,0,Pine-Richland (Gibsonia),48,0,PA,PA
3,Uniontown,34,Brownsville,8,0,PA,PA
3,Farrell (Farrell),24,Warren G Harding (Warren),17,0,PA,
3,Taylor Allderdice (Pittsburgh),21,Altoona,35,0,PA,PA
3,Perry Traditional Academy (Pittsburgh),18,Wheeling Central Catholic (Wheeling),20,0,PA,WV
3,Brookville,7,Struthers (Struthers),48,0,PA,
3,McDowell (Erie),52,Barberton (Barberton),20,0,PA,
3,North East (North East),42,Girard (Girard),2,0,PA,PA
3,Wilmington (New Wilmington),21,Greenville,14,0,PA,PA
3,Central Valley (Monaca),20,Avonworth,28,0,PA,PA
3,Attica,6,Seeger,58,0,IN,IN
3,Edinburgh,14,South Decatur,52,0,IN,IN
3,Fort Wayne Blackhawk Christian,10,Adams Central,54,0,IN,IN
3,Fort Wayne North Side,12,Fort Wayne Bishop Dwenger,21,0,IN,IN
3,Fremont,3,North Central (Pioneer),30,0,IN,
3,Hagerstown,55,Union City (Union City),20,0,IN,IN
3,Hammond Morton,38,Elkhart (Elkhart),48,0,IN,IN
3,Lawrenceburg (Lawrenceburg),28,Milan,21,0,IN,IN
3,North Central (Farmersburg),56,Irvington Prep (Indianapolis),0,0,IN,IN
3,Penn (Mishawaka),6,Cathedral (Indianapolis),35,0,IN,IN
3,Pike,0,Ben Davis,62,0,IN,IN
3,Richmond,3,Anderson,26,0,IN,IN
3,Roncalli (Indianapolis),7,Bishop Chatard (Indianapolis),14,0,IN,IN
3,Southside Crimson Knights (club),0,Landmark Eagles (club) (Cincinnati),54,0,IN,
3,St Michael the Archangel (Fredericksburg),7,DeMatha Catholic (Hyattsville),48,0,VA,MD
3,Hancock (Hancock),8,Madonna (Weirton),49,0,MD,WV
3,Hudson Catholic (Hudson),0,Paramus Catholic (Paramus),55,0,MA,NJ
3,Middletown (Middletown),41,Urbana (Ijamsville),14,0,DE,MD
3,Jones (Orlando),14,Good Counsel (Wheaton),40,0,FL,MD
3,Trinity Catholic (Ocala),10,Clearwater Central Catholic (Clearwater),35,0,FL,FL
3,Banneker,7,Valdosta (Valdosta),48,0,GA,GA
3,Beachwood (Beachwood),24,St John School (Ashtabula),38,0,,
3,Beechcroft (Columbus),18,McComb (McComb),56,0,,
3,Benedictine (Cleveland),44,St Francis (Athol Springs),29,0,,NY
3,Bishop Rosecrans (Zanesville),14,Catholic Central (Steubenville),28,0,,
3,Edgewood (Trenton),14,Badin (Hamilton),42,0,,
3,Lake Catholic (Mentor),27,Buchtel (Akron),13,0,,
3,Newton Falls (Newton Falls),12,Mathews (Vienna),7,0,,
3,Notre Dame (Portsmouth),46,Fisher Catholic (Lancaster),17,0,,
3,Paulding (Paulding),56,Jefferson (Delphos),25,0,,
3,Shroder (Cincinnati),20,St Bernard-Elmwood Place (St Bernard),40,0,,
3,South (Columbus),28,Belmont (Dayton),0,0,,
3,West (Columbus),55,Millersport (Millersport),0,0,,
3,Wyoming (Cincinnati),44,Aiken (Cincinnati),6,0,,
3,Columbus Crusaders (club) (Columbus),20,Kiski Prep (Saltsburg),13,0,,PA
3,Buffalo (Buffalo),0,Petersburg,39,0,WV,WV
3,Linsly (Wheeling),42,Holy Name (Parma Heights),21,0,WV,
3,Bishop Brossart (Alexandria),36,Pineville,18,0,KY,KY
3,Pikeville (Pikeville),13,Lexington Christian,31,0,KY,KY
3,Cathedral Prep (Erie),47,Canisius (Buffalo),36,0,PA,NY
3,Erie (Erie),53,Shaw (East Cleveland),0,0,PA,
3,Tri-State King's Crusaders (club) (Harlan),56,St Mary Central Catholic (Sandusky),34,0,IN,
3,Trinity Episcopal School (Richmond),6,Archbishop Hoban (Akron),34,0,VA,
3,Northern Garrett (Accident),0,Fort Hill (Cumberland),35,0,MD,MD
3,Rock Creek Christian (Upper Marlboro),14,St Edward (Lakewood),42,0,MD,
3,Roosevelt (Washington),0,St John's College (Washington),37,0,DC,DC
3,St Joseph's Collegiate (Buffalo),30,Bill Crothers SS (Unionville),7,0,NY,ON
3,Saint Joseph Regional (Montvale),49,Detroit Cass Tech,14,0,NJ,MI
4,East (Columbus),30,Thurgood Marshall (Dayton),28,0,,
4,Milton-Union (West Milton),51,Lehman Catholic (Sidney),34,0,,
4,National Trail (New Paris),7,Madison (Middletown),34,0,,
4,Scott (Toledo),26,Start (Toledo),30,0,,
4,Trotwood-Madison (Trotwood),35,Archbishop Alter (Kettering),27,0,,
4,Oak Glen (New Cumberland),0,Edison (Richmond),34,0,WV,
4,Perry Traditional Academy (Pittsburgh),6,Westinghouse (Pittsburgh),52,0,PA,PA
4,Ada (Ada),9,Crestview (Convoy),47,0,,
4,Adena (Frankfort),39,Zane Trace (Chillicothe),49,0,,
4,Africentric Early College (Columbus),18,Walnut Ridge (Columbus),12,0,,
4,Alexander (Albany),7,Athens (The Plains),55,0,,
4,Allen East (Harrod),0,Leipsic (Leipsic),21,0,,
4,Anderson (Cincinnati),35,Milford (Milford),56,0,,
4,Ansonia (Ansonia),38,Arcanum (Arcanum),8,0,,
4,Anthony Wayne (Whitehouse),31,Napoleon (Napoleon),14,0,,
4,Antwerp (Antwerp),39,Hicksville (Hicksville),6,0,,
4,Ashland (Ashland),0,New Philadelphia (New Philadelphia),28,0,,
4,Lakeside (Ashtabula),36,Orange (Pepper Pike),7,0,,
4,Avon (Avon),42,Elyria (Elyria),6,0,,
4,Ayersville (Defiance),20,Paulding (Paulding),17,0,,
4,Barberton (Barberton),34,Tallmadge (Tallmadge),20,0,,
4,Bath (Lima),34,Kenton (Kenton),38,0,,
4,Bellaire (Bellaire),42,Shadyside (Shadyside),12,0,,
4,Bellbrook (Bellbrook),49,Ponitz Tech (Dayton),0,0,,
4,Bellefontaine (Bellefontaine),48,Benjamin Logan (Bellefontaine),18,0,,
4,Benedictine (Cleveland),9,Strongsville (Strongsville),27,0,,
4,Berea-Midpark (Berea),7,Avon Lake (Avon Lake),24,0,,
4,Berkshire (Burton),19,Edison (Milan),62,0,,
4,Bethel (Tipp City),24,Riverside (De Graff),28,0,,
4,Bexley (Columbus),26,Grandview Heights (Columbus),21,0,,
4,Big Walnut (Sunbury),31,Delaware Hayes (Delaware),38,0,,
4,Bishop Rosecrans (Zanesville),23,Berne Union (Sugar Grove),21,0,,
4,Blanchester (Blanchester),21,Norwood (Norwood),13,0,,
4,Bloom-Carroll (Carroll),41,Amanda-Clearcreek (Amanda),7,0,,
4,Bowsher (Toledo),14,Woodward (Toledo),0,0,,
4,Brookside (Sheffield),28,Oberlin (Oberlin),6,0,,
4,Brush (Lyndhurst),14,North (Eastlake),26,0,,
4,Buchtel (Akron),46,Bedford (Bedford),0,0,,
4,Buckeye (Medina),51,North Olmsted (North Olmsted),28,0,,
4,Buckeye Central (New Washington),15,Mohawk (Sycamore),56,0,,
4,Buckeye Trail (Lore City),20,Shenandoah (Sarahsville),23,0,,
4,Buckeye Valley (Delaware),18,Washington (Washington Court House),48,0,,
4,Bucyrus (Bucyrus),6,Colonel Crawford (North Robinson),56,0,,
4,Canal Winchester (Canal Winchester),35,Worthington Kilbourne (Columbus),0,0,,
4,Canfield (Canfield),7,Poland Seminary (Poland),10,0,,
4,Canton McKinley (Canton),44,Perry (Massillon),6,0,,
4,Cardinal (Middlefield),34,Independence (Independence),22,0,,
4,Cardinal Mooney (Youngstown),36,Clyde (Clyde),26,1,,
4,Cardinal Stritch Catholic (Oregon),6,Montpelier (Montpelier),39,0,,
4,Archbishop Carroll (Dayton),35,Northwest (Cincinnati),28,0,,
4,Celina (Celina),31,Shawnee (Lima),8,0,,
4,Centennial (Columbus),0,Beechcroft (Columbus),53,0,,
4,Centerburg (Centerburg),7,East Knox (Howard),35,0,,
4,Central Catholic (Toledo),33,Brother Rice (Bloomfield Hills),7,0,,MI
4,Toledo Christian (Toledo),12,NorthPointe Christian (Grand Rapids),48,0,,MI
4,Central Crossing (Grove City),0,Grove City (Grove City),63,0,,
4,Twinsburg (Twinsburg),24,Wadsworth (Wadsworth),35,0,,
4,Chaminade Julienne (Dayton),34,Franklin (Franklin),28,0,,
4,Champion (Warren),13,Brookfield (Brookfield),40,0,,
4,Chaney (Youngstown),14,Marlington (Alliance),6,0,,
4,Chesapeake (Chesapeake),21,Gallia Academy (Gallipolis),47,0,,
4,Cincinnati Hills Christian Academy (Cincinnati),49,Worthington Christian (Worthington),25,0,,
4,Circleville (Circleville),19,Logan Elm (Circleville),40,0,,
4,Clay (Oregon),7,Findlay (Findlay),42,0,,
4,Clear Fork (Bellville),3,Galion (Galion),35,0,,
4,Clearview (Lorain),26,Keystone (La Grange),0,0,,
4,Clermont Northeastern (Batavia),6,New Richmond (New Richmond),47,0,,
4,Cleveland Heights (Cleveland Heights),13,Brunswick (Brunswick),10,0,,
4,Clinton-Massie (Clarksville),28,Mount Healthy (Cincinnati),26,0,,
4,Cloverleaf (Lodi),31,Ravenna (Ravenna),21,0,,
4,Coldwater (Coldwater),37,Anna (Anna),7,0,,
4,Columbia (Columbia Station),21,Firelands (Oberlin),7,0,,
4,Tiffin Columbian (Tiffin),14,Bishop Watterson (Columbus),33,0,,
4,Conneaut (Conneaut),21,Chagrin Falls (Chagrin Falls),0,0,,
4,Cory-Rawson (Rawson),35,North Baltimore (North Baltimore),44,0,,
4,Coventry (Akron),6,Woodridge (Peninsula),63,0,,
4,Crestview (Columbiana),6,Liberty (Youngstown),41,0,,
4,Crestwood (Mantua),26,Wickliffe (Wickliffe),7,0,,
4,Cuyahoga Falls (Cuyahoga Falls),14,Kent Roosevelt (Kent),28,0,,
4,Dalton (Dalton),55,Waynedale (Apple Creek),7,0,,
4,Danbury (Lakeside),12,Holgate (Holgate),58,0,,
4,Danville (Danville),40,Fredericktown (Fredericktown),0,0,,
4,Lisbon David Anderson (Lisbon),37,East Palestine (East Palestine),7,0,,
4,Deer Park (Cincinnati),28,Taylor (Cleves),56,0,,
4,Delta (Delta),28,Bryan (Bryan),49,0,,
4,Dublin Scioto (Dublin),10,Westerville South (Westerville),42,0,,
4,Dunbar (Dayton),36,Landmark Eagles (club) (Cincinnati),2,0,,
4,Dublin Jerome (Dublin),14,Dublin Coffman (Dublin),35,0,,
4,East Canton (East Canton),40,St Thomas Aquinas (Louisville),8,0,,
4,East Clinton (Sabina),6,McClain (Greenfield),22,0,,
4,Eastern (Reedsville),42,Notre Dame (Portsmouth),26,0,,
4,East Liverpool (East Liverpool),13,Beaver Local (East Liverpool),55,0,,
4,Eaton (Eaton),31,Oakwood (Dayton),21,0,,
4,Edgewood (Ashtabula),38,Hawken (Gates Mills),56,0,,
4,Edgewood (Trenton),51,Talawanda (Oxford),7,0,,
4,Ellet (Akron),14,Alliance (Alliance),48,0,,
4,Elmwood (Bloomdale),0,Arlington (Arlington),36,0,,
4,Fairbanks (Milford Center),16,Catholic Central (Springfield),2,0,,
4,Fairborn (Fairborn),6,Sidney (Sidney),56,0,,
4,Fairfield (Fairfield),38,Lakota East (Liberty Township),35,0,,
4,Fairfield Christian Academy (Lancaster),17,Grove City Christian (Grove City),14,0,,
4,Fairfield Union (Lancaster),14,Hamilton Township (Columbus),38,0,,
4,Fairless (Brewster),31,Triway (Wooster),24,0,,
4,Fairport Harding (Fairport Harbor),13,Cuyahoga Heights (Cuyahoga Heights),24,0,,
4,Fayetteville (Fayetteville),13,Eastern (Beaver),39,0,,
4,Bishop Fenwick (Franklin),34,Aiken (Cincinnati),0,0,,
4,Field (Mogadore),49,Springfield (Akron),0,0,,
4,Fisher Catholic (Lancaster),20,Martins Ferry (Martins Ferry),48,0,,
4,Fort Loramie (Fort Loramie),12,Columbus Academy (Gahanna),28,0,,
4,Fostoria (Fostoria),14,Genoa Area (Genoa),55,0,,
4,Fremont Ross (Fremont),7,Whitmer (Toledo),29,0,,
4,Frontier (New Matamoras),0,Cameron (Cameron),52,0,,WV
4,Garaway (Sugarcreek),41,Carrollton (Carrollton),7,0,,
4,Garfield (Garrettsville),42,LaBrae (Leavittsburg),13,0,,
4,Garfield Heights (Garfield Heights),22,Cleveland Central Catholic (Cleveland),0,0,,
4,Geneva (Geneva),35,Lutheran West (Rocky River),7,0,,
4,Grand Valley (Orwell),45,Beachwood (Beachwood),12,0,,
4,Green (Franklin Furnace),0,Southern (Racine),49,0,,
4,Green (Uniontown),13,Jackson (Massillon),20,0,,
4,Greeneview (Jamestown),41,West Jefferson (West Jefferson),42,0,,
4,Greenville (Greenville),6,Butler (Vandalia),46,0,,
4,Groveport Madison (Groveport),28,Westland (Galloway),14,0,,
4,Hamilton (Hamilton),26,Oak Hills (Cincinnati),7,0,,
4,Warren G Harding (Warren),28,St Vincent-St Mary (Akron),42,0,,
4,Harvey (Painesville),49,Brooklyn (Brooklyn),13,0,,
4,Heath (Heath),33,Granville (Granville),41,0,,
4,Highland (Medina),88,Copley (Copley),14,0,,
4,Highland (Marengo),17,Pleasant (Marion),34,0,,
4,Hilliard Darby (Hilliard),7,Hilliard Davidson (Hilliard),35,0,,
4,Hillsboro (Hillsboro),27,Williamsburg (Williamsburg),57,0,,
4,Hillsdale (Jeromesville),14,Norwayne (Creston),49,0,,
4,Holy Name (Parma Heights),17,Elyria Catholic (Elyria),42,0,,
4,Hoover (North Canton),34,Louisville (Louisville),10,0,,
4,Hopewell-Loudon (Bascom),26,Gibsonburg (Gibsonburg),7,0,,
4,Howland (Warren),6,Boardman (Youngstown),37,0,,
4,Hubbard (Hubbard),6,Niles McKinley (Niles),27,0,,
4,Hudson (Hudson),44,Stow-Munroe Falls (Stow),14,0,,
4,Hughes (Cincinnati),21,Monroe (Monroe),7,0,,
4,Independence (Columbus),8,Eastmoor Academy (Columbus),26,0,,
4,Indian Creek (Wintersville),8,Weir (Weirton),41,0,,WV
4,Indian Valley (Gnadenhutten),45,Cambridge (Cambridge),7,0,,
4,Jackson (Jackson),56,Western Brown (Mount Orab),48,0,,
4,Jackson-Milton (North Jackson),23,Mineral Ridge (Mineral Ridge),20,0,,
4,Jefferson (Delphos),0,Bluffton (Bluffton),63,0,,
4,Jefferson Area (Jefferson),0,Perry (Perry),50,0,,
4,John Adams (Cleveland),0,Glenville (Cleveland),38,0,,
4,John F Kennedy (Cleveland),32,East Technical (Cleveland),6,0,,
4,John Glenn (New Concord),30,Coshocton (Coshocton),7,0,,
4,John Hay (Cleveland),48,John Marshall (Cleveland),44,0,,
4,Johnstown (Johnstown),6,Licking Valley (Newark),37,0,,
4,Jonathan Alder (Plain City),35,North Union (Richwood),0,0,,
4,Garfield (Akron),13,Mayfield (Mayfield),40,0,,
4,Kenston (Chagrin Falls),49,Villa Angela-St Joseph (Cleveland),27,0,,
4,Kenton Ridge (Springfield),23,Northwestern (Springfield),13,0,,
4,Kings (Kings Mills),20,Loveland (Loveland),31,0,,
4,River Valley (Bidwell),0,Nelsonville-York (Nelsonville),54,0,,
4,Lake (Millbury),27,Eastwood (Pemberville),63,0,,
4,Lake (Uniontown),10,GlenOak (Canton),7,0,,
4,Lake Catholic (Mentor),34,South (Willoughby),7,0,,
4,Lakewood (Hebron),16,Zanesville (Zanesville),22,0,,
4,Lakewood (Lakewood),14,Rocky River (Rocky River),46,0,,
4,Lakota (Kansas),13,Calvert (Tiffin),52,0,,
4,La Salle (Cincinnati),21,Central (Louisville),0,0,,KY
4,Lebanon (Lebanon),45,Little Miami (Morrow),10,0,,
4,Lexington (Lexington),31,Mount Vernon (Mount Vernon),17,0,,
4,Liberty Center (Liberty Center),42,Archbold (Archbold),14,0,,
4,Liberty Union (Baltimore),19,Teays Valley (Ashville),31,0,,
4,Lincoln West (Cleveland),0,Rhodes (Cleveland),50,0,,
4,Logan (Logan),20,Warren (Vincent),14,0,,
4,London (London),26,Shawnee (Springfield),14,0,,
4,Lorain (Lorain),41,Firestone (Akron),0,0,,
4,Lowellville (Lowellville),60,Mathews (Vienna),6,0,,
4,Lutheran East (Cleveland Heights),14,Fairview (Fairview Park),35,0,,
4,Madeira (Cincinnati),20,Wyoming (Cincinnati),28,0,,
4,Madison (Madison),35,West Geauga (Chesterland),25,0,,
4,Madison Comprehensive (Mansfield),14,Wooster (Wooster),27,0,,
4,Madison-Plains (London),24,Triad (North Lewisburg),20,0,,
4,Malvern (Malvern),27,Tuscarawas Valley (Zoarville),20,0,,
4,Manchester (Manchester),6,South Gallia (Crown City),39,0,,
4,Mariemont (Cincinnati),21,Indian Hill (Cincinnati),42,0,,
4,Marietta (Marietta),32,Claymont (Uhrichsville),28,0,,
4,Marion-Franklin (Columbus),8,Briggs (Columbus),16,0,,
4,Marysville (Marysville),14,Hilliard Bradley (Hilliard),38,0,,
4,Maumee (Maumee),7,Oak Harbor (Oak Harbor),49,0,,
4,Maysville (Zanesville),13,Tri-Valley (Dresden),38,0,,
4,McComb (McComb),63,Van Buren (Van Buren),7,0,,
4,Archbishop McNicholas (Cincinnati),3,Bishop Hartley (Columbus),49,0,,
4,Meadowbrook (Byesville),24,Crooksville (Crooksville),21,0,,
4,Mechanicsburg (Mechanicsburg),14,Cedarville (Cedarville),28,0,,
4,Medina (Medina),41,Mentor (Mentor),42,0,,
4,St Marys Memorial (St Marys),0,Wapakoneta (Wapakoneta),14,0,,
4,Miami East (Casstown),21,Northridge (Dayton),6,0,,
4,Miamisburg (Miamisburg),14,Centerville (Centerville),27,0,,
4,Miami Trace (Washington Court House),34,Bethel-Tate (Bethel),20,0,,
4,Middletown (Middletown),0,Lakota West (West Chester),35,0,,
4,Midview (Grafton),7,Amherst Steele (Amherst),17,0,,
4,Miller (Corning),48,Millersport (Millersport),16,0,,
4,Minerva (Minerva),6,Sandy Valley (Magnolia),48,0,,
4,Minster (Minster),41,Fort Recovery (Fort Recovery),20,0,,
4,Mississinawa Valley (Union City),0,Tri-Village (New Madison),50,0,,
4,Archbishop Moeller (Cincinnati),34,Center Grove,35,0,,IN
4,Monroe Central (Woodsfield),26,Caldwell (Caldwell),48,0,,
4,Monroeville (Monroeville),46,Crestview (Ashland),34,0,,
4,Morgan (McConnelsville),13,Sheridan (Thornville),29,0,,
4,Mount Gilead (Mount Gilead),20,Loudonville (Loudonville),27,0,,
4,New Albany (New Albany),0,Lancaster (Lancaster),20,0,,
4,New Bremen (New Bremen),7,Versailles (Versailles),34,0,,
4,Newcomerstown (Newcomerstown),0,Barnesville (Barnesville),41,0,,
4,New Miami (Hamilton),0,Dayton Christian (Miamisburg),42,0,,
4,Newton Falls (Newton Falls),49,Campbell Memorial (Campbell),28,0,,
4,Normandy (Parma),21,Westlake (Westlake),28,0,,
4,North (Akron),6,Southeast (Ravenna),30,0,,
4,North Central (Pioneer),51,Hilltop (West Unity),0,0,,
4,North College Hill (Cincinnati),8,Miami Valley Christian Academy (Cincinnati),12,0,,
4,Northeastern (Springfield),42,Greenon (Enon),6,0,,
4,Northland (Columbus),35,Linden McKinley (Columbus),0,0,,
4,Northmont (Clayton),14,Kettering Fairmont (Kettering),20,0,,
4,Northmor (Galion),44,Cardington-Lincoln (Cardington),6,0,,
4,Northridge (Johnstown),0,Watkins Memorial (Pataskala),35,0,,
4,North Ridgeville (North Ridgeville),10,Olmsted Falls (Olmsted Falls),3,0,,
4,North Royalton (North Royalton),21,Brecksville-Broadview Heights (Broadview Heights),26,0,,
4,Norton (Norton),35,Streetsboro (Streetsboro),14,0,,
4,Norwalk (Norwalk),0,Bellevue (Bellevue),26,0,,
4,Northwest (Canal Fulton),42,Manchester (New Franklin),21,0,,
4,Northwest (McDermott),0,Wheelersburg (Wheelersburg),56,0,,
4,Northwestern (West Salem),6,Rittman (Rittman),31,0,,
4,Notre Dame-Cathedral Latin (Chardon),17,Gilmour Academy (Gates Mills),39,0,,
4,Olentangy Berlin (Delaware),24,Olentangy Liberty (Powell),17,0,,
4,Orrville (Orrville),14,Canton South (Canton),45,0,,
4,Olentangy Orange (Lewis Center),10,Olentangy (Lewis Center),17,0,,
4,Ottawa-Glandorf (Ottawa),8,Elida (Elida),30,0,,
4,Pandora-Gilboa (Pandora),32,Arcadia (Arcadia),0,0,,
4,Patrick Henry (Hamler),38,Evergreen (Metamora),0,0,,
4,Pickerington Central (Pickerington),34,Pickerington North (Pickerington),39,0,,
4,Piketon (Piketon),41,Huntington (Chillicothe),7,0,,
4,Port Clinton (Port Clinton),14,Liberty-Benton (Findlay),50,0,,
4,Portsmouth (Portsmouth),28,Rock Hill (Ironton),27,0,,
4,Portsmouth West (West Portsmouth),49,Wellston (Wellston),10,0,,
4,Princeton (Cincinnati),20,Mason (Mason),3,0,,
4,Pymatuning Valley (Andover),6,Rootstown (Rootstown),28,0,,
4,Reading (Reading),34,Finneytown (Cincinnati),6,0,,
4,Revere (Richfield),14,Aurora (Aurora),49,0,,
4,Reynoldsburg (Reynoldsburg),6,Gahanna Lincoln (Gahanna),49,0,,
4,Richmond Heights (Richmond Heights),6,University School (Hunting Valley),39,0,,
4,Ridgedale (Morral),41,Crestline (Crestline),0,0,,
4,Ridgemont (Mt Victory),26,Elgin (Marion),53,0,,
4,River (Hannibal),52,Magnolia (New Martinsville),20,0,,WV
4,Riverdale (Mt Blanchard),56,Vanlue (Vanlue),12,0,,
4,Riverside (Painesville),35,Maple Heights (Maple Heights),6,0,,
4,River Valley (Caledonia),21,Ontario (Ontario),56,0,,
4,River View (Warsaw),6,Philo (Duncan Falls),46,0,,
4,Roger Bacon (St Bernard),2,Badin (Hamilton),35,0,,
4,Rogers (Toledo),30,Waite (Toledo),36,0,,
4,Rossford (Rossford),0,Otsego (Tontogany),30,0,,
4,St Clairsville (St Clairsville),60,Wheeling Central Catholic (Wheeling),24,0,,WV
4,St Francis DeSales (Columbus),30,Linsly (Wheeling),17,0,,WV
4,St Henry (St Henry),23,Parkway (Rockford),35,0,,
4,St Ignatius (Cleveland),21,Austintown-Fitch (Austintown),24,0,,
4,St John's (Delphos),0,Marion Local (Maria Stein),56,0,,
4,St John's Jesuit (Toledo),29,River Rouge,22,0,,MI
4,St Joseph Central Catholic (Fremont),0,Margaretta (Castalia),60,0,,
4,St Mary Central Catholic (Sandusky),67,Stryker (Stryker),36,0,,
4,St Paul (Norwalk),49,Mapleton (Ashland),30,0,,
4,St Xavier (Cincinnati),14,Withrow (Cincinnati),10,0,,
4,Salem (Salem),3,Canton Central Catholic (Canton),34,0,,
4,Sandusky (Sandusky),34,Padua Franciscan (Parma),27,0,,
4,Seneca East (Attica),46,Upper Sandusky (Upper Sandusky),44,0,,
4,Shaker Heights (Shaker Heights),40,Euclid (Euclid),13,0,,
4,Shelby (Shelby),45,Marion Harding (Marion),14,0,,
4,Shroder (Cincinnati),20,Batavia (Batavia),42,0,,
4,Smithville (Smithville),20,Chippewa (Doylestown),6,0,,
4,Solon (Solon),12,Nordonia (Macedonia),31,0,,
4,South (Columbus),36,West (Columbus),32,0,,
4,South Central (Greenwich),0,Vermilion (Vermilion),55,0,,
4,Southeastern (Chillicothe),9,Paint Valley (Bainbridge),49,0,,
4,Southeastern Local (South Charleston),21,West Liberty-Salem (West Liberty),41,0,,
4,Southern (Salineville),42,Wellsville (Wellsville),7,0,,
4,South Point (South Point),33,Dawson-Bryant (Coal Grove),20,0,,
4,South Range (Canfield),28,Lakeview (Cortland),21,0,,
4,Spencerville (Spencerville),0,Columbus Grove (Columbus Grove),40,0,,
4,Springboro (Springboro),31,Beavercreek (Beavercreek),0,0,,
4,Springfield (Holland),22,Bowling Green (Bowling Green),52,0,,
4,Springfield (Springfield),22,Wayne (Huber Heights),27,0,,
4,Strasburg-Franklin (Strasburg),14,Conotton Valley (Bowerston),20,0,,
4,Struthers (Struthers),35,Girard (Girard),28,0,,
4,Summit Country Day (Cincinnati),16,St Bernard-Elmwood Place (St Bernard),14,0,,
4,Swanton (Swanton),13,Wauseon (Wauseon),48,0,,
4,Sycamore (Cincinnati),35,Colerain (Cincinnati),14,0,,
4,Sylvania Northview (Sylvania),14,Lima Senior (Lima),45,0,,
4,Sylvania Southview (Sylvania),27,Perrysburg (Perrysburg),56,0,,
4,Symmes Valley (Willow Wood),8,Tug Valley (Williamson),51,0,,WV
4,Tecumseh (New Carlisle),28,Indian Lake (Lewistown),35,0,,
4,Tinora (Defiance),42,Fairview (Sherwood),14,0,,
4,Tippecanoe (Tipp City),28,Piqua (Piqua),13,0,,
4,Trimble (Glouster),27,Fairland (Proctorville),61,0,,
4,Troy Christian (Troy),35,Covington (Covington),14,0,,
4,Tuslaw (Massillon),0,Cuyahoga Valley Christian Academy (Cuyahoga Falls),42,0,,
4,Tri-County North (Lewisburg),49,Dixie (New Lebanon),7,0,,
4,Twin Valley South (West Alexandria),14,Preble Shawnee (Camden),28,0,,
4,Union Local (Belmont),6,Harrison Central (Cadiz),49,0,,
4,United (Hanoverton),31,Columbiana (Columbiana),3,0,,
4,Upper Scioto Valley (McGuffey),50,Perry (Lima),0,0,,
4,Urbana (Urbana),51,Graham Local (St Paris),14,0,,
4,Ursuline (Youngstown),46,Youngstown East (Youngstown),0,0,,
4,Utica (Utica),17,Licking Heights (Pataskala),16,0,,
4,Valley (Lucasville),8,Waverly (Waverly),48,0,,
4,Valley Forge (Parma Heights),0,Bay (Bay Village),34,0,,
4,Valley View (Germantown),35,Carlisle (Carlisle),7,0,,
4,Van Wert (Van Wert),43,Defiance (Defiance),42,0,,
4,Vinton County (McArthur),54,Meigs (Pomeroy),0,0,,
4,Warrensville Heights (Warrensville Heights),14,Lucas (Lucas),49,0,,
4,Waterford (Waterford),47,Belpre (Belpre),6,0,,
4,Waterloo (Atwater),0,Springfield (New Middletown),56,0,,
4,Waynesfield-Goshen (Waynesfield),28,Hardin Northern (Dola),19,0,,
4,Waynesville (Waynesville),21,Brookville (Brookville),14,0,,
4,Wayne Trace (Haviland),42,Edgerton (Edgerton),6,0,,
4,Wellington (Wellington),12,Black River (Sullivan),29,0,,
4,West Branch (Beloit),32,Ridgewood (West Lafayette),29,0,,
4,West Carrollton (West Carrollton),0,Troy (Troy),52,0,,
4,Western Hills (Cincinnati),0,Harrison (Harrison),42,0,,
4,Western Reserve (Berlin Center),34,McDonald (McDonald),14,0,,
4,Western Reserve (Collins),47,Plymouth (Plymouth),14,0,,
4,Westerville Central (Westerville),12,Upper Arlington (Upper Arlington),28,0,,
4,Westerville North (Westerville),49,Franklin Heights (Columbus),7,0,,
4,Westfall (Williamsport),26,Unioto (Chillicothe),48,0,,
4,West Clermont (Cincinnati),45,Walnut Hills (Cincinnati),6,0,,
4,West Holmes (Millersburg),28,Mansfield Senior (Mansfield),38,0,,
4,West Muskingum (Zanesville),34,New Lexington (New Lexington),13,0,,
4,Whetstone (Columbus),32,Mifflin (Columbus),0,0,,
4,Whitehall-Yearling (Whitehall),7,St Charles (Columbus),50,0,,
4,Wilmington (Wilmington),36,Ross (Hamilton),34,0,,
4,Windham (Windham),38,Tuscarawas Central Catholic (New Philadelphia),12,0,,
4,Winton Woods (Cincinnati),20,Turpin (Cincinnati),0,0,,
4,Woodmore (Elmore),30,Willard (Willard),35,0,,
4,Woodward (Cincinnati),16,Goshen (Goshen),24,0,,
4,Harvest Prep (Canal Winchester),40,Chillicothe (Chillicothe),7,0,,
4,Thomas Worthington (Worthington),36,Newark (Newark),35,0,,
4,Wynford (Bucyrus),0,Carey (Carey),34,0,,
4,Xenia (Xenia),10,Stebbins (Riverside),0,0,,
4,Valley Christian School (Youngstown),30,Leetonia (Leetonia),0,0,,
4,Riverview East Academy (Cincinnati),8,Lockland (Lockland),40,0,,
4,Cincinnati College Prep (Cincinnati),6,Cincinnati Country Day (Cincinnati),42,0,,
4,KIPP Columbus (Columbus),12,Purcell Marian (Cincinnati),23,0,,
4,Southern Buckeye (club) (Russellville),6,Sciotoville Community (Portsmouth),40,0,,
4,Middletown Christian (club) (Franklin),7,Holy Cross (Covington),41,0,,KY
4,Bridgeport,72,John Marshall (Glen Dale),24,0,WV,WV
4,Hundred (Hundred),8,Beallsville (Beallsville),14,0,WV,
4,Madonna (Weirton),13,Toronto (Toronto),47,0,WV,
4,Poca,49,Buffalo (Buffalo),16,0,WV,WV
4,Ripley (Ripley),7,Lincoln County (Hamlin),26,0,WV,WV
4,Tucker County,28,East Hardy (Baker),7,0,WV,WV
4,University,9,Brooke (Wellsburg),14,0,WV,WV
4,Valley (Wetzel) (Pine Grove),50,Clay-Battelle (Blacksville),48,0,WV,WV
4,Williamstown (Williamstown),56,Wirt County (Elizabeth),21,0,WV,WV
4,Ashland Blazer (Ashland),45,Bardstown,24,0,KY,KY
4,Boyd County (Ashland),45,Mason County,21,0,KY,KY
4,Breathitt County (Jackson),0,Johnson Central,41,0,KY,KY
4,Bryan Station,28,Ballard,21,0,KY,KY
4,Campbell County (Alexandria),14,Cooper (Union),38,0,KY,KY
4,Corbin,43,Pulaski County,0,0,KY,KY
4,Dixie Heights (Covington),24,Covington Catholic (Park Hills),31,0,KY,KY
4,DuPont Manual,43,Eastern (Louisville),0,0,KY,KY
4,East Carter,36,Greenup County,46,0,KY,KY
4,Fairview (Ashland),22,Morgan County,62,0,KY,KY
4,Ludlow,6,Dayton (Dayton),22,0,KY,KY
4,Magoffin County,14,Russell (Russell),53,0,KY,KY
4,Newport Central Catholic,17,Conner,38,0,KY,KY
4,Nicholas County,22,Bishop Brossart (Alexandria),28,0,KY,KY
4,Pleasure Ridge Park,21,Butler (Louisville),12,0,KY,KY
4,Pulaski Southwestern,27,Belfry (Belfry),20,0,KY,KY
4,Raceland (Raceland),7,Pikeville (Pikeville),6,0,KY,KY
4,Ryle (Union),20,Highlands (Fort Thomas),52,0,KY,KY
4,Simon Kenton,54,Beechwood,58,0,KY,KY
4,South Oldham,38,North Oldham,20,0,KY,KY
4,Tates Creek,0,Frederick Douglass (Lexington),43,0,KY,KY
4,Martin County (Inez),27,Paintsville,3,0,KY,KY
4,Adrian Lenawee Christian,44,Camden-Frontier,8,0,MI,MI
4,Burr Oak,20,Waldron,24,0,MI,MI
4,Concord,34,Britton-Deerfield (Britton),28,0,MI,MI
4,Detroit Central,48,Detroit Douglass,0,0,MI,MI
4,Detroit King,63,Detroit Western,0,0,MI,MI
4,Detroit Pershing,6,Detroit Denby,43,0,MI,MI
4,Detroit Renaissance,0,Detroit Cass Tech,47,0,MI,MI
4,Erie-Mason,18,Northwood (Northwood),42,0,MI,
4,Milford,23,Dearborn Divine Child,26,0,MI,MI
4,Litchfield,48,North Adams-Jerome,6,0,MI,MI
4,Orchard Lake St Mary,27,Warren De La Salle,41,0,MI,MI
4,Ottawa Lake-Whiteford,26,Ottawa Hills (Toledo),21,0,MI,
4,Reading,0,Union City,28,0,MI,MI
4,Novi Detroit Catholic Central (Novi),48,St Francis de Sales (Toledo),7,0,MI,
4,Riverview Gabriel Richard (Riverview),31,Huron (Huron),38,0,MI,
4,Sand Creek,24,Edon (Edon),52,0,MI,
4,Springport,2,Petersburg-Summerfield,27,0,MI,MI
4,Tekonsha,8,Pittsford,46,0,MI,MI
4,Bedford (Temperance),0,Dexter,44,0,MI,MI
4,Everett,13,Berlin Brothers Valley,41,0,PA,PA
4,Butler,38,Brashear (Pittsburgh),0,0,PA,PA
4,North Allegheny (Wexford),43,McDowell (Erie),24,0,PA,PA
4,Penn Hills,26,Pine-Richland (Gibsonia),20,0,PA,PA
4,Bethel Park,46,Central Catholic (Pittsburgh),62,0,PA,PA
4,Hampton,0,Central Valley (Monaca),55,0,PA,PA
4,Brownsville,6,Buckeye Local (Rayland),40,0,PA,
4,Taylor Allderdice (Pittsburgh),14,Dover (Dover),47,0,PA,
4,Carrick (Pittsburgh),14,Uniontown,45,0,PA,PA
4,Keystone (Knox),20,Brookville,42,0,PA,PA
4,Grove City,14,Farrell (Farrell),21,0,PA,PA
4,North East (North East),35,Oil City (Oil City),0,0,PA,PA
4,University Prep (USO co-op) (Pittsburgh),20,Steubenville (Steubenville),43,0,PA,
4,Attica,16,Parke Heritage (Rockville),48,0,IN,IN
4,Carmel,14,Trinity (Louisville),41,0,IN,KY
4,East Central (St Leon),55,Franklin County (Brookville),0,0,IN,IN
4,Fort Wayne Bishop Dwenger,13,Carroll (Fort Wayne),40,0,IN,IN
4,Hagerstown,48,Union County,0,0,IN,IN
4,Lafayette Jefferson,36,Richmond,0,0,IN,IN
4,Lawrenceburg (Lawrenceburg),42,Greensburg,0,0,IN,IN
4,Park Tudor,40,Fremont,3,0,IN,IN
4,South Decatur,42,Crawford County,21,0,IN,IN
4,Elkhart (Elkhart),0,Massillon Washington (Massillon),55,0,IN,
4,Irvington Prep (Indianapolis),6,Brown County,62,0,IN,IN
4,McCallie,42,Memphis University School,35,0,TN,TN
4,Hurley,39,Van (Van),14,0,VA,WV
4,Rock Creek Christian (Upper Marlboro),12,Lowndes,23,0,MD,GA
4,St Frances Academy (Regional),0,Football North (via Clarkson SS) (Mississauga),54,0,MD,ON
4,Coolidge (Washington),0,Fort Hill (Cumberland),23,0,DC,MD
4,St Francis (Athol Springs),20,Chardon (Chardon),35,0,NY,
4,Pope John XXIII (Sparta),47,Paramus Catholic (Paramus),40,0,NJ,NJ
4,Sussex Central (Georgetown),7,Middletown (Middletown),41,0,DE,DE
4,Bishop Tonnos (Ancaster),24,Fort Frye (Beverly),42,0,ON,
4,Gainesville (Gainesville),7,Trinity Catholic (Ocala),49,0,FL,FL
4,Master's Academy (Oviedo),20,St. Petersburg Catholic (St. Petersburg),18,0,FL,FL
4,IMG Academy (Bradenton),34,Ben Davis,14,0,FL,IN
4,Warner Robins,12,Valdosta (Valdosta),45,0,GA,GA
4,Bishop Ready (Columbus),14,Lima Central Catholic (Lima),48,0,,
4,Bridgeport (Bridgeport),14,Bradford (Bradford),48,0,,
4,East (Akron),0,Archbishop Hoban (Akron),39,0,,
4,Ironton (Ironton),21,Cabell Midland (Ona),34,1,,WV
4,Kirtland (Kirtland),56,Trinity (Garfield Heights),0,0,,
4,Meadowdale (Dayton),6,Taft (Cincinnati),44,0,,
4,Mogadore (Mogadore),28,Newark Catholic (Newark),0,0,,
4,St Edward (Lakewood),34,Elder (Cincinnati),33,0,,
4,St John School (Ashtabula),7,Catholic Central (Steubenville),34,0,,
4,Walsh Jesuit (Cuyahoga Falls),41,Canisius (Buffalo),14,0,,NY
4,Gamble Montessori (Cincinnati),13,Clark Montessori (Cincinnati),14,0,,
4,Dohn Community (Cincinnati),0,Columbus Crusaders (club) (Columbus),35,0,,
4,Peebles (club) (Peebles),66,West Union (club) (West Union),16,0,,
4,Paden City (Paden City),0,Montcalm (Rock),30,0,WV,WV
4,Lynn Camp,20,Bellevue,34,0,KY,KY
4,Slippery Rock,14,Greenville,7,0,PA,PA
4,Erie (Erie),14,St Joseph's Collegiate (Buffalo),2,0,PA,NY
4,Neumann Goretti (Philadelphia),28,Canarsie,0,0,PA,NY
4,Fort Wayne Blackhawk Christian,27,Osceola Grace (club) (Elkhart),34,0,IN,IN
4,Cathedral (Indianapolis),21,Bishop Chatard (Indianapolis),24,0,IN,IN
4,Fork Union Military Academy (Fork Union),0,Trinity Episcopal School (Richmond),42,0,VA,VA
5,Bay (Bay Village),42,Normandy (Parma),28,0,,
5,Beachwood (Beachwood),7,Crestwood (Mantua),38,0,,
5,Bexley (Columbus),13,Nelsonville-York (Nelsonville),26,0,,
5,Chagrin Falls (Chagrin Falls),0,Edgewood (Ashtabula),40,0,,
5,Cincinnati Country Day (Cincinnati),38,Clermont Northeastern (Batavia),0,0,,
5,Copley (Copley),6,Aurora (Aurora),42,0,,
5,Cuyahoga Falls (Cuyahoga Falls),7,Revere (Richfield),38,0,,
5,Hawken (Gates Mills),40,Conneaut (Conneaut),21,0,,
5,Hudson (Hudson),30,Twinsburg (Twinsburg),21,0,,
5,Lake Catholic (Mentor),49,Kenston (Chagrin Falls),14,0,,
5,Maple Heights (Maple Heights),8,Shaker Heights (Shaker Heights),42,0,,
5,Mayfield (Mayfield),13,Solon (Solon),14,0,,
5,Oakwood (Dayton),14,Waynesville (Waynesville),45,0,,
5,Orange (Pepper Pike),0,Madison (Madison),42,0,,
5,Ponitz Tech (Dayton),6,Belmont (Dayton),20,0,,
5,River (Hannibal),7,Barnesville (Barnesville),35,0,,
5,St Charles (Columbus),16,Columbus Academy (Gahanna),23,0,,
5,St John School (Ashtabula),32,Chalker (Southington),28,0,,
5,Shaw (East Cleveland),6,University School (Hunting Valley),48,0,,
5,Woodward (Toledo),0,Rogers (Toledo),46,0,,
5,Clark Montessori (Cincinnati),14,Shroder (Cincinnati),20,0,,
5,Wirt County (Elizabeth),12,St Marys (St Marys),34,0,WV,WV
5,Detroit Denby,38,Detroit Central,24,0,MI,MI
5,University Prep (USO co-op) (Pittsburgh),18,Westinghouse (Pittsburgh),34,0,PA,PA
5,St Frances Academy (Regional),28,Life Christian Academy (Chester),20,0,MD,VA
5,Odessa (Townsend),0,Middletown (Middletown),56,0,DE,DE
5,Amanda-Clearcreek (Amanda),3,Circleville (Circleville),14,0,,
5,Anna (Anna),18,Minster (Minster),35,0,,
5,Arcanum (Arcanum),20,Tri-County North (Lewisburg),42,0,,
5,Archbold (Archbold),41,Delta (Delta),0,0,,
5,Ashland (Ashland),31,Mount Vernon (Mount Vernon),14,0,,
5,Athens (The Plains),13,Vinton County (McArthur),35,0,,
5,Avon (Avon),38,North Ridgeville (North Ridgeville),7,0,,
5,Avon Lake (Avon Lake),48,Midview (Grafton),7,0,,
5,Batavia (Batavia),14,Bethel-Tate (Bethel),46,0,,
5,Beallsville (Beallsville),34,Clay-Battelle (Blacksville),31,0,,WV
5,Beaver Local (East Liverpool),53,Union Local (Belmont),26,0,,
5,Beavercreek (Beavercreek),0,Springfield (Springfield),49,0,,
5,Bedford (Bedford),27,Brush (Lyndhurst),12,0,,
5,Bellbrook (Bellbrook),13,Archbishop Alter (Kettering),20,0,,
5,Beechcroft (Columbus),62,Whetstone (Columbus),28,0,,
5,Bellevue (Bellevue),0,Perkins (Sandusky),49,0,,
5,Benjamin Logan (Bellefontaine),14,Jonathan Alder (Plain City),56,0,,
5,Berea-Midpark (Berea),53,Amherst Steele (Amherst),0,0,,
5,Bishop Ready (Columbus),43,St Francis DeSales (Columbus),42,0,,
5,Black River (Sullivan),14,Firelands (Oberlin),38,0,,
5,Blanchester (Blanchester),40,Goshen (Goshen),7,0,,
5,Bluffton (Bluffton),56,Spencerville (Spencerville),0,0,,
5,Boardman (Youngstown),21,Riverside (Painesville),52,0,,
5,Bowling Green (Bowling Green),41,Sylvania Northview (Sylvania),39,0,,
5,Brecksville-Broadview Heights (Broadview Heights),13,Wadsworth (Wadsworth),24,0,,
5,Briggs (Columbus),7,Africentric Early College (Columbus),40,0,,
5,Brookfield (Brookfield),41,Liberty (Youngstown),39,0,,
5,Brooklyn (Brooklyn),0,Cardinal (Middlefield),35,0,,
5,Brookside (Sheffield),14,Wellington (Wellington),34,0,,
5,Brookville (Brookville),42,Madison (Middletown),21,0,,
5,Brunswick (Brunswick),14,Medina (Medina),56,0,,
5,Bryan (Bryan),42,Patrick Henry (Hamler),46,0,,
5,Buckeye Local (Rayland),6,Monroe Central (Woodsfield),39,0,,
5,Butler (Vandalia),28,Xenia (Xenia),21,0,,
5,Caldwell (Caldwell),49,Belpre (Belpre),0,0,,
5,Cardington-Lincoln (Cardington),0,East Knox (Howard),32,0,,
5,Carey (Carey),41,Buckeye Central (New Washington),0,0,,
5,Catholic Central (Springfield),6,Mechanicsburg (Mechanicsburg),37,0,,
5,Catholic Central (Steubenville),15,Fairport Harding (Fairport Harbor),9,0,,
5,Cedarville (Cedarville),21,Northeastern (Springfield),28,0,,
5,Centerville (Centerville),14,Northmont (Clayton),13,0,,
5,Canton Central Catholic (Canton),48,Alliance (Alliance),46,0,,
5,Chaminade Julienne (Dayton),28,Edgewood (Trenton),7,0,,
5,Champion (Warren),0,Garfield (Garrettsville),64,0,,
5,Chaney (Youngstown),14,Canfield (Canfield),35,0,,
5,Chardon (Chardon),10,Bishop Watterson (Columbus),14,0,,
5,Chesapeake (Chesapeake),30,Dawson-Bryant (Coal Grove),44,0,,
5,Chippewa (Doylestown),0,Hillsdale (Jeromesville),40,0,,
5,Claymont (Uhrichsville),26,Buckeye Trail (Lore City),19,0,,
5,Clinton-Massie (Clarksville),21,Harrison (Harrison),14,0,,
5,Clyde (Clyde),34,Port Clinton (Port Clinton),13,0,,
5,Thurgood Marshall (Dayton),22,Preble Shawnee (Camden),31,0,,
5,Columbia (Columbia Station),22,Keystone (La Grange),7,0,,
5,Columbiana (Columbiana),28,Lisbon David Anderson (Lisbon),21,0,,
5,Columbus Grove (Columbus Grove),49,Jefferson (Delphos),0,0,,
5,Conotton Valley (Bowerston),46,Bridgeport (Bridgeport),39,0,,
5,Cory-Rawson (Rawson),14,Elgin (Marion),50,0,,
5,Covington (Covington),6,Bethel (Tipp City),29,0,,
5,Crestline (Crestline),6,Ridgemont (Mt Victory),48,0,,
5,Crestview (Convoy),51,Allen East (Harrod),28,0,,
5,Cuyahoga Heights (Cuyahoga Heights),0,Kirtland (Kirtland),35,0,,
5,Cuyahoga Valley Christian Academy (Cuyahoga Falls),28,Canton South (Canton),56,0,,
5,Dalton (Dalton),35,Smithville (Smithville),0,0,,
5,Danbury (Lakeside),14,Morenci,38,0,,MI
5,Dixie (New Lebanon),21,National Trail (New Paris),61,0,,
5,Dublin Coffman (Dublin),31,Westerville Central (Westerville),29,0,,
5,Youngstown East (Youngstown),8,East (Akron),20,0,,
5,Sciotoville Community (Portsmouth),36,Bradford (Bradford),40,0,,
5,East Liverpool (East Liverpool),19,Harrison Central (Cadiz),37,0,,
5,Eastmoor Academy (Columbus),59,West (Columbus),0,0,,
5,Eastwood (Pemberville),49,Maumee (Maumee),20,0,,
5,Edgerton (Edgerton),7,Ayersville (Defiance),35,0,,
5,Edon (Edon),18,Ottawa Lake-Whiteford,58,0,,MI
5,Elder (Cincinnati),31,St Xavier (Louisville),21,0,,KY
5,Elida (Elida),17,Bath (Lima),21,0,,
5,Ellet (Akron),16,Warrensville Heights (Warrensville Heights),46,0,,
5,Elyria (Elyria),7,Olmsted Falls (Olmsted Falls),41,0,,
5,Elyria Catholic (Elyria),43,Lakewood (Lakewood),21,0,,
5,Euclid (Euclid),6,Strongsville (Strongsville),23,0,,
5,Fairview (Fairview Park),33,Buckeye Valley (Delaware),49,0,,
5,Fairview (Sherwood),20,Paulding (Paulding),34,0,,
5,Bishop Fenwick (Franklin),25,Mount Healthy (Cincinnati),28,0,,
5,Field (Mogadore),14,Cloverleaf (Lodi),0,0,,
5,Findlay (Findlay),49,Fremont Ross (Fremont),29,0,,
5,Finneytown (Cincinnati),6,Mariemont (Cincinnati),12,0,,
5,Firestone (Akron),0,Walsh Jesuit (Cuyahoga Falls),49,0,,
5,Fisher Catholic (Lancaster),21,Fairfield Christian Academy (Lancaster),50,0,,
5,Franklin (Franklin),26,Carlisle (Carlisle),0,0,,
5,Franklin Heights (Columbus),19,Canal Winchester (Canal Winchester),49,0,,
5,Fredericktown (Fredericktown),26,Mount Gilead (Mount Gilead),7,0,,
5,Frontier (New Matamoras),31,Valley (Wetzel) (Pine Grove),44,0,,WV
5,Galion (Galion),26,Shelby (Shelby),62,0,,
5,Garaway (Sugarcreek),44,East Canton (East Canton),6,0,,
5,Genoa Area (Genoa),60,Lake (Millbury),32,0,,
5,Gilmour Academy (Gates Mills),13,Villa Angela-St Joseph (Cleveland),49,0,,
5,Glenville (Cleveland),6,IMG Academy (Bradenton),28,0,,FL
5,Graham Local (St Paris),3,London (London),41,0,,
5,Grandview Heights (Columbus),21,Arcadia (Arcadia),6,0,,
5,Granville (Granville),36,Northridge (Johnstown),6,0,,
5,Green (Uniontown),27,Canton McKinley (Canton),28,0,,
5,Greenon (Enon),14,Fairbanks (Milford Center),33,0,,
5,Grove City (Grove City),49,Marysville (Marysville),0,0,,
5,Grove City Christian (Grove City),27,Bishop Rosecrans (Zanesville),35,0,,
5,Hamilton (Hamilton),16,Princeton (Cincinnati),22,0,,
5,Hamilton Township (Columbus),51,Teays Valley (Ashville),17,0,,
5,Marion Harding (Marion),14,Highland (Marengo),47,0,,
5,Warren G Harding (Warren),20,Ursuline (Youngstown),56,0,,
5,Hardin Northern (Dola),42,Perry (Lima),12,0,,
5,Delaware Hayes (Delaware),7,Westerville North (Westerville),14,0,,
5,Hicksville (Hicksville),6,Wayne Trace (Haviland),56,0,,
5,Hilliard Bradley (Hilliard),40,Dublin Jerome (Dublin),35,0,,
5,Hilliard Davidson (Hilliard),14,Olentangy Berlin (Delaware),20,0,,
5,Hillsboro (Hillsboro),32,East Clinton (Sabina),12,0,,
5,Hilltop (West Unity),0,Petersburg-Summerfield,35,0,,MI
5,Archbishop Hoban (Akron),35,St Ignatius (Cleveland),0,0,,
5,Hoover (North Canton),24,GlenOak (Canton),27,0,,
5,Hopewell-Loudon (Bascom),39,Lakota (Kansas),7,0,,
5,Howland (Warren),0,West Branch (Beloit),49,0,,
5,Hughes (Cincinnati),12,Badin (Hamilton),49,0,,
5,Huron (Huron),17,Tiffin Columbian (Tiffin),35,0,,
5,Independence (Columbus),12,Marion-Franklin (Columbus),38,0,,
5,Independence (Independence),7,Harvey (Painesville),35,0,,
5,Indian Hill (Cincinnati),35,Deer Park (Cincinnati),0,0,,
5,Indian Lake (Lewistown),19,Bellefontaine (Bellefontaine),41,0,,
5,Indian Valley (Gnadenhutten),20,St Clairsville (St Clairsville),24,0,,
5,Ironton (Ironton),42,South Point (South Point),8,0,,
5,John Glenn (New Concord),0,Sheridan (Thornville),14,0,,
5,John Hay (Cleveland),46,John Adams (Cleveland),0,0,,
5,Garfield (Akron),20,Carrollton (Carrollton),41,0,,
5,Kenton (Kenton),14,Celina (Celina),44,0,,
5,Kettering Fairmont (Kettering),17,Springboro (Springboro),7,0,,
5,LaBrae (Leavittsburg),41,Newton Falls (Newton Falls),7,0,,
5,Lakota East (Liberty Township),14,Middletown (Middletown),21,0,,
5,Lakota West (West Chester),38,Colerain (Cincinnati),7,0,,
5,Lancaster (Lancaster),0,Hilliard Darby (Hilliard),10,0,,
5,Leetonia (Leetonia),0,Wellsville (Wellsville),14,0,,
5,Lehman Catholic (Sidney),31,Miami East (Casstown),7,0,,
5,Leipsic (Leipsic),55,Ada (Ada),24,0,,
5,Lexington (Lexington),42,Wooster (Wooster),27,0,,
5,Liberty-Benton (Findlay),42,Elmwood (Bloomdale),0,0,,
5,Liberty Center (Liberty Center),55,Swanton (Swanton),7,0,,
5,Liberty Union (Baltimore),15,Bloom-Carroll (Carroll),35,0,,
5,Licking Heights (Pataskala),0,Newark Catholic (Newark),20,0,,
5,Licking Valley (Newark),37,Lakewood (Hebron),14,0,,
5,Lima Senior (Lima),39,Bowsher (Toledo),14,0,,
5,Lima Central Catholic (Lima),13,Bishop Hartley (Columbus),46,0,,
5,Gahanna Lincoln (Gahanna),49,Pickerington Central (Pickerington),14,0,,
5,Lincoln West (Cleveland),8,Collinwood (Cleveland),34,0,,
5,Linden McKinley (Columbus),6,Centennial (Columbus),32,0,,
5,Little Miami (Morrow),0,Winton Woods (Cincinnati),51,0,,
5,Lockland (Lockland),31,Dayton Christian (Miamisburg),34,0,,
5,Logan (Logan),14,Chillicothe (Chillicothe),17,0,,
5,Logan Elm (Circleville),48,Fairfield Union (Lancaster),21,0,,
5,Loudonville (Loudonville),15,Centerburg (Centerburg),37,0,,
5,Louisville (Louisville),0,Lake (Uniontown),49,0,,
5,Loveland (Loveland),37,Lebanon (Lebanon),31,0,,
5,Lowellville (Lowellville),14,Western Reserve (Berlin Center),21,0,,
5,Lucas (Lucas),26,Crestview (Ashland),6,0,,
5,Lutheran West (Rocky River),42,Jefferson Area (Jefferson),13,0,,
5,Madeira (Cincinnati),21,Reading (Reading),31,0,,
5,Manchester (New Franklin),26,Orrville (Orrville),28,0,,
5,Mapleton (Ashland),14,Western Reserve (Collins),53,0,,
5,Margaretta (Castalia),28,Woodmore (Elmore),3,0,,
5,Marion Local (Maria Stein),42,New Bremen (New Bremen),7,0,,
5,Martins Ferry (Martins Ferry),41,Newcomerstown (Newcomerstown),31,0,,
5,Mason (Mason),21,Fairfield (Fairfield),14,0,,
5,Maysville (Zanesville),20,Crooksville (Crooksville),0,0,,
5,McClain (Greenfield),27,Cincinnati Hills Christian Academy (Cincinnati),25,0,,
5,McDonald (McDonald),21,Jackson-Milton (North Jackson),28,0,,
5,Niles McKinley (Niles),31,Lakeview (Cortland),0,0,,
5,Sebring McKinley (Sebring),6,St Mary Central Catholic (Sandusky),40,0,,
5,Meadowdale (Dayton),6,Fort Loramie (Fort Loramie),42,0,,
5,Meigs (Pomeroy),40,River Valley (Bidwell),6,0,,
5,Campbell Memorial (Campbell),20,Crestview (Columbiana),44,0,,
5,St Marys Memorial (St Marys),41,Ottawa-Glandorf (Ottawa),14,0,,
5,Mentor (Mentor),13,Cleveland Heights (Cleveland Heights),14,0,,
5,Miami Trace (Washington Court House),63,Western Brown (Mount Orab),31,0,,
5,Miami Valley Christian Academy (Cincinnati),0,Hagerstown,41,0,,IN
5,Mifflin (Columbus),8,East (Columbus),22,0,,
5,Milford (Milford),40,Kings (Kings Mills),21,0,,
5,Miller (Corning),16,Berne Union (Sugar Grove),20,0,,
5,Milton-Union (West Milton),29,Troy Christian (Troy),6,0,,
5,Minerva (Minerva),14,Southeast (Ravenna),44,0,,
5,Minford (Minford),63,Northwest (McDermott),21,0,,
5,Monroe (Monroe),48,Washington (Washington Court House),21,0,,
5,Monroeville (Monroeville),41,South Central (Greenwich),6,0,,
5,Montpelier (Montpelier),19,Sand Creek,12,0,,MI
5,Morgan (McConnelsville),35,Coshocton (Coshocton),34,0,,
5,Napoleon (Napoleon),42,Springfield (Holland),6,0,,
5,Newark (Newark),13,Olentangy Orange (Lewis Center),42,0,,
5,New Lexington (New Lexington),8,Tri-Valley (Dresden),38,0,,
5,New Miami (Hamilton),7,Fayetteville (Fayetteville),40,0,,
5,New Philadelphia (New Philadelphia),14,Mansfield Senior (Mansfield),35,0,,
5,New Richmond (New Richmond),39,Norwood (Norwood),8,0,,
5,Nordonia (Macedonia),36,North Royalton (North Royalton),0,0,,
5,North (Akron),14,Edison (Richmond),42,0,,
5,North (Eastlake),13,Garfield Heights (Garfield Heights),14,0,,
5,North Baltimore (North Baltimore),6,Waynesfield-Goshen (Waynesfield),49,0,,
5,Northland (Columbus),35,KIPP Columbus (Columbus),0,0,,
5,Northmor (Galion),21,Danville (Danville),32,0,,
5,Northridge (Dayton),20,Riverside (De Graff),48,0,,
5,North Union (Richwood),28,Urbana (Urbana),31,0,,
5,Norwalk (Norwalk),0,Edison (Milan),28,0,,
5,Northwest (Canal Fulton),42,Fairless (Brewster),35,0,,
5,Northwest (Cincinnati),20,Western Hills (Cincinnati),28,0,,
5,Northwestern (Springfield),28,Tecumseh (New Carlisle),7,0,,
5,Northwood (Northwood),51,Vanlue (Vanlue),28,0,,
5,Norwayne (Creston),70,Northwestern (West Salem),12,0,,
5,Oak Harbor (Oak Harbor),48,Rossford (Rossford),0,0,,
5,Oak Hills (Cincinnati),27,Sycamore (Cincinnati),21,0,,
5,Oberlin (Oberlin),0,Clearview (Lorain),56,0,,
5,Olentangy (Lewis Center),35,Central Crossing (Grove City),0,0,,
5,Olentangy Liberty (Powell),17,New Albany (New Albany),3,0,,
5,Ontario (Ontario),45,Clear Fork (Bellville),0,0,,
5,Otsego (Tontogany),35,Fostoria (Fostoria),22,0,,
5,Ottawa Hills (Toledo),54,Erie-Mason,16,0,,MI
5,Padua Franciscan (Parma),39,Salem (Salem),21,0,,
5,Pandora-Gilboa (Pandora),42,McComb (McComb),14,0,,
5,Parkway (Rockford),7,Versailles (Versailles),41,0,,
5,Perry (Massillon),14,Jackson (Massillon),49,0,,
5,Perry (Perry),36,Geneva (Geneva),20,0,,
5,Perrysburg (Perrysburg),44,Clay (Oregon),7,0,,
5,Philo (Duncan Falls),0,West Muskingum (Zanesville),21,0,,
5,Pickerington North (Pickerington),42,Reynoldsburg (Reynoldsburg),21,0,,
5,Piqua (Piqua),35,Greenville (Greenville),7,0,,
5,Pleasant (Marion),43,River Valley (Caledonia),64,0,,
5,Plymouth (Plymouth),0,St Paul (Norwalk),49,0,,
5,Poland Seminary (Poland),53,Hubbard (Hubbard),0,0,,
5,Portsmouth (Portsmouth),18,Gallia Academy (Gallipolis),50,0,,
5,Pymatuning Valley (Andover),6,Girard (Girard),42,0,,
5,Rhodes (Cleveland),30,John F Kennedy (Cleveland),22,0,,
5,Ridgewood (West Lafayette),42,Tuscarawas Central Catholic (New Philadelphia),3,0,,
5,River View (Warsaw),0,Meadowbrook (Byesville),63,0,,
5,Rock Hill (Ironton),7,Fairland (Proctorville),40,0,,
5,Rocky River (Rocky River),52,Valley Forge (Parma Heights),14,0,,
5,Roger Bacon (St Bernard),0,Archbishop McNicholas (Cincinnati),35,0,,
5,Kent Roosevelt (Kent),0,Barberton (Barberton),60,0,,
5,Ross (Hamilton),14,Jackson (Jackson),44,0,,
5,St Edward (Lakewood),13,Massillon Washington (Massillon),15,0,,
5,St Henry (St Henry),7,Coldwater (Coldwater),33,0,,
5,St John's Jesuit (Toledo),40,St Francis de Sales (Toledo),23,0,,
5,St Joseph Central Catholic (Fremont),6,Willard (Willard),58,0,,
5,St Thomas Aquinas (Louisville),6,Windham (Windham),29,0,,
5,St Vincent-St Mary (Akron),35,Notre Dame-Cathedral Latin (Chardon),0,0,,
5,St Xavier (Cincinnati),10,Archbishop Moeller (Cincinnati),20,0,,
5,Sandusky (Sandusky),62,Vermilion (Vermilion),28,0,,
5,Sandy Valley (Magnolia),40,Malvern (Malvern),7,0,,
5,Scott (Toledo),42,Waite (Toledo),12,0,,
5,Seneca East (Attica),14,Colonel Crawford (North Robinson),29,0,,
5,Shadyside (Shadyside),37,Brownsville,16,0,,PA
5,Shawnee (Lima),8,Defiance (Defiance),30,0,,
5,Shawnee (Springfield),30,Kenton Ridge (Springfield),0,0,,
5,Shenandoah (Sarahsville),26,Rootstown (Rootstown),33,0,,
5,Sidney (Sidney),42,West Carrollton (West Carrollton),0,0,,
5,South (Willoughby),7,Lorain (Lorain),20,0,,
5,Southeastern (Chillicothe),31,Adena (Frankfort),44,0,,
5,South Gallia (Crown City),32,Oak Hill (Oak Hill),6,0,,
5,Southern (Racine),49,Eastern (Beaver),50,0,,
5,Southern (Salineville),14,United (Hanoverton),35,0,,
5,South Range (Canfield),37,Struthers (Struthers),33,0,,
5,Springfield (Akron),14,Coventry (Akron),15,0,,
5,Springfield (New Middletown),71,Mathews (Vienna),0,0,,
5,Start (Toledo),6,Anthony Wayne (Whitehouse),77,0,,
5,Stebbins (Riverside),44,Fairborn (Fairborn),22,0,,
5,Steubenville (Steubenville),34,Dover (Dover),14,0,,
5,Stow-Munroe Falls (Stow),0,Austintown-Fitch (Austintown),41,0,,
5,Streetsboro (Streetsboro),56,Ravenna (Ravenna),7,0,,
5,Stryker (Stryker),8,Toledo Christian (Toledo),54,0,,
5,Symmes Valley (Willow Wood),46,Manchester (Manchester),12,0,,
5,Taft (Cincinnati),14,Purcell Marian (Cincinnati),7,0,,
5,Talawanda (Oxford),37,Archbishop Carroll (Dayton),21,0,,
5,Tallmadge (Tallmadge),7,Highland (Medina),28,0,,
5,Taylor (Cleves),0,Wyoming (Cincinnati),38,0,,
5,Tinora (Defiance),14,Antwerp (Antwerp),32,0,,
5,Toronto (Toronto),41,Oak Glen (New Cumberland),21,0,,WV
5,Triad (North Lewisburg),0,Greeneview (Jamestown),31,0,,
5,Trimble (Glouster),15,Woodward (Cincinnati),0,0,,
5,Trinity (Garfield Heights),0,Berkshire (Burton),52,0,,
5,Tri-Village (New Madison),22,Ansonia (Ansonia),30,0,,
5,Triway (Wooster),27,Tuslaw (Massillon),3,0,,
5,Trotwood-Madison (Trotwood),7,Withrow (Cincinnati),21,0,,
5,Troy (Troy),12,Tippecanoe (Tipp City),13,0,,
5,Turpin (Cincinnati),3,West Clermont (Cincinnati),10,0,,
5,Tuscarawas Valley (Zoarville),54,Strasburg-Franklin (Strasburg),14,0,,
5,Twin Valley South (West Alexandria),35,Mississinawa Valley (Union City),7,0,,
5,Unioto (Chillicothe),51,Huntington (Chillicothe),0,0,,
5,Upper Arlington (Upper Arlington),21,Groveport Madison (Groveport),7,0,,
5,Upper Sandusky (Upper Sandusky),68,Bucyrus (Bucyrus),42,0,,
5,Upper Scioto Valley (McGuffey),50,Ridgedale (Morral),14,0,,
5,Utica (Utica),35,Indian Creek (Wintersville),6,0,,
5,Valley View (Germantown),35,Eaton (Eaton),27,0,,
5,Van Buren (Van Buren),14,Riverdale (Mt Blanchard),12,0,,
5,Walnut Hills (Cincinnati),0,Anderson (Cincinnati),51,0,,
5,Walnut Ridge (Columbus),22,South (Columbus),46,0,,
5,Wapakoneta (Wapakoneta),41,Van Wert (Van Wert),13,0,,
5,Warren (Vincent),7,Fort Frye (Beverly),16,0,,
5,Waterford (Waterford),20,Eastern (Reedsville),21,0,,
5,Waterloo (Atwater),12,Mineral Ridge (Mineral Ridge),47,0,,
5,Watkins Memorial (Pataskala),41,Johnstown (Johnstown),0,0,,
5,Wauseon (Wauseon),24,Evergreen (Metamora),3,0,,
5,Wayne (Huber Heights),32,Miamisburg (Miamisburg),24,0,,
5,Waynedale (Apple Creek),12,Rittman (Rittman),7,0,,
5,Wellston (Wellston),27,Alexander (Albany),0,0,,
5,Westerville South (Westerville),22,Big Walnut (Sunbury),7,0,,
5,Westfall (Williamsport),20,Paint Valley (Bainbridge),41,0,,
5,West Geauga (Chesterland),35,Lakeside (Ashtabula),12,0,,
5,West Holmes (Millersburg),56,Madison Comprehensive (Mansfield),35,0,,
5,West Jefferson (West Jefferson),40,Southeastern Local (South Charleston),20,0,,
5,Westlake (Westlake),7,Buckeye (Medina),45,0,,
5,Westland (Galloway),12,Thomas Worthington (Worthington),38,0,,
5,West Liberty-Salem (West Liberty),35,Madison-Plains (London),7,0,,
5,Wheelersburg (Wheelersburg),35,Valley (Lucasville),0,0,,
5,Whitmer (Toledo),35,Sylvania Southview (Sylvania),28,0,,
5,Wickliffe (Wickliffe),14,Grand Valley (Orwell),20,0,,
5,Williamsburg (Williamsburg),36,Notre Dame (Portsmouth),0,0,,
5,Wilmington (Wilmington),28,Aiken (Cincinnati),0,0,,
5,Woodridge (Peninsula),0,Norton (Norton),28,0,,
5,Harvest Prep (Canal Winchester),18,Center Grove,36,0,,IN
5,Worthington Christian (Worthington),21,Arlington (Arlington),28,0,,
5,Worthington Kilbourne (Columbus),0,Dublin Scioto (Dublin),3,0,,
5,Wynford (Bucyrus),41,Mohawk (Sycamore),21,0,,
5,Zanesville (Zanesville),20,Heath (Heath),40,0,,
5,Valley Christian School (Youngstown),28,East Palestine (East Palestine),13,0,,
5,Zane Trace (Chillicothe),35,Piketon (Piketon),24,0,,
5,Brooke (Wellsburg),6,North Marion,35,0,WV,WV
5,Cameron (Cameron),54,Magnolia (New Martinsville),6,0,WV,WV
5,Frankfort,21,Weir (Weirton),35,0,WV,WV
5,Greenbrier West,59,Buffalo (Buffalo),0,0,WV,WV
5,Midland Trail,6,Wheeling Central Catholic (Wheeling),47,0,WV,WV
5,Parkersburg South (Parkersburg),35,Parkersburg (Parkersburg),43,0,WV,WV
5,Point Pleasant (Point Pleasant),20,Scott,68,0,WV,WV
5,Ripley (Ripley),3,Marietta (Marietta),43,0,WV,
5,South Charleston,0,Cabell Midland (Ona),75,0,WV,WV
5,Tucker County,34,Gilmer County (Glenville),28,0,WV,WV
5,Tug Valley (Williamson),54,East Ridge,6,0,WV,KY
5,University,17,Wheeling Park (Wheeling),14,0,WV,WV
5,Van (Van),14,Tolsia,46,0,WV,WV
5,Williamstown (Williamstown),67,Ritchie County (Ellenboro),8,0,WV,WV
5,Washington,30,John Marshall (Glen Dale),21,0,WV,WV
5,Ashland Blazer (Ashland),47,Russell (Russell),10,0,KY,KY
5,Ballard,44,George Rogers Clark,3,0,KY,KY
5,Central (Louisville),0,Bullitt East,13,0,KY,KY
5,Christian Academy-Louisville,34,Ryle (Union),22,0,KY,KY
5,Covington Catholic (Park Hills),35,Beechwood,31,0,KY,KY
5,Fairview (Ashland),36,Green (Franklin Furnace),12,0,KY,
5,Greenup County,44,Montgomery County,29,0,KY,KY
5,Highlands (Fort Thomas),40,Raceland (Raceland),0,0,KY,KY
5,Johnson Central,34,Dohn Community (Cincinnati),6,0,KY,
5,Lexington Catholic,42,Lexington Christian,49,0,KY,KY
5,Lloyd Memorial (Erlanger),53,Bishop Brossart (Alexandria),7,0,KY,KY
5,Newport (Newport),16,Ludlow,14,0,KY,KY
5,Newport Central Catholic,22,Campbell County (Alexandria),43,0,KY,KY
5,Nicholas County,28,Pendleton County (Falmouth),8,0,KY,KY
5,North Hardin (Radcliff),26,Pleasure Ridge Park,42,0,KY,KY
5,Oldham County,21,South Oldham,50,0,KY,KY
5,Pikeville (Pikeville),40,Belfry (Belfry),21,0,KY,KY
5,Simon Kenton,42,Conner,21,0,KY,KY
5,Trinity (Louisville),20,Male (Louisville),37,0,KY,KY
5,Cooper (Union),40,Great Crossing (Georgetown),0,0,KY,KY
5,Frederick Douglass (Lexington),0,Corbin,6,0,KY,KY
5,South Warren (Bowling Green),35,DuPont Manual,38,0,KY,KY
5,Ann Arbor Gabriel Richard (Ann Arbor),34,Riverview Gabriel Richard (Riverview),6,0,MI,MI
5,Brother Rice (Bloomfield Hills),16,River Rouge,28,0,MI,MI
5,Bronson,12,Reading,36,0,MI,MI
5,Concord,32,Vermontville Maple Valley,50,0,MI,MI
5,Dearborn Divine Child,35,Detroit Loyola,0,0,MI,MI
5,Detroit Cass Tech,14,Detroit King,7,0,MI,MI
5,North Adams-Jerome,6,Climax-Scotts,61,0,MI,MI
5,Orchard Lake St Mary,14,Novi Detroit Catholic Central (Novi),16,0,MI,MI
5,Saline,48,Bedford (Temperance),0,0,MI,MI
5,Tekonsha,20,Camden-Frontier,50,0,MI,MI
5,Waldron,6,Adrian Lenawee Christian,56,0,MI,MI
5,Warren De La Salle,23,Central Catholic (Toledo),28,0,MI,
5,Northern Bedford County,34,Everett,7,0,PA,PA
5,Central Catholic (Pittsburgh),49,Mount Lebanon,0,0,PA,PA
5,Pine-Richland (Gibsonia),35,Seneca Valley,13,0,PA,PA
5,Taylor Allderdice (Pittsburgh),8,Perry Traditional Academy (Pittsburgh),14,0,PA,PA
5,Brashear (Pittsburgh),52,Carrick (Pittsburgh),34,0,PA,PA
5,Brookville,47,Moniteau (West Sunbury),28,0,PA,PA
5,McDowell (Erie),47,Erie (Erie),21,0,PA,PA
5,General McLane,12,North East (North East),38,0,PA,PA
5,Greenville,12,Farrell (Farrell),28,0,PA,PA
5,Central Valley (Monaca),34,Chartiers Valley,6,0,PA,PA
5,Roman Catholic,23,DeMatha Catholic (Hyattsville),25,0,PA,MD
5,Malvern Prep,14,Imhotep Charter (Philadelphia),24,0,PA,PA
5,Attica,12,Fountain Central,64,0,IN,IN
5,Central Noble,31,Fremont,21,0,IN,IN
5,East Central (St Leon),42,Batesville,0,0,IN,IN
5,Fort Wayne Blackhawk Christian,7,Northwestern,59,0,IN,IN
5,Franklin County (Brookville),7,Lawrenceburg (Lawrenceburg),42,0,IN,IN
5,Homestead,27,Fort Wayne Bishop Dwenger,28,0,IN,IN
5,Indianapolis Arsenal Technical (Indianapolis),0,Richmond,19,0,IN,IN
5,Bishop Chatard (Indianapolis),28,Columbus North,3,0,IN,IN
5,Cathedral (Indianapolis),49,North Central (Indianapolis),6,0,IN,IN
5,Warren Central (Indianapolis),28,Ben Davis,31,0,IN,IN
5,Elkhart (Elkhart),0,Penn (Mishawaka),21,0,IN,IN
5,Irvington Prep (Indianapolis),8,Frontier,67,0,IN,IN
5,Southside Crimson Knights (club),8,South Decatur,55,0,IN,IN
5,Tri-State King's Crusaders (club) (Harlan),8,Holgate (Holgate),22,0,IN,
5,McCallie,29,Brentwood Academy (Brentwood),15,0,TN,TN
5,Maury,46,Dinwiddie,29,0,VA,VA
5,Trinity Episcopal School (Richmond),35,St Mary's Ryken (Leonardtown),6,0,VA,MD
5,Rock Creek Christian (Upper Marlboro),50,National Christian Academy (Fort Washington),0,0,MD,MD
5,Canisius (Buffalo),13,La Salle (Cincinnati),30,0,NY,
5,St Francis (Athol Springs),72,Cathedral Prep (Erie),78,0,NY,PA
5,St John Henry Newman (Stoney Creek),50,Cathedral (Hamilton),0,0,ON,ON
5,Bishop Ryan (Hamilton),10,St Mary's (Hamilton),0,0,ON,ON
5,Bishop Tonnos (Ancaster),24,St Thomas More (Hamilton),14,0,ON,ON
5,Football North (via Clarkson SS) (Mississauga),20,Mt Zion Prep (Lanham),13,0,ON,MD
5,Deerfield Beach (Deerfield Beach),0,Valdosta (Valdosta),55,0,FL,GA
5,Orangewood Christian School (Maitland),0,Master's Academy (Oviedo),55,0,FL,FL
5,Carrollwood Day School (Tampa),28,Trinity Catholic (Ocala),21,0,FL,FL
5,Buchtel (Akron),31,Benedictine (Cleveland),49,0,,
5,Cambridge (Cambridge),39,Bellaire (Bellaire),64,0,,
5,Fort Recovery (Fort Recovery),34,St John's (Delphos),41,0,,
5,Gibsonburg (Gibsonburg),25,Calvert (Tiffin),42,0,,
5,Lutheran East (Cleveland Heights),0,Cardinal Mooney (Youngstown),42,0,,
5,Marlington (Alliance),49,John F Kennedy (Warren),7,0,,
5,North Central (Pioneer),44,Cardinal Stritch Catholic (Oregon),6,0,,
5,North Olmsted (North Olmsted),26,Holy Name (Parma Heights),42,0,,
5,Portsmouth West (West Portsmouth),24,Waverly (Waverly),21,0,,
5,Richmond Heights (Richmond Heights),12,Cleveland Central Catholic (Cleveland),22,0,,
5,St Bernard-Elmwood Place (St Bernard),42,Landmark Eagles (club) (Cincinnati),14,0,,
5,Summit Country Day (Cincinnati),14,Gamble Montessori (Cincinnati),56,0,,
5,Whitehall-Yearling (Whitehall),2,Dunbar (Dayton),46,0,,
5,Columbus Crusaders (club) (Columbus),9,Mogadore (Mogadore),42,0,,
5,Hundred (Hundred),43,Millersport (Millersport),20,0,WV,
5,Mount View,0,Paden City (Paden City),51,0,WV,WV
5,Holy Cross (Covington),25,Cincinnati College Prep (Cincinnati),36,0,KY,
5,Britton-Deerfield (Britton),34,Cedarville,20,0,MI,MI
5,Lansdale Catholic,0,Neumann Goretti (Philadelphia),20,0,PA,PA
5,Kiski Prep (Saltsburg),14,Wyoming Seminary,40,0,PA,PA
5,Good Counsel (Wheaton),38,Mount St Joseph (Baltimore),8,0,MD,MD
5,Gray Collegiate Academy (West Columbia),28,St John's College (Washington),42,0,SC,DC
5,Paramus Catholic (Paramus),40,Chaminade (Mineola),19,0,NJ,NY
5,St Andrew's College (Aurora),0,St Joseph's Collegiate (Buffalo),21,0,ON,NY
6,East (Columbus),14,Northland (Columbus),49,0,,
6,Lakewood (Lakewood),6,Valley Forge (Parma Heights),47,0,,
6,Mathews (Vienna),30,St John School (Ashtabula),28,0,,
6,Meadowdale (Dayton),56,Ponitz Tech (Dayton),0,0,,
6,Miamisburg (Miamisburg),36,Northmont (Clayton),33,0,,
6,Waite (Toledo),24,Bowsher (Toledo),38,0,,
6,Detroit Central,22,Detroit Pershing,12,0,MI,MI
6,Detroit East English (Detroit),6,Detroit King,42,0,MI,MI
6,Taylor Allderdice (Pittsburgh),2,Westinghouse (Pittsburgh),20,0,PA,PA
6,Fort LeBoeuf,7,North East (North East),14,0,PA,PA
6,Hopewell,22,Dinwiddie,50,0,VA,VA
6,Africentric Early College (Columbus),56,West (Columbus),0,0,,
6,Aiken (Cincinnati),14,Woodward (Cincinnati),8,0,,
6,Allen East (Harrod),28,Columbus Grove (Columbus Grove),47,0,,
6,Ansonia (Ansonia),30,Twin Valley South (West Alexandria),19,0,,
6,Anthony Wayne (Whitehouse),28,Whitmer (Toledo),42,0,,
6,Antwerp (Antwerp),45,Fairview (Sherwood),8,0,,
6,Arlington (Arlington),51,Arcadia (Arcadia),7,0,,
6,Lakeside (Ashtabula),20,Madison (Madison),42,0,,
6,Athens (The Plains),30,Logan (Logan),21,0,,
6,Aurora (Aurora),42,Cuyahoga Falls (Cuyahoga Falls),0,0,,
6,Ayersville (Defiance),38,Hicksville (Hicksville),14,0,,
6,Barberton (Barberton),7,Highland (Medina),35,0,,
6,Batavia (Batavia),47,Western Brown (Mount Orab),51,0,,
6,Bath (Lima),28,Ottawa-Glandorf (Ottawa),21,0,,
6,Bellaire (Bellaire),33,Indian Creek (Wintersville),0,0,,
6,Bellevue (Bellevue),7,Edison (Milan),41,0,,
6,Belmont (Dayton),0,Trotwood-Madison (Trotwood),70,0,,
6,Belpre (Belpre),7,Paden City (Paden City),49,0,,WV
6,Benedictine (Cleveland),59,Normandy (Parma),20,0,,
6,Benjamin Logan (Bellefontaine),19,Northwestern (Springfield),13,0,,
6,Berne Union (Sugar Grove),38,Millersport (Millersport),0,0,,
6,Bishop Hartley (Columbus),7,Bishop Watterson (Columbus),35,0,,
6,Bluffton (Bluffton),48,Ada (Ada),0,0,,
6,Bradford (Bradford),28,Dixie (New Lebanon),29,0,,
6,Bridgeport (Bridgeport),20,River (Hannibal),41,0,,
6,Briggs (Columbus),13,Eastmoor Academy (Columbus),15,0,,
6,Brooklyn (Brooklyn),35,Beachwood (Beachwood),3,0,,
6,Bryan (Bryan),7,Liberty Center (Liberty Center),63,0,,
6,Buchtel (Akron),20,Ellet (Akron),0,0,,
6,Buckeye Central (New Washington),14,Seneca East (Attica),42,0,,
6,Buckeye Local (Rayland),33,Shenandoah (Sarahsville),44,0,,
6,Buckeye Valley (Delaware),49,Bexley (Columbus),21,0,,
6,Bucyrus (Bucyrus),18,Wynford (Bucyrus),70,0,,
6,Harrison Central (Cadiz),8,St Clairsville (St Clairsville),49,0,,
6,Cambridge (Cambridge),54,East Liverpool (East Liverpool),62,0,,
6,Canal Winchester (Canal Winchester),38,Dublin Scioto (Dublin),7,0,,
6,Canton McKinley (Canton),37,Hoover (North Canton),28,0,,
6,Cardinal (Middlefield),28,Berkshire (Burton),45,0,,
6,Cardinal Mooney (Youngstown),38,Boardman (Youngstown),21,0,,
6,Carlisle (Carlisle),7,Brookville (Brookville),35,0,,
6,Archbishop Carroll (Dayton),0,Archbishop Alter (Kettering),42,0,,
6,Centerburg (Centerburg),21,Cardington-Lincoln (Cardington),0,0,,
6,Canton Central Catholic (Canton),20,Lake Catholic (Mentor),37,0,,
6,Toledo Christian (Toledo),54,Danbury (Lakeside),6,0,,
6,Central Crossing (Grove City),21,Lancaster (Lancaster),24,0,,
6,Chaminade Julienne (Dayton),0,Archbishop McNicholas (Cincinnati),35,0,,
6,Chaney (Youngstown),7,Warren G Harding (Warren),26,0,,
6,Cincinnati Hills Christian Academy (Cincinnati),48,Norwood (Norwood),18,0,,
6,Clay (Oregon),56,Bowling Green (Bowling Green),28,0,,
6,Claymont (Uhrichsville),7,Garaway (Sugarcreek),42,0,,
6,Clear Fork (Bellville),22,Pleasant (Marion),30,0,,
6,Clermont Northeastern (Batavia),7,Blanchester (Blanchester),46,0,,
6,Cleveland Central Catholic (Cleveland),6,Brush (Lyndhurst),25,0,,
6,Clinton-Massie (Clarksville),17,Wilmington (Wilmington),14,0,,
6,Cloverleaf (Lodi),7,Streetsboro (Streetsboro),49,0,,
6,Coldwater (Coldwater),40,Parkway (Rockford),6,0,,
6,Colerain (Cincinnati),6,Lakota East (Liberty Township),21,0,,
6,Colonel Crawford (North Robinson),7,Carey (Carey),27,0,,
6,Tiffin Columbian (Tiffin),42,Sandusky (Sandusky),35,0,,
6,Conneaut (Conneaut),47,Jefferson Area (Jefferson),22,0,,
6,Conotton Valley (Bowerston),8,Caldwell (Caldwell),51,0,,
6,Coshocton (Coshocton),7,New Lexington (New Lexington),19,0,,
6,Crestline (Crestline),14,Elgin (Marion),59,0,,
6,Crestview (Ashland),41,South Central (Greenwich),7,0,,
6,Crestview (Columbiana),43,Brookfield (Brookfield),26,0,,
6,Crooksville (Crooksville),0,Philo (Duncan Falls),32,0,,
6,Cuyahoga Heights (Cuyahoga Heights),35,Independence (Independence),7,0,,
6,Danville (Danville),52,Loudonville (Loudonville),15,0,,
6,Dawson-Bryant (Coal Grove),6,Portsmouth (Portsmouth),14,0,,
6,Defiance (Defiance),46,Kenton (Kenton),18,0,,
6,Delta (Delta),42,Swanton (Swanton),0,0,,
6,Dover (Dover),13,Canfield (Canfield),17,0,,
6,Dunbar (Dayton),50,Thurgood Marshall (Dayton),16,0,,
6,Dublin Jerome (Dublin),17,Thomas Worthington (Worthington),18,0,,
6,East Canton (East Canton),7,Newcomerstown (Newcomerstown),46,0,,
6,East Clinton (Sabina),16,Bethel-Tate (Bethel),26,0,,
6,Eastern (Beaver),43,Sciotoville Community (Portsmouth),22,0,,
6,East Knox (Howard),28,Mount Gilead (Mount Gilead),0,0,,
6,East Palestine (East Palestine),7,Southern (Salineville),42,0,,
6,East Technical (Cleveland),0,Rhodes (Cleveland),36,0,,
6,Edgewood (Ashtabula),14,Geneva (Geneva),49,0,,
6,Edgewood (Trenton),17,Bellbrook (Bellbrook),38,0,,
6,Elder (Cincinnati),32,St Xavier (Cincinnati),31,0,,
6,Elida (Elida),12,Celina (Celina),24,0,,
6,Elyria Catholic (Elyria),10,Bay (Bay Village),23,0,,
6,Euclid (Euclid),0,Medina (Medina),42,0,,
6,Evergreen (Metamora),7,Archbold (Archbold),44,0,,
6,Fairbanks (Milford Center),18,Triad (North Lewisburg),31,0,,
6,Fairfield (Fairfield),28,Hamilton (Hamilton),31,0,,
6,Fairfield Union (Lancaster),3,Bloom-Carroll (Carroll),45,0,,
6,Fairless (Brewster),28,Orrville (Orrville),38,0,,
6,Fairview (Fairview Park),25,Westlake (Westlake),37,0,,
6,Fayetteville (Fayetteville),6,Williamsburg (Williamsburg),48,0,,
6,Bishop Fenwick (Franklin),3,Badin (Hamilton),28,0,,
6,Finneytown (Cincinnati),30,Deer Park (Cincinnati),29,0,,
6,Firelands (Oberlin),33,Brookside (Sheffield),14,0,,
6,Fostoria (Fostoria),0,Oak Harbor (Oak Harbor),56,0,,
6,Franklin (Franklin),28,Monroe (Monroe),14,0,,
6,Franklin Heights (Columbus),7,Big Walnut (Sunbury),42,0,,
6,Fredericktown (Fredericktown),0,Northmor (Galion),35,0,,
6,Fremont Ross (Fremont),21,Napoleon (Napoleon),41,0,,
6,Galion (Galion),35,Ontario (Ontario),59,0,,
6,Gallia Academy (Gallipolis),35,Fairland (Proctorville),40,0,,
6,Garfield Heights (Garfield Heights),16,Lorain (Lorain),42,0,,
6,Genoa Area (Genoa),48,Otsego (Tontogany),19,0,,
6,GlenOak (Canton),28,Green (Uniontown),31,0,,
6,Goshen (Goshen),13,New Richmond (New Richmond),49,0,,
6,Grandview Heights (Columbus),41,Whetstone (Columbus),30,0,,
6,Granville (Granville),28,Licking Heights (Pataskala),20,0,,
6,Green (Franklin Furnace),21,Symmes Valley (Willow Wood),38,0,,
6,Greeneview (Jamestown),48,Greenon (Enon),0,0,,
6,Greenville (Greenville),7,Sidney (Sidney),49,0,,
6,Grove City Christian (Grove City),37,Miller (Corning),27,0,,
6,Groveport Madison (Groveport),30,Reynoldsburg (Reynoldsburg),13,0,,
6,Hamilton Township (Columbus),48,Amanda-Clearcreek (Amanda),14,0,,
6,Harvey (Painesville),49,Crestwood (Mantua),16,0,,
6,Heath (Heath),48,Lakewood (Hebron),7,0,,
6,Highland (Marengo),14,Shelby (Shelby),48,0,,
6,Hilliard Bradley (Hilliard),24,Upper Arlington (Upper Arlington),22,0,,
6,Hilliard Darby (Hilliard),15,Marysville (Marysville),14,0,,
6,Hillsboro (Hillsboro),23,Chillicothe (Chillicothe),17,0,,
6,Hillsdale (Jeromesville),7,Dalton (Dalton),50,0,,
6,Hilltop (West Unity),32,Cardinal Stritch Catholic (Oregon),2,0,,
6,Holgate (Holgate),64,Sebring McKinley (Sebring),14,0,,
6,Holy Name (Parma Heights),14,Buckeye (Medina),38,0,,
6,Hubbard (Hubbard),14,Struthers (Struthers),41,0,,
6,Hughes (Cincinnati),28,Western Hills (Cincinnati),44,0,,
6,Indian Hill (Cincinnati),42,Madeira (Cincinnati),21,0,,
6,Indian Lake (Lewistown),34,Graham Local (St Paris),7,0,,
6,Indian Valley (Gnadenhutten),40,Sandy Valley (Magnolia),6,0,,
6,Ironton (Ironton),48,Chesapeake (Chesapeake),7,0,,
6,Jackson (Jackson),49,Washington (Washington Court House),21,0,,
6,Jackson (Massillon),7,Lake (Uniontown),19,0,,
6,Jackson-Milton (North Jackson),10,Springfield (New Middletown),35,0,,
6,Jefferson (Delphos),6,Crestview (Convoy),52,0,,
6,John Adams (Cleveland),28,Lincoln West (Cleveland),6,0,,
6,John Hay (Cleveland),7,Glenville (Cleveland),54,0,,
6,John Marshall (Cleveland),27,Collinwood (Cleveland),0,0,,
6,Kenston (Chagrin Falls),31,Chardon (Chardon),21,0,,
6,Keystone (La Grange),0,Black River (Sullivan),7,0,,
6,Kirtland (Kirtland),55,Grand Valley (Orwell),0,0,,
6,River Valley (Bidwell),12,Wellston (Wellston),49,0,,
6,LaBrae (Leavittsburg),28,Champion (Warren),7,0,,
6,Lake (Millbury),21,Maumee (Maumee),51,0,,
6,Lakeview (Cortland),0,Girard (Girard),43,0,,
6,Lakota West (West Chester),34,Sycamore (Cincinnati),14,0,,
6,La Salle (Cincinnati),20,Archbishop Moeller (Cincinnati),28,0,,
6,Leetonia (Leetonia),27,Columbiana (Columbiana),56,0,,
6,Lehman Catholic (Sidney),31,Bethel (Tipp City),27,0,,
6,Leipsic (Leipsic),40,Spencerville (Spencerville),6,0,,
6,Liberty (Youngstown),49,Newton Falls (Newton Falls),33,0,,
6,Liberty-Benton (Findlay),42,Van Buren (Van Buren),0,0,,
6,Linden McKinley (Columbus),0,Beechcroft (Columbus),42,0,,
6,Little Miami (Morrow),0,Milford (Milford),28,0,,
6,Lockland (Lockland),7,St Bernard-Elmwood Place (St Bernard),40,0,,
6,Logan Elm (Circleville),35,Liberty Union (Baltimore),7,0,,
6,London (London),36,Bellefontaine (Bellefontaine),6,0,,
6,Lucas (Lucas),31,Monroeville (Monroeville),28,0,,
6,Lutheran West (Rocky River),0,Perry (Perry),33,0,,
6,Madison (Middletown),7,Eaton (Eaton),42,0,,
6,Madison Comprehensive (Mansfield),7,Ashland (Ashland),35,0,,
6,Madison-Plains (London),17,Cedarville (Cedarville),63,0,,
6,Malvern (Malvern),49,Strasburg-Franklin (Strasburg),6,0,,
6,Mansfield Senior (Mansfield),37,Lexington (Lexington),10,0,,
6,Mapleton (Ashland),42,Plymouth (Plymouth),12,0,,
6,Margaretta (Castalia),14,Hopewell-Loudon (Bascom),26,0,,
6,Mariemont (Cincinnati),18,Taylor (Cleves),21,0,,
6,Marietta (Marietta),19,Williamstown (Williamstown),22,0,,WV
6,Marlington (Alliance),35,Carrollton (Carrollton),41,0,,
6,Mayfield (Mayfield),36,North (Eastlake),10,0,,
6,McComb (McComb),61,Riverdale (Mt Blanchard),16,0,,
6,McDonald (McDonald),42,Waterloo (Atwater),12,0,,
6,Niles McKinley (Niles),49,Beaver Local (East Liverpool),14,0,,
6,Meadowbrook (Byesville),6,John Glenn (New Concord),45,0,,
6,Mechanicsburg (Mechanicsburg),7,West Jefferson (West Jefferson),33,0,,
6,Campbell Memorial (Campbell),0,Garfield (Garrettsville),61,0,,
6,Mentor (Mentor),42,Solon (Solon),0,0,,
6,Miami East (Casstown),25,Milton-Union (West Milton),28,0,,
6,Miami Trace (Washington Court House),29,McClain (Greenfield),20,0,,
6,Miami Valley Christian Academy (Cincinnati),0,Cincinnati Country Day (Cincinnati),58,0,,
6,Middletown (Middletown),14,Mason (Mason),17,0,,
6,Midview (Grafton),0,Berea-Midpark (Berea),37,0,,
6,Mifflin (Columbus),14,Centennial (Columbus),0,0,,
6,Mineral Ridge (Mineral Ridge),21,Lowellville (Lowellville),38,0,,
6,Minford (Minford),7,Portsmouth West (West Portsmouth),34,0,,
6,Minster (Minster),7,St Henry (St Henry),2,0,,
6,Mississinawa Valley (Union City),6,Preble Shawnee (Camden),48,0,,
6,Mohawk (Sycamore),34,Upper Sandusky (Upper Sandusky),39,0,,
6,Monroe Central (Woodsfield),35,Magnolia (New Martinsville),0,0,,WV
6,Montpelier (Montpelier),34,Edon (Edon),35,0,,
6,Mount Healthy (Cincinnati),49,Northwest (Cincinnati),14,0,,
6,Mount Vernon (Mount Vernon),10,New Philadelphia (New Philadelphia),35,0,,
6,National Trail (New Paris),33,Arcanum (Arcanum),19,0,,
6,Nelsonville-York (Nelsonville),47,Meigs (Pomeroy),14,0,,
6,New Albany (New Albany),25,Grove City (Grove City),24,0,,
6,Newark (Newark),7,Pickerington Central (Pickerington),41,0,,
6,Newark Catholic (Newark),7,Utica (Utica),14,0,,
6,New Bremen (New Bremen),35,Fort Recovery (Fort Recovery),7,0,,
6,Nordonia (Macedonia),38,Twinsburg (Twinsburg),31,0,,
6,Northeastern (Springfield),7,West Liberty-Salem (West Liberty),42,0,,
6,Northridge (Dayton),44,Covington (Covington),14,0,,
6,Northridge (Johnstown),14,Johnstown (Johnstown),26,0,,
6,North Ridgeville (North Ridgeville),35,Elyria (Elyria),11,0,,
6,North Royalton (North Royalton),20,Padua Franciscan (Parma),27,0,,
6,Norton (Norton),56,Coventry (Akron),15,0,,
6,Northwestern (West Salem),39,Chippewa (Doylestown),28,0,,
6,Northwood (Northwood),7,Ottawa Hills (Toledo),39,0,,
6,Notre Dame-Cathedral Latin (Chardon),42,Howland (Warren),14,0,,
6,Oakwood (Dayton),0,Valley View (Germantown),49,0,,
6,Oberlin (Oberlin),6,Columbia (Columbia Station),34,0,,
6,Olentangy (Lewis Center),20,Olentangy Berlin (Delaware),27,0,,
6,Olentangy Liberty (Powell),14,Dublin Coffman (Dublin),24,0,,
6,Olmsted Falls (Olmsted Falls),10,Avon (Avon),52,0,,
6,Orange (Pepper Pike),0,Chagrin Falls (Chagrin Falls),10,0,,
6,Olentangy Orange (Lewis Center),17,Hilliard Davidson (Hilliard),14,0,,
6,Paint Valley (Bainbridge),76,Adena (Frankfort),41,0,,
6,Patrick Henry (Hamler),30,Wauseon (Wauseon),24,0,,
6,Paulding (Paulding),54,Edgerton (Edgerton),20,0,,
6,Perkins (Sandusky),31,Clyde (Clyde),7,0,,
6,Perry (Lima),14,North Baltimore (North Baltimore),6,0,,
6,Perry (Massillon),49,Louisville (Louisville),6,0,,
6,Piketon (Piketon),22,Unioto (Chillicothe),45,0,,
6,Piqua (Piqua),0,Troy (Troy),14,0,,
6,Port Clinton (Port Clinton),7,Huron (Huron),38,0,,
6,Princeton (Cincinnati),14,Oak Hills (Cincinnati),7,0,,
6,Purcell Marian (Cincinnati),44,Summit Country Day (Cincinnati),14,0,,
6,Ravenna (Ravenna),21,Field (Mogadore),13,0,,
6,Richmond Heights (Richmond Heights),12,Lutheran East (Cleveland Heights),6,0,,
6,Ridgedale (Morral),0,Hardin Northern (Dola),29,0,,
6,Ridgemont (Mt Victory),0,Upper Scioto Valley (McGuffey),40,0,,
6,Ridgewood (West Lafayette),14,Tuscarawas Valley (Zoarville),7,0,,
6,Rittman (Rittman),0,Norwayne (Creston),40,0,,
6,Riverside (De Graff),49,Troy Christian (Troy),0,0,,
6,River Valley (Caledonia),13,Marion Harding (Marion),27,0,,
6,Rocky River (Rocky River),40,North Olmsted (North Olmsted),3,0,,
6,Roger Bacon (St Bernard),48,North College Hill (Cincinnati),2,0,,
6,Kent Roosevelt (Kent),28,Copley (Copley),21,0,,
6,Rootstown (Rootstown),37,St Thomas Aquinas (Louisville),6,0,,
6,Ross (Hamilton),7,Waynesville (Waynesville),30,0,,
6,Rossford (Rossford),10,Eastwood (Pemberville),48,0,,
6,St Francis DeSales (Columbus),28,St Charles (Columbus),7,0,,
6,St Francis de Sales (Toledo),7,Orchard Lake St Mary,35,0,,MI
6,St Ignatius (Cleveland),0,Central Catholic (Toledo),28,0,,
6,St John's (Delphos),0,Anna (Anna),39,0,,
6,Salem (Salem),14,Alliance (Alliance),48,0,,
6,Shadyside (Shadyside),0,Barnesville (Barnesville),53,0,,
6,Shaker Heights (Shaker Heights),39,Brunswick (Brunswick),34,0,,
6,Shaw (East Cleveland),0,Bedford (Bedford),30,0,,
6,Shawnee (Springfield),17,North Union (Richwood),13,0,,
6,Sheridan (Thornville),62,River View (Warsaw),0,0,,
6,Smithville (Smithville),21,Waynedale (Apple Creek),7,0,,
6,Canton South (Canton),35,Manchester (New Franklin),14,0,,
6,South (Columbus),6,Independence (Columbus),46,0,,
6,South (Willoughby),8,Riverside (Painesville),56,0,,
6,Southeast (Ravenna),34,Pymatuning Valley (Andover),64,0,,
6,Southeastern (Chillicothe),28,Westfall (Williamsport),62,0,,
6,Southeastern Local (South Charleston),41,Catholic Central (Springfield),22,0,,
6,Southern (Racine),19,Trimble (Glouster),59,0,,
6,South Point (South Point),53,Rock Hill (Ironton),20,0,,
6,South Range (Canfield),21,Poland Seminary (Poland),7,0,,
6,Springboro (Springboro),6,Centerville (Centerville),16,0,,
6,Springfield (Holland),0,Findlay (Findlay),53,0,,
6,Springfield (Springfield),7,Kettering Fairmont (Kettering),10,0,,
6,Start (Toledo),44,Rogers (Toledo),30,0,,
6,Amherst Steele (Amherst),27,Avon Lake (Avon Lake),32,0,,
6,Stow-Munroe Falls (Stow),6,Brecksville-Broadview Heights (Broadview Heights),20,0,,
6,Strongsville (Strongsville),0,Cleveland Heights (Cleveland Heights),41,0,,
6,Sylvania Northview (Sylvania),0,Perrysburg (Perrysburg),48,0,,
6,Sylvania Southview (Sylvania),28,Scott (Toledo),12,0,,
6,Talawanda (Oxford),19,Fort Loramie (Fort Loramie),34,0,,
6,Tallmadge (Tallmadge),21,Revere (Richfield),7,0,,
6,Teays Valley (Ashville),45,Circleville (Circleville),7,0,,
6,Tecumseh (New Carlisle),8,Kenton Ridge (Springfield),31,0,,
6,Tippecanoe (Tipp City),19,Butler (Vandalia),24,0,,
6,Toronto (Toronto),28,Edison (Richmond),20,0,,
6,Trinity (Garfield Heights),7,Wickliffe (Wickliffe),28,0,,
6,Tri-Valley (Dresden),56,Morgan (McConnelsville),28,0,,
6,Triway (Wooster),17,Cuyahoga Valley Christian Academy (Cuyahoga Falls),55,0,,
6,Turpin (Cincinnati),11,Lebanon (Lebanon),14,0,,
6,Tuscarawas Central Catholic (New Philadelphia),6,Buckeye Trail (Lore City),57,0,,
6,Tuslaw (Massillon),12,Northwest (Canal Fulton),28,0,,
6,Tri-County North (Lewisburg),20,Tri-Village (New Madison),55,0,,
6,United (Hanoverton),20,Lisbon David Anderson (Lisbon),21,0,,
6,University School (Hunting Valley),36,Gilmour Academy (Gates Mills),21,0,,
6,Urbana (Urbana),33,Jonathan Alder (Plain City),41,0,,
6,Ursuline (Youngstown),32,Austintown-Fitch (Austintown),14,0,,
6,Valley (Lucasville),7,Northwest (McDermott),6,0,,
6,Vanlue (Vanlue),16,North Central (Pioneer),48,0,,
6,Van Wert (Van Wert),19,St Marys Memorial (St Marys),21,0,,
6,Vermilion (Vermilion),0,Norwalk (Norwalk),27,0,,
6,Versailles (Versailles),13,Marion Local (Maria Stein),14,0,,
6,Vinton County (McArthur),62,Alexander (Albany),0,0,,
6,Wadsworth (Wadsworth),19,Hudson (Hudson),13,0,,
6,Walnut Hills (Cincinnati),0,Loveland (Loveland),35,0,,
6,Walnut Ridge (Columbus),6,Marion-Franklin (Columbus),30,0,,
6,Walsh Jesuit (Cuyahoga Falls),43,St Vincent-St Mary (Akron),13,0,,
6,Wapakoneta (Wapakoneta),42,Shawnee (Lima),6,0,,
6,Warrensville Heights (Warrensville Heights),14,Maple Heights (Maple Heights),30,0,,
6,Waterford (Waterford),31,Frontier (New Matamoras),0,0,,
6,Waverly (Waverly),56,Oak Hill (Oak Hill),7,0,,
6,Wayne (Huber Heights),49,Beavercreek (Beavercreek),27,0,,
6,Waynesfield-Goshen (Waynesfield),55,Cory-Rawson (Rawson),13,0,,
6,Wayne Trace (Haviland),13,Tinora (Defiance),21,0,,
6,Wellington (Wellington),12,Clearview (Lorain),48,0,,
6,Wellsville (Wellsville),13,Valley Christian School (Youngstown),53,0,,
6,West Branch (Beloit),70,Minerva (Minerva),0,0,,
6,West Carrollton (West Carrollton),20,Stebbins (Riverside),23,0,,
6,Westerville Central (Westerville),14,Pickerington North (Pickerington),16,0,,
6,Westerville North (Westerville),13,Westerville South (Westerville),21,0,,
6,West Clermont (Cincinnati),7,Kings (Kings Mills),21,0,,
6,West Geauga (Chesterland),22,Hawken (Gates Mills),15,0,,
6,Westland (Galloway),7,Gahanna Lincoln (Gahanna),49,0,,
6,West Muskingum (Zanesville),42,Maysville (Zanesville),0,0,,
6,Whitehall-Yearling (Whitehall),6,Columbus Academy (Gahanna),39,0,,
6,Willard (Willard),7,Lakota (Kansas),36,0,,
6,Windham (Windham),0,Fairport Harding (Fairport Harbor),26,0,,
6,Winton Woods (Cincinnati),13,Anderson (Cincinnati),20,0,,
6,Woodmore (Elmore),10,Gibsonburg (Gibsonburg),30,0,,
6,Woodridge (Peninsula),58,Springfield (Akron),0,0,,
6,Woodward (Toledo),6,Lima Senior (Lima),56,0,,
6,Wooster (Wooster),40,West Holmes (Millersburg),43,0,,
6,Harvest Prep (Canal Winchester),32,Wheelersburg (Wheelersburg),16,0,,
6,Worthington Christian (Worthington),14,Pandora-Gilboa (Pandora),48,0,,
6,Worthington Kilbourne (Columbus),0,Delaware Hayes (Delaware),31,0,,
6,Wyoming (Cincinnati),21,Reading (Reading),14,0,,
6,Xenia (Xenia),21,Fairborn (Fairborn),28,0,,
6,Zanesville (Zanesville),0,Licking Valley (Newark),42,0,,
6,Zane Trace (Chillicothe),35,Huntington (Chillicothe),12,0,,
6,Clark Montessori (Cincinnati),55,New Miami (Hamilton),0,0,,
6,Gamble Montessori (Cincinnati),57,Bellevue,8,0,,KY
6,KIPP Columbus (Columbus),0,Bishop Ready (Columbus),37,0,,
6,Dohn Community (Cincinnati),14,Youngstown East (Youngstown),48,0,,
6,West Union (club) (West Union),6,Manchester (Manchester),50,0,,
6,Cabell Midland (Ona),42,Parkersburg (Parkersburg),16,0,WV,WV
6,Calhoun,0,St Marys (St Marys),55,0,WV,WV
6,Clay-Battelle (Blacksville),40,Tygarts Valley,7,0,WV,WV
6,John Marshall (Glen Dale),24,Parkersburg South (Parkersburg),62,0,WV,WV
6,Montcalm (Rock),86,Hannan (Ashton),0,0,WV,WV
6,Mount View,12,Buffalo (Buffalo),6,0,WV,WV
6,Oak Hill,13,Ripley (Ripley),10,0,WV,WV
6,Point Pleasant (Point Pleasant),17,Warren (Vincent),18,0,WV,
6,Tucker County,28,Eastern (Reedsville),22,0,WV,
6,Valley (Wetzel) (Pine Grove),30,Beallsville (Beallsville),36,0,WV,
6,Weir (Weirton),13,Union Local (Belmont),20,0,WV,
6,Wheeling Park (Wheeling),28,Steubenville (Steubenville),42,0,WV,
6,River View (Bradshaw),38,Van (Van),14,0,WV,WV
6,Beechwood,56,Gallatin County,0,0,KY,KY
6,Belfry (Belfry),42,Magoffin County,12,0,KY,KY
6,Boone County,0,Dixie Heights (Covington),53,0,KY,KY
6,Boyd County (Ashland),14,Johnson Central,53,0,KY,KY
6,Campbell County (Alexandria),7,Harrison (Harrison),33,0,KY,
6,Central (Louisville),26,Central Hardin,17,0,KY,KY
6,Conner,0,Scott (Covington),38,0,KY,KY
6,Corbin,42,Hazard,0,0,KY,KY
6,DuPont Manual,36,Christian Academy-Louisville,54,0,KY,KY
6,Fairview (Ashland),16,Powell County,59,0,KY,KY
6,Greenup County,7,Ashland Blazer (Ashland),63,0,KY,KY
6,Highlands (Fort Thomas),58,Cooper (Union),51,0,KY,KY
6,Holmes (Covington),0,Covington Catholic (Park Hills),61,0,KY,KY
6,Newport Central Catholic,14,Raceland (Raceland),40,0,KY,KY
6,Paintsville,16,Leslie County,27,0,KY,KY
6,Pendleton County (Falmouth),12,Ludlow,61,0,KY,KY
6,Pleasure Ridge Park,8,Male (Louisville),43,0,KY,KY
6,Russell (Russell),27,Fleming County,12,0,KY,KY
6,South Oldham,41,Anderson County,7,0,KY,KY
6,St Xavier (Louisville),10,Trinity (Louisville),45,0,KY,KY
6,Tates Creek,6,Ballard,42,0,KY,KY
6,Adrian Lenawee Christian,56,Tekonsha,0,0,MI,MI
6,Brother Rice (Bloomfield Hills),2,St John's Jesuit (Toledo),28,0,MI,
6,Dearborn Divine Child,7,Lumen Christi (Jackson),35,0,MI,MI
6,Detroit Cass Tech,41,Detroit Mumford,0,0,MI,MI
6,Detroit Cody,0,Detroit Denby,44,0,MI,MI
6,North Adams-Jerome,12,Camden-Frontier,66,0,MI,MI
6,Petersburg-Summerfield,16,Erie-Mason,40,0,MI,MI
6,Reading,16,Springport,34,0,MI,MI
6,Novi Detroit Catholic Central (Novi),7,Warren De La Salle,14,0,MI,MI
6,Sand Creek,8,Ottawa Lake-Whiteford,48,0,MI,MI
6,Bedford (Temperance),14,Ann Arbor Pioneer (Ann Arbor),20,0,MI,MI
6,Waldron,8,Pittsford,54,0,MI,MI
6,Britton-Deerfield (Britton),44,Morenci,0,0,MI,MI
6,Central Catholic (Pittsburgh),50,North Allegheny (Wexford),22,0,PA,PA
6,Fox Chapel,0,Pine-Richland (Gibsonia),50,0,PA,PA
6,New Castle (New Castle),14,Central Valley (Monaca),42,0,PA,PA
6,Brownsville,36,Carrick (Pittsburgh),30,0,PA,PA
6,Farrell (Farrell),26,Hickory (Hermitage),7,0,PA,PA
6,Perry Traditional Academy (Pittsburgh),24,Brashear (Pittsburgh),26,0,PA,PA
6,DuBois,20,Brookville,34,0,PA,PA
6,McDowell (Erie),39,Villa Angela-St Joseph (Cleveland),56,0,PA,
6,Sharpsville,41,Greenville,13,0,PA,PA
6,University Prep (USO co-op) (Pittsburgh),36,Wheeling Central Catholic (Wheeling),17,0,PA,WV
6,Erie (Erie),20,Butler,19,0,PA,PA
6,Batesville,26,Lawrenceburg (Lawrenceburg),23,0,IN,IN
6,Ben Davis,62,Lawrence North,14,0,IN,IN
6,Center Grove,31,Lawrence Central,7,0,IN,IN
6,Cloverdale,13,South Decatur,27,0,IN,IN
6,Fort Wayne Bishop Dwenger,42,Fort Wayne Northrop,14,0,IN,IN
6,Fremont,3,Churubusco,46,0,IN,IN
6,Hagerstown,27,Shenandoah,9,0,IN,IN
6,Bishop Chatard (Indianapolis),13,Guerin Catholic,7,0,IN,IN
6,Cathedral (Indianapolis),28,Frederick Douglass (Lexington),19,0,IN,KY
6,North Vermillion,46,Attica,0,0,IN,IN
6,Park Tudor,62,Fort Wayne Blackhawk Christian,7,0,IN,IN
6,Providence,78,Irvington Prep (Indianapolis),0,0,IN,IN
6,Richmond,21,Muncie Central,49,0,IN,IN
6,South Bend St. Joseph,17,Elkhart (Elkhart),26,0,IN,IN
6,South Dearborn,0,East Central (St Leon),51,0,IN,IN
6,Noblesville Lions (club) (Noblesville),0,Landmark Eagles (club) (Cincinnati),26,0,IN,
6,Montgomery Bell Academy,0,McCallie,35,0,TN,TN
6,Stone Bridge,3,Good Counsel (Wheaton),41,0,VA,MD
6,Life Christian Academy (Chester),3,DeMatha Catholic (Hyattsville),41,0,VA,MD
6,Fort Hill (Cumberland),38,Hollidaysburg,21,0,MD,PA
6,Rock Creek Christian (Upper Marlboro),16,Malvern Prep,17,0,MD,PA
6,Paramus Catholic (Paramus),12,DePaul Catholic (Wayne),28,0,NJ,NJ
6,Middletown (Middletown),7,Massillon Washington (Massillon),41,0,DE,
6,St Thomas More (Hamilton),55,Cathedral (Hamilton),0,0,ON,ON
6,St Jean de Brebeuf (Hamilton),0,Bishop Ryan (Hamilton),16,0,ON,ON
6,Bishop Tonnos (Ancaster),46,St Mary's (Hamilton),0,0,ON,ON
6,Football North (via Clarkson SS) (Mississauga),27,Cathedral Prep (Erie),13,0,ON,PA
6,Trinity Catholic (Ocala),26,Raines (Jacksonville),27,0,FL,FL
6,Valdosta (Valdosta),7,McEachern,28,0,GA,GA
6,Bishop Rosecrans (Zanesville),48,Fisher Catholic (Lancaster),27,0,,
6,Catholic Central (Steubenville),20,Madonna (Weirton),0,0,,WV
6,Dayton Christian (Miamisburg),55,Peebles (club) (Peebles),40,0,,
6,Elmwood (Bloomdale),18,Lima Central Catholic (Lima),49,0,,
6,Fort Frye (Beverly),0,Linsly (Wheeling),41,0,,WV
6,Garfield (Akron),14,Firestone (Akron),20,0,,
6,Martins Ferry (Martins Ferry),36,Fairfield Christian Academy (Lancaster),7,0,,
6,Mogadore (Mogadore),41,John F Kennedy (Warren),7,0,,
6,North (Akron),6,East (Akron),42,0,,
6,South Gallia (Crown City),6,Notre Dame (Portsmouth),40,0,,
6,Stryker (Stryker),30,St Mary Central Catholic (Sandusky),45,0,,
6,Taft (Cincinnati),0,Withrow (Cincinnati),31,0,,
6,Watkins Memorial (Pataskala),32,Brooke (Wellsburg),14,0,,WV
6,Western Reserve (Berlin Center),31,Everett,14,0,,PA
6,Western Reserve (Collins),14,St Paul (Norwalk),28,0,,
6,Cincinnati College Prep (Cincinnati),16,Shroder (Cincinnati),8,0,,
6,Columbus Crusaders (club) (Columbus),26,Middletown Christian (club) (Franklin),0,0,,
6,Oak Glen (New Cumberland),42,Berkeley Springs,0,0,WV,WV
6,River Rouge,6,St Edward (Lakewood),42,0,MI,
6,Suttons Bay,0,Concord,48,0,MI,MI
6,Neumann Goretti (Philadelphia),32,West Catholic (Philadelphia),0,0,PA,PA
6,St Francis (Athol Springs),36,Catholic Memorial (West Roxbury),50,0,NY,MA
6,St Joseph's Collegiate (Buffalo),7,Canisius (Buffalo),49,0,NY,NY
6,Mission Viejo (Mission Viejo),17,St John's College (Washington),39,0,CA,DC
6,Trinity Episcopal School (Richmond),48,Episcopal (Alexandria),14,0,VA,VA
7,Belmont (Dayton),6,Thurgood Marshall (Dayton),32,0,,
7,Cleveland Central Catholic (Cleveland),14,Gilmour Academy (Gates Mills),39,0,,
7,Collinwood (Cleveland),20,East Technical (Cleveland),34,0,,
7,Bishop Fenwick (Franklin),20,Chaminade Julienne (Dayton),48,0,,
7,Scott (Toledo),42,Woodward (Toledo),0,0,,
7,Detroit Cass Tech,75,Detroit Western,0,0,MI,MI
7,Detroit Denby,48,Detroit Northwestern,0,0,MI,MI
7,Brashear (Pittsburgh),8,Taylor Allderdice (Pittsburgh),24,0,PA,PA
7,Ada (Ada),28,Jefferson (Delphos),0,0,,
7,Aiken (Cincinnati),8,Western Hills (Cincinnati),16,0,,
7,Alexander (Albany),21,River Valley (Bidwell),0,0,,
7,Amanda-Clearcreek (Amanda),21,Teays Valley (Ashville),34,0,,
7,Anthony Wayne (Whitehouse),18,Findlay (Findlay),14,0,,
7,Arcadia (Arcadia),14,Elmwood (Bloomdale),28,0,,
7,Arcanum (Arcanum),0,Tri-Village (New Madison),43,0,,
7,Arlington (Arlington),21,McComb (McComb),49,0,,
7,Ashland (Ashland),6,Mansfield Senior (Mansfield),14,0,,
7,Aurora (Aurora),38,Tallmadge (Tallmadge),0,0,,
7,Avon (Avon),41,Berea-Midpark (Berea),0,0,,
7,Badin (Hamilton),42,Archbishop Carroll (Dayton),14,0,,
7,Barnesville (Barnesville),41,Caldwell (Caldwell),7,0,,
7,Bay (Bay Village),34,Fairview (Fairview Park),7,0,,
7,Beallsville (Beallsville),39,Bridgeport (Bridgeport),49,0,,
7,Beaver Local (East Liverpool),25,Hubbard (Hubbard),29,0,,
7,Beavercreek (Beavercreek),6,Centerville (Centerville),38,0,,
7,Bellbrook (Bellbrook),31,Franklin (Franklin),0,0,,
7,Beechcroft (Columbus),40,Mifflin (Columbus),7,0,,
7,Bellefontaine (Bellefontaine),42,Tecumseh (New Carlisle),0,0,,
7,Berkshire (Burton),0,Kirtland (Kirtland),47,0,,
7,Bethel (Tipp City),17,Northridge (Dayton),12,0,,
7,Big Walnut (Sunbury),49,Worthington Kilbourne (Columbus),7,0,,
7,Bishop Ready (Columbus),56,Whitehall-Yearling (Whitehall),8,0,,
7,Black River (Sullivan),56,Oberlin (Oberlin),6,0,,
7,Blanchester (Blanchester),34,Williamsburg (Williamsburg),40,0,,
7,Bloom-Carroll (Carroll),35,Logan Elm (Circleville),6,0,,
7,Boardman (Youngstown),20,Warren G Harding (Warren),38,0,,
7,Bowling Green (Bowling Green),0,Sylvania Southview (Sylvania),41,0,,
7,Bowsher (Toledo),6,Napoleon (Napoleon),48,0,,
7,Brecksville-Broadview Heights (Broadview Heights),6,Hudson (Hudson),17,0,,
7,Brookfield (Brookfield),33,LaBrae (Leavittsburg),43,0,,
7,Brookville (Brookville),35,Oakwood (Dayton),0,0,,
7,Brush (Lyndhurst),7,Twinsburg (Twinsburg),42,0,,
7,Buckeye (Medina),52,Lakewood (Lakewood),7,0,,
7,Buckeye Central (New Washington),0,Wynford (Bucyrus),45,0,,
7,Buckeye Trail (Lore City),7,Malvern (Malvern),28,0,,
7,Buckeye Valley (Delaware),28,St Charles (Columbus),20,0,,
7,Bucyrus (Bucyrus),14,Seneca East (Attica),44,0,,
7,Canal Winchester (Canal Winchester),24,Westerville North (Westerville),7,0,,
7,Cardinal Mooney (Youngstown),12,Chaney (Youngstown),28,0,,
7,Cardington-Lincoln (Cardington),21,Danville (Danville),61,0,,
7,Carlisle (Carlisle),14,Waynesville (Waynesville),55,0,,
7,Carrollton (Carrollton),31,Alliance (Alliance),28,0,,
7,Cedarville (Cedarville),35,Catholic Central (Springfield),0,0,,
7,Celina (Celina),52,Bath (Lima),36,0,,
7,Centennial (Columbus),0,Northland (Columbus),51,0,,
7,Central Catholic (Toledo),35,St John's Jesuit (Toledo),7,0,,
7,Chagrin Falls (Chagrin Falls),7,West Geauga (Chesterland),21,0,,
7,Champion (Warren),7,Campbell Memorial (Campbell),0,0,,
7,Chardon (Chardon),49,South (Willoughby),0,0,,
7,Chesapeake (Chesapeake),6,Portsmouth (Portsmouth),28,0,,
7,Chippewa (Doylestown),0,Rittman (Rittman),41,0,,
7,Cincinnati Country Day (Cincinnati),49,Clark Montessori (Cincinnati),8,0,,
7,Cincinnati Hills Christian Academy (Cincinnati),6,Purcell Marian (Cincinnati),29,0,,
7,Circleville (Circleville),19,Hamilton Township (Columbus),55,0,,
7,Clearview (Lorain),19,Firelands (Oberlin),16,0,,
7,Clermont Northeastern (Batavia),0,Bethel-Tate (Bethel),38,0,,
7,Cleveland Heights (Cleveland Heights),42,Solon (Solon),28,0,,
7,Clinton-Massie (Clarksville),50,Goshen (Goshen),0,0,,
7,Cloverleaf (Lodi),14,Woodridge (Peninsula),42,0,,
7,Clyde (Clyde),14,Tiffin Columbian (Tiffin),49,0,,
7,Colonel Crawford (North Robinson),41,Upper Sandusky (Upper Sandusky),6,0,,
7,Columbia (Columbia Station),40,Wellington (Wellington),14,0,,
7,Columbus Academy (Gahanna),35,Bexley (Columbus),13,0,,
7,Columbus Grove (Columbus Grove),28,Leipsic (Leipsic),14,0,,
7,Copley (Copley),48,Cuyahoga Falls (Cuyahoga Falls),29,0,,
7,Cory-Rawson (Rawson),24,Perry (Lima),41,0,,
7,Coventry (Akron),13,Ravenna (Ravenna),49,0,,
7,Covington (Covington),0,Milton-Union (West Milton),48,0,,
7,Crestline (Crestline),0,Upper Scioto Valley (McGuffey),72,0,,
7,Crestview (Convoy),0,Bluffton (Bluffton),21,0,,
7,Crestwood (Mantua),14,Cardinal (Middlefield),34,0,,
7,Crooksville (Crooksville),0,West Muskingum (Zanesville),48,0,,
7,Cuyahoga Valley Christian Academy (Cuyahoga Falls),23,Fairless (Brewster),0,0,,
7,Dalton (Dalton),54,Northwestern (West Salem),7,0,,
7,Danbury (Lakeside),30,Sebring McKinley (Sebring),28,0,,
7,Dawson-Bryant (Coal Grove),12,Gallia Academy (Gallipolis),28,0,,
7,Deer Park (Cincinnati),6,Wyoming (Cincinnati),42,0,,
7,Defiance (Defiance),18,Elida (Elida),19,0,,
7,Dixie (New Lebanon),6,Twin Valley South (West Alexandria),61,0,,
7,Dover (Dover),38,St Francis DeSales (Columbus),7,0,,
7,Dublin Coffman (Dublin),14,Olentangy Orange (Lewis Center),35,0,,
7,Dublin Scioto (Dublin),27,Franklin Heights (Columbus),24,0,,
7,Dunbar (Dayton),48,Meadowdale (Dayton),12,0,,
7,East (Columbus),14,Whetstone (Columbus),16,0,,
7,Youngstown East (Youngstown),30,Howland (Warren),16,0,,
7,Sciotoville Community (Portsmouth),8,South Gallia (Crown City),46,0,,
7,Eastern (Reedsville),59,Buffalo (Buffalo),16,0,,WV
7,East Knox (Howard),6,Northmor (Galion),27,0,,
7,Eastmoor Academy (Columbus),30,South (Columbus),24,0,,
7,Eastwood (Pemberville),62,Fostoria (Fostoria),20,0,,
7,Eaton (Eaton),48,Monroe (Monroe),7,0,,
7,Edison (Milan),14,Perkins (Sandusky),49,0,,
7,Edison (Richmond),14,East Liverpool (East Liverpool),17,0,,
7,Elgin (Marion),22,Waynesfield-Goshen (Waynesfield),57,0,,
7,Elyria (Elyria),30,Avon Lake (Avon Lake),38,0,,
7,Euclid (Euclid),0,Brunswick (Brunswick),14,0,,
7,Evergreen (Metamora),7,Bryan (Bryan),35,0,,
7,Fairbanks (Milford Center),7,Mechanicsburg (Mechanicsburg),47,0,,
7,Fairborn (Fairborn),13,Butler (Vandalia),49,0,,
7,Fairfield Christian Academy (Lancaster),61,Bishop Rosecrans (Zanesville),58,0,,
7,Fairland (Proctorville),35,South Point (South Point),14,0,,
7,Fairview (Sherwood),44,Edgerton (Edgerton),35,0,,
7,Field (Mogadore),6,Streetsboro (Streetsboro),40,0,,
7,Fisher Catholic (Lancaster),20,Miller (Corning),43,0,,
7,Fremont Ross (Fremont),41,Clay (Oregon),28,0,,
7,Frontier (New Matamoras),8,Conotton Valley (Bowerston),33,0,,
7,Garaway (Sugarcreek),35,Indian Valley (Gnadenhutten),14,0,,
7,Garfield (Garrettsville),42,Liberty (Youngstown),21,0,,
7,Garfield Heights (Garfield Heights),2,Bedford (Bedford),21,0,,
7,Geneva (Geneva),55,Conneaut (Conneaut),0,0,,
7,Gibsonburg (Gibsonburg),34,Lakota (Kansas),3,0,,
7,Girard (Girard),21,South Range (Canfield),49,0,,
7,Graham Local (St Paris),7,Shawnee (Springfield),47,0,,
7,Grand Valley (Orwell),0,Harvey (Painesville),42,0,,
7,Greeneview (Jamestown),20,Southeastern Local (South Charleston),13,0,,
7,Greenon (Enon),48,Madison-Plains (London),10,0,,
7,Greenville (Greenville),0,Stebbins (Riverside),30,0,,
7,Grove City (Grove City),28,Westerville Central (Westerville),33,0,,
7,Hamilton (Hamilton),18,Middletown (Middletown),14,0,,
7,Marion Harding (Marion),35,Clear Fork (Bellville),7,0,,
7,Hardin Northern (Dola),48,Ridgemont (Mt Victory),6,0,,
7,Harrison (Harrison),42,Mount Healthy (Cincinnati),6,0,,
7,Hawken (Gates Mills),30,Lutheran West (Rocky River),41,0,,
7,Delaware Hayes (Delaware),36,Westerville South (Westerville),33,0,,
7,Heath (Heath),21,Utica (Utica),14,0,,
7,Hicksville (Hicksville),21,Paulding (Paulding),48,0,,
7,Highland (Medina),42,Kent Roosevelt (Kent),0,0,,
7,Highland (Marengo),21,Galion (Galion),23,0,,
7,Hilliard Davidson (Hilliard),10,Hilliard Bradley (Hilliard),37,0,,
7,Holgate (Holgate),80,Stryker (Stryker),20,0,,
7,Hopewell-Loudon (Bascom),72,Willard (Willard),33,0,,
7,Hughes (Cincinnati),7,Taft (Cincinnati),45,0,,
7,Huntington (Chillicothe),47,Southeastern (Chillicothe),12,0,,
7,Huron (Huron),37,Bellevue (Bellevue),18,0,,
7,Independence (Columbus),18,Briggs (Columbus),12,0,,
7,Independence (Independence),35,Brooklyn (Brooklyn),0,0,,
7,Indian Creek (Wintersville),6,Harrison Central (Cadiz),32,0,,
7,Indian Lake (Lewistown),48,Benjamin Logan (Bellefontaine),0,0,,
7,Jackson (Jackson),42,Miami Trace (Washington Court House),13,0,,
7,Jackson (Massillon),16,GlenOak (Canton),21,0,,
7,Jefferson Area (Jefferson),14,Lakeside (Ashtabula),44,0,,
7,John Adams (Cleveland),6,John Marshall (Cleveland),37,0,,
7,John F Kennedy (Warren),14,Rootstown (Rootstown),49,0,,
7,John Glenn (New Concord),10,Maysville (Zanesville),7,0,,
7,John Hay (Cleveland),7,Notre Dame-Cathedral Latin (Chardon),34,0,,
7,Jonathan Alder (Plain City),48,London (London),57,0,,
7,Kenston (Chagrin Falls),38,Mayfield (Mayfield),20,0,,
7,Kenton (Kenton),0,Wapakoneta (Wapakoneta),35,0,,
7,Kenton Ridge (Springfield),7,Urbana (Urbana),41,0,,
7,Kettering Fairmont (Kettering),17,Miamisburg (Miamisburg),28,0,,
7,Keystone (La Grange),28,Brookside (Sheffield),7,0,,
7,Kings (Kings Mills),12,Winton Woods (Cincinnati),13,0,,
7,Lake (Uniontown),22,Canton McKinley (Canton),29,0,,
7,Lake Catholic (Mentor),21,Padua Franciscan (Parma),13,0,,
7,Lakewood (Hebron),7,Northridge (Johnstown),19,0,,
7,Lakota East (Liberty Township),30,Sycamore (Cincinnati),38,0,,
7,Lancaster (Lancaster),3,Groveport Madison (Groveport),13,0,,
7,Lebanon (Lebanon),21,West Clermont (Cincinnati),14,0,,
7,Lexington (Lexington),28,West Holmes (Millersburg),62,0,,
7,Liberty Union (Baltimore),7,Fairfield Union (Lancaster),17,0,,
7,Licking Heights (Pataskala),35,Zanesville (Zanesville),7,0,,
7,Licking Valley (Newark),21,Watkins Memorial (Pataskala),14,0,,
7,Lima Senior (Lima),58,Rogers (Toledo),6,0,,
7,Gahanna Lincoln (Gahanna),20,New Albany (New Albany),7,0,,
7,Lincoln West (Cleveland),0,John F Kennedy (Cleveland),26,0,,
7,Linden McKinley (Columbus),0,Granville (Granville),43,0,,
7,Little Miami (Morrow),20,Anderson (Cincinnati),46,0,,
7,Lockland (Lockland),48,New Miami (Hamilton),7,0,,
7,Lorain (Lorain),47,Warrensville Heights (Warrensville Heights),14,0,,
7,Loudonville (Loudonville),14,Fredericktown (Fredericktown),28,0,,
7,Louisville (Louisville),7,Green (Uniontown),42,0,,
7,Loveland (Loveland),49,Turpin (Cincinnati),23,0,,
7,Lucas (Lucas),27,Lima Central Catholic (Lima),34,0,,
7,Madison (Madison),20,Edgewood (Ashtabula),17,0,,
7,Madison (Middletown),6,Valley View (Germantown),49,0,,
7,Manchester (Manchester),12,Fayetteville (Fayetteville),22,0,,
7,Maple Heights (Maple Heights),54,Shaw (East Cleveland),0,0,,
7,Margaretta (Castalia),14,Calvert (Tiffin),27,0,,
7,Mariemont (Cincinnati),21,Madeira (Cincinnati),14,0,,
7,Marietta (Marietta),0,Logan (Logan),17,0,,
7,Marion Local (Maria Stein),49,Fort Recovery (Fort Recovery),0,0,,
7,Marion-Franklin (Columbus),20,Africentric Early College (Columbus),6,0,,
7,Marlington (Alliance),0,West Branch (Beloit),56,0,,
7,Martins Ferry (Martins Ferry),42,Berne Union (Sugar Grove),0,0,,
7,Marysville (Marysville),34,Dublin Jerome (Dublin),27,0,,
7,Mason (Mason),45,Colerain (Cincinnati),19,0,,
7,Mathews (Vienna),12,Mineral Ridge (Mineral Ridge),46,0,,
7,Maumee (Maumee),28,Genoa Area (Genoa),42,0,,
7,McClain (Greenfield),20,Chillicothe (Chillicothe),17,0,,
7,McDonald (McDonald),6,Lowellville (Lowellville),40,0,,
7,Archbishop McNicholas (Cincinnati),7,Archbishop Alter (Kettering),28,0,,
7,Meadowbrook (Byesville),22,Coshocton (Coshocton),55,0,,
7,Medina (Medina),56,Strongsville (Strongsville),21,0,,
7,Meigs (Pomeroy),27,Athens (The Plains),48,0,,
7,Millersport (Millersport),0,Grove City Christian (Grove City),55,0,,
7,Minford (Minford),7,Waverly (Waverly),33,0,,
7,Mississinawa Valley (Union City),0,East Clinton (Sabina),35,0,,
7,Archbishop Moeller (Cincinnati),38,Elder (Cincinnati),7,0,,
7,Mogadore (Mogadore),13,Canton Central Catholic (Canton),20,0,,
7,Mohawk (Sycamore),13,Carey (Carey),28,0,,
7,Monroeville (Monroeville),44,Western Reserve (Collins),36,0,,
7,Morgan (McConnelsville),35,New Lexington (New Lexington),28,0,,
7,Mount Gilead (Mount Gilead),11,Centerburg (Centerburg),28,0,,
7,Mount Vernon (Mount Vernon),35,Wooster (Wooster),28,0,,
7,National Trail (New Paris),0,Ansonia (Ansonia),30,0,,
7,New Bremen (New Bremen),10,St Henry (St Henry),13,0,,
7,New Philadelphia (New Philadelphia),21,Madison Comprehensive (Mansfield),10,0,,
7,Newton Falls (Newton Falls),14,Crestview (Columbiana),20,0,,
7,Normandy (Parma),20,Holy Name (Parma Heights),21,0,,
7,North (Akron),14,Ellet (Akron),20,0,,
7,North Baltimore (North Baltimore),15,Ridgedale (Morral),37,0,,
7,Northmont (Clayton),26,Wayne (Huber Heights),24,0,,
7,North Olmsted (North Olmsted),19,Elyria Catholic (Elyria),17,0,,
7,North Ridgeville (North Ridgeville),28,Midview (Grafton),35,0,,
7,North Royalton (North Royalton),17,Stow-Munroe Falls (Stow),21,0,,
7,North Union (Richwood),38,Northwestern (Springfield),6,0,,
7,Northwest (Cincinnati),12,Talawanda (Oxford),44,0,,
7,Northwest (McDermott),0,Vinton County (McArthur),33,0,,
7,Northwood (Northwood),7,Edon (Edon),41,0,,
7,Norwood (Norwood),44,North College Hill (Cincinnati),14,0,,
7,Notre Dame (Portsmouth),72,Green (Franklin Furnace),0,0,,
7,Oak Hills (Cincinnati),7,Lakota West (West Chester),59,0,,
7,Olentangy Berlin (Delaware),27,Hilliard Darby (Hilliard),7,0,,
7,Olmsted Falls (Olmsted Falls),43,Amherst Steele (Amherst),14,0,,
7,Orrville (Orrville),45,Northwest (Canal Fulton),70,0,,
7,Otsego (Tontogany),21,Oak Harbor (Oak Harbor),49,0,,
7,Ottawa-Glandorf (Ottawa),21,Van Wert (Van Wert),28,0,,
7,Ottawa Hills (Toledo),59,Hilltop (West Unity),0,0,,
7,Paint Valley (Bainbridge),49,Piketon (Piketon),30,0,,
7,Parkway (Rockford),8,Minster (Minster),34,0,,
7,Patrick Henry (Hamler),0,Liberty Center (Liberty Center),62,0,,
7,Ponitz Tech (Dayton),6,Trotwood-Madison (Trotwood),54,0,,
7,Perry (Massillon),34,Hoover (North Canton),37,0,,
7,Perry (Perry),42,Orange (Pepper Pike),14,0,,
7,Perrysburg (Perrysburg),15,Whitmer (Toledo),25,0,,
7,Pickerington Central (Pickerington),48,Central Crossing (Grove City),0,0,,
7,Pickerington North (Pickerington),55,Westland (Galloway),6,0,,
7,Piqua (Piqua),13,West Carrollton (West Carrollton),14,0,,
7,Pleasant (Marion),14,Ontario (Ontario),45,0,,
7,Plymouth (Plymouth),7,Crestview (Ashland),56,0,,
7,Poland Seminary (Poland),28,Niles McKinley (Niles),14,0,,
7,Port Clinton (Port Clinton),24,Vermilion (Vermilion),21,0,,
7,Portsmouth West (West Portsmouth),41,Valley (Lucasville),7,0,,
7,Preble Shawnee (Camden),52,Tri-County North (Lewisburg),22,0,,
7,Princeton (Cincinnati),35,Fairfield (Fairfield),14,0,,
7,Pymatuning Valley (Andover),40,Fairport Harding (Fairport Harbor),0,0,,
7,Reading (Reading),6,Indian Hill (Cincinnati),37,0,,
7,Revere (Richfield),12,Barberton (Barberton),29,0,,
7,Reynoldsburg (Reynoldsburg),35,Newark (Newark),21,0,,
7,Rhodes (Cleveland),6,Glenville (Cleveland),42,0,,
7,Richmond Heights (Richmond Heights),0,Harvest Prep (Canal Winchester),47,0,,
7,River (Hannibal),53,Shadyside (Shadyside),20,0,,
7,Riverdale (Mt Blanchard),0,Liberty-Benton (Findlay),42,0,,
7,Riverside (De Graff),35,Lehman Catholic (Sidney),21,0,,
7,Riverside (Painesville),43,North (Eastlake),14,0,,
7,Rock Hill (Ironton),0,Ironton (Ironton),42,0,,
7,Ross (Hamilton),21,Edgewood (Trenton),42,0,,
7,Rossford (Rossford),33,Lake (Millbury),34,0,,
7,St Bernard-Elmwood Place (St Bernard),52,Miami Valley Christian Academy (Cincinnati),22,0,,
7,St John's (Delphos),7,Coldwater (Coldwater),41,0,,
7,St John School (Ashtabula),36,Windham (Windham),33,0,,
7,Villa Angela-St Joseph (Cleveland),20,Bishop Hartley (Columbus),51,0,,
7,St Mary Central Catholic (Sandusky),14,Toledo Christian (Toledo),49,0,,
7,St Paul (Norwalk),28,Fort Loramie (Fort Loramie),35,0,,
7,St Thomas Aquinas (Louisville),8,Southeast (Ravenna),21,0,,
7,Salem (Salem),36,Minerva (Minerva),7,0,,
7,Sandusky (Sandusky),48,Norwalk (Norwalk),12,0,,
7,Sandy Valley (Magnolia),21,Ridgewood (West Lafayette),35,0,,
7,Shaker Heights (Shaker Heights),29,Mentor (Mentor),44,0,,
7,Shawnee (Lima),12,St Marys Memorial (St Marys),49,0,,
7,Shelby (Shelby),24,River Valley (Caledonia),28,0,,
7,Shenandoah (Sarahsville),26,Monroe Central (Woodsfield),34,0,,
7,Sheridan (Thornville),33,Philo (Duncan Falls),0,0,,
7,Shroder (Cincinnati),6,North Central (Pioneer),34,1,,
7,Sidney (Sidney),14,Tippecanoe (Tipp City),47,0,,
7,Smithville (Smithville),14,Hillsdale (Jeromesville),33,0,,
7,Canton South (Canton),35,Triway (Wooster),28,0,,
7,South Central (Greenwich),6,Mapleton (Ashland),37,0,,
7,Southern (Salineville),51,Columbiana (Columbiana),21,0,,
7,Spencerville (Spencerville),7,Allen East (Harrod),49,0,,
7,Springfield (Akron),7,Norton (Norton),55,0,,
7,Springfield (Holland),7,Sylvania Northview (Sylvania),17,0,,
7,Springfield (Springfield),28,Springboro (Springboro),9,0,,
7,Steubenville (Steubenville),27,Linsly (Wheeling),19,0,,WV
7,Strasburg-Franklin (Strasburg),12,East Canton (East Canton),7,0,,
7,Struthers (Struthers),40,Lakeview (Cortland),6,0,,
7,Summit Country Day (Cincinnati),0,Roger Bacon (St Bernard),34,0,,
7,Swanton (Swanton),7,Archbold (Archbold),49,0,,
7,Symmes Valley (Willow Wood),0,Eastern (Beaver),49,0,,
7,Taylor (Cleves),42,Finneytown (Cincinnati),7,0,,
7,Tinora (Defiance),14,Ayersville (Defiance),8,0,,
7,Toronto (Toronto),42,Buckeye Local (Rayland),7,0,,
7,Triad (North Lewisburg),6,Northeastern (Springfield),44,0,,
7,Trimble (Glouster),40,Belpre (Belpre),0,0,,
7,Tri-Valley (Dresden),59,River View (Warsaw),0,0,,
7,Troy (Troy),43,Xenia (Xenia),6,0,,
7,Troy Christian (Troy),7,Miami East (Casstown),26,0,,
7,Tuscarawas Valley (Zoarville),21,Claymont (Uhrichsville),34,0,,
7,Tuslaw (Massillon),7,Manchester (New Franklin),19,0,,
7,Union Local (Belmont),44,Cambridge (Cambridge),14,0,,
7,Unioto (Chillicothe),52,Adena (Frankfort),0,0,,
7,United (Hanoverton),35,Leetonia (Leetonia),0,0,,
7,Upper Arlington (Upper Arlington),16,Olentangy Liberty (Powell),19,0,,
7,Ursuline (Youngstown),34,St Vincent-St Mary (Akron),20,0,,
7,Van Buren (Van Buren),13,Pandora-Gilboa (Pandora),53,0,,
7,Vanlue (Vanlue),8,Montpelier (Montpelier),35,0,,
7,Versailles (Versailles),41,Anna (Anna),14,0,,
7,Wadsworth (Wadsworth),55,Nordonia (Macedonia),14,0,,
7,Waite (Toledo),26,Start (Toledo),34,0,,
7,Walnut Hills (Cincinnati),7,Milford (Milford),41,0,,
7,Walsh Jesuit (Cuyahoga Falls),7,Archbishop Hoban (Akron),57,0,,
7,Washington (Washington Court House),6,Hillsboro (Hillsboro),36,0,,
7,Waterford (Waterford),49,Southern (Racine),7,0,,
7,Waterloo (Atwater),6,Jackson-Milton (North Jackson),19,0,,
7,Wauseon (Wauseon),38,Delta (Delta),6,0,,
7,Waynedale (Apple Creek),0,Norwayne (Creston),43,0,,
7,Wayne Trace (Haviland),27,Antwerp (Antwerp),30,0,,
7,Wellston (Wellston),12,Nelsonville-York (Nelsonville),46,0,,
7,Wellsville (Wellsville),22,East Palestine (East Palestine),40,0,,
7,West (Columbus),0,Walnut Ridge (Columbus),36,0,,
7,Western Brown (Mount Orab),55,New Richmond (New Richmond),40,0,,
7,Western Reserve (Berlin Center),7,Springfield (New Middletown),26,0,,
7,Westfall (Williamsport),14,Zane Trace (Chillicothe),42,0,,
7,Westlake (Westlake),28,Rocky River (Rocky River),55,0,,
7,West Liberty-Salem (West Liberty),47,West Jefferson (West Jefferson),62,0,,
7,Wickliffe (Wickliffe),0,Cuyahoga Heights (Cuyahoga Heights),31,0,,
7,Wilmington (Wilmington),36,Batavia (Batavia),7,0,,
7,Woodmore (Elmore),41,St Joseph Central Catholic (Fremont),0,0,,
7,Thomas Worthington (Worthington),7,Olentangy (Lewis Center),52,0,,
7,Worthington Christian (Worthington),21,Grandview Heights (Columbus),14,0,,
7,Valley Christian School (Youngstown),7,Lisbon David Anderson (Lisbon),14,0,,
7,KIPP Columbus (Columbus),0,Bishop Watterson (Columbus),51,0,,
7,Middletown Christian (club) (Franklin),12,Landmark Eagles (club) (Cincinnati),43,0,,
7,Bridgeport,49,Brooke (Wellsburg),14,0,WV,WV
7,Capital (Charleston),6,Cabell Midland (Ona),66,0,WV,WV
7,Clay-Battelle (Blacksville),38,Hancock (Hancock),26,0,WV,MD
7,Keyser (Keyser),21,Weir (Weirton),49,0,WV,WV
7,Madonna (Weirton),0,Cameron (Cameron),36,0,WV,WV
7,Montcalm (Rock),24,Hundred (Hundred),6,0,WV,WV
7,Pendleton County,8,Tucker County,54,0,WV,WV
7,Point Pleasant (Point Pleasant),20,Fort Frye (Beverly),13,0,WV,
7,Roane County (Spencer),42,Ripley (Ripley),6,0,WV,WV
7,Robert C Byrd,44,Oak Glen (New Cumberland),8,0,WV,WV
7,South Harrison (Lost Creek),36,Valley (Wetzel) (Pine Grove),26,0,WV,WV
7,Tolsia,8,Tug Valley (Williamson),35,0,WV,WV
7,Tyler Consolidated,52,Magnolia (New Martinsville),20,0,WV,WV
7,Van (Van),22,Paden City (Paden City),46,0,WV,WV
7,Wheeling Park (Wheeling),26,Morgantown (Morgantown),16,0,WV,WV
7,Williamstown (Williamstown),12,St Marys (St Marys),8,0,WV,WV
7,Bishop Brossart (Alexandria),3,Paris,41,0,KY,KY
7,Covington Catholic (Park Hills),56,Grant County,6,0,KY,KY
7,Elizabethtown,7,Central (Louisville),60,0,KY,KY
7,Greenup County,14,Boyd County (Ashland),48,0,KY,KY
7,Highlands (Fort Thomas),51,Dixie Heights (Covington),21,0,KY,KY
7,Johnson Central,6,Corbin,34,0,KY,KY
7,Lawrence County,6,Belfry (Belfry),14,0,KY,KY
7,Ludlow,56,Bellevue,12,0,KY,KY
7,Morgan County,8,Holy Cross (Covington),14,0,KY,KY
7,Nicholas County,60,Fairview (Ashland),20,0,KY,KY
7,Paintsville,28,East Ridge,16,0,KY,KY
7,Pleasure Ridge Park,21,Meade County,20,0,KY,KY
7,Raceland (Raceland),43,Hazard,0,0,KY,KY
7,Rowan County,0,Ashland Blazer (Ashland),48,0,KY,KY
7,Russell (Russell),14,West Carter,9,0,KY,KY
7,South Oldham,14,Woodford County,30,0,KY,KY
7,St Xavier (Louisville),55,Ryle (Union),35,0,KY,KY
7,Trinity (Louisville),17,St Xavier (Cincinnati),3,0,KY,
7,Walton-Verona (Walton),3,Beechwood,53,0,KY,KY
7,Cooper (Union),41,Conner,7,0,KY,KY
7,Concord,42,Gobles,66,0,MI,MI
7,Detroit Central,44,Detroit Osborn,6,0,MI,MI
7,Detroit King,55,Detroit Renaissance,6,0,MI,MI
7,Detroit U of D Jesuit,19,Dearborn Divine Child,14,0,MI,MI
7,Litchfield,50,Waldron,0,0,MI,MI
7,Madison Heights Bishop Foley,6,Riverview Gabriel Richard (Riverview),56,0,MI,MI
7,Orchard Lake St Mary,7,River Rouge,35,0,MI,MI
7,Ottawa Lake-Whiteford,58,Erie-Mason,6,0,MI,MI
7,Petersburg-Summerfield,34,Sand Creek,38,0,MI,MI
7,Pittsford,46,Camden-Frontier,6,0,MI,MI
7,Reading,18,Hanover-Horton,34,0,MI,MI
7,Tekonsha,60,North Adams-Jerome,16,0,MI,MI
7,Vermontville Maple Valley,56,Britton-Deerfield (Britton),6,0,MI,MI
7,Warren De La Salle,67,St Francis de Sales (Toledo),7,0,MI,
7,Ypsilanti Lincoln,21,Bedford (Temperance),26,0,MI,MI
7,North Star,64,Everett,23,0,PA,PA
7,Canon McMillan,6,Central Catholic (Pittsburgh),49,0,PA,PA
7,Pine-Richland (Gibsonia),10,North Allegheny (Wexford),45,0,PA,PA
7,Farrell (Farrell),34,Wilmington (New Wilmington),6,0,PA,PA
7,Perry Traditional Academy (Pittsburgh),0,University Prep (USO co-op) (Pittsburgh),70,0,PA,PA
7,Westinghouse (Pittsburgh),22,Hollidaysburg,7,0,PA,PA
7,Brookville,49,Saint Marys,13,0,PA,PA
7,Cathedral Prep (Erie),13,McDowell (Erie),23,0,PA,PA
7,North East (North East),31,Lutheran East (Cleveland Heights),0,0,PA,
7,Greenville,0,Grove City,41,0,PA,PA
7,Central Valley (Monaca),42,Blackhawk,14,0,PA,PA
7,Andrean,0,Bishop Chatard (Indianapolis),41,0,IN,IN
7,Attica,0,Riverton Parke,53,0,IN,IN
7,Carmel,16,Ben Davis,45,0,IN,IN
7,Center Grove,48,Pike,17,0,IN,IN
7,Connersville,0,East Central (St Leon),64,0,IN,IN
7,Eastside,35,Fremont,0,0,IN,IN
7,Fort Wayne Bishop Dwenger,28,Fort Wayne Bishop Luers,29,0,IN,IN
7,Hagerstown,0,Winchester Community (Winchester),48,0,IN,IN
7,Cathedral (Indianapolis),39,La Salle (Cincinnati),26,0,IN,
7,Lawrenceburg (Lawrenceburg),48,Rushville Consolidated,14,0,IN,IN
7,Richmond,8,Logansport,50,0,IN,IN
7,Switzerland County,7,South Decatur,27,0,IN,IN
7,Elkhart (Elkhart),34,South Bend Adams,0,0,IN,IN
7,Irvington Prep (Indianapolis),18,Edinburgh,54,0,IN,IN
7,Baylor (Chattanooga),31,McCallie,34,0,TN,TN
7,Thomas Dale (Chester),31,Dinwiddie,28,0,VA,VA
7,Fort Hill (Cumberland),28,Briar Woods,0,0,MD,VA
7,Good Counsel (Wheaton),42,St Mary's Ryken (Leonardtown),6,0,MD,MD
7,Rock Creek Christian (Upper Marlboro),0,DeMatha Catholic (Hyattsville),42,0,MD,MD
7,Mt Zion Prep (Lanham),40,Life Christian Academy (Chester),12,0,MD,VA
7,St John's College (Washington),7,Massillon Washington (Massillon),28,0,DC,
7,Cathedral (Hamilton),6,St Jean de Brebeuf (Hamilton),37,0,ON,ON
7,St John Henry Newman (Stoney Creek),37,St Mary's (Hamilton),7,0,ON,ON
7,Bishop Ryan (Hamilton),0,Bishop Tonnos (Ancaster),42,0,ON,ON
7,FSU High (Tallahassee),31,Trinity Catholic (Ocala),28,0,FL,FL
7,Master's Academy (Oviedo),41,Mount Dora Christian Academy (Mount Dora),6,0,FL,FL
7,Beachwood (Beachwood),6,Trinity (Garfield Heights),42,0,,
7,Buchtel (Akron),43,Garfield (Akron),0,0,,
7,Dayton Christian (Miamisburg),7,Gamble Montessori (Cincinnati),48,0,,
7,East (Akron),14,Firestone (Akron),0,0,,
7,Johnstown (Johnstown),36,Newark Catholic (Newark),24,0,,
7,Newcomerstown (Newcomerstown),47,Tuscarawas Central Catholic (New Philadelphia),7,0,,
7,St Clairsville (St Clairsville),34,Bellaire (Bellaire),14,0,,
7,St Ignatius (Cleveland),7,St Edward (Lakewood),42,0,,
7,Valley Forge (Parma Heights),36,University School (Hunting Valley),39,0,,
7,Woodward (Cincinnati),0,Withrow (Cincinnati),56,0,,
7,Columbus Crusaders (club) (Columbus),41,Noblesville Lions (club) (Noblesville),8,0,,IN
7,John Marshall (Glen Dale),31,Warren (Vincent),20,0,WV,
7,Morenci,6,Indian River Inland Lakes,49,0,MI,MI
7,Carrick (Pittsburgh),0,Catholic Central (Steubenville),30,0,PA,
7,Erie (Erie),14,St Francis (Athol Springs),42,0,PA,NY
7,Cardinal O'Hara (Springfield),7,Neumann Goretti (Philadelphia),22,0,PA,PA
7,Penn Charter School,38,Kiski Prep (Saltsburg),0,0,PA,PA
7,Fort Wayne Blackhawk Christian,38,Cardinal Stritch Catholic (Oregon),43,0,IN,
7,Maret School (Washington),64,Wheeling Central Catholic (Wheeling),28,0,DC,WV
7,Canisius (Buffalo),42,Benedictine (Cleveland),18,0,NY,
7,Paramus Catholic (Paramus),0,Delbarton School (Morristown),45,0,NJ,NJ
7,Brother Rice (Bloomfield Hills),0,Novi Detroit Catholic Central (Novi),41,0,MI,MI
8,Africentric Early College (Columbus),6,Independence (Columbus),34,0,,
8,Arcanum (Arcanum),3,Preble Shawnee (Camden),41,0,,
8,Bowsher (Toledo),13,Start (Toledo),30,0,,
8,Briggs (Columbus),13,South (Columbus),0,0,,
8,Catholic Central (Springfield),13,Greenon (Enon),38,0,,
8,Thurgood Marshall (Dayton),38,Meadowdale (Dayton),6,0,,
8,Northland (Columbus),34,Mifflin (Columbus),0,0,,
8,Whetstone (Columbus),32,Linden McKinley (Columbus),30,0,,
8,Woodward (Cincinnati),0,Hughes (Cincinnati),34,0,,
8,Dixie Heights (Covington),42,Conner,15,0,KY,KY
8,Johnson Central,43,Rowan County,8,0,KY,KY
8,Cooper (Union),49,Scott (Covington),7,0,KY,KY
8,Detroit Douglass,0,Detroit Denby,50,0,MI,MI
8,Perry Traditional Academy (Pittsburgh),16,Carrick (Pittsburgh),26,0,PA,PA
8,Greenville,35,Iroquois,0,0,PA,PA
8,Ada (Ada),14,Spencerville (Spencerville),35,0,,
8,Adena (Frankfort),10,Westfall (Williamsport),56,0,,
8,Aiken (Cincinnati),6,Withrow (Cincinnati),46,0,,
8,Alliance (Alliance),41,West Branch (Beloit),49,0,,
8,Amanda-Clearcreek (Amanda),14,Logan Elm (Circleville),35,0,,
8,Anderson (Cincinnati),50,West Clermont (Cincinnati),5,0,,
8,Anna (Anna),8,Marion Local (Maria Stein),42,0,,
8,Ansonia (Ansonia),34,Tri-County North (Lewisburg),0,0,,
8,Archbishop Alter (Kettering),24,Badin (Hamilton),29,0,,
8,Archbold (Archbold),35,Wauseon (Wauseon),14,0,,
8,Lakeside (Ashtabula),6,Geneva (Geneva),49,0,,
8,Athens (The Plains),48,Wellston (Wellston),27,0,,
8,Avon Lake (Avon Lake),24,Olmsted Falls (Olmsted Falls),49,0,,
8,Ayersville (Defiance),30,Antwerp (Antwerp),24,0,,
8,Barberton (Barberton),51,Copley (Copley),47,0,,
8,Bath (Lima),27,Defiance (Defiance),28,0,,
8,Bay (Bay Village),44,Westlake (Westlake),28,0,,
8,Beallsville (Beallsville),0,Madonna (Weirton),38,0,,WV
8,Beaver Local (East Liverpool),48,Indian Creek (Wintersville),6,0,,
8,Bedford (Bedford),12,Maple Heights (Maple Heights),38,0,,
8,Beechcroft (Columbus),16,East (Columbus),22,0,,
8,Bellevue (Bellevue),12,Tiffin Columbian (Tiffin),43,0,,
8,Belmont (Dayton),0,Mount Healthy (Cincinnati),48,0,,
8,Belpre (Belpre),0,Southern (Racine),41,0,,
8,Berea-Midpark (Berea),31,North Ridgeville (North Ridgeville),7,0,,
8,Berkshire (Burton),35,Crestwood (Mantua),24,0,,
8,Bethel-Tate (Bethel),33,Blanchester (Blanchester),54,0,,
8,Bexley (Columbus),42,Whitehall-Yearling (Whitehall),35,0,,
8,Bishop Ready (Columbus),42,Buckeye Valley (Delaware),21,0,,
8,Bishop Watterson (Columbus),41,St Charles (Columbus),7,0,,
8,Black River (Sullivan),35,Brookside (Sheffield),0,0,,
8,Boardman (Youngstown),21,Dover (Dover),48,0,,
8,Brooklyn (Brooklyn),14,Trinity (Garfield Heights),21,0,,
8,Brunswick (Brunswick),0,Mentor (Mentor),41,0,,
8,Brush (Lyndhurst),21,Gilmour Academy (Gates Mills),47,0,,
8,Buckeye (Medina),17,Valley Forge (Parma Heights),28,0,,
8,Buckeye Local (Rayland),6,Edison (Richmond),41,0,,
8,Buckeye Trail (Lore City),40,Strasburg-Franklin (Strasburg),6,0,,
8,Bucyrus (Bucyrus),0,Carey (Carey),63,0,,
8,Butler (Vandalia),35,Sidney (Sidney),0,0,,
8,Harrison Central (Cadiz),28,Waterford (Waterford),14,0,,
8,Caldwell (Caldwell),6,Fort Frye (Beverly),35,0,,
8,Calvert (Tiffin),49,Woodmore (Elmore),0,0,,
8,Cambridge (Cambridge),21,Warren (Vincent),49,0,,
8,Canton McKinley (Canton),27,Jackson (Massillon),7,0,,
8,Cardinal (Middlefield),42,Grand Valley (Orwell),6,0,,
8,Cardinal Stritch Catholic (Oregon),7,Ottawa Hills (Toledo),70,0,,
8,Cardington-Lincoln (Cardington),0,Loudonville (Loudonville),49,0,,
8,Centennial (Columbus),28,KIPP Columbus (Columbus),34,0,,
8,Centerville (Centerville),24,Springfield (Springfield),16,0,,
8,Central Catholic (Toledo),42,Orchard Lake St Mary,0,0,,MI
8,Toledo Christian (Toledo),20,Holgate (Holgate),14,0,,
8,Central Crossing (Grove City),33,Newark (Newark),27,0,,
8,Chagrin Falls (Chagrin Falls),10,Perry (Perry),41,0,,
8,Chaminade Julienne (Dayton),56,Archbishop Carroll (Dayton),7,0,,
8,Champion (Warren),10,Crestview (Columbiana),37,0,,
8,Chardon (Chardon),49,Mayfield (Mayfield),7,0,,
8,Chillicothe (Chillicothe),7,Miami Trace (Washington Court House),47,0,,
8,Circleville (Circleville),0,Fairfield Union (Lancaster),42,0,,
8,Clay (Oregon),34,Napoleon (Napoleon),35,0,,
8,Claymont (Uhrichsville),19,Sandy Valley (Magnolia),48,0,,
8,Clear Fork (Bellville),21,Shelby (Shelby),36,0,,
8,Clearview (Lorain),13,Columbia (Columbia Station),20,0,,
8,Coldwater (Coldwater),35,New Bremen (New Bremen),21,0,,
8,Colerain (Cincinnati),7,Hamilton (Hamilton),23,0,,
8,Collinwood (Cleveland),0,Canton Central Catholic (Canton),52,0,,
8,Columbiana (Columbiana),43,East Palestine (East Palestine),20,0,,
8,Coshocton (Coshocton),41,Crooksville (Crooksville),14,0,,
8,Coventry (Akron),10,Field (Mogadore),35,0,,
8,Crestview (Convoy),0,Columbus Grove (Columbus Grove),37,0,,
8,Cuyahoga Heights (Cuyahoga Heights),42,Beachwood (Beachwood),0,0,,
8,Danville (Danville),52,Centerburg (Centerburg),22,0,,
8,Lisbon David Anderson (Lisbon),50,Leetonia (Leetonia),23,0,,
8,Delta (Delta),7,Patrick Henry (Hamler),50,0,,
8,Dublin Coffman (Dublin),21,Hilliard Davidson (Hilliard),20,0,,
8,Youngstown East (Youngstown),8,Struthers (Struthers),34,0,,
8,Sciotoville Community (Portsmouth),34,Symmes Valley (Willow Wood),12,0,,
8,Dublin Jerome (Dublin),17,Olentangy Berlin (Delaware),31,0,,
8,Eastern (Beaver),31,Notre Dame (Portsmouth),28,0,,
8,Eastern (Reedsville),21,Trimble (Glouster),20,0,,
8,Eastwood (Pemberville),45,Otsego (Tontogany),14,0,,
8,Eaton (Eaton),17,Brookville (Brookville),37,0,,
8,Edgerton (Edgerton),36,Hicksville (Hicksville),6,0,,
8,Edgewood (Ashtabula),24,Conneaut (Conneaut),27,0,,
8,Edison (Milan),30,Port Clinton (Port Clinton),0,0,,
8,Edon (Edon),62,Hilltop (West Unity),0,0,,
8,Elgin (Marion),30,Upper Scioto Valley (McGuffey),32,0,,
8,Elida (Elida),3,Wapakoneta (Wapakoneta),44,0,,
8,Elmwood (Bloomdale),6,McComb (McComb),61,0,,
8,Fairborn (Fairborn),20,Greenville (Greenville),18,0,,
8,Fairfield (Fairfield),28,Oak Hills (Cincinnati),35,0,,
8,Fairless (Brewster),35,Canton South (Canton),41,0,,
8,Fairview (Sherwood),16,Wayne Trace (Haviland),19,0,,
8,Fayetteville (Fayetteville),14,Clermont Northeastern (Batavia),21,0,,
8,Findlay (Findlay),42,Perrysburg (Perrysburg),35,0,,
8,Finneytown (Cincinnati),0,Indian Hill (Cincinnati),47,0,,
8,Firestone (Akron),28,North (Akron),0,0,,
8,Fort Loramie (Fort Loramie),35,Van Buren (Van Buren),12,0,,
8,Fort Recovery (Fort Recovery),29,Parkway (Rockford),14,0,,
8,Franklin (Franklin),27,Ross (Hamilton),41,0,,
8,Fredericktown (Fredericktown),0,East Knox (Howard),35,0,,
8,Galion (Galion),13,Pleasant (Marion),14,0,,
8,Gallia Academy (Gallipolis),44,Rock Hill (Ironton),7,0,,
8,Garfield (Garrettsville),49,Newton Falls (Newton Falls),14,0,,
8,GlenOak (Canton),42,Louisville (Louisville),7,0,,
8,Glenville (Cleveland),16,Archbishop Hoban (Akron),28,0,,
8,Goshen (Goshen),14,Wilmington (Wilmington),33,0,,
8,Grandview Heights (Columbus),42,Bishop Rosecrans (Zanesville),6,0,,
8,Green (Uniontown),14,Perry (Massillon),20,0,,
8,Grove City (Grove City),10,Pickerington North (Pickerington),48,0,,
8,Grove City Christian (Grove City),38,Berne Union (Sugar Grove),6,0,,
8,Groveport Madison (Groveport),0,Pickerington Central (Pickerington),42,0,,
8,Hamilton Township (Columbus),35,Liberty Union (Baltimore),14,0,,
8,Warren G Harding (Warren),24,Cardinal Mooney (Youngstown),21,0,,
8,Hardin Northern (Dola),64,Crestline (Crestline),0,0,,
8,Harrison (Harrison),47,Talawanda (Oxford),13,0,,
8,Delaware Hayes (Delaware),48,Dublin Scioto (Dublin),21,0,,
8,Highland (Medina),56,Revere (Richfield),20,0,,
8,Hilliard Darby (Hilliard),10,Olentangy (Lewis Center),36,0,,
8,Hillsdale (Jeromesville),28,Waynedale (Apple Creek),21,0,,
8,Holy Name (Parma Heights),9,Canfield (Canfield),42,0,,
8,Hoover (North Canton),7,Lake (Uniontown),21,0,,
8,Howland (Warren),15,Chaney (Youngstown),46,0,,
8,Hubbard (Hubbard),14,Lakeview (Cortland),28,0,,
8,Huntington (Chillicothe),0,Paint Valley (Bainbridge),41,0,,
8,Independence (Independence),26,Wickliffe (Wickliffe),7,0,,
8,Ironton (Ironton),54,Dawson-Bryant (Coal Grove),12,0,,
8,Jackson (Jackson),63,Hillsboro (Hillsboro),21,0,,
8,Jackson-Milton (North Jackson),14,Lowellville (Lowellville),35,0,,
8,John F Kennedy (Cleveland),6,John Marshall (Cleveland),41,0,,
8,John Hay (Cleveland),34,Rhodes (Cleveland),12,0,,
8,Jonathan Alder (Plain City),42,Kenton Ridge (Springfield),14,0,,
8,Keystone (La Grange),0,Firelands (Oberlin),35,0,,
8,Kings (Kings Mills),14,Lebanon (Lebanon),20,0,,
8,Kirtland (Kirtland),49,Harvey (Painesville),14,0,,
8,River Valley (Bidwell),12,Vinton County (McArthur),69,0,,
8,LaBrae (Leavittsburg),15,Liberty (Youngstown),35,0,,
8,Lake (Millbury),32,Fostoria (Fostoria),34,0,,
8,Lake Catholic (Mentor),41,Erie (Erie),28,0,,PA
8,Lakota (Kansas),3,Margaretta (Castalia),20,0,,
8,Lakota West (West Chester),34,Lakota East (Liberty Township),0,0,,
8,Lancaster (Lancaster),27,Reynoldsburg (Reynoldsburg),26,0,,
8,La Salle (Cincinnati),13,St Xavier (Cincinnati),24,0,,
8,Lehman Catholic (Sidney),50,Covington (Covington),6,0,,
8,Leipsic (Leipsic),0,Bluffton (Bluffton),34,0,,
8,Liberty-Benton (Findlay),33,Pandora-Gilboa (Pandora),28,0,,
8,Liberty Center (Liberty Center),48,Evergreen (Metamora),6,0,,
8,Lima Senior (Lima),47,Waite (Toledo),28,0,,
8,Lincoln West (Cleveland),12,East Technical (Cleveland),22,0,,
8,London (London),63,Tecumseh (New Carlisle),0,0,,
8,Loveland (Loveland),34,Little Miami (Morrow),26,0,,
8,Madeira (Cincinnati),44,Taylor (Cleves),35,0,,
8,Madison (Madison),44,Jefferson Area (Jefferson),7,0,,
8,Madison Comprehensive (Mansfield),38,Mount Vernon (Mount Vernon),0,0,,
8,Madison-Plains (London),0,Greeneview (Jamestown),55,0,,
8,Malvern (Malvern),21,Newcomerstown (Newcomerstown),7,0,,
8,Manchester (New Franklin),21,Triway (Wooster),24,0,,
8,Mansfield Senior (Mansfield),35,Wooster (Wooster),7,0,,
8,Mapleton (Ashland),26,Monroeville (Monroeville),35,0,,
8,Marion-Franklin (Columbus),34,West (Columbus),12,0,,
8,Marysville (Marysville),48,Thomas Worthington (Worthington),7,0,,
8,Mathews (Vienna),0,Pymatuning Valley (Andover),48,0,,
8,Maumee (Maumee),50,Rossford (Rossford),42,0,,
8,Maysville (Zanesville),0,Sheridan (Thornville),48,0,,
8,Sebring McKinley (Sebring),44,Stryker (Stryker),24,0,,
8,Archbishop McNicholas (Cincinnati),35,Bishop Fenwick (Franklin),14,0,,
8,Mechanicsburg (Mechanicsburg),13,West Liberty-Salem (West Liberty),19,0,,
8,Medina (Medina),52,Cleveland Heights (Cleveland Heights),62,0,,
8,Meigs (Pomeroy),15,Marietta (Marietta),48,0,,
8,Campbell Memorial (Campbell),8,Brookfield (Brookfield),48,0,,
8,St Marys Memorial (St Marys),59,Kenton (Kenton),32,0,,
8,Miami East (Casstown),0,Riverside (De Graff),30,0,,
8,Miamisburg (Miamisburg),28,Beavercreek (Beavercreek),10,0,,
8,Miami Valley Christian Academy (Cincinnati),7,Lockland (Lockland),24,0,,
8,Middletown (Middletown),15,Princeton (Cincinnati),41,0,,
8,Midview (Grafton),7,Avon (Avon),45,0,,
8,Milford (Milford),3,Winton Woods (Cincinnati),0,0,,
8,Miller (Corning),21,Fairfield Christian Academy (Lancaster),28,0,,
8,Millersport (Millersport),2,Fisher Catholic (Lancaster),33,0,,
8,Milton-Union (West Milton),34,Bethel (Tipp City),0,0,,
8,Mineral Ridge (Mineral Ridge),10,Springfield (New Middletown),23,0,,
8,Minerva (Minerva),7,Marlington (Alliance),49,0,,
8,Minford (Minford),23,Logan (Logan),21,0,,
8,Minster (Minster),21,St John's (Delphos),10,0,,
8,Mississinawa Valley (Union City),0,National Trail (New Paris),55,0,,
8,Monroe (Monroe),6,Bellbrook (Bellbrook),49,0,,
8,Monroe Central (Woodsfield),0,Barnesville (Barnesville),48,0,,
8,Montpelier (Montpelier),21,Northwood (Northwood),12,0,,
8,Nelsonville-York (Nelsonville),33,Alexander (Albany),0,0,,
8,New Albany (New Albany),55,Westland (Galloway),22,0,,
8,Newark Catholic (Newark),28,Lakewood (Hebron),7,0,,
8,New Lexington (New Lexington),42,Meadowbrook (Byesville),12,0,,
8,New London (New London),6,Wellington (Wellington),40,0,,
8,New Miami (Hamilton),0,Cincinnati Country Day (Cincinnati),49,0,,
8,New Philadelphia (New Philadelphia),21,Lexington (Lexington),14,0,,
8,New Richmond (New Richmond),34,Batavia (Batavia),52,0,,
8,Nordonia (Macedonia),14,Hudson (Hudson),17,0,,
8,Normandy (Parma),32,Lakewood (Lakewood),21,0,,
8,North (Eastlake),10,South (Willoughby),3,0,,
8,North College Hill (Cincinnati),26,Summit Country Day (Cincinnati),27,0,,
8,Northeastern (Springfield),13,Fairbanks (Milford Center),0,0,,
8,Northmor (Galion),31,Mount Gilead (Mount Gilead),3,0,,
8,North Olmsted (North Olmsted),42,Fairview (Fairview Park),14,0,,
8,Northridge (Johnstown),0,Heath (Heath),55,0,,
8,North Royalton (North Royalton),28,Twinsburg (Twinsburg),31,0,,
8,North Union (Richwood),41,Benjamin Logan (Bellefontaine),9,0,,
8,Norton (Norton),48,Cloverleaf (Lodi),12,0,,
8,Norwalk (Norwalk),3,Perkins (Sandusky),52,0,,
8,Northwest (Canal Fulton),16,Cuyahoga Valley Christian Academy (Cuyahoga Falls),39,0,,
8,Northwestern (Springfield),12,Graham Local (St Paris),0,0,,
8,Northwestern (West Salem),15,Smithville (Smithville),32,0,,
8,Norwayne (Creston),50,Chippewa (Doylestown),0,0,,
8,Notre Dame-Cathedral Latin (Chardon),0,Walsh Jesuit (Cuyahoga Falls),34,0,,
8,Oak Harbor (Oak Harbor),21,Genoa Area (Genoa),0,0,,
8,Oak Hill (Oak Hill),13,Valley (Lucasville),40,0,,
8,Oakwood (Dayton),35,Carlisle (Carlisle),14,0,,
8,Olentangy Liberty (Powell),13,Hilliard Bradley (Hilliard),20,0,,
8,Ontario (Ontario),34,Marion Harding (Marion),0,0,,
8,Orange (Pepper Pike),13,Hawken (Gates Mills),47,0,,
8,Orrville (Orrville),35,Tuslaw (Massillon),18,0,,
8,Olentangy Orange (Lewis Center),0,Upper Arlington (Upper Arlington),10,0,,
8,Ottawa-Glandorf (Ottawa),7,Celina (Celina),27,0,,
8,Padua Franciscan (Parma),20,Brecksville-Broadview Heights (Broadview Heights),35,0,,
8,Ponitz Tech (Dayton),15,Northwest (Cincinnati),31,0,,
8,Paulding (Paulding),0,Tinora (Defiance),56,0,,
8,Perry (Lima),7,Waynesfield-Goshen (Waynesfield),50,0,,
8,Philo (Duncan Falls),35,Tri-Valley (Dresden),52,0,,
8,Plymouth (Plymouth),14,Lucas (Lucas),49,0,,
8,Poland Seminary (Poland),38,Girard (Girard),35,0,,
8,Portsmouth (Portsmouth),27,Fairland (Proctorville),43,0,,
8,Portsmouth West (West Portsmouth),48,Northwest (McDermott),6,0,,
8,Purcell Marian (Cincinnati),53,Norwood (Norwood),6,0,,
8,Ravenna (Ravenna),48,Springfield (Akron),0,0,,
8,Reading (Reading),48,Deer Park (Cincinnati),14,0,,
8,Ridgedale (Morral),34,Cory-Rawson (Rawson),7,0,,
8,Ridgemont (Mt Victory),52,North Baltimore (North Baltimore),24,0,,
8,Ridgewood (West Lafayette),12,Indian Valley (Gnadenhutten),34,0,,
8,Rittman (Rittman),6,Dalton (Dalton),47,0,,
8,River (Hannibal),28,Shenandoah (Sarahsville),24,0,,
8,Riverdale (Mt Blanchard),0,Arlington (Arlington),14,0,,
8,Riverside (Painesville),35,Kenston (Chagrin Falls),36,0,,
8,River Valley (Caledonia),38,Highland (Marengo),37,0,,
8,River View (Warsaw),0,John Glenn (New Concord),63,0,,
8,Rocky River (Rocky River),35,Elyria Catholic (Elyria),21,0,,
8,Roger Bacon (St Bernard),35,Cincinnati Hills Christian Academy (Cincinnati),42,0,,
8,Rogers (Toledo),6,Scott (Toledo),41,0,,
8,Kent Roosevelt (Kent),7,Aurora (Aurora),45,0,,
8,St Francis DeSales (Columbus),12,Bishop Hartley (Columbus),15,0,,
8,St Henry (St Henry),6,Versailles (Versailles),28,0,,
8,St John's Jesuit (Toledo),14,Novi Detroit Catholic Central (Novi),35,0,,MI
8,Villa Angela-St Joseph (Cleveland),18,Ursuline (Youngstown),38,0,,
8,St Joseph Central Catholic (Fremont),0,Hopewell-Loudon (Bascom),53,0,,
8,St Mary Central Catholic (Sandusky),48,Danbury (Lakeside),22,0,,
8,St Paul (Norwalk),33,Crestview (Ashland),7,0,,
8,St Vincent-St Mary (Akron),13,Harvest Prep (Canal Winchester),20,0,,
8,Salem (Salem),7,Carrollton (Carrollton),21,0,,
8,Sandusky (Sandusky),32,Clyde (Clyde),22,0,,
8,Seneca East (Attica),30,Mohawk (Sycamore),7,0,,
8,Shadyside (Shadyside),14,Wheeling Central Catholic (Wheeling),48,0,,WV
8,Shaw (East Cleveland),0,Lorain (Lorain),57,0,,
8,Shawnee (Springfield),35,Indian Lake (Lewistown),0,0,,
8,Shroder (Cincinnati),46,Dayton Christian (Miamisburg),13,0,,
8,Southeast (Ravenna),6,Mogadore (Mogadore),47,0,,
8,Southeastern (Chillicothe),26,Piketon (Piketon),46,0,,
8,Southeastern Local (South Charleston),21,Cedarville (Cedarville),13,0,,
8,South Gallia (Crown City),36,Green (Franklin Furnace),19,0,,
8,South Point (South Point),38,Chesapeake (Chesapeake),20,0,,
8,South Range (Canfield),48,Niles McKinley (Niles),14,0,,
8,Springboro (Springboro),24,Northmont (Clayton),31,0,,
8,Springfield (Holland),6,Anthony Wayne (Whitehouse),51,0,,
8,Stebbins (Riverside),0,Troy (Troy),35,0,,
8,Amherst Steele (Amherst),41,Elyria (Elyria),46,0,,
8,Stow-Munroe Falls (Stow),7,Wadsworth (Wadsworth),49,0,,
8,Streetsboro (Streetsboro),48,Woodridge (Peninsula),16,0,,
8,Strongsville (Strongsville),7,Shaker Heights (Shaker Heights),23,0,,
8,Swanton (Swanton),0,Bryan (Bryan),42,0,,
8,Sycamore (Cincinnati),21,Mason (Mason),10,0,,
8,Sylvania Southview (Sylvania),26,Fremont Ross (Fremont),14,0,,
8,Tallmadge (Tallmadge),48,Cuyahoga Falls (Cuyahoga Falls),7,0,,
8,Teays Valley (Ashville),7,Bloom-Carroll (Carroll),42,0,,
8,Toronto (Toronto),48,Conotton Valley (Bowerston),0,0,,
8,Tri-Village (New Madison),72,Dixie (New Lebanon),0,0,,
8,Trotwood-Madison (Trotwood),28,Dunbar (Dayton),8,0,,
8,Troy Christian (Troy),7,Northridge (Dayton),40,0,,
8,Turpin (Cincinnati),34,Walnut Hills (Cincinnati),19,0,,
8,Tuscarawas Central Catholic (New Philadelphia),0,East Canton (East Canton),41,0,,
8,Tuscarawas Valley (Zoarville),0,Garaway (Sugarcreek),58,0,,
8,Twin Valley South (West Alexandria),41,Bradford (Bradford),8,0,,
8,Union Local (Belmont),6,St Clairsville (St Clairsville),39,0,,
8,Upper Sandusky (Upper Sandusky),48,Buckeye Central (New Washington),42,0,,
8,Urbana (Urbana),14,Bellefontaine (Bellefontaine),44,0,,
8,Utica (Utica),24,Johnstown (Johnstown),30,0,,
8,Valley View (Germantown),49,Edgewood (Trenton),26,0,,
8,Vanlue (Vanlue),0,Arcadia (Arcadia),73,0,,
8,Van Wert (Van Wert),40,Shawnee (Lima),26,0,,
8,Vermilion (Vermilion),0,Huron (Huron),56,0,,
8,Walnut Ridge (Columbus),44,Eastmoor Academy (Columbus),19,0,,
8,Warrensville Heights (Warrensville Heights),28,Garfield Heights (Garfield Heights),12,0,,
8,Massillon Washington (Massillon),42,Austintown-Fitch (Austintown),7,0,,
8,Washington (Washington Court House),49,McClain (Greenfield),25,0,,
8,Waterloo (Atwater),8,Western Reserve (Berlin Center),61,0,,
8,Watkins Memorial (Pataskala),30,Licking Heights (Pataskala),20,0,,
8,Waverly (Waverly),7,Wheelersburg (Wheelersburg),40,0,,
8,Wayne (Huber Heights),27,Kettering Fairmont (Kettering),23,0,,
8,Waynesville (Waynesville),42,Madison (Middletown),0,0,,
8,West Carrollton (West Carrollton),6,Tippecanoe (Tipp City),42,0,,
8,Western Brown (Mount Orab),14,Clinton-Massie (Clarksville),63,0,,
8,Western Hills (Cincinnati),0,Taft (Cincinnati),61,0,,
8,Western Reserve (Collins),44,South Central (Greenwich),22,0,,
8,Westerville Central (Westerville),0,Gahanna Lincoln (Gahanna),17,0,,
8,Westerville North (Westerville),23,Big Walnut (Sunbury),12,0,,
8,Westerville South (Westerville),14,Canal Winchester (Canal Winchester),35,0,,
8,West Geauga (Chesterland),0,Lutheran West (Rocky River),12,0,,
8,West Holmes (Millersburg),20,Ashland (Ashland),6,0,,
8,West Jefferson (West Jefferson),34,Triad (North Lewisburg),0,0,,
8,West Muskingum (Zanesville),42,Morgan (McConnelsville),13,0,,
8,Whitmer (Toledo),42,Sylvania Northview (Sylvania),0,0,,
8,Willard (Willard),7,Gibsonburg (Gibsonburg),48,0,,
8,Williamsburg (Williamsburg),47,East Clinton (Sabina),8,0,,
8,Windham (Windham),6,McDonald (McDonald),40,0,,
8,Woodward (Toledo),14,Bowling Green (Bowling Green),83,0,,
8,Worthington Christian (Worthington),6,Columbus Academy (Gahanna),42,0,,
8,Worthington Kilbourne (Columbus),14,Franklin Heights (Columbus),34,0,,
8,Wynford (Bucyrus),34,Colonel Crawford (North Robinson),37,0,,
8,Wyoming (Cincinnati),17,Mariemont (Cincinnati),14,0,,
8,Xenia (Xenia),7,Piqua (Piqua),17,0,,
8,Zanesville (Zanesville),0,Granville (Granville),41,0,,
8,Zane Trace (Chillicothe),14,Unioto (Chillicothe),27,0,,
8,Cincinnati College Prep (Cincinnati),8,North Central (Pioneer),24,1,,
8,Southern Buckeye (club) (Russellville),30,Manchester (Manchester),32,0,,
8,Buffalo (Buffalo),12,Nitro,55,0,WV,WV
8,Cameron (Cameron),64,Valley (Wetzel) (Pine Grove),14,0,WV,WV
8,John Marshall (Glen Dale),10,Keyser (Keyser),35,0,WV,WV
8,Magnolia (New Martinsville),20,Frontier (New Matamoras),21,0,WV,
8,Meadow Bridge,38,Clay-Battelle (Blacksville),22,0,WV,WV
8,Musselman,14,Cabell Midland (Ona),42,0,WV,WV
8,Oak Glen (New Cumberland),6,Brooke (Wellsburg),47,0,WV,WV
8,Paden City (Paden City),52,Hundred (Hundred),8,0,WV,WV
8,Saint Albans,14,Ripley (Ripley),41,0,WV,WV
8,St Marys (St Marys),39,Webster County,0,0,WV,WV
8,Tucker County,34,Moorefield,13,0,WV,WV
8,Tug Valley (Williamson),48,River View (Bradshaw),0,0,WV,WV
8,Weir (Weirton),48,Martins Ferry (Martins Ferry),21,0,WV,
8,Williamstown (Williamstown),62,Calhoun,7,0,WV,WV
8,Mingo Central (Matewan),20,Point Pleasant (Point Pleasant),14,0,WV,WV
8,Linsly (Wheeling),28,Licking Valley (Newark),35,0,WV,
8,Ashland Blazer (Ashland),43,Boyd County (Ashland),15,0,KY,KY
8,Bellevue,14,Dayton (Dayton),38,0,KY,KY
8,Boone County,7,Highlands (Fort Thomas),53,0,KY,KY
8,Corbin,39,Letcher County Central,14,0,KY,KY
8,Fairview (Ashland),0,Raceland (Raceland),67,0,KY,KY
8,Hazard,3,Paintsville,14,0,KY,KY
8,Holy Cross (Covington),14,Bishop Brossart (Alexandria),35,0,KY,KY
8,Lewis County (Vanceburg),14,Russell (Russell),38,0,KY,KY
8,Ludlow,41,Trimble County,6,0,KY,KY
8,Madison Central,7,Frederick Douglass (Lexington),44,0,KY,KY
8,Newport (Newport),6,Newport Central Catholic,22,0,KY,KY
8,Owen County,0,Beechwood,67,0,KY,KY
8,Ryle (Union),38,Campbell County (Alexandria),37,0,KY,KY
8,Scott County (Georgetown),43,South Oldham,14,0,KY,KY
8,St Xavier (Louisville),36,DuPont Manual,37,0,KY,KY
8,Trinity (Louisville),44,Ballard,10,0,KY,KY
8,Adrian Lenawee Christian,58,North Adams-Jerome,6,0,MI,MI
8,Ann Arbor Huron,28,Bedford (Temperance),21,0,MI,MI
8,Dearborn Divine Child,42,St Francis de Sales (Toledo),35,0,MI,
8,Detroit Communication Media Arts,0,Detroit Central,50,0,MI,MI
8,Detroit King,49,Detroit Southeastern,6,0,MI,MI
8,Morenci,14,Concord,52,0,MI,MI
8,Quincy,27,Erie-Mason,52,0,MI,MI
8,Reading,0,Ottawa Lake-Whiteford,58,0,MI,MI
8,River Rouge,36,Euclid (Euclid),6,0,MI,
8,Riverview Gabriel Richard (Riverview),26,Macomb Lutheran North,29,0,MI,MI
8,Sand Creek,28,Springport,14,0,MI,MI
8,Tekonsha,0,Litchfield,24,0,MI,MI
8,Union City,44,Petersburg-Summerfield,6,0,MI,MI
8,Britton-Deerfield (Britton),6,Martin,50,0,MI,MI
8,Detroit East English (Detroit),0,Detroit Cass Tech,62,0,MI,MI
8,Everett,13,Windber,42,0,PA,PA
8,Central Catholic (Pittsburgh),19,Pine-Richland (Gibsonia),26,0,PA,PA
8,Montour,21,Central Valley (Monaca),20,0,PA,PA
8,Taylor Allderdice (Pittsburgh),0,Steubenville (Steubenville),36,0,PA,
8,Brashear (Pittsburgh),0,University Prep (USO co-op) (Pittsburgh),46,0,PA,PA
8,Westinghouse (Pittsburgh),36,Butler,7,0,PA,PA
8,Brookville,64,Bradford,20,0,PA,PA
8,Meadville,13,McDowell (Erie),52,0,PA,PA
8,Corry (Corry),30,North East (North East),49,0,PA,PA
8,Sharpsville,6,Farrell (Farrell),62,0,PA,PA
8,Neumann Goretti (Philadelphia),6,Bonner-Prendergast,0,0,PA,PA
8,Ben Davis,26,Lawrence Central,23,0,IN,IN
8,Covington,54,Attica,6,0,IN,IN
8,Fort Wayne Blackhawk Christian,0,Greenwood Christian,35,0,IN,IN
8,Fort Wayne Snider,33,Fort Wayne Bishop Dwenger,13,0,IN,IN
8,Fremont,30,Prairie Heights,20,0,IN,IN
8,Greensburg,0,East Central (St Leon),62,0,IN,IN
8,Cathedral (Indianapolis),42,Roncalli (Indianapolis),0,0,IN,IN
8,Kokomo,43,Richmond,0,0,IN,IN
8,Lawrence North,23,Center Grove,43,0,IN,IN
8,Lawrenceburg (Lawrenceburg),52,Connersville,7,0,IN,IN
8,South Decatur,7,Milan,49,0,IN,IN
8,Tri,32,Hagerstown,0,0,IN,IN
8,Indianapolis Shortridge (Indianapolis),6,Bishop Chatard (Indianapolis),42,0,IN,IN
8,Elkhart (Elkhart),14,Mishawaka Marian,27,0,IN,IN
8,Irvington Prep (Indianapolis),0,Monroe Central,45,0,IN,IN
8,Life Christian Academy (Chester),7,Elder (Cincinnati),49,0,VA,
8,Mountain Ridge (Frostburg),14,Fort Hill (Cumberland),37,0,MD,MD
8,Gonzaga (Washington),7,DeMatha Catholic (Hyattsville),14,0,DC,MD
8,Seton Hall Prep (West Orange),40,Paramus Catholic (Paramus),27,0,NJ,NJ
8,Middletown (Middletown),14,Smyrna (Smyrna),12,0,DE,DE
8,St Thomas More (Hamilton),25,Bishop Ryan (Hamilton),8,0,ON,ON
8,St Mary's (Hamilton),1,St Jean de Brebeuf (Hamilton),23,0,ON,ON
8,Bishop Tonnos (Ancaster),7,St John Henry Newman (Stoney Creek),6,0,ON,ON
8,Master's Academy (Oviedo),43,Legacy (Ocoee),0,0,FL,FL
8,Trinity Catholic (Ocala),3,Calvary Christian (Clearwater),31,0,FL,FL
8,IMG Academy (Bradenton),49,Bartram Trail (Jacksonville),20,0,FL,FL
8,Lowndes,27,Valdosta (Valdosta),37,0,GA,GA
8,Allen East (Harrod),41,Jefferson (Delphos),0,0,,
8,Bridgeport (Bridgeport),0,Catholic Central (Steubenville),35,0,,
8,East (Akron),14,Buchtel (Akron),11,0,,
8,East Liverpool (East Liverpool),14,Bellaire (Bellaire),31,0,,
8,Ellet (Akron),27,Garfield (Akron),12,0,,
8,Fairport Harding (Fairport Harbor),12,St John School (Ashtabula),0,0,,
8,Lutheran East (Cleveland Heights),0,Cleveland Central Catholic (Cleveland),14,0,,
8,St Bernard-Elmwood Place (St Bernard),32,Clark Montessori (Cincinnati),8,0,,
8,St Ignatius (Cleveland),7,Archbishop Moeller (Cincinnati),47,0,,
8,St Thomas Aquinas (Louisville),8,John F Kennedy (Warren),45,0,,
8,Southern (Salineville),46,Valley Christian School (Youngstown),36,0,,
8,United (Hanoverton),48,Wellsville (Wellsville),0,0,,
8,Landmark Eagles (club) (Cincinnati),7,Columbus Crusaders (club) (Columbus),27,0,,
8,Camden-Frontier,48,Waldron,14,0,MI,MI
8,Warren De La Salle,53,Brother Rice (Bloomfield Hills),7,0,MI,MI
8,Cathedral Prep (Erie),28,Benedictine (Cleveland),6,0,PA,
8,Noblesville Lions (club) (Noblesville),14,Middletown Christian (club) (Franklin),18,0,IN,
8,Good Counsel (Wheaton),28,St John's College (Washington),7,0,MD,DC
8,Rock Creek Christian (Upper Marlboro),42,Trinity Episcopal School (Richmond),7,0,MD,VA
8,St Francis (Athol Springs),44,St Joseph's Collegiate (Buffalo),6,0,NY,NY
8,Huron Heights,7,Canisius (Buffalo),41,0,ON,NY
8,Football North (via Clarkson SS) (Mississauga),15,St Edward (Lakewood),35,0,ON,
9,Trotwood-Madison (Trotwood),35,Meadowdale (Dayton),0,0,,
9,Belmont (Dayton),0,Dunbar (Dayton),52,0,,
9,Canfield (Canfield),34,Howland (Warren),7,0,,
9,East (Columbus),38,Centennial (Columbus),8,0,,
9,East Technical (Cleveland),28,John Marshall (Cleveland),56,0,,
9,Garfield Heights (Garfield Heights),22,Maple Heights (Maple Heights),28,0,,
9,Geneva (Geneva),42,Madison (Madison),21,0,,
9,Green (Franklin Furnace),0,Sciotoville Community (Portsmouth),39,0,,
9,John F Kennedy (Cleveland),0,Glenville (Cleveland),41,0,,
9,Lorain (Lorain),12,Bedford (Bedford),15,0,,
9,Rogers (Toledo),48,Bowsher (Toledo),19,0,,
9,South (Columbus),12,Africentric Early College (Columbus),18,0,,
9,Taft (Cincinnati),41,Aiken (Cincinnati),0,0,,
9,Tippecanoe (Tipp City),46,Stebbins (Riverside),0,0,,
9,Tri-County North (Lewisburg),38,Mississinawa Valley (Union City),21,0,,
9,Valley Forge (Parma Heights),40,Normandy (Parma),37,0,,
9,Dayton (Dayton),8,Newport Central Catholic,49,0,KY,KY
9,DeSales (Louisville),21,Jeffersontown,18,0,KY,KY
9,Grant County,6,Mason County,50,0,KY,KY
9,Newport (Newport),68,Bellevue,24,0,KY,KY
9,Southern (Louisville),12,Bullitt East,40,0,KY,KY
9,Westinghouse (Pittsburgh),52,Brashear (Pittsburgh),14,0,PA,PA
9,Erie (Erie),50,Fort LeBoeuf,13,0,PA,PA
9,Adena (Frankfort),41,Piketon (Piketon),44,0,,
9,Anderson (Cincinnati),31,Turpin (Cincinnati),7,0,,
9,Ansonia (Ansonia),48,Preble Shawnee (Camden),20,0,,
9,Antwerp (Antwerp),38,Paulding (Paulding),6,0,,
9,Archbishop Alter (Kettering),21,Bishop Fenwick (Franklin),0,0,,
9,Athens (The Plains),54,River Valley (Bidwell),8,0,,
9,Aurora (Aurora),35,Barberton (Barberton),33,0,,
9,Austintown-Fitch (Austintown),36,Boardman (Youngstown),0,0,,
9,Avon (Avon),63,Amherst Steele (Amherst),28,0,,
9,Badin (Hamilton),27,Chaminade Julienne (Dayton),13,0,,
9,Barnesville (Barnesville),51,Shenandoah (Sarahsville),12,0,,
9,Beachwood (Beachwood),6,Independence (Independence),31,0,,
9,Beaver Local (East Liverpool),61,Cambridge (Cambridge),14,0,,
9,Beavercreek (Beavercreek),7,Northmont (Clayton),45,0,,
9,Bellaire (Bellaire),14,Union Local (Belmont),20,0,,
9,Bellefontaine (Bellefontaine),28,Jonathan Alder (Plain City),23,0,,
9,Bellevue (Bellevue),30,Port Clinton (Port Clinton),14,0,,
9,Belpre (Belpre),6,Eastern (Reedsville),49,0,,
9,Bexley (Columbus),7,Bishop Ready (Columbus),56,0,,
9,Bishop Hartley (Columbus),49,KIPP Columbus (Columbus),6,0,,
9,Bishop Rosecrans (Zanesville),34,Miller (Corning),62,0,,
9,Bishop Watterson (Columbus),48,Harrison (Harrison),13,0,,
9,Black River (Sullivan),19,Clearview (Lorain),26,0,,
9,Blanchester (Blanchester),54,Fayetteville (Fayetteville),20,0,,
9,Bloom-Carroll (Carroll),28,Hamilton Township (Columbus),31,0,,
9,Bluffton (Bluffton),42,Allen East (Harrod),0,0,,
9,Bradford (Bradford),6,Tri-Village (New Madison),48,0,,
9,Brecksville-Broadview Heights (Broadview Heights),0,Twinsburg (Twinsburg),21,0,,
9,Bridgeport (Bridgeport),7,Shadyside (Shadyside),41,0,,
9,Briggs (Columbus),34,Walnut Ridge (Columbus),18,0,,
9,Brookside (Sheffield),7,Columbia (Columbia Station),35,0,,
9,Brookville (Brookville),21,Valley View (Germantown),49,0,,
9,Brush (Lyndhurst),20,Benedictine (Cleveland),42,0,,
9,Bryan (Bryan),26,Wauseon (Wauseon),27,0,,
9,Buckeye Central (New Washington),55,Bucyrus (Bucyrus),14,0,,
9,Buckeye Local (Rayland),0,River (Hannibal),48,0,,
9,Butler (Vandalia),42,West Carrollton (West Carrollton),6,0,,
9,Caldwell (Caldwell),20,Toronto (Toronto),54,0,,
9,Canal Winchester (Canal Winchester),24,Delaware Hayes (Delaware),21,0,,
9,Carey (Carey),61,Upper Sandusky (Upper Sandusky),14,0,,
9,Carlisle (Carlisle),27,Madison (Middletown),20,0,,
9,Archbishop Carroll (Dayton),14,Archbishop McNicholas (Cincinnati),49,0,,
9,Carrollton (Carrollton),14,West Branch (Beloit),49,0,,
9,Catholic Central (Steubenville),44,Conotton Valley (Bowerston),20,0,,
9,Centerburg (Centerburg),7,Northmor (Galion),48,0,,
9,Central Crossing (Grove City),30,Reynoldsburg (Reynoldsburg),22,0,,
9,Chaney (Youngstown),16,Ursuline (Youngstown),32,0,,
9,Chillicothe (Chillicothe),0,Washington (Washington Court House),13,0,,
9,Cincinnati Country Day (Cincinnati),41,Lockland (Lockland),0,0,,
9,Clinton-Massie (Clarksville),48,Batavia (Batavia),0,0,,
9,Cloverleaf (Lodi),35,Coventry (Akron),0,0,,
9,Clyde (Clyde),6,Huron (Huron),28,0,,
9,Colonel Crawford (North Robinson),41,Mohawk (Sycamore),12,0,,
9,Tiffin Columbian (Tiffin),44,Norwalk (Norwalk),7,0,,
9,Columbus Academy (Gahanna),41,Buckeye Valley (Delaware),8,0,,
9,Columbus Grove (Columbus Grove),56,Ada (Ada),6,0,,
9,Conneaut (Conneaut),6,Lakeside (Ashtabula),30,0,,
9,Copley (Copley),22,Revere (Richfield),39,0,,
9,Cory-Rawson (Rawson),14,Ridgemont (Mt Victory),48,0,,
9,Crestview (Ashland),27,Western Reserve (Collins),26,0,,
9,Crestview (Columbiana),7,Garfield (Garrettsville),56,0,,
9,Crestwood (Mantua),6,Kirtland (Kirtland),56,0,,
9,Cuyahoga Falls (Cuyahoga Falls),7,Highland (Medina),58,0,,
9,Cuyahoga Valley Christian Academy (Cuyahoga Falls),35,Orrville (Orrville),13,0,,
9,Dalton (Dalton),34,Norwayne (Creston),29,0,,
9,Danville (Danville),53,Mount Gilead (Mount Gilead),20,0,,
9,Lisbon David Anderson (Lisbon),14,Southern (Salineville),42,0,,
9,Defiance (Defiance),0,Celina (Celina),17,0,,
9,Delta (Delta),0,Liberty Center (Liberty Center),51,0,,
9,Dixie (New Lebanon),7,Arcanum (Arcanum),47,0,,
9,Dublin Scioto (Dublin),0,Big Walnut (Sunbury),37,0,,
9,Youngstown East (Youngstown),18,Cardinal Mooney (Youngstown),48,0,,
9,East Canton (East Canton),14,Buckeye Trail (Lore City),45,0,,
9,East Clinton (Sabina),26,Clermont Northeastern (Batavia),0,0,,
9,East Liverpool (East Liverpool),40,Oak Glen (New Cumberland),20,0,,WV
9,Eastmoor Academy (Columbus),14,Marion-Franklin (Columbus),36,0,,
9,East Palestine (East Palestine),29,Leetonia (Leetonia),6,0,,
9,Edgewood (Ashtabula),54,Jefferson Area (Jefferson),7,0,,
9,Edgewood (Trenton),42,Franklin (Franklin),27,0,,
9,Edison (Milan),34,Vermilion (Vermilion),14,0,,
9,Edison (Richmond),12,Harrison Central (Cadiz),27,0,,
9,Edon (Edon),8,Elmwood (Bloomdale),52,0,,
9,Elder (Cincinnati),7,Bishop Chatard (Indianapolis),34,0,,IN
9,Elida (Elida),0,St Marys Memorial (St Marys),43,0,,
9,Elyria (Elyria),28,Midview (Grafton),35,0,,
9,Elyria Catholic (Elyria),21,Fairview (Fairview Park),6,0,,
9,Euclid (Euclid),12,Cleveland Heights (Cleveland Heights),28,0,,
9,Evergreen (Metamora),30,Swanton (Swanton),21,0,,
9,Fairbanks (Milford Center),14,West Jefferson (West Jefferson),21,0,,
9,Fairfield (Fairfield),36,Middletown (Middletown),30,0,,
9,Fairfield Christian Academy (Lancaster),56,Millersport (Millersport),8,0,,
9,Fairfield Union (Lancaster),35,Amanda-Clearcreek (Amanda),14,0,,
9,Fairland (Proctorville),56,Dawson-Bryant (Coal Grove),22,0,,
9,Field (Mogadore),0,Norton (Norton),41,0,,
9,Findlay (Findlay),40,Whitmer (Toledo),14,0,,
9,Firelands (Oberlin),42,Oberlin (Oberlin),0,0,,
9,Fort Loramie (Fort Loramie),7,Lucas (Lucas),34,0,,
9,Fort Recovery (Fort Recovery),25,Anna (Anna),35,0,,
9,Fostoria (Fostoria),38,Maumee (Maumee),51,0,,
9,Franklin Heights (Columbus),13,Westerville South (Westerville),37,0,,
9,Fredericktown (Fredericktown),38,Cardington-Lincoln (Cardington),16,0,,
9,Fremont Ross (Fremont),71,Waite (Toledo),8,0,,
9,Frontier (New Matamoras),6,Monroe Central (Woodsfield),41,0,,
9,Genoa Area (Genoa),56,Rossford (Rossford),0,0,,
9,Gibsonburg (Gibsonburg),0,Margaretta (Castalia),28,0,,
9,Gilmour Academy (Gates Mills),48,Buckeye (Medina),34,0,,
9,Girard (Girard),21,Hubbard (Hubbard),14,0,,
9,GlenOak (Canton),7,Canton McKinley (Canton),3,0,,
9,Goshen (Goshen),34,Western Brown (Mount Orab),31,0,,
9,Graham Local (St Paris),0,North Union (Richwood),34,0,,
9,Grand Valley (Orwell),0,Berkshire (Burton),40,0,,
9,Greeneview (Jamestown),33,Catholic Central (Springfield),14,0,,
9,Greenon (Enon),13,Cedarville (Cedarville),21,0,,
9,Greenville (Greenville),6,Xenia (Xenia),43,0,,
9,Grove City Christian (Grove City),21,Worthington Christian (Worthington),22,0,,
9,Hamilton (Hamilton),28,Sycamore (Cincinnati),21,0,,
9,Marion Harding (Marion),0,Pleasant (Marion),36,0,,
9,Warren G Harding (Warren),14,Massillon Washington (Massillon),48,0,,
9,Hardin Northern (Dola),13,Upper Scioto Valley (McGuffey),24,0,,
9,Harvey (Painesville),18,Cardinal (Middlefield),19,0,,
9,Hawken (Gates Mills),40,Chagrin Falls (Chagrin Falls),20,0,,
9,Heath (Heath),56,Newark Catholic (Newark),21,0,,
9,Hicksville (Hicksville),0,Fairview (Sherwood),35,0,,
9,Highland (Marengo),21,Clear Fork (Bellville),11,0,,
9,Hilliard Bradley (Hilliard),28,Olentangy Orange (Lewis Center),7,0,,
9,Hilliard Darby (Hilliard),30,Thomas Worthington (Worthington),0,0,,
9,Hillsdale (Jeromesville),45,Northwestern (West Salem),21,0,,
9,Hilltop (West Unity),8,Northwood (Northwood),35,0,,
9,Holy Name (Parma Heights),34,Lakewood (Lakewood),6,0,,
9,Hoover (North Canton),34,Green (Uniontown),41,0,,
9,Hopewell-Loudon (Bascom),50,Woodmore (Elmore),6,0,,
9,Hudson (Hudson),14,North Royalton (North Royalton),9,0,,
9,Indian Hill (Cincinnati),21,Wyoming (Cincinnati),3,0,,
9,Indian Valley (Gnadenhutten),51,Tuscarawas Valley (Zoarville),6,0,,
9,Ironton (Ironton),27,Gallia Academy (Gallipolis),17,0,,
9,Jackson (Massillon),20,Canton Central Catholic (Canton),0,0,,
9,Jackson-Milton (North Jackson),26,Fairport Harding (Fairport Harbor),20,0,,
9,Jefferson (Delphos),0,Leipsic (Leipsic),33,0,,
9,Johnstown (Johnstown),38,Lakewood (Hebron),34,0,,
9,Garfield (Akron),8,East (Akron),35,0,,
9,Kenton (Kenton),18,Van Wert (Van Wert),41,0,,
9,Kenton Ridge (Springfield),0,London (London),48,0,,
9,Kettering Fairmont (Kettering),6,Centerville (Centerville),21,0,,
9,Kings (Kings Mills),40,Little Miami (Morrow),21,0,,
9,Lakeview (Cortland),0,Poland Seminary (Poland),28,0,,
9,Lakota (Kansas),62,St Joseph Central Catholic (Fremont),0,0,,
9,La Salle (Cincinnati),28,Novi Detroit Catholic Central (Novi),35,0,,MI
9,Lebanon (Lebanon),21,Walnut Hills (Cincinnati),7,0,,
9,Lehman Catholic (Sidney),48,Troy Christian (Troy),6,0,,
9,Lexington (Lexington),31,Madison Comprehensive (Mansfield),21,0,,
9,Liberty (Youngstown),49,Champion (Warren),0,0,,
9,Liberty-Benton (Findlay),42,Arcadia (Arcadia),3,0,,
9,Liberty Union (Baltimore),21,Circleville (Circleville),7,0,,
9,Licking Valley (Newark),20,Granville (Granville),45,0,,
9,Gahanna Lincoln (Gahanna),56,Grove City (Grove City),28,0,,
9,Logan (Logan),14,Fort Frye (Beverly),26,0,,
9,Logan Elm (Circleville),35,Teays Valley (Ashville),28,0,,
9,Loudonville (Loudonville),28,East Knox (Howard),42,0,,
9,Louisville (Louisville),8,South Range (Canfield),38,0,,
9,Lowellville (Lowellville),40,Waterloo (Atwater),8,0,,
9,Lutheran West (Rocky River),55,Orange (Pepper Pike),14,0,,
9,Madeira (Cincinnati),49,Finneytown (Cincinnati),7,0,,
9,Madison-Plains (London),7,Southeastern Local (South Charleston),55,0,,
9,Manchester (New Franklin),9,Fairless (Brewster),19,0,,
9,Mansfield Senior (Mansfield),31,Mount Vernon (Mount Vernon),0,0,,
9,Mariemont (Cincinnati),13,Deer Park (Cincinnati),21,0,,
9,Marietta (Marietta),41,Point Pleasant (Point Pleasant),47,0,,WV
9,Marion Local (Maria Stein),41,St Henry (St Henry),7,0,,
9,Marlington (Alliance),37,Salem (Salem),20,0,,
9,Mason (Mason),7,Lakota West (West Chester),10,0,,
9,Mayfield (Mayfield),12,Riverside (Painesville),14,0,,
9,McClain (Greenfield),14,Jackson (Jackson),62,0,,
9,Niles McKinley (Niles),0,Struthers (Struthers),21,0,,
9,Sebring McKinley (Sebring),0,Toledo Christian (Toledo),52,0,,
9,Meigs (Pomeroy),18,Wellston (Wellston),28,0,,
9,Campbell Memorial (Campbell),0,LaBrae (Leavittsburg),37,0,,
9,Mentor (Mentor),42,Strongsville (Strongsville),0,0,,
9,Miami East (Casstown),21,Bethel (Tipp City),10,0,,
9,Miami Trace (Washington Court House),13,Hillsboro (Hillsboro),14,0,,
9,Mifflin (Columbus),14,Linden McKinley (Columbus),6,0,,
9,Mineral Ridge (Mineral Ridge),14,Western Reserve (Berlin Center),28,0,,
9,Minerva (Minerva),0,Alliance (Alliance),61,0,,
9,Montpelier (Montpelier),7,Ottawa Hills (Toledo),48,0,,
9,Morgan (McConnelsville),69,Meadowbrook (Byesville),26,0,,
9,Mount Healthy (Cincinnati),46,Talawanda (Oxford),9,0,,
9,Napoleon (Napoleon),21,Bowling Green (Bowling Green),0,0,,
9,National Trail (New Paris),11,Twin Valley South (West Alexandria),27,0,,
9,New Albany (New Albany),17,Pickerington North (Pickerington),21,0,,
9,Newark (Newark),19,Groveport Madison (Groveport),47,0,,
9,New Bremen (New Bremen),14,Minster (Minster),40,0,,
9,Newcomerstown (Newcomerstown),41,Strasburg-Franklin (Strasburg),18,0,,
9,New Lexington (New Lexington),35,Crooksville (Crooksville),0,0,,
9,New Miami (Hamilton),0,St Bernard-Elmwood Place (St Bernard),55,0,,
9,Newton Falls (Newton Falls),20,Brookfield (Brookfield),55,0,,
9,North (Eastlake),0,Chardon (Chardon),56,0,,
9,North Baltimore (North Baltimore),39,Crestline (Crestline),0,0,,
9,North Central (Pioneer),70,Vanlue (Vanlue),6,0,,
9,North College Hill (Cincinnati),0,Cincinnati Hills Christian Academy (Cincinnati),36,0,,
9,Northeastern (Springfield),25,Mechanicsburg (Mechanicsburg),28,0,,
9,Northridge (Dayton),20,Milton-Union (West Milton),21,0,,
9,North Ridgeville (North Ridgeville),23,Avon Lake (Avon Lake),17,0,,
9,Northwest (Cincinnati),8,St Francis DeSales (Columbus),49,0,,
9,Northwest (McDermott),23,Waverly (Waverly),67,0,,
9,Northwestern (Springfield),14,Indian Lake (Lewistown),35,0,,
9,Notre Dame (Portsmouth),48,Symmes Valley (Willow Wood),12,0,,
9,Oak Harbor (Oak Harbor),35,Eastwood (Pemberville),21,0,,
9,Oak Hill (Oak Hill),14,Portsmouth West (West Portsmouth),49,0,,
9,Oak Hills (Cincinnati),17,Lakota East (Liberty Township),7,0,,
9,Oakwood (Dayton),13,Bellbrook (Bellbrook),37,0,,
9,Olentangy Berlin (Delaware),34,Marysville (Marysville),14,0,,
9,Olentangy (Lewis Center),35,Dublin Jerome (Dublin),20,0,,
9,Olentangy Liberty (Powell),6,Hilliard Davidson (Hilliard),10,0,,
9,Olmsted Falls (Olmsted Falls),21,Berea-Midpark (Berea),35,0,,
9,Otsego (Tontogany),46,Lake (Millbury),14,0,,
9,Padua Franciscan (Parma),21,Notre Dame-Cathedral Latin (Chardon),7,0,,
9,Pandora-Gilboa (Pandora),61,Riverdale (Mt Blanchard),0,0,,
9,Parkway (Rockford),8,St John's (Delphos),42,0,,
9,Patrick Henry (Hamler),22,Archbold (Archbold),59,0,,
9,Ponitz Tech (Dayton),0,Thurgood Marshall (Dayton),48,0,,
9,Perkins (Sandusky),31,Sandusky (Sandusky),14,0,,
9,Perry (Lima),0,Elgin (Marion),61,0,,
9,Perry (Massillon),14,Lake (Uniontown),37,0,,
9,Perry (Perry),34,West Geauga (Chesterland),0,0,,
9,Perrysburg (Perrysburg),47,Springfield (Holland),6,0,,
9,Philo (Duncan Falls),12,John Glenn (New Concord),37,0,,
9,Pickerington Central (Pickerington),21,Lancaster (Lancaster),14,0,,
9,Piqua (Piqua),17,Sidney (Sidney),21,0,,
9,Plymouth (Plymouth),7,Monroeville (Monroeville),48,0,,
9,Princeton (Cincinnati),44,Colerain (Cincinnati),7,0,,
9,Richmond Heights (Richmond Heights),12,McComb (McComb),56,0,,
9,Ridgewood (West Lafayette),32,Claymont (Uhrichsville),13,0,,
9,Riverside (De Graff),51,Covington (Covington),7,0,,
9,River Valley (Caledonia),35,Galion (Galion),42,0,,
9,River View (Warsaw),0,Maysville (Zanesville),56,0,,
9,Rock Hill (Ironton),33,Chesapeake (Chesapeake),21,0,,
9,Rocky River (Rocky River),28,Bay (Bay Village),21,0,,
9,Roger Bacon (St Bernard),17,Purcell Marian (Cincinnati),41,0,,
9,Kent Roosevelt (Kent),17,Tallmadge (Tallmadge),18,0,,
9,Rootstown (Rootstown),35,Southeast (Ravenna),7,0,,
9,Ross (Hamilton),41,Monroe (Monroe),14,0,,
9,St Charles (Columbus),30,Lutheran East (Cleveland Heights),0,0,,
9,St Francis de Sales (Toledo),0,Central Catholic (Toledo),69,0,,
9,St John School (Ashtabula),6,Pymatuning Valley (Andover),60,0,,
9,St John's Jesuit (Toledo),3,Warren De La Salle,35,0,,MI
9,Villa Angela-St Joseph (Cleveland),45,St Vincent-St Mary (Akron),14,0,,
9,St Thomas Aquinas (Louisville),6,Mogadore (Mogadore),53,0,,
9,Sandy Valley (Magnolia),10,Garaway (Sugarcreek),14,0,,
9,Scott (Toledo),26,Lima Senior (Lima),62,0,,
9,Seneca East (Attica),34,Wynford (Bucyrus),66,0,,
9,Shaker Heights (Shaker Heights),38,Medina (Medina),70,0,,
9,Shaw (East Cleveland),6,Warrensville Heights (Warrensville Heights),58,0,,
9,Shawnee (Lima),15,Ottawa-Glandorf (Ottawa),16,0,,
9,Shawnee (Springfield),41,Benjamin Logan (Bellefontaine),7,0,,
9,Shelby (Shelby),37,Ontario (Ontario),31,0,,
9,Smithville (Smithville),14,Rittman (Rittman),28,0,,
9,Solon (Solon),0,Brunswick (Brunswick),34,0,,
9,Canton South (Canton),34,Tuslaw (Massillon),3,0,,
9,South (Willoughby),14,Kenston (Chagrin Falls),37,0,,
9,South Gallia (Crown City),8,Eastern (Beaver),27,0,,
9,Southern (Racine),58,Manchester (Manchester),14,0,,
9,South Point (South Point),7,Portsmouth (Portsmouth),21,0,,
9,Spencerville (Spencerville),0,Crestview (Convoy),42,0,,
9,Springboro (Springboro),40,Wayne (Huber Heights),8,0,,
9,Springfield (Akron),6,Streetsboro (Streetsboro),76,0,,
9,Springfield (New Middletown),28,McDonald (McDonald),7,0,,
9,Springfield (Springfield),30,Miamisburg (Miamisburg),27,0,,
9,Stow-Munroe Falls (Stow),10,Nordonia (Macedonia),41,0,,
9,Summit Country Day (Cincinnati),47,Norwood (Norwood),28,0,,
9,Sylvania Northview (Sylvania),0,Anthony Wayne (Whitehouse),48,0,,
9,Sylvania Southview (Sylvania),32,Clay (Oregon),25,0,,
9,Taylor (Cleves),20,Reading (Reading),55,0,,
9,Tecumseh (New Carlisle),7,Urbana (Urbana),69,0,,
9,Tinora (Defiance),38,Edgerton (Edgerton),0,0,,
9,Triad (North Lewisburg),14,West Liberty-Salem (West Liberty),56,0,,
9,Trimble (Glouster),8,Waterford (Waterford),14,0,,
9,Trinity (Garfield Heights),0,Cuyahoga Heights (Cuyahoga Heights),33,0,,
9,Tri-Valley (Dresden),28,Sheridan (Thornville),17,0,,
9,Triway (Wooster),31,Northwest (Canal Fulton),26,0,,
9,Troy (Troy),49,Fairborn (Fairborn),14,0,,
9,Tuscarawas Central Catholic (New Philadelphia),0,Malvern (Malvern),63,0,,
9,Unioto (Chillicothe),45,Paint Valley (Bainbridge),7,0,,
9,University School (Hunting Valley),0,Steubenville (Steubenville),28,0,,
9,Upper Arlington (Upper Arlington),21,Dublin Coffman (Dublin),3,0,,
9,Utica (Utica),20,Northridge (Johnstown),0,0,,
9,Valley (Lucasville),34,Grandview Heights (Columbus),35,0,,
9,Van Buren (Van Buren),6,Arlington (Arlington),28,0,,
9,Versailles (Versailles),14,Coldwater (Coldwater),21,0,,
9,Vinton County (McArthur),13,Nelsonville-York (Nelsonville),7,0,,
9,Walsh Jesuit (Cuyahoga Falls),62,Lake Catholic (Mentor),38,0,,
9,Wapakoneta (Wapakoneta),38,Bath (Lima),0,0,,
9,Warren (Vincent),48,Alexander (Albany),7,0,,
9,Watkins Memorial (Pataskala),34,Zanesville (Zanesville),0,0,,
9,Waynedale (Apple Creek),16,Chippewa (Doylestown),14,0,,
9,Waynesfield-Goshen (Waynesfield),53,Ridgedale (Morral),20,0,,
9,Waynesville (Waynesville),29,Eaton (Eaton),32,0,,
9,Wayne Trace (Haviland),35,Ayersville (Defiance),38,0,,
9,Wellington (Wellington),14,Keystone (La Grange),22,0,,
9,Wellsville (Wellsville),7,Columbiana (Columbiana),53,0,,
9,West (Columbus),6,Independence (Columbus),48,0,,
9,Western Hills (Cincinnati),54,Woodward (Cincinnati),22,0,,
9,Westfall (Williamsport),41,Huntington (Chillicothe),14,0,,
9,West Clermont (Cincinnati),0,Milford (Milford),27,0,,
9,West Holmes (Millersburg),9,New Philadelphia (New Philadelphia),8,0,,
9,Westlake (Westlake),54,North Olmsted (North Olmsted),49,0,,
9,Westland (Galloway),0,Westerville Central (Westerville),38,0,,
9,West Muskingum (Zanesville),57,Coshocton (Coshocton),56,0,,
9,Wheelersburg (Wheelersburg),51,Minford (Minford),0,0,,
9,Whetstone (Columbus),12,Northland (Columbus),37,0,,
9,Whitehall-Yearling (Whitehall),35,Beechcroft (Columbus),34,0,,
9,Wickliffe (Wickliffe),35,Brooklyn (Brooklyn),21,0,,
9,Willard (Willard),0,Calvert (Tiffin),41,0,,
9,Williamsburg (Williamsburg),20,Bethel-Tate (Bethel),22,0,,
9,Wilmington (Wilmington),50,New Richmond (New Richmond),15,0,,
9,Windham (Windham),6,Mathews (Vienna),14,0,,
9,Winton Woods (Cincinnati),21,Loveland (Loveland),9,0,,
9,Withrow (Cincinnati),50,Hughes (Cincinnati),7,0,,
9,Woodridge (Peninsula),21,Ravenna (Ravenna),7,0,,
9,Woodward (Toledo),0,Start (Toledo),50,0,,
9,Wooster (Wooster),0,Ashland (Ashland),34,0,,
9,Harvest Prep (Canal Winchester),34,Licking Heights (Pataskala),18,0,,
9,Worthington Kilbourne (Columbus),13,Westerville North (Westerville),41,0,,
9,Valley Christian School (Youngstown),6,United (Hanoverton),38,0,,
9,Zane Trace (Chillicothe),49,Southeastern (Chillicothe),16,0,,
9,Clark Montessori (Cincinnati),48,Miami Valley Christian Academy (Cincinnati),9,0,,
9,Dohn Community (Cincinnati),18,McDowell (Erie),49,0,,PA
9,West Union (club) (West Union),6,Peebles (club) (Peebles),66,0,,
9,Brooke (Wellsburg),49,John Marshall (Glen Dale),23,0,WV,WV
9,Buffalo (Buffalo),0,Tolsia,43,0,WV,WV
9,Cabell Midland (Ona),28,Hurricane,31,0,WV,WV
9,Clay-Battelle (Blacksville),6,Cameron (Cameron),59,0,WV,WV
9,Greenbrier East,39,Ripley (Ripley),23,0,WV,WV
9,Hundred (Hundred),22,Hancock (Hancock),28,0,WV,MD
9,Magnolia (New Martinsville),6,St Marys (St Marys),47,0,WV,WV
9,Paden City (Paden City),42,Beallsville (Beallsville),28,0,WV,
9,Richwood,6,Madonna (Weirton),62,0,WV,WV
9,Sherman (Seth),38,Van (Van),8,0,WV,WV
9,Tug Valley (Williamson),42,Mount View,6,0,WV,WV
9,Weir (Weirton),34,Albert Gallatin (Uniontown),0,0,WV,PA
9,Wheeling Central Catholic (Wheeling),22,Martins Ferry (Martins Ferry),16,0,WV,
9,Wheeling Park (Wheeling),21,St Clairsville (St Clairsville),14,0,WV,
9,Linsly (Wheeling),21,Dover (Dover),42,0,WV,
9,Ballard,48,Oldham County,7,0,KY,KY
9,Beechwood,55,Carroll County,0,0,KY,KY
9,Belfry (Belfry),49,Estill County,7,0,KY,KY
9,Bishop Brossart (Alexandria),7,Ludlow,20,0,KY,KY
9,Boone County,7,Cooper (Union),49,0,KY,KY
9,Boyd County (Ashland),44,Rowan County,18,0,KY,KY
9,Campbell County (Alexandria),21,Simon Kenton,57,0,KY,KY
9,Central (Louisville),6,Christian Academy-Louisville,13,0,KY,KY
9,Conner,7,Highlands (Fort Thomas),58,0,KY,KY
9,DuPont Manual,27,Pleasure Ridge Park,11,0,KY,KY
9,Eastern (Louisville),0,Trinity (Louisville),45,0,KY,KY
9,Harrison County,6,Covington Catholic (Park Hills),56,0,KY,KY
9,Johnson Central,33,Greenup County,13,0,KY,KY
9,Meade County,0,St Xavier (Louisville),43,0,KY,KY
9,Paintsville,7,Pikeville (Pikeville),46,0,KY,KY
9,Paris,13,Raceland (Raceland),43,0,KY,KY
9,Phelps,27,Fairview (Ashland),56,0,KY,KY
9,Russell (Russell),38,Bath County,8,0,KY,KY
9,Ryle (Union),35,Great Crossing (Georgetown),21,0,KY,KY
9,Scott (Covington),7,Dixie Heights (Covington),67,0,KY,KY
9,South Oldham,39,North Bullitt,6,0,KY,KY
9,Trimble County,6,Holy Cross (Covington),48,0,KY,KY
9,Whitley County,0,Corbin,49,0,KY,KY
9,Brother Rice (Bloomfield Hills),7,Orchard Lake St Mary,41,0,MI,MI
9,Camden-Frontier,50,Litchfield,6,0,MI,MI
9,Dearborn Divine Child,6,Pontiac Notre Dame (Pontiac),49,0,MI,MI
9,Detroit Central,28,Detroit Denby,29,1,MI,MI
9,Detroit King,23,Detroit Cass Tech,24,1,MI,MI
9,Erie-Mason,20,Reading,32,0,MI,MI
9,North Adams-Jerome,32,Waldron,26,0,MI,MI
9,Ottawa Lake-Whiteford,45,Union City,7,0,MI,MI
9,Petersburg-Summerfield,36,Quincy,6,0,MI,MI
9,Riverview Gabriel Richard (Riverview),42,Bloomfield Hills Cranbrook Kingswood,7,0,MI,MI
9,Sand Creek,8,Bronson,6,0,MI,MI
9,Tekonsha,24,Athens,12,0,MI,MI
9,Bedford (Temperance),21,Monroe,15,0,MI,MI
9,Britton-Deerfield (Britton),16,Concord,38,0,MI,MI
9,Detroit University Prep Science and Math (Detroit),0,River Rouge,60,0,MI,MI
9,Everett,26,Tussey Mountain,28,0,PA,PA
9,Butler,7,Cathedral Prep (Erie),54,0,PA,PA
9,Penn Hills,12,Central Catholic (Pittsburgh),45,0,PA,PA
9,Shaler,14,Pine-Richland (Gibsonia),38,0,PA,PA
9,Ambridge,12,Central Valley (Monaca),56,0,PA,PA
9,Brownsville,0,Meyersdale,45,0,PA,PA
9,Karns City,14,Brookville,44,0,PA,PA
9,Hickory (Hermitage),38,Greenville,7,0,PA,PA
9,North East (North East),31,Harbor Creek (Harborcreek),12,0,PA,PA
9,University Prep (USO co-op) (Pittsburgh),8,Taylor Allderdice (Pittsburgh),0,0,PA,PA
9,Neumann Goretti (Philadelphia),28,Conwell-Egan,14,0,PA,PA
9,Attica,0,South Vermillion,48,0,IN,IN
9,Center Grove,45,Cathedral (Indianapolis),38,0,IN,IN
9,East Central (St Leon),41,Roncalli (Indianapolis),7,0,IN,IN
9,Fort Wayne Bishop Dwenger,47,Fort Wayne Concordia Lutheran,16,0,IN,IN
9,Fort Wayne Blackhawk Christian,0,Fremont,34,0,IN,IN
9,Hagerstown,27,Northeastern,20,0,IN,IN
9,Harrison (West Lafayette),42,Richmond,6,0,IN,IN
9,New Prairie,16,Elkhart (Elkhart),8,0,IN,IN
9,North Central (Indianapolis),3,Ben Davis,50,0,IN,IN
9,South Dearborn,21,Lawrenceburg (Lawrenceburg),42,0,IN,IN
9,South Decatur,38,Dayton Christian (Miamisburg),15,0,IN,
9,Irvington Prep (Indianapolis),0,Christel House - Manual (Indianapolis),68,0,IN,IN
9,Father Ryan (Nashville),10,McCallie,40,0,TN,TN
9,Petersburg,21,Dinwiddie,61,0,VA,VA
9,Life Christian Academy (Chester),10,Baylor (Chattanooga),49,0,VA,TN
9,DeMatha Catholic (Hyattsville),28,Good Counsel (Wheaton),34,0,MD,MD
9,Rock Creek Christian (Upper Marlboro),12,Mt Zion Prep (Lanham),26,0,MD,MD
9,Canisius (Buffalo),13,Lancaster (Lancaster),28,0,NY,NY
9,St Peter's Prep,28,Paramus Catholic (Paramus),27,0,NJ,NJ
9,St Thomas More (Hamilton),38,St Jean de Brebeuf (Hamilton),0,0,ON,ON
9,Cathedral (Hamilton),0,Bishop Tonnos (Ancaster),45,0,ON,ON
9,Bishop Ryan (Hamilton),0,St John Henry Newman (Stoney Creek),37,0,ON,ON
9,Master's Academy (Oviedo),28,Providence School (Jacksonville),42,0,FL,FL
9,Pine Forest (Pensacola),14,IMG Academy (Bradenton),55,0,FL,FL
9,Valdosta (Valdosta),24,Richmond Hill,14,0,GA,GA
9,Berne Union (Sugar Grove),6,Fisher Catholic (Lancaster),8,0,,
9,Cardinal Stritch Catholic (Oregon),0,Lima Central Catholic (Lima),53,0,,
9,Chalker (Southington),32,Holgate (Holgate),58,0,,
9,Cleveland Central Catholic (Cleveland),28,John F Kennedy (Warren),13,0,,
9,Ellet (Akron),24,Firestone (Akron),26,0,,
9,Archbishop Hoban (Akron),28,St Francis (Athol Springs),13,0,,NY
9,Indian Creek (Wintersville),40,Mapleton (Ashland),12,0,,
9,Archbishop Moeller (Cincinnati),21,St Edward (Lakewood),28,0,,
9,North (Akron),0,Buchtel (Akron),46,0,,
9,St Xavier (Cincinnati),21,St Ignatius (Cleveland),14,0,,
9,South Central (Greenwich),6,St Paul (Norwalk),54,0,,
9,Stryker (Stryker),14,Danbury (Lakeside),40,0,,
9,Wadsworth (Wadsworth),35,Fort Hill (Cumberland),36,0,,MD
9,Gamble Montessori (Cincinnati),20,Cincinnati College Prep (Cincinnati),30,0,,
9,Middletown Christian (club) (Franklin),6,Landmark Eagles (club) (Cincinnati),21,0,,
9,Frederick Douglass (Lexington),34,Bryan Station,14,0,KY,KY
9,Morenci,6,St Mary Central Catholic (Sandusky),40,0,MI,
9,Sharon (Sharon),0,Farrell (Farrell),20,0,PA,PA
9,Noblesville Lions (club) (Noblesville),20,Columbus Crusaders (club) (Columbus),47,0,IN,
9,Trinity Episcopal School (Richmond),20,St Michael the Archangel (Fredericksburg),27,0,VA,VA
9,Bishop McNamara (Forestville),14,St John's College (Washington),23,0,MD,DC
9,St Joseph's Collegiate (Buffalo),0,Huron Heights,28,0,NY,ON
9,Middletown (Middletown),31,Paul M. Hodgson Vo-Tech (Newark),14,0,DE,DE
10,Buckeye Valley (Delaware),23,Whitehall-Yearling (Whitehall),7,0,,
10,Claymont (Uhrichsville),0,Indian Valley (Gnadenhutten),38,0,,
10,Elgin (Marion),26,Hardin Northern (Dola),21,0,,
10,Lutheran East (Cleveland Heights),8,Gilmour Academy (Gates Mills),27,0,,
10,Marion-Franklin (Columbus),6,South (Columbus),0,0,,
10,Northland (Columbus),27,Beechcroft (Columbus),20,0,,
10,Ponitz Tech (Dayton),0,Dunbar (Dayton),36,0,,
10,Waite (Toledo),36,Woodward (Toledo),0,0,,
10,Warrensville Heights (Warrensville Heights),6,Bedford (Bedford),20,0,,
10,Woodward (Cincinnati),6,Taft (Cincinnati),33,0,,
10,Highlands (Fort Thomas),57,Scott (Covington),6,0,KY,KY
10,Perry Traditional Academy (Pittsburgh),8,University Prep (USO co-op) (Pittsburgh),32,1,PA,PA
10,Dinwiddie,70,Prince George,21,0,VA,VA
10,Hancock (Hancock),7,Paden City (Paden City),47,0,MD,WV
10,Gray Collegiate Academy (West Columbia),7,IMG Academy (Bradenton),53,0,SC,FL
10,Africentric Early College (Columbus),36,Eastmoor Academy (Columbus),0,0,,
10,Aiken (Cincinnati),8,Hughes (Cincinnati),39,0,,
10,Alexander (Albany),8,Meigs (Pomeroy),46,0,,
10,Allen East (Harrod),49,Ada (Ada),7,0,,
10,Alliance (Alliance),36,Marlington (Alliance),0,0,,
10,Amanda-Clearcreek (Amanda),11,Liberty Union (Baltimore),6,0,,
10,Anderson (Cincinnati),41,Kings (Kings Mills),21,0,,
10,Anna (Anna),40,Parkway (Rockford),6,0,,
10,Anthony Wayne (Whitehouse),35,Perrysburg (Perrysburg),10,0,,
10,Arcadia (Arcadia),14,Riverdale (Mt Blanchard),28,0,,
10,Arcanum (Arcanum),28,Bradford (Bradford),34,0,,
10,Archbishop Alter (Kettering),21,Chaminade Julienne (Dayton),14,0,,
10,Archbold (Archbold),42,Bryan (Bryan),21,0,,
10,Arlington (Arlington),0,Lucas (Lucas),30,0,,
10,Ashland (Ashland),14,Lexington (Lexington),24,0,,
10,Lakeside (Ashtabula),20,Edgewood (Ashtabula),38,0,,
10,Aurora (Aurora),9,Highland (Medina),7,0,,
10,Austintown-Fitch (Austintown),14,Warren G Harding (Warren),13,0,,
10,Avon Lake (Avon Lake),0,Avon (Avon),45,0,,
10,Badin (Hamilton),38,Archbishop McNicholas (Cincinnati),35,0,,
10,Barberton (Barberton),49,Cuyahoga Falls (Cuyahoga Falls),14,0,,
10,Barnesville (Barnesville),40,Union Local (Belmont),19,0,,
10,Batavia (Batavia),34,Goshen (Goshen),47,0,,
10,Bath (Lima),0,St Marys Memorial (St Marys),31,0,,
10,Beallsville (Beallsville),32,Van (Van),8,0,,WV
10,Bellbrook (Bellbrook),37,Ross (Hamilton),13,0,,
10,Belpre (Belpre),31,Clay-Battelle (Blacksville),13,0,,WV
10,Benedictine (Cleveland),7,St Vincent-St Mary (Akron),20,0,,
10,Benjamin Logan (Bellefontaine),8,Graham Local (St Paris),31,0,,
10,Berkshire (Burton),20,Harvey (Painesville),21,0,,
10,Berne Union (Sugar Grove),0,Fairfield Christian Academy (Lancaster),35,0,,
10,Bethel (Tipp City),21,Troy Christian (Troy),22,0,,
10,Bethel-Tate (Bethel),60,Fayetteville (Fayetteville),7,0,,
10,Big Walnut (Sunbury),17,Canal Winchester (Canal Winchester),0,0,,
10,Bishop Ready (Columbus),28,Columbus Academy (Gahanna),7,0,,
10,Bishop Watterson (Columbus),24,St Francis DeSales (Columbus),27,0,,
10,Bluffton (Bluffton),7,Columbus Grove (Columbus Grove),14,0,,
10,Bowling Green (Bowling Green),14,Fremont Ross (Fremont),40,0,,
10,Bowsher (Toledo),6,Scott (Toledo),39,0,,
10,Brookfield (Brookfield),25,Garfield (Garrettsville),60,0,,
10,Brooklyn (Brooklyn),0,Cuyahoga Heights (Cuyahoga Heights),25,0,,
10,Brookside (Sheffield),7,Clearview (Lorain),48,0,,
10,Brookville (Brookville),43,Franklin (Franklin),21,0,,
10,Buckeye Trail (Lore City),16,Newcomerstown (Newcomerstown),13,0,,
10,Harrison Central (Cadiz),49,Buckeye Local (Rayland),7,0,,
10,Calvert (Tiffin),7,Hopewell-Loudon (Bascom),19,0,,
10,Cambridge (Cambridge),13,St Clairsville (St Clairsville),55,0,,
10,Canfield (Canfield),45,Boardman (Youngstown),7,0,,
10,Cardinal Mooney (Youngstown),16,Ursuline (Youngstown),35,0,,
10,Carey (Carey),55,Seneca East (Attica),6,0,,
10,Archbishop Carroll (Dayton),0,Bishop Fenwick (Franklin),42,0,,
10,Carrollton (Carrollton),34,Minerva (Minerva),0,0,,
10,Catholic Central (Springfield),28,Madison-Plains (London),0,0,,
10,Catholic Central (Steubenville),6,Toronto (Toronto),17,0,,
10,Cedarville (Cedarville),0,Greeneview (Jamestown),22,0,,
10,Celina (Celina),3,Wapakoneta (Wapakoneta),30,0,,
10,Centennial (Columbus),28,Whetstone (Columbus),14,0,,
10,Centerburg (Centerburg),14,Fredericktown (Fredericktown),32,0,,
10,Centerville (Centerville),16,Wayne (Huber Heights),32,0,,
10,Canton Central Catholic (Canton),42,St Thomas Aquinas (Louisville),6,0,,
10,Toledo Christian (Toledo),44,Britton-Deerfield (Britton),14,0,,MI
10,Twinsburg (Twinsburg),40,Stow-Munroe Falls (Stow),10,0,,
10,Chaney (Youngstown),35,Youngstown East (Youngstown),6,0,,
10,Chillicothe (Chillicothe),7,Jackson (Jackson),48,0,,
10,Chippewa (Doylestown),0,Dalton (Dalton),47,0,,
10,Cincinnati Hills Christian Academy (Cincinnati),44,Summit Country Day (Cincinnati),13,0,,
10,Circleville (Circleville),0,Bloom-Carroll (Carroll),40,0,,
10,Clay (Oregon),66,Rogers (Toledo),14,0,,
10,Clear Fork (Bellville),8,River Valley (Caledonia),0,0,,
10,Clermont Northeastern (Batavia),0,Williamsburg (Williamsburg),41,0,,
10,Cleveland Central Catholic (Cleveland),0,Villa Angela-St Joseph (Cleveland),45,0,,
10,Cleveland Heights (Cleveland Heights),41,Shaker Heights (Shaker Heights),31,0,,
10,Coldwater (Coldwater),14,Marion Local (Maria Stein),35,0,,
10,Colerain (Cincinnati),7,Fairfield (Fairfield),49,0,,
10,Collinwood (Cleveland),0,Rhodes (Cleveland),30,0,,
10,Colonel Crawford (North Robinson),45,Buckeye Central (New Washington),6,0,,
10,Thurgood Marshall (Dayton),6,Trotwood-Madison (Trotwood),42,0,,
10,Columbia (Columbia Station),20,Black River (Sullivan),24,0,,
10,Conneaut (Conneaut),18,Madison (Madison),27,0,,
10,Coshocton (Coshocton),44,River View (Warsaw),6,0,,
10,Covington (Covington),7,Miami East (Casstown),42,0,,
10,Crestline (Crestline),6,Cory-Rawson (Rawson),33,0,,
10,Crestview (Ashland),18,Mapleton (Ashland),28,0,,
10,Crestwood (Mantua),28,Grand Valley (Orwell),27,0,,
10,Crooksville (Crooksville),7,Morgan (McConnelsville),33,0,,
10,Cuyahoga Valley Christian Academy (Cuyahoga Falls),41,Manchester (New Franklin),14,0,,
10,Danbury (Lakeside),0,Camden-Frontier,56,0,,MI
10,Dawson-Bryant (Coal Grove),16,Rock Hill (Ironton),23,0,,
10,Deer Park (Cincinnati),21,Madeira (Cincinnati),42,0,,
10,Defiance (Defiance),14,Ottawa-Glandorf (Ottawa),10,0,,
10,Dublin Coffman (Dublin),14,Hilliard Bradley (Hilliard),7,0,,
10,Dublin Jerome (Dublin),36,Hilliard Darby (Hilliard),26,0,,
10,East Clinton (Sabina),13,Blanchester (Blanchester),40,0,,
10,Eastern (Beaver),43,Green (Franklin Furnace),7,0,,
10,East Knox (Howard),12,Danville (Danville),14,0,,
10,East Liverpool (East Liverpool),12,Weir (Weirton),47,0,,WV
10,East Palestine (East Palestine),0,United (Hanoverton),40,0,,
10,Eastwood (Pemberville),36,Genoa Area (Genoa),29,0,,
10,Eaton (Eaton),17,Carlisle (Carlisle),7,0,,
10,Edgerton (Edgerton),16,Antwerp (Antwerp),38,0,,
10,Elder (Cincinnati),29,La Salle (Cincinnati),23,0,,
10,Ellet (Akron),14,East (Akron),13,0,,
10,Elmwood (Bloomdale),6,Pandora-Gilboa (Pandora),48,0,,
10,Elyria (Elyria),3,Berea-Midpark (Berea),28,0,,
10,Elyria Catholic (Elyria),7,Westlake (Westlake),27,0,,
10,Euclid (Euclid),12,Mentor (Mentor),48,0,,
10,Evergreen (Metamora),15,Delta (Delta),12,0,,
10,Fairborn (Fairborn),14,Piqua (Piqua),10,0,,
10,Fairland (Proctorville),38,Chesapeake (Chesapeake),2,0,,
10,Fairport Harding (Fairport Harbor),40,Mathews (Vienna),0,0,,
10,Fairview (Fairview Park),0,Rocky River (Rocky River),40,0,,
10,Fairview (Sherwood),28,Ayersville (Defiance),36,0,,
10,Firelands (Oberlin),27,Wellington (Wellington),0,0,,
10,Fisher Catholic (Lancaster),3,Grove City Christian (Grove City),35,0,,
10,Fort Frye (Beverly),16,Waterford (Waterford),0,0,,
10,Galion (Galion),34,Marion Harding (Marion),0,0,,
10,Gallia Academy (Gallipolis),28,South Point (South Point),0,0,,
10,Garaway (Sugarcreek),35,Ridgewood (West Lafayette),13,0,,
10,Garfield Heights (Garfield Heights),48,Shaw (East Cleveland),0,0,,
10,Girard (Girard),28,Niles McKinley (Niles),48,0,,
10,GlenOak (Canton),21,Perry (Massillon),16,0,,
10,Glenville (Cleveland),42,John Marshall (Cleveland),7,0,,
10,Granville (Granville),31,Watkins Memorial (Pataskala),6,0,,
10,Grove City (Grove City),67,Westland (Galloway),13,0,,
10,Groveport Madison (Groveport),31,Central Crossing (Grove City),0,0,,
10,Hamilton Township (Columbus),0,Logan Elm (Circleville),28,0,,
10,Harrison (Harrison),55,Northwest (Cincinnati),0,0,,
10,Delaware Hayes (Delaware),30,Franklin Heights (Columbus),6,0,,
10,Hicksville (Hicksville),0,Tinora (Defiance),35,0,,
10,Hilliard Davidson (Hilliard),0,Upper Arlington (Upper Arlington),10,0,,
10,Hillsboro (Hillsboro),13,McClain (Greenfield),21,0,,
10,Hilltop (West Unity),0,Montpelier (Montpelier),56,0,,
10,Holgate (Holgate),30,Morenci,22,0,,MI
10,Holy Name (Parma Heights),30,Valley Forge (Parma Heights),16,0,,
10,Hubbard (Hubbard),0,South Range (Canfield),35,0,,
10,Huntington (Chillicothe),14,Adena (Frankfort),35,0,,
10,Huron (Huron),7,Edison (Milan),35,0,,
10,Independence (Columbus),54,Walnut Ridge (Columbus),30,0,,
10,Indian Creek (Wintersville),6,Edison (Richmond),26,0,,
10,Indian Hill (Cincinnati),44,Taylor (Cleves),13,0,,
10,Indian Lake (Lewistown),15,North Union (Richwood),13,0,,
10,Jackson (Massillon),14,Hoover (North Canton),27,0,,
10,Jefferson (Delphos),31,Spencerville (Spencerville),28,0,,
10,Jefferson Area (Jefferson),13,Geneva (Geneva),57,0,,
10,John Adams (Cleveland),12,East Technical (Cleveland),34,0,,
10,John F Kennedy (Cleveland),0,John Hay (Cleveland),37,0,,
10,John F Kennedy (Warren),24,Southeast (Ravenna),25,0,,
10,John Glenn (New Concord),7,Tri-Valley (Dresden),42,0,,
10,Johnstown (Johnstown),21,Heath (Heath),54,0,,
10,Jonathan Alder (Plain City),49,Tecumseh (New Carlisle),23,0,,
10,Kenston (Chagrin Falls),49,North (Eastlake),21,0,,
10,Kenton Ridge (Springfield),7,Bellefontaine (Bellefontaine),42,0,,
10,Kettering Fairmont (Kettering),35,Beavercreek (Beavercreek),0,0,,
10,Kirtland (Kirtland),38,Cardinal (Middlefield),0,0,,
10,LaBrae (Leavittsburg),7,Crestview (Columbiana),28,0,,
10,Lake (Millbury),0,Oak Harbor (Oak Harbor),55,0,,
10,Lake (Uniontown),0,Green (Uniontown),28,0,,
10,Lakeview (Cortland),20,Beaver Local (East Liverpool),14,0,,
10,Lakewood (Hebron),0,Utica (Utica),35,0,,
10,Lakewood (Lakewood),35,Brush (Lyndhurst),45,0,,
10,Lakota East (Liberty Township),0,Mason (Mason),24,0,,
10,Lakota West (West Chester),42,Hamilton (Hamilton),14,0,,
10,Lancaster (Lancaster),55,Newark (Newark),47,0,,
10,Leetonia (Leetonia),0,Southern (Salineville),47,0,,
10,Leipsic (Leipsic),49,Crestview (Convoy),28,0,,
10,Liberty (Youngstown),67,Campbell Memorial (Campbell),21,0,,
10,Licking Heights (Pataskala),6,Licking Valley (Newark),23,0,,
10,Linden McKinley (Columbus),8,East (Columbus),40,0,,
10,Lockland (Lockland),27,Clark Montessori (Cincinnati),22,0,,
10,London (London),49,Urbana (Urbana),7,0,,
10,Loudonville (Loudonville),7,Northmor (Galion),34,0,,
10,Loveland (Loveland),10,West Clermont (Cincinnati),13,0,,
10,Lutheran West (Rocky River),34,Chagrin Falls (Chagrin Falls),7,0,,
10,Madison (Middletown),7,Oakwood (Dayton),31,0,,
10,Madison Comprehensive (Mansfield),0,Mansfield Senior (Mansfield),34,0,,
10,Malvern (Malvern),49,East Canton (East Canton),0,0,,
10,Maple Heights (Maple Heights),34,Lorain (Lorain),53,0,,
10,Margaretta (Castalia),51,Willard (Willard),22,0,,
10,Marysville (Marysville),29,Olentangy (Lewis Center),39,0,,
10,Maumee (Maumee),32,Otsego (Tontogany),37,0,,
10,Mayfield (Mayfield),14,South (Willoughby),10,0,,
10,Maysville (Zanesville),24,Philo (Duncan Falls),7,0,,
10,McComb (McComb),22,Liberty-Benton (Findlay),44,0,,
10,McDonald (McDonald),7,Mineral Ridge (Mineral Ridge),40,0,,
10,Sebring McKinley (Sebring),20,Chalker (Southington),62,0,,
10,Meadowbrook (Byesville),10,West Muskingum (Zanesville),49,0,,
10,Meadowdale (Dayton),39,Belmont (Dayton),0,0,,
10,Mechanicsburg (Mechanicsburg),29,Triad (North Lewisburg),24,0,,
10,Medina (Medina),35,Solon (Solon),0,0,,
10,Miamisburg (Miamisburg),21,Springboro (Springboro),9,0,,
10,Miami Valley Christian Academy (Cincinnati),40,New Miami (Hamilton),14,0,,
10,Middletown (Middletown),20,Oak Hills (Cincinnati),24,0,,
10,Mifflin (Columbus),0,Grandview Heights (Columbus),24,0,,
10,Miller (Corning),47,Manchester (Manchester),6,0,,
10,Millersport (Millersport),8,Bishop Rosecrans (Zanesville),40,0,,
10,Milton-Union (West Milton),0,Riverside (De Graff),28,0,,
10,Minster (Minster),14,Versailles (Versailles),21,0,,
10,Mississinawa Valley (Union City),6,Ansonia (Ansonia),46,0,,
10,Archbishop Moeller (Cincinnati),38,Detroit King,6,0,,MI
10,Mogadore (Mogadore),27,Rootstown (Rootstown),0,0,,
10,Mohawk (Sycamore),53,Bucyrus (Bucyrus),0,0,,
10,Monroe (Monroe),7,Edgewood (Trenton),34,0,,
10,Monroeville (Monroeville),14,St Paul (Norwalk),41,0,,
10,Mount Gilead (Mount Gilead),25,Cardington-Lincoln (Cardington),6,0,,
10,Mount Vernon (Mount Vernon),0,West Holmes (Millersburg),62,0,,
10,Napoleon (Napoleon),14,Sylvania Southview (Sylvania),20,0,,
10,Nelsonville-York (Nelsonville),13,Athens (The Plains),19,0,,
10,Newark Catholic (Newark),22,Northridge (Johnstown),13,0,,
10,New Philadelphia (New Philadelphia),13,Dover (Dover),20,0,,
10,New Richmond (New Richmond),0,Clinton-Massie (Clarksville),49,0,,
10,Newton Falls (Newton Falls),19,Champion (Warren),14,0,,
10,Nordonia (Macedonia),23,Brecksville-Broadview Heights (Broadview Heights),7,0,,
10,Normandy (Parma),12,Buckeye (Medina),48,0,,
10,Northmont (Clayton),3,Springfield (Springfield),14,0,,
10,North Olmsted (North Olmsted),20,Bay (Bay Village),21,0,,
10,Northridge (Dayton),8,Lehman Catholic (Sidney),42,0,,
10,Norwalk (Norwalk),14,Clyde (Clyde),45,0,,
10,Northwest (McDermott),40,Oak Hill (Oak Hill),37,0,,
10,Northwestern (Springfield),7,Shawnee (Springfield),41,0,,
10,Northwood (Northwood),0,Western Reserve (Collins),48,0,,
10,Norwayne (Creston),41,Smithville (Smithville),7,0,,
10,Norwood (Norwood),6,Roger Bacon (St Bernard),23,0,,
10,Notre Dame (Portsmouth),50,Sciotoville Community (Portsmouth),42,0,,
10,Oberlin (Oberlin),6,Keystone (La Grange),36,0,,
10,Olmsted Falls (Olmsted Falls),49,Midview (Grafton),31,0,,
10,Ontario (Ontario),34,Highland (Marengo),20,0,,
10,Olentangy Orange (Lewis Center),7,Olentangy Liberty (Powell),21,0,,
10,Ottawa Hills (Toledo),54,Edon (Edon),7,0,,
10,Paint Valley (Bainbridge),31,Zane Trace (Chillicothe),34,0,,
10,Paulding (Paulding),14,Wayne Trace (Haviland),13,0,,
10,Perkins (Sandusky),55,Tiffin Columbian (Tiffin),28,0,,
10,Perry (Perry),47,Hawken (Gates Mills),7,0,,
10,Pickerington North (Pickerington),28,Gahanna Lincoln (Gahanna),35,0,,
10,Piketon (Piketon),39,Westfall (Williamsport),56,0,,
10,Pleasant (Marion),0,Shelby (Shelby),23,0,,
10,Port Clinton (Port Clinton),13,Sandusky (Sandusky),37,0,,
10,Portsmouth (Portsmouth),6,Ironton (Ironton),21,0,,
10,Portsmouth West (West Portsmouth),7,Wheelersburg (Wheelersburg),35,0,,
10,Preble Shawnee (Camden),51,Dixie (New Lebanon),7,0,,
10,Purcell Marian (Cincinnati),41,North College Hill (Cincinnati),8,0,,
10,Pymatuning Valley (Andover),36,Windham (Windham),0,0,,
10,Ravenna (Ravenna),16,Norton (Norton),39,0,,
10,Reading (Reading),42,Mariemont (Cincinnati),35,0,,
10,Revere (Richfield),26,Kent Roosevelt (Kent),0,0,,
10,Reynoldsburg (Reynoldsburg),6,Pickerington Central (Pickerington),21,0,,
10,Ridgedale (Morral),19,Perry (Lima),16,0,,
10,Ridgemont (Mt Victory),12,Waynesfield-Goshen (Waynesfield),41,0,,
10,Rittman (Rittman),13,Hillsdale (Jeromesville),20,0,,
10,River (Hannibal),42,Frontier (New Matamoras),16,0,,
10,Riverside (Painesville),16,Chardon (Chardon),24,0,,
10,Rossford (Rossford),24,Fostoria (Fostoria),36,0,,
10,St Bernard-Elmwood Place (St Bernard),0,Cincinnati Country Day (Cincinnati),56,0,,
10,St Charles (Columbus),0,Bishop Hartley (Columbus),31,0,,
10,St Edward (Lakewood),14,Archbishop Hoban (Akron),7,0,,
10,St Francis de Sales (Toledo),11,Bedford (Temperance),28,0,,MI
10,St Henry (St Henry),28,Fort Recovery (Fort Recovery),27,0,,
10,St John's (Delphos),7,New Bremen (New Bremen),14,0,,
10,St Mary Central Catholic (Sandusky),42,North Adams-Jerome,22,0,,MI
10,Sandy Valley (Magnolia),26,Tuscarawas Valley (Zoarville),20,0,,
10,Shadyside (Shadyside),12,Monroe Central (Woodsfield),35,0,,
10,Shawnee (Lima),14,Kenton (Kenton),28,0,,
10,Shenandoah (Sarahsville),6,Caldwell (Caldwell),37,0,,
10,Sheridan (Thornville),33,New Lexington (New Lexington),22,0,,
10,Sidney (Sidney),7,Troy (Troy),44,0,,
10,Canton South (Canton),48,Northwest (Canal Fulton),28,0,,
10,South Central (Greenwich),41,Plymouth (Plymouth),13,0,,
10,Southeastern Local (South Charleston),41,Greenon (Enon),0,0,,
10,Springfield (Akron),0,Cloverleaf (Lodi),42,0,,
10,Springfield (New Middletown),13,Lowellville (Lowellville),27,0,,
10,Start (Toledo),14,Lima Senior (Lima),26,0,,
10,Stebbins (Riverside),6,Butler (Vandalia),7,0,,
10,Amherst Steele (Amherst),0,North Ridgeville (North Ridgeville),36,0,,
10,Steubenville (Steubenville),41,Louisville (Louisville),8,0,,
10,Streetsboro (Streetsboro),62,Coventry (Akron),7,0,,
10,Strongsville (Strongsville),16,Brunswick (Brunswick),17,0,,
10,Struthers (Struthers),27,Poland Seminary (Poland),28,0,,
10,Swanton (Swanton),7,Patrick Henry (Hamler),40,0,,
10,Sycamore (Cincinnati),7,Princeton (Cincinnati),42,0,,
10,Sylvania Northview (Sylvania),0,Findlay (Findlay),48,0,,
10,Symmes Valley (Willow Wood),6,South Gallia (Crown City),32,0,,
10,Talawanda (Oxford),28,Wooster (Wooster),33,0,,
10,Tallmadge (Tallmadge),42,Copley (Copley),41,0,,
10,Teays Valley (Ashville),14,Fairfield Union (Lancaster),21,0,,
10,Trimble (Glouster),46,River Valley (Bidwell),0,0,,
10,Tri-Village (New Madison),20,National Trail (New Paris),7,0,,
10,Triway (Wooster),35,Orrville (Orrville),34,0,,
10,Turpin (Cincinnati),21,Milford (Milford),42,0,,
10,Tuslaw (Massillon),7,Fairless (Brewster),41,0,,
10,Twin Valley South (West Alexandria),41,Tri-County North (Lewisburg),16,0,,
10,Unioto (Chillicothe),56,Southeastern (Chillicothe),8,0,,
10,University School (Hunting Valley),27,Howland (Warren),0,0,,
10,Upper Sandusky (Upper Sandusky),18,Wynford (Bucyrus),46,0,,
10,Upper Scioto Valley (McGuffey),52,North Baltimore (North Baltimore),20,0,,
10,Valley (Lucasville),24,Minford (Minford),0,0,,
10,Valley View (Germantown),40,Waynesville (Waynesville),49,0,,
10,Van Buren (Van Buren),48,Cardinal Stritch Catholic (Oregon),20,0,,
10,Van Wert (Van Wert),35,Elida (Elida),14,0,,
10,Vermilion (Vermilion),0,Bellevue (Bellevue),20,0,,
10,Wadsworth (Wadsworth),49,North Royalton (North Royalton),0,0,,
10,Walnut Hills (Cincinnati),14,Little Miami (Morrow),31,0,,
10,Walsh Jesuit (Cuyahoga Falls),44,Padua Franciscan (Parma),41,0,,
10,Warren (Vincent),24,Marietta (Marietta),28,0,,
10,Washington (Washington Court House),14,Miami Trace (Washington Court House),21,0,,
10,Waterloo (Atwater),28,Bridgeport (Bridgeport),12,0,,
10,Wauseon (Wauseon),0,Liberty Center (Liberty Center),42,0,,
10,Waverly (Waverly),6,Mount Healthy (Cincinnati),42,0,,
10,Waynedale (Apple Creek),49,Northwestern (West Salem),8,0,,
10,Wellston (Wellston),0,Vinton County (McArthur),49,0,,
10,Wellsville (Wellsville),14,Lisbon David Anderson (Lisbon),41,0,,
10,West Branch (Beloit),49,Salem (Salem),0,0,,
10,West Carrollton (West Carrollton),26,Greenville (Greenville),21,0,,
10,Western Brown (Mount Orab),21,Wilmington (Wilmington),35,0,,
10,Western Reserve (Berlin Center),22,Jackson-Milton (North Jackson),7,0,,
10,Westerville Central (Westerville),28,New Albany (New Albany),45,0,,
10,Westerville North (Westerville),28,Dublin Scioto (Dublin),7,0,,
10,Westerville South (Westerville),26,Worthington Kilbourne (Columbus),0,0,,
10,West Geauga (Chesterland),40,Orange (Pepper Pike),0,0,,
10,West Jefferson (West Jefferson),13,Northeastern (Springfield),21,0,,
10,West Liberty-Salem (West Liberty),55,Fairbanks (Milford Center),0,0,,
10,Whitmer (Toledo),41,Springfield (Holland),0,0,,
10,Wickliffe (Wickliffe),59,Beachwood (Beachwood),7,0,,
10,Winton Woods (Cincinnati),14,Lebanon (Lebanon),19,0,,
10,Withrow (Cincinnati),61,Western Hills (Cincinnati),0,0,,
10,Woodmore (Elmore),0,Lakota (Kansas),36,0,,
10,Woodridge (Peninsula),14,Field (Mogadore),35,0,,
10,Thomas Worthington (Worthington),7,Olentangy Berlin (Delaware),38,0,,
10,Worthington Christian (Worthington),0,Bexley (Columbus),41,0,,
10,Wyoming (Cincinnati),41,Finneytown (Cincinnati),7,0,,
10,Xenia (Xenia),14,Tippecanoe (Tipp City),41,0,,
10,Zanesville (Zanesville),0,Logan (Logan),33,0,,
10,Valley Christian School (Youngstown),6,Columbiana (Columbiana),16,0,,
10,Cincinnati College Prep (Cincinnati),40,Dayton Christian (Miamisburg),22,0,,
10,KIPP Columbus (Columbus),6,Harvest Prep (Canal Winchester),44,0,,
10,Brooke (Wellsburg),6,Wheeling Park (Wheeling),61,0,WV,WV
10,Buffalo (Buffalo),0,Man,35,0,WV,WV
10,Cabell Midland (Ona),31,Huntington (Huntington),21,0,WV,WV
10,Hundred (Hundred),22,Valley (Wetzel) (Pine Grove),46,0,WV,WV
10,Morgantown (Morgantown),48,John Marshall (Glen Dale),0,0,WV,WV
10,Oak Glen (New Cumberland),0,Cameron (Cameron),35,0,WV,WV
10,Ravenswood,6,Magnolia (New Martinsville),33,0,WV,WV
10,Ripley (Ripley),18,Shady Spring,33,0,WV,WV
10,Robert C Byrd,7,Point Pleasant (Point Pleasant),14,0,WV,WV
10,St Marys (St Marys),47,Ritchie County (Ellenboro),7,0,WV,WV
10,Tug Valley (Williamson),49,Westside,27,0,WV,WV
10,Tyler Consolidated,6,Williamstown (Williamstown),51,0,WV,WV
10,Wheeling Central Catholic (Wheeling),49,Harbor Creek (Harborcreek),20,0,WV,PA
10,Linsly (Wheeling),27,Trinity (Washington),3,0,WV,PA
10,Ashland Blazer (Ashland),33,Johnson Central,36,0,KY,KY
10,Ballard,48,Eastern (Louisville),6,0,KY,KY
10,Bishop Brossart (Alexandria),57,Trimble County,28,0,KY,KY
10,Boyd County (Ashland),22,Lawrence County,14,0,KY,KY
10,Bracken County,0,Beechwood,41,0,KY,KY
10,Conner,38,Boone County,13,0,KY,KY
10,Covington Catholic (Park Hills),50,Mason County,14,0,KY,KY
10,Dixie Heights (Covington),14,Cooper (Union),21,0,KY,KY
10,DuPont Manual,48,Meade County,21,0,KY,KY
10,East Carter,28,Russell (Russell),21,0,KY,KY
10,Fairview (Ashland),0,Paris,31,0,KY,KY
10,George Rogers Clark,6,Frederick Douglass (Lexington),50,0,KY,KY
10,Holy Cross (Covington),13,Ludlow,38,0,KY,KY
10,LaRue County,7,Central (Louisville),50,0,KY,KY
10,Newport Central Catholic,49,Bellevue,14,0,KY,KY
10,Oldham County,0,Trinity (Louisville),38,0,KY,KY
10,Perry County Central,0,Corbin,55,0,KY,KY
10,Pikeville (Pikeville),43,Hazard,7,0,KY,KY
10,Powell County,15,Belfry (Belfry),54,0,KY,KY
10,Raceland (Raceland),49,Nicholas County,14,0,KY,KY
10,Rowan County,19,Greenup County,55,0,KY,KY
10,Simon Kenton,21,Ryle (Union),24,0,KY,KY
10,St Xavier (Louisville),55,Pleasure Ridge Park,0,0,KY,KY
10,Collins (Shelbyville),21,South Oldham,20,0,KY,KY
10,Great Crossing (Georgetown),22,Campbell County (Alexandria),28,0,KY,KY
10,Athens,0,Concord,76,0,MI,MI
10,Burr Oak,22,Tekonsha,24,0,MI,MI
10,Detroit Central,8,St John's Jesuit (Toledo),48,0,MI,
10,Detroit Denby,6,Warren De La Salle,56,1,MI,MI
10,Detroit Mumford,0,Novi Detroit Catholic Central (Novi),35,0,MI,MI
10,Erie-Mason,14,Sand Creek,36,0,MI,MI
10,Macomb Dakota,31,Orchard Lake St Mary,0,0,MI,MI
10,Ottawa Lake-Whiteford,43,Petersburg-Summerfield,0,0,MI,MI
10,Owosso,14,Riverview Gabriel Richard (Riverview),28,0,MI,MI
10,Reading,14,North Central (Pioneer),16,0,MI,
10,River Rouge,48,Center Line,0,0,MI,MI
10,Detroit East English (Detroit),8,Dearborn Divine Child,35,0,MI,MI
10,New Oxford,21,Fort Hill (Cumberland),49,0,PA,MD
10,Meyersdale,26,Everett,7,0,PA,PA
10,Butler,12,McDowell (Erie),52,0,PA,PA
10,Seneca Valley,7,Central Catholic (Pittsburgh),42,0,PA,PA
10,Albert Gallatin (Uniontown),43,Brownsville,8,0,PA,PA
10,Pine-Richland (Gibsonia),28,Woodland Hills,0,0,PA,PA
10,Taylor Allderdice (Pittsburgh),18,Westinghouse (Pittsburgh),42,1,PA,PA
10,Brookville,14,Punxsutawney,7,0,PA,PA
10,Greenville,0,Sharon (Sharon),41,0,PA,PA
10,Central Valley (Monaca),29,West Allegheny,20,0,PA,PA
10,Erie (Erie),8,Cathedral Prep (Erie),38,0,PA,PA
10,Fort Wayne Blackhawk Christian,58,Vanlue (Vanlue),42,1,IN,
10,Fort Wayne Wayne,10,Fort Wayne Bishop Dwenger,21,0,IN,IN
10,Fremont,14,Southwood,38,0,IN,IN
10,Lawrenceburg (Lawrenceburg),40,Centerville,6,0,IN,IN
10,Mt. Vernon (Fortville),56,Richmond,21,0,IN,IN
10,North Vermillion,41,Attica,6,0,IN,IN
10,Shelbyville,7,East Central (St Leon),62,0,IN,IN
10,South Decatur,3,North Decatur,41,0,IN,IN
10,Tippecanoe Valley,7,Bishop Chatard (Indianapolis),41,0,IN,IN
10,McCallie,31,Knoxville Catholic,27,0,TN,TN
10,Smithsburg (Smithsburg),6,Tucker County,40,0,MD,WV
10,St John's College (Washington),14,DeMatha Catholic (Hyattsville),21,0,DC,MD
10,Paramus Catholic (Paramus),14,Don Bosco Prep (Ramsey),35,0,NJ,NJ
10,William Penn (New Castle),13,Middletown (Middletown),35,0,DE,DE
10,St Jean de Brebeuf (Hamilton),0,St John Henry Newman (Stoney Creek),54,0,ON,ON
10,St Mary's (Hamilton),3,St Thomas More (Hamilton),34,0,ON,ON
10,Cathedral (Hamilton),6,Bishop Ryan (Hamilton),40,0,ON,ON
10,Football North (via Clarkson SS) (Mississauga),21,St Ignatius (Cleveland),24,0,ON,
10,Oak Hall School (Gainesville),22,Master's Academy (Oviedo),49,0,FL,FL
10,Trinity Catholic (Ocala),8,St Xavier (Cincinnati),21,0,FL,
10,Camden County,21,Valdosta (Valdosta),24,0,GA,GA
10,Central Catholic (Toledo),48,Detroit Cass Tech,23,1,,MI
10,Conotton Valley (Bowerston),12,Madonna (Weirton),21,0,,WV
10,Eastern (Reedsville),48,Southern (Racine),13,0,,
10,Firestone (Akron),0,Buchtel (Akron),31,0,,
10,Fort Loramie (Fort Loramie),21,Lima Central Catholic (Lima),45,0,,
10,Gibsonburg (Gibsonburg),51,St Joseph Central Catholic (Fremont),0,0,,
10,Independence (Independence),31,Trinity (Garfield Heights),0,0,,
10,Garfield (Akron),31,North (Akron),14,0,,
10,Martins Ferry (Martins Ferry),14,Bellaire (Bellaire),41,0,,
10,Notre Dame-Cathedral Latin (Chardon),14,Lake Catholic (Mentor),42,0,,
10,Shroder (Cincinnati),32,Gamble Montessori (Cincinnati),28,0,,
10,Strasburg-Franklin (Strasburg),27,Tuscarawas Central Catholic (New Philadelphia),0,0,,
10,Massillon Washington (Massillon),35,Canton McKinley (Canton),0,0,,
10,West (Columbus),0,Briggs (Columbus),32,0,,
10,Landmark Eagles (club) (Cincinnati),14,Columbus Crusaders (club) (Columbus),28,0,,
10,Dohn Community (Cincinnati),24,St Joseph's Collegiate (Buffalo),50,0,,NY
10,Waldron,46,Stryker (Stryker),56,0,MI,
10,Farrell (Farrell),49,Slippery Rock,0,0,PA,PA
10,North East (North East),14,Fairview (Fairview),28,0,PA,PA
10,Archbishop Carroll,0,Neumann Goretti (Philadelphia),28,0,PA,PA
10,Noblesville Lions (club) (Noblesville),6,Middletown Christian (club) (Franklin),12,0,IN,
10,Life Christian Academy (Chester),32,National Christian Academy (Fort Washington),13,0,VA,MD
10,Trinity Episcopal School (Richmond),28,St Christopher's (Richmond),21,0,VA,VA
10,Canisius (Buffalo),24,St Francis (Athol Springs),41,0,NY,NY
10,Huron Heights,37,Brother Rice (Bloomfield Hills),7,0,ON,MI
11,Tygarts Valley,34,Hundred (Hundred),14,0,WV,WV
11,East Technical (Cleveland),6,John F Kennedy (Cleveland),32,1,,
11,John Adams (Cleveland),14,Collinwood (Cleveland),6,0,,
11,P. K. Yonge School (Gainesville),8,Trinity Catholic (Ocala),49,0,FL,FL
11,Africentric Early College (Columbus),0,Wheelersburg (Wheelersburg),34,0,,
11,Allen East (Harrod),28,Anna (Anna),58,0,,
11,Alliance (Alliance),7,Aurora (Aurora),41,0,,
11,Arlington (Arlington),27,Antwerp (Antwerp),20,0,,
11,Ashland (Ashland),21,Tiffin Columbian (Tiffin),49,0,,
11,Athens (The Plains),14,Bloom-Carroll (Carroll),58,0,,
11,Austintown-Fitch (Austintown),42,John Hay (Cleveland),0,0,,
11,Ayersville (Defiance),20,Lima Central Catholic (Lima),42,0,,
11,Bath (Lima),0,Glenville (Cleveland),44,0,,
11,Beallsville (Beallsville),16,Notre Dame (Portsmouth),65,0,,
11,Beaver Local (East Liverpool),20,Streetsboro (Streetsboro),41,0,,
11,Bellaire (Bellaire),12,Nelsonville-York (Nelsonville),20,0,,
11,Bellbrook (Bellbrook),48,Wilmington (Wilmington),0,0,,
11,Beechcroft (Columbus),14,London (London),57,0,,
11,Benedictine (Cleveland),19,Hudson (Hudson),20,0,,
11,Berkshire (Burton),12,Clearview (Lorain),33,0,,
11,Berne Union (Sugar Grove),0,Eastern (Reedsville),48,0,,
11,Bexley (Columbus),27,Granville (Granville),53,0,,
11,Big Walnut (Sunbury),43,Northland (Columbus),14,0,,
11,Bishop Rosecrans (Zanesville),21,River (Hannibal),49,0,,
11,Black River (Sullivan),24,Western Reserve (Collins),6,0,,
11,Blanchester (Blanchester),20,Bethel-Tate (Bethel),35,0,,
11,Bowling Green (Bowling Green),7,Central Catholic (Toledo),42,0,,
11,Bradford (Bradford),8,Minster (Minster),50,0,,
11,Brecksville-Broadview Heights (Broadview Heights),30,Westlake (Westlake),3,0,,
11,Bridgeport (Bridgeport),14,Caldwell (Caldwell),41,0,,
11,Brookfield (Brookfield),14,United (Hanoverton),24,0,,
11,Brunswick (Brunswick),14,Wadsworth (Wadsworth),45,0,,
11,Bryan (Bryan),50,West Holmes (Millersburg),70,0,,
11,Buchtel (Akron),26,Cardinal Mooney (Youngstown),16,0,,
11,Buckeye Valley (Delaware),12,Tri-Valley (Dresden),49,0,,
11,Canfield (Canfield),20,East (Akron),7,0,,
11,Cardinal (Middlefield),10,Canton Central Catholic (Canton),26,0,,
11,Carlisle (Carlisle),0,Waynesville (Waynesville),38,0,,
11,Carrollton (Carrollton),0,Steubenville (Steubenville),42,0,,
11,Catholic Central (Steubenville),0,Lowellville (Lowellville),34,0,,
11,Central Crossing (Grove City),6,Massillon Washington (Massillon),41,0,,
11,Twinsburg (Twinsburg),22,Nordonia (Macedonia),10,0,,
11,Chaminade Julienne (Dayton),35,Mount Healthy (Cincinnati),28,0,,
11,Clay (Oregon),12,Olmsted Falls (Olmsted Falls),40,0,,
11,Cleveland Central Catholic (Cleveland),0,Shelby (Shelby),40,0,,
11,Clyde (Clyde),7,Rocky River (Rocky River),14,0,,
11,Columbiana (Columbiana),6,Kirtland (Kirtland),49,0,,
11,Conneaut (Conneaut),13,Garfield (Garrettsville),56,0,,
11,Conotton Valley (Bowerston),12,Dalton (Dalton),54,0,,
11,Crestview (Ashland),6,Carey (Carey),29,0,,
11,Crestview (Columbiana),14,Pymatuning Valley (Andover),16,0,,
11,Crestview (Convoy),42,Calvert (Tiffin),14,0,,
11,Crestwood (Mantua),0,Perry (Perry),56,0,,
11,Cuyahoga Valley Christian Academy (Cuyahoga Falls),0,Chardon (Chardon),42,0,,
11,Lisbon David Anderson (Lisbon),20,Western Reserve (Berlin Center),53,0,,
11,Dawson-Bryant (Coal Grove),22,Northmor (Galion),44,0,,
11,Dayton Christian (Miamisburg),13,Cincinnati Country Day (Cincinnati),63,0,,
11,Deer Park (Cincinnati),7,Twin Valley South (West Alexandria),34,0,,
11,Defiance (Defiance),14,Bay (Bay Village),7,0,,
11,Dixie (New Lebanon),0,Williamsburg (Williamsburg),73,0,,
11,Dover (Dover),7,Kenston (Chagrin Falls),34,0,,
11,Dunbar (Dayton),12,Clinton-Massie (Clarksville),50,0,,
11,Sciotoville Community (Portsmouth),54,Fairfield Christian Academy (Lancaster),61,0,,
11,Dublin Jerome (Dublin),14,Olentangy (Lewis Center),44,0,,
11,East Knox (Howard),35,Martins Ferry (Martins Ferry),17,0,,
11,East Liverpool (East Liverpool),14,Poland Seminary (Poland),42,0,,
11,Edgewood (Ashtabula),28,Niles McKinley (Niles),65,0,,
11,Edgewood (Trenton),0,Withrow (Cincinnati),49,0,,
11,Edison (Richmond),8,Ridgewood (West Lafayette),33,0,,
11,Edon (Edon),34,Waynesfield-Goshen (Waynesfield),27,0,,
11,Elida (Elida),0,Butler (Vandalia),17,0,,
11,Ellet (Akron),7,Archbishop Hoban (Akron),39,0,,
11,Elmwood (Bloomdale),14,Liberty Center (Liberty Center),56,0,,
11,Elyria (Elyria),0,St Edward (Lakewood),42,0,,
11,Euclid (Euclid),0,Cleveland Heights (Cleveland Heights),39,0,,
11,Fairborn (Fairborn),0,Northmont (Clayton),35,0,,
11,Fairfield (Fairfield),15,Milford (Milford),41,0,,
11,Fairless (Brewster),20,South Range (Canfield),43,0,,
11,Field (Mogadore),14,Lake Catholic (Mentor),38,0,,
11,Firelands (Oberlin),6,Galion (Galion),36,0,,
11,Firestone (Akron),14,Walsh Jesuit (Cuyahoga Falls),37,0,,
11,Fort Loramie (Fort Loramie),42,Southeastern Local (South Charleston),35,0,,
11,Fredericktown (Fredericktown),6,Archbold (Archbold),37,0,,
11,Fremont Ross (Fremont),14,Avon Lake (Avon Lake),40,0,,
11,Genoa Area (Genoa),21,Huron (Huron),28,0,,
11,Girard (Girard),16,Struthers (Struthers),21,0,,
11,Goshen (Goshen),0,Badin (Hamilton),41,0,,
11,Greeneview (Jamestown),7,Northeastern (Springfield),14,0,,
11,Grove City (Grove City),38,Hilliard Davidson (Hilliard),22,0,,
11,Grove City Christian (Grove City),14,West Jefferson (West Jefferson),45,0,,
11,Groveport Madison (Groveport),10,Hilliard Darby (Hilliard),17,0,,
11,Warren G Harding (Warren),35,St Vincent-St Mary (Akron),0,0,,
11,Hawken (Gates Mills),19,Geneva (Geneva),56,0,,
11,Heath (Heath),27,Portsmouth West (West Portsmouth),15,0,,
11,Highland (Marengo),21,Liberty-Benton (Findlay),17,0,,
11,Hillsboro (Hillsboro),7,Celina (Celina),49,0,,
11,Hoover (North Canton),23,St Francis DeSales (Columbus),21,0,,
11,Indian Lake (Lewistown),0,Coldwater (Coldwater),47,0,,
11,Indian Valley (Gnadenhutten),48,Logan Elm (Circleville),27,0,,
11,Jackson (Massillon),26,Berea-Midpark (Berea),41,0,,
11,John Glenn (New Concord),7,Bellefontaine (Bellefontaine),49,0,,
11,John Marshall (Cleveland),40,Medina (Medina),70,0,,
11,Jonathan Alder (Plain City),10,Bishop Ready (Columbus),14,0,,
11,Kettering Fairmont (Kettering),7,Dublin Coffman (Dublin),14,0,,
11,Kings (Kings Mills),38,Loveland (Loveland),17,0,,
11,LaBrae (Leavittsburg),0,Mogadore (Mogadore),28,0,,
11,Lakota (Kansas),17,Columbus Grove (Columbus Grove),42,0,,
11,Lancaster (Lancaster),28,Westerville North (Westerville),31,0,,
11,La Salle (Cincinnati),6,Winton Woods (Cincinnati),12,0,,
11,Lehman Catholic (Sidney),28,Cedarville (Cedarville),42,0,,
11,Leipsic (Leipsic),24,Pandora-Gilboa (Pandora),33,0,,
11,Lexington (Lexington),13,Mansfield Senior (Mansfield),30,0,,
11,Liberty (Youngstown),33,Norwayne (Creston),56,0,,
11,Licking Valley (Newark),40,East (Columbus),6,0,,
11,Lockland (Lockland),7,Ansonia (Ansonia),52,0,,
11,Lorain (Lorain),7,GlenOak (Canton),16,0,,
11,Lucas (Lucas),28,Hillsdale (Jeromesville),14,0,,
11,Lutheran West (Rocky River),22,Ontario (Ontario),31,0,,
11,Madeira (Cincinnati),14,Purcell Marian (Cincinnati),55,0,,
11,Madison (Madison),13,Gilmour Academy (Gates Mills),33,0,,
11,Madison (Middletown),14,Zane Trace (Chillicothe),24,0,,
11,Maple Heights (Maple Heights),14,Riverside (Painesville),36,0,,
11,Mapleton (Ashland),14,Columbia (Columbia Station),56,0,,
11,Margaretta (Castalia),7,Ottawa Hills (Toledo),42,0,,
11,Marietta (Marietta),14,Jackson (Jackson),49,0,,
11,Marion-Franklin (Columbus),12,St Clairsville (St Clairsville),44,0,,
11,Marysville (Marysville),0,Olentangy Berlin (Delaware),20,0,,
11,Mason (Mason),17,Lebanon (Lebanon),0,0,,
11,McClain (Greenfield),7,Taft (Cincinnati),39,0,,
11,McDonald (McDonald),7,Danville (Danville),51,0,,
11,Archbishop McNicholas (Cincinnati),41,Eaton (Eaton),20,0,,
11,Mechanicsburg (Mechanicsburg),40,St Bernard-Elmwood Place (St Bernard),14,0,,
11,Miami East (Casstown),3,Brookville (Brookville),55,0,,
11,Miamisburg (Miamisburg),34,Delaware Hayes (Delaware),14,0,,
11,Miami Trace (Washington Court House),55,Hamilton Township (Columbus),34,0,,
11,Middletown (Middletown),15,Princeton (Cincinnati),41,0,,
11,Midview (Grafton),7,Highland (Medina),49,0,,
11,Miller (Corning),12,Waterford (Waterford),35,0,,
11,Mineral Ridge (Mineral Ridge),35,Jackson-Milton (North Jackson),6,0,,
11,Monroeville (Monroeville),21,Springfield (New Middletown),35,0,,
11,Montpelier (Montpelier),14,Hopewell-Loudon (Bascom),46,0,,
11,Morgan (McConnelsville),28,Sheridan (Thornville),49,0,,
11,Napoleon (Napoleon),41,Bellevue (Bellevue),24,0,,
11,National Trail (New Paris),0,Tri-Village (New Madison),35,0,,
11,New Albany (New Albany),16,Pickerington Central (Pickerington),42,0,,
11,Newark (Newark),0,Hilliard Bradley (Hilliard),42,0,,
11,New Bremen (New Bremen),35,Cincinnati College Prep (Cincinnati),0,0,,
11,Newcomerstown (Newcomerstown),17,Grandview Heights (Columbus),14,0,,
11,New Lexington (New Lexington),8,Harvest Prep (Canal Winchester),55,0,,
11,New Philadelphia (New Philadelphia),7,Ursuline (Youngstown),42,0,,
11,New Richmond (New Richmond),21,Wapakoneta (Wapakoneta),63,0,,
11,North Central (Pioneer),8,Patrick Henry (Hamler),40,0,,
11,Northwest (Canal Fulton),7,Canton South (Canton),35,0,,
11,Oak Hills (Cincinnati),14,Elder (Cincinnati),28,0,,
11,Oakwood (Dayton),0,Trotwood-Madison (Trotwood),42,0,,
11,Olentangy Liberty (Powell),36,Findlay (Findlay),35,0,,
11,Olentangy Orange (Lewis Center),6,Centerville (Centerville),23,0,,
11,Otsego (Tontogany),20,Oak Harbor (Oak Harbor),49,0,,
11,Parkway (Rockford),23,Paint Valley (Bainbridge),37,0,,
11,Paulding (Paulding),6,Bluffton (Bluffton),63,0,,
11,Perry (Massillon),14,Lake (Uniontown),35,0,,
11,Perrysburg (Perrysburg),20,Whitmer (Toledo),14,0,,
11,Philo (Duncan Falls),0,Bishop Hartley (Columbus),1,0,,
11,Pleasant (Marion),0,Eastwood (Pemberville),14,0,,
11,Portsmouth (Portsmouth),50,Fairland (Proctorville),38,0,,
11,Preble Shawnee (Camden),28,Milton-Union (West Milton),17,0,,
11,Reading (Reading),21,Indian Hill (Cincinnati),36,0,,
11,Revere (Richfield),7,Norton (Norton),40,0,,
11,Reynoldsburg (Reynoldsburg),20,Gahanna Lincoln (Gahanna),51,0,,
11,Rhodes (Cleveland),0,Sylvania Southview (Sylvania),49,0,,
11,Rittman (Rittman),40,Cuyahoga Heights (Cuyahoga Heights),41,0,,
11,River Valley (Caledonia),30,Van Wert (Van Wert),48,0,,
11,Rock Hill (Ironton),7,Garaway (Sugarcreek),45,0,,
11,Roger Bacon (St Bernard),0,Archbishop Alter (Kettering),42,0,,
11,St Charles (Columbus),14,Green (Uniontown),44,0,,
11,St Henry (St Henry),28,Riverside (De Graff),5,0,,
11,St Ignatius (Cleveland),10,Mentor (Mentor),7,0,,
11,St John's Jesuit (Toledo),0,Avon (Avon),28,0,,
11,St Paul (Norwalk),56,Toronto (Toronto),20,0,,
11,Sandusky (Sandusky),29,Buckeye (Medina),31,0,,
11,Sandy Valley (Magnolia),42,Lakeview (Cortland),21,0,,
11,Seneca East (Attica),16,Colonel Crawford (North Robinson),24,0,,
11,Shadyside (Shadyside),27,Eastern (Beaver),41,0,,
11,Shaker Heights (Shaker Heights),41,Barberton (Barberton),48,0,,
11,Sidney (Sidney),6,Harrison (Harrison),51,0,,
11,South (Columbus),0,Bishop Watterson (Columbus),45,0,,
11,Southeast (Ravenna),7,Rootstown (Rootstown),43,0,,
11,South Gallia (Crown City),21,Monroe Central (Woodsfield),31,0,,
11,Southern (Salineville),20,Malvern (Malvern),35,0,,
11,South Point (South Point),20,Barnesville (Barnesville),56,0,,
11,Spencerville (Spencerville),0,Edison (Milan),48,0,,
11,Springboro (Springboro),13,St Xavier (Cincinnati),35,0,,
11,Springfield (Springfield),38,Wayne (Huber Heights),14,0,,
11,Start (Toledo),6,Anthony Wayne (Whitehouse),41,0,,
11,Stebbins (Riverside),7,Troy (Troy),26,0,,
11,Strongsville (Strongsville),13,Canton McKinley (Canton),37,0,,
11,Sycamore (Cincinnati),10,Hamilton (Hamilton),13,0,,
11,Trimble (Glouster),37,Elgin (Marion),6,0,,
11,Triway (Wooster),10,Harrison Central (Cadiz),40,0,,
11,Troy Christian (Troy),0,Versailles (Versailles),40,0,,
11,Turpin (Cincinnati),7,Anderson (Cincinnati),43,0,,
11,Tuscarawas Valley (Zoarville),21,Fort Frye (Beverly),35,0,,
11,Tri-County North (Lewisburg),0,Marion Local (Maria Stein),63,0,,
11,Union Local (Belmont),26,West Muskingum (Zanesville),42,0,,
11,University School (Hunting Valley),14,Villa Angela-St Joseph (Cleveland),48,0,,
11,Upper Scioto Valley (McGuffey),22,McComb (McComb),53,0,,
11,Urbana (Urbana),56,Unioto (Chillicothe),21,0,,
11,Utica (Utica),18,Columbus Academy (Gahanna),34,0,,
11,Valley (Lucasville),7,West Liberty-Salem (West Liberty),47,0,,
11,Valley Forge (Parma Heights),14,North Ridgeville (North Ridgeville),35,0,,
11,Vermilion (Vermilion),6,Perkins (Sandusky),44,0,,
11,Vinton County (McArthur),6,Gallia Academy (Gallipolis),34,0,,
11,Walnut Ridge (Columbus),0,Canal Winchester (Canal Winchester),27,0,,
11,Washington (Washington Court House),0,Wyoming (Cincinnati),42,0,,
11,Watkins Memorial (Pataskala),18,Independence (Columbus),8,0,,
11,Wauseon (Wauseon),14,St Marys Memorial (St Marys),42,0,,
11,Waverly (Waverly),7,Shawnee (Springfield),37,0,,
11,Western Brown (Mount Orab),20,Tippecanoe (Tipp City),49,0,,
11,Western Hills (Cincinnati),0,Lakota West (West Chester),69,0,,
11,Westerville Central (Westerville),0,Pickerington North (Pickerington),28,0,,
11,Westerville South (Westerville),49,Briggs (Columbus),30,0,,
11,Westfall (Williamsport),7,Valley View (Germantown),55,0,,
11,West Clermont (Cincinnati),13,Archbishop Moeller (Cincinnati),49,0,,
11,Woodridge (Peninsula),20,West Branch (Beloit),33,0,,
11,Thomas Worthington (Worthington),3,Upper Arlington (Upper Arlington),46,0,,
11,Worthington Christian (Worthington),6,Ironton (Ironton),56,0,,
11,Wynford (Bucyrus),31,Tinora (Defiance),28,0,,
11,Xenia (Xenia),32,Lima Senior (Lima),42,0,,
11,Brooke (Wellsburg),10,Weir (Weirton),24,0,WV,WV
11,Buffalo (Buffalo),16,Van (Van),48,0,WV,WV
11,Cameron (Cameron),50,Ritchie County (Ellenboro),13,0,WV,WV
11,Doddridge County,0,Williamstown (Williamstown),55,0,WV,WV
11,Madonna (Weirton),8,Wirt County (Elizabeth),35,0,WV,WV
11,Magnolia (New Martinsville),40,Valley (Wetzel) (Pine Grove),30,0,WV,WV
11,Paden City (Paden City),28,Clay-Battelle (Blacksville),40,0,WV,WV
11,Parkersburg South (Parkersburg),14,Wheeling Park (Wheeling),64,0,WV,WV
11,Petersburg,27,Tucker County,30,0,WV,WV
11,Ripley (Ripley),0,Point Pleasant (Point Pleasant),42,0,WV,WV
11,Tug Valley (Williamson),21,Man,22,0,WV,WV
11,Tyler Consolidated,12,St Marys (St Marys),46,0,WV,WV
11,Linsly (Wheeling),21,Bridgeport,28,0,WV,WV
11,Ballard,50,Woodford County,21,0,KY,KY
11,Belfry (Belfry),43,Letcher County Central,14,0,KY,KY
11,Bellevue,42,Jackson County,16,0,KY,KY
11,Boyle County,28,Frederick Douglass (Lexington),7,0,KY,KY
11,Campbell County (Alexandria),7,Covington Catholic (Park Hills),35,0,KY,KY
11,Fleming County,44,Greenup County,59,0,KY,KY
11,Hopkinsville,14,Pleasure Ridge Park,49,0,KY,KY
11,Lexington Christian,48,Raceland (Raceland),21,0,KY,KY
11,Ludlow,26,Paris,50,0,KY,KY
11,Male (Louisville),30,DuPont Manual,23,0,KY,KY
11,Newport (Newport),44,Holy Cross (Covington),42,0,KY,KY
11,Newport Central Catholic,41,Holmes (Covington),0,0,KY,KY
11,Paintsville,22,Pike County Central,14,0,KY,KY
11,Pendleton County (Falmouth),0,Bishop Brossart (Alexandria),43,0,KY,KY
11,Pikeville (Pikeville),39,Boyd County (Ashland),15,0,KY,KY
11,Ryle (Union),53,Dixie Heights (Covington),21,0,KY,KY
11,Simon Kenton,42,Ashland Blazer (Ashland),49,0,KY,KY
11,St Xavier (Louisville),27,Bowling Green,12,0,KY,KY
11,W.E.B. DuBois Academy (Louisville),0,Central (Louisville),30,0,KY,KY
11,Claysburg Kimmel,14,Everett,37,0,PA,PA
11,Central Catholic (Pittsburgh),51,Gateway (Monroeville),7,0,PA,PA
11,Pine-Richland (Gibsonia),43,North Hills,0,0,PA,PA
11,Aliquippa,27,Central Valley (Monaca),17,0,PA,PA
11,Ridgway,35,Brookville,6,0,PA,PA
11,McDowell (Erie),31,St Francis (Athol Springs),34,0,PA,NY
11,Cathedral Prep (Erie),44,Farrell (Farrell),18,0,PA,PA
11,Harbor Creek (Harborcreek),53,Greenville,13,0,PA,PA
11,North East (North East),51,Reynolds,19,0,PA,PA
11,Brownsburg,25,Ben Davis,28,0,IN,IN
11,Franklin Central,14,Center Grove,40,0,IN,IN
11,North Central (Indianapolis),2,Cathedral (Indianapolis),42,0,IN,IN
11,Elkhart (Elkhart),0,Penn (Mishawaka),35,0,IN,IN
11,David Lipscomb (Nashville),34,McCallie,28,0,TN,TN
11,Dinwiddie,56,Meadowbrook,12,0,VA,VA
11,Friendship Collegiate (Washington),27,Rock Creek Christian (Upper Marlboro),18,0,DC,MD
11,Canisius (Buffalo),29,Erie (Erie),6,0,NY,PA
11,Bergen Catholic (Oradell),42,Paramus Catholic (Paramus),13,0,NJ,NJ
11,Middletown (Middletown),14,Salesianum (Wilmington),37,0,DE,DE
11,St Jean de Brebeuf (Hamilton),6,Bishop Tonnos (Ancaster),43,0,ON,ON
11,St Mary's (Hamilton),36,Cathedral (Hamilton),2,0,ON,ON
11,St John Henry Newman (Stoney Creek),32,St Thomas More (Hamilton),9,0,ON,ON
11,Master's Academy (Oviedo),42,Oak Hall School (Gainesville),36,0,FL,FL
11,Valdosta (Valdosta),28,Colquitt County,44,0,GA,GA
11,Danbury (Lakeside),0,Toledo Christian (Toledo),49,0,,
11,St Mary Central Catholic (Sandusky),12,Holgate (Holgate),50,0,,
11,Stryker (Stryker),38,Sebring McKinley (Sebring),42,0,,
11,Columbus Crusaders (club) (Columbus),48,Osceola Grace (club) (Elkhart),12,1,,IN
11,Landmark Eagles (club) (Cincinnati),42,Calumet Christian (Griffith),20,1,,IN
11,Grand Valley Patriots (club),12,Middletown Christian (club) (Franklin),34,1,MI,
11,University Prep (USO co-op) (Pittsburgh),14,Westinghouse (Pittsburgh),42,1,PA,PA
11,Neumann Goretti (Philadelphia),23,Archbishop Ryan,14,0,PA,PA
11,Woodberry Forest,30,Trinity Episcopal School (Richmond),33,0,VA,VA
11,Fort Hill (Cumberland),47,Allegany (Cumberland),21,0,MD,MD
11,Good Counsel (Wheaton),28,Gonzaga (Washington),6,0,MD,DC
11,DeMatha Catholic (Hyattsville),33,Bishop McNamara (Forestville),0,0,MD,MD
11,Bishop Timon - St Jude (Buffalo),23,St Joseph's Collegiate (Buffalo),3,0,NY,NY
12,Anna (Anna),52,Williamsburg (Williamsburg),28,0,,
12,Arlington (Arlington),14,Patrick Henry (Hamler),40,0,,
12,Austintown-Fitch (Austintown),21,Walsh Jesuit (Cuyahoga Falls),58,0,,
12,Avon Lake (Avon Lake),14,Anthony Wayne (Whitehouse),59,0,,
12,Barberton (Barberton),7,Archbishop Hoban (Akron),41,0,,
12,Bellbrook (Bellbrook),6,Badin (Hamilton),24,0,,
12,Bellefontaine (Bellefontaine),35,London (London),28,0,,
12,Berea-Midpark (Berea),0,Cleveland Heights (Cleveland Heights),35,0,,
12,Bethel-Tate (Bethel),0,Valley View (Germantown),49,0,,
12,Big Walnut (Sunbury),20,Lake (Uniontown),21,0,,
12,Black River (Sullivan),6,Columbus Grove (Columbus Grove),34,0,,
12,Bloom-Carroll (Carroll),14,Jackson (Jackson),10,0,,
12,Brecksville-Broadview Heights (Broadview Heights),7,Avon (Avon),49,0,,
12,Buchtel (Akron),26,Canton South (Canton),27,0,,
12,Buckeye (Medina),49,Norton (Norton),47,0,,
12,Canfield (Canfield),13,Ursuline (Youngstown),16,0,,
12,Cedarville (Cedarville),0,Marion Local (Maria Stein),69,0,,
12,Celina (Celina),41,Trotwood-Madison (Trotwood),35,0,,
12,Canton Central Catholic (Canton),26,Kirtland (Kirtland),48,0,,
12,Twinsburg (Twinsburg),30,Riverside (Painesville),42,0,,
12,Chaminade Julienne (Dayton),21,Tippecanoe (Tipp City),30,0,,
12,Chardon (Chardon),28,Geneva (Geneva),14,0,,
12,Clearview (Lorain),19,Norwayne (Creston),16,0,,
12,Coldwater (Coldwater),28,Archbold (Archbold),14,0,,
12,Columbia (Columbia Station),0,Carey (Carey),48,0,,
12,Columbus Academy (Gahanna),17,Barnesville (Barnesville),19,0,,
12,Crestview (Convoy),28,Lima Central Catholic (Lima),44,0,,
12,Cuyahoga Heights (Cuyahoga Heights),26,United (Hanoverton),7,0,,
12,Defiance (Defiance),26,Central Catholic (Toledo),41,0,,
12,East Knox (Howard),7,Garaway (Sugarcreek),49,0,,
12,Eastwood (Pemberville),7,Edison (Milan),38,0,,
12,Edon (Edon),0,McComb (McComb),57,0,,
12,Elder (Cincinnati),14,Lakota West (West Chester),24,0,,
12,Galion (Galion),19,West Holmes (Millersburg),22,0,,
12,Gallia Academy (Gallipolis),0,Sheridan (Thornville),42,0,,
12,Garfield (Garrettsville),56,Harrison Central (Cadiz),35,0,,
12,Gilmour Academy (Gates Mills),27,Aurora (Aurora),30,0,,
12,GlenOak (Canton),0,St Edward (Lakewood),35,0,,
12,Grove City (Grove City),42,Gahanna Lincoln (Gahanna),48,0,,
12,Hamilton (Hamilton),14,Princeton (Cincinnati),31,0,,
12,Warren G Harding (Warren),21,Hudson (Hudson),24,0,,
12,Harrison (Harrison),20,Northmont (Clayton),17,0,,
12,Heath (Heath),28,Ironton (Ironton),37,0,,
12,Highland (Marengo),7,Oak Harbor (Oak Harbor),41,0,,
12,Hilliard Darby (Hilliard),16,Pickerington North (Pickerington),35,0,,
12,Hoover (North Canton),7,Green (Uniontown),31,0,,
12,Huron (Huron),7,Liberty Center (Liberty Center),41,0,,
12,Indian Hill (Cincinnati),6,Archbishop Alter (Kettering),31,0,,
12,Indian Valley (Gnadenhutten),34,Bishop Ready (Columbus),13,0,,
12,Kings (Kings Mills),3,Anderson (Cincinnati),41,0,,
12,Licking Valley (Newark),26,Steubenville (Steubenville),50,0,,
12,Lima Senior (Lima),15,Troy (Troy),42,0,,
12,Lowellville (Lowellville),32,Western Reserve (Berlin Center),7,0,,
12,Lucas (Lucas),10,Dalton (Dalton),35,0,,
12,Mason (Mason),10,Milford (Milford),9,0,,
12,Niles McKinley (Niles),21,Lake Catholic (Mentor),35,0,,
12,Archbishop McNicholas (Cincinnati),23,Clinton-Massie (Clarksville),24,0,,
12,Mechanicsburg (Mechanicsburg),8,Ansonia (Ansonia),34,0,,
12,Medina (Medina),22,Wadsworth (Wadsworth),19,0,,
12,St Marys Memorial (St Marys),21,Perkins (Sandusky),28,0,,
12,Miamisburg (Miamisburg),21,Olentangy (Lewis Center),38,0,,
12,Miami Trace (Washington Court House),7,Bishop Watterson (Columbus),44,0,,
12,Mineral Ridge (Mineral Ridge),17,Rootstown (Rootstown),9,0,,
12,Archbishop Moeller (Cincinnati),10,St Xavier (Cincinnati),7,0,,
12,Monroe Central (Woodsfield),14,Eastern (Reedsville),55,0,,
12,Napoleon (Napoleon),7,Glenville (Cleveland),44,0,,
12,Nelsonville-York (Nelsonville),7,West Jefferson (West Jefferson),29,0,,
12,New Bremen (New Bremen),7,Minster (Minster),33,0,,
12,Newcomerstown (Newcomerstown),13,Fort Frye (Beverly),50,0,,
12,Northeastern (Springfield),14,Waynesville (Waynesville),49,0,,
12,North Ridgeville (North Ridgeville),7,Highland (Medina),28,0,,
12,Notre Dame (Portsmouth),0,Caldwell (Caldwell),50,0,,
12,Olentangy Liberty (Powell),14,Dublin Coffman (Dublin),17,0,,
12,Olmsted Falls (Olmsted Falls),35,Sylvania Southview (Sylvania),28,0,,
12,Ontario (Ontario),35,Tiffin Columbian (Tiffin),55,0,,
12,Ottawa Hills (Toledo),28,Colonel Crawford (North Robinson),21,0,,
12,Paint Valley (Bainbridge),14,Cincinnati Country Day (Cincinnati),26,0,,
12,Pandora-Gilboa (Pandora),3,Hopewell-Loudon (Bascom),33,0,,
12,Perrysburg (Perrysburg),7,Olentangy Berlin (Delaware),23,0,,
12,Pickerington Central (Pickerington),17,Upper Arlington (Upper Arlington),23,0,,
12,Portsmouth (Portsmouth),0,Wheelersburg (Wheelersburg),34,0,,
12,Preble Shawnee (Camden),18,Brookville (Brookville),28,0,,
12,Purcell Marian (Cincinnati),30,Zane Trace (Chillicothe),28,0,,
12,Pymatuning Valley (Andover),8,Mogadore (Mogadore),29,0,,
12,Ridgewood (West Lafayette),0,South Range (Canfield),35,0,,
12,River (Hannibal),48,Fairfield Christian Academy (Lancaster),15,0,,
12,Rocky River (Rocky River),21,Mansfield Senior (Mansfield),55,0,,
12,St Clairsville (St Clairsville),13,Bishop Hartley (Columbus),23,0,,
12,St Henry (St Henry),16,Fort Loramie (Fort Loramie),8,0,,
12,St Ignatius (Cleveland),24,Canton McKinley (Canton),28,0,,
12,Villa Angela-St Joseph (Cleveland),43,Kenston (Chagrin Falls),14,0,,
12,St Paul (Norwalk),20,Malvern (Malvern),14,0,,
12,Sandy Valley (Magnolia),7,Perry (Perry),34,0,,
12,Springfield (New Middletown),6,Danville (Danville),32,0,,
12,Springfield (Springfield),17,Centerville (Centerville),10,0,,
12,Streetsboro (Streetsboro),28,West Branch (Beloit),31,0,,
12,Struthers (Struthers),14,Poland Seminary (Poland),9,0,,
12,Trimble (Glouster),6,Northmor (Galion),31,0,,
12,Tri-Valley (Dresden),29,Granville (Granville),32,0,,
12,Tri-Village (New Madison),50,West Liberty-Salem (West Liberty),29,0,,
12,Twin Valley South (West Alexandria),8,Versailles (Versailles),41,0,,
12,Urbana (Urbana),7,Shawnee (Springfield),42,0,,
12,Van Wert (Van Wert),41,Shelby (Shelby),71,0,,
12,Wapakoneta (Wapakoneta),42,Butler (Vandalia),7,0,,
12,Waterford (Waterford),26,Eastern (Beaver),21,0,,
12,Watkins Memorial (Pataskala),3,Canal Winchester (Canal Winchester),7,0,,
12,Westerville North (Westerville),22,Hilliard Bradley (Hilliard),27,0,,
12,Westerville South (Westerville),7,Massillon Washington (Massillon),50,0,,
12,West Muskingum (Zanesville),0,Harvest Prep (Canal Winchester),24,0,,
12,Winton Woods (Cincinnati),7,Withrow (Cincinnati),16,0,,
12,Wynford (Bucyrus),0,Bluffton (Bluffton),38,0,,
12,Wyoming (Cincinnati),35,Taft (Cincinnati),26,0,,
12,Cabell Midland (Ona),56,Riverside (Belle),0,0,WV,WV
12,Hampshire,7,Tucker County,64,0,WV,WV
12,Hundred (Hundred),26,Richwood,44,0,WV,WV
12,Madonna (Weirton),29,Calhoun,6,0,WV,WV
12,Magnolia (New Martinsville),39,Clay-Battelle (Blacksville),21,0,WV,WV
12,Pendleton County,7,Cameron (Cameron),48,0,WV,WV
12,Point Pleasant (Point Pleasant),24,Winfield,35,0,WV,WV
12,Roane County (Spencer),27,Oak Glen (New Cumberland),21,0,WV,WV
12,St Marys (St Marys),46,Ravenswood,6,0,WV,WV
12,Valley (Wetzel) (Pine Grove),12,Paden City (Paden City),42,0,WV,WV
12,Van (Van),6,Tug Valley (Williamson),46,0,WV,WV
12,Wahama (Mason),60,Buffalo (Buffalo),6,0,WV,WV
12,Wheeling Park (Wheeling),31,John Marshall (Glen Dale),7,0,WV,WV
12,Linsly (Wheeling),24,Morgantown (Morgantown),7,0,WV,WV
12,Dinwiddie,49,Matoaca,28,0,VA,VA
12,Bishop McNamara (Forestville),0,Good Counsel (Wheaton),24,0,MD,MD
12,St Thomas More (Oakdale),0,IMG Academy (Bradenton),47,0,CT,FL
12,St Mark's (Wilmington),10,Middletown (Middletown),35,0,DE,DE
12,St Thomas More (Hamilton),5,St John Henry Newman (Stoney Creek),26,0,ON,ON
12,Bishop Ryan (Hamilton),13,Bishop Tonnos (Ancaster),51,0,ON,ON
12,Buchholz (Gainesville),42,Trinity Catholic (Ocala),20,0,FL,FL
12,Zarephath Academy (Jacksonville),36,Master's Academy (Oviedo),47,1,FL,FL
12,Holgate (Holgate),6,Toledo Christian (Toledo),46,1,,
12,Wheeling Central Catholic (Wheeling),21,Williamstown (Williamstown),65,0,WV,WV
12,Benedictine Prep (Richmond),7,Trinity Episcopal School (Richmond),36,1,VA,VA
12,St John's College (Washington),23,Gonzaga (Washington),20,0,DC,DC
12,Conwell-Egan,7,Neumann Goretti (Philadelphia),18,0,PA,PA
12,Tottenville (Staten Island),47,Canarsie,8,0,NY,NY
12,Cathedral (Hamilton),0,St Mary's (Hamilton),24,0,ON,ON
13,Anna (Anna),56,Tri-Village (New Madison),51,1,,
13,Archbishop Alter (Kettering),21,Clinton-Massie (Clarksville),3,1,,
13,Bellefontaine (Bellefontaine),29,Granville (Granville),21,1,,
13,Bishop Hartley (Columbus),27,Sheridan (Thornville),34,1,,
13,Bloom-Carroll (Carroll),10,Bishop Watterson (Columbus),20,1,,
13,Brookville (Brookville),42,Waynesville (Waynesville),45,1,,
13,Buckeye (Medina),0,Tiffin Columbian (Tiffin),35,1,,
13,Canton McKinley (Canton),17,St Edward (Lakewood),41,1,,
13,Carey (Carey),21,Columbus Grove (Columbus Grove),37,1,,
13,Celina (Celina),27,Tippecanoe (Tipp City),13,1,,
13,Chardon (Chardon),31,Aurora (Aurora),7,1,,
13,Cincinnati Country Day (Cincinnati),13,Versailles (Versailles),55,1,,
13,Clearview (Lorain),21,South Range (Canfield),48,1,,
13,Coldwater (Coldwater),42,Edison (Milan),7,1,,
13,Cuyahoga Heights (Cuyahoga Heights),19,Kirtland (Kirtland),53,1,,
13,Dublin Coffman (Dublin),24,Olentangy Berlin (Delaware),7,1,,
13,Fort Frye (Beverly),30,West Jefferson (West Jefferson),49,1,,
13,Garfield (Garrettsville),14,Perry (Perry),42,1,,
13,Green (Uniontown),10,Canal Winchester (Canal Winchester),0,1,,
13,Harrison (Harrison),36,Anderson (Cincinnati),50,1,,
13,Highland (Medina),31,Anthony Wayne (Whitehouse),10,1,,
13,Hudson (Hudson),14,Walsh Jesuit (Cuyahoga Falls),35,1,,
13,Indian Valley (Gnadenhutten),35,Steubenville (Steubenville),42,1,,
13,Lake (Uniontown),6,Massillon Washington (Massillon),35,1,,
13,Lakota West (West Chester),19,Princeton (Cincinnati),7,1,,
13,Lima Central Catholic (Lima),13,McComb (McComb),45,1,,
13,Lowellville (Lowellville),21,Danville (Danville),41,1,,
13,Mansfield Senior (Mansfield),10,Central Catholic (Toledo),41,1,,
13,Mason (Mason),3,Archbishop Moeller (Cincinnati),38,1,,
13,Medina (Medina),21,Cleveland Heights (Cleveland Heights),20,1,,
13,Mineral Ridge (Mineral Ridge),7,Mogadore (Mogadore),21,1,,
13,Minster (Minster),7,Marion Local (Maria Stein),28,1,,
13,Northmor (Galion),7,Garaway (Sugarcreek),42,1,,
13,Oak Harbor (Oak Harbor),14,Liberty Center (Liberty Center),45,1,,
13,Olmsted Falls (Olmsted Falls),23,Avon (Avon),33,1,,
13,Ottawa Hills (Toledo),0,Bluffton (Bluffton),34,1,,
13,Patrick Henry (Hamler),26,Hopewell-Loudon (Bascom),14,1,,
13,Pickerington North (Pickerington),0,Hilliard Bradley (Hilliard),19,1,,
13,Purcell Marian (Cincinnati),22,Valley View (Germantown),31,1,,
13,River (Hannibal),14,Eastern (Reedsville),21,1,,
13,Riverside (Painesville),0,Archbishop Hoban (Akron),21,1,,
13,St Henry (St Henry),13,Ansonia (Ansonia),20,1,,
13,Villa Angela-St Joseph (Cleveland),20,Ursuline (Youngstown),27,1,,
13,St Paul (Norwalk),28,Dalton (Dalton),48,1,,
13,Shawnee (Springfield),20,Wyoming (Cincinnati),21,1,,
13,Shelby (Shelby),14,Glenville (Cleveland),50,1,,
13,Springfield (Springfield),37,Olentangy (Lewis Center),24,1,,
13,Struthers (Struthers),28,Lake Catholic (Mentor),25,1,,
13,Upper Arlington (Upper Arlington),12,Gahanna Lincoln (Gahanna),7,1,,
13,Wapakoneta (Wapakoneta),10,Badin (Hamilton),14,1,,
13,Waterford (Waterford),13,Caldwell (Caldwell),20,1,,
13,West Branch (Beloit),21,Canton South (Canton),40,1,,
13,West Holmes (Millersburg),21,Perkins (Sandusky),38,1,,
13,Wheelersburg (Wheelersburg),26,Barnesville (Barnesville),13,1,,
13,Withrow (Cincinnati),42,Troy (Troy),14,1,,
13,Harvest Prep (Canal Winchester),20,Ironton (Ironton),14,1,,
13,Appoquinimink (Middletown),38,Middletown (Middletown),23,0,DE,DE
13,St John Henry Newman (Stoney Creek),17,Bishop Tonnos (Ancaster),33,0,ON,ON
14,Anna (Anna),14,Versailles (Versailles),41,1,,
14,Ansonia (Ansonia),0,Marion Local (Maria Stein),48,1,,
14,Bellefontaine (Bellefontaine),13,Bishop Watterson (Columbus),19,1,,
14,Caldwell (Caldwell),20,Eastern (Reedsville),19,1,,
14,Celina (Celina),37,Badin (Hamilton),25,1,,
14,Chardon (Chardon),31,Ursuline (Youngstown),14,1,,
14,Coldwater (Coldwater),7,Liberty Center (Liberty Center),17,1,,
14,Tiffin Columbian (Tiffin),6,Central Catholic (Toledo),41,1,,
14,Columbus Grove (Columbus Grove),17,Bluffton (Bluffton),10,1,,
14,Danville (Danville),8,Dalton (Dalton),31,1,,
14,Glenville (Cleveland),36,Perkins (Sandusky),26,1,,
14,Green (Uniontown),6,Massillon Washington (Massillon),31,1,,
14,Highland (Medina),14,Avon (Avon),28,1,,
14,McComb (McComb),39,Patrick Henry (Hamler),40,1,,
14,Medina (Medina),7,St Edward (Lakewood),42,1,,
14,Archbishop Moeller (Cincinnati),22,Lakota West (West Chester),0,1,,
14,Mogadore (Mogadore),0,Kirtland (Kirtland),42,1,,
14,Sheridan (Thornville),7,Steubenville (Steubenville),14,1,,
14,South Range (Canfield),0,Perry (Perry),32,1,,
14,Springfield (Springfield),21,Dublin Coffman (Dublin),14,1,,
14,Struthers (Struthers),13,Canton South (Canton),35,1,,
14,Upper Arlington (Upper Arlington),28,Hilliard Bradley (Hilliard),35,1,,
14,Walsh Jesuit (Cuyahoga Falls),6,Archbishop Hoban (Akron),30,1,,
14,Waynesville (Waynesville),24,Valley View (Germantown),42,1,,
14,West Jefferson (West Jefferson),7,Garaway (Sugarcreek),42,1,,
14,Wheelersburg (Wheelersburg),0,Harvest Prep (Canal Winchester),22,1,,
14,Withrow (Cincinnati),28,Anderson (Cincinnati),49,1,,
14,Wyoming (Cincinnati),0,Archbishop Alter (Kettering),17,1,,
14,Scranton Preparatory,23,Neumann Goretti (Philadelphia),16,1,PA,PA
15,Anderson (Cincinnati),7,Massillon Washington (Massillon),55,1,,
15,Archbishop Alter (Kettering),48,Steubenville (Steubenville),0,1,,
15,Avon (Avon),14,Archbishop Hoban (Akron),17,1,,
15,Caldwell (Caldwell),7,Dalton (Dalton),55,1,,
15,Celina (Celina),14,Bishop Watterson (Columbus),27,1,,
15,Central Catholic (Toledo),35,Chardon (Chardon),7,1,,
15,Garaway (Sugarcreek),0,Kirtland (Kirtland),17,1,,
15,Glenville (Cleveland),42,Canton South (Canton),21,1,,
15,Hilliard Bradley (Hilliard),3,St Edward (Lakewood),26,1,,
15,Marion Local (Maria Stein),42,Patrick Henry (Hamler),0,1,,
15,Archbishop Moeller (Cincinnati),19,Springfield (Springfield),26,1,,
15,Valley View (Germantown),10,Liberty Center (Liberty Center),14,1,,
15,Versailles (Versailles),30,Columbus Grove (Columbus Grove),13,1,,
15,Harvest Prep (Canal Winchester),8,Perry (Perry),22,1,,
16,Archbishop Hoban (Akron),2,Massillon Washington (Massillon),7,1,,
16,Bishop Watterson (Columbus),7,Central Catholic (Toledo),27,1,,
16,St Edward (Lakewood),31,Springfield (Springfield),21,1,,
16,Versailles (Versailles),15,Kirtland (Kirtland),32,1,,
16,Archbishop Alter (Kettering),3,Glenville (Cleveland),38,1,,
16,Dalton (Dalton),0,Marion Local (Maria Stein),38,1,,
16,Liberty Center (Liberty Center),14,Perry (Perry),21,1,,
