week,away,away_score,home,home_score,neutral,away_state,home_state
1,Archbishop Alter (Kettering),28,Kettering Fairmont (Kettering),21,0,,
1,Bellaire (Bellaire),31,Buckeye Local (Rayland),6,0,,
1,Bridgeport (Bridgeport),13,Frontier (New Matamoras),36,0,,
1,Calvert (Tiffin),6,Mohawk (Sycamore),39,0,,
1,Centennial (Columbus),0,Westland (Galloway),49,0,,
1,Colonel Crawford (North Robinson),42,Fairbanks (Milford Center),7,1,,
1,Columbus Grove (Columbus Grove),21,Pandora-Gilboa (Pandora),22,0,,
1,East Palestine (East Palestine),40,Shadyside (Shadyside),7,0,,
1,Holy Name (Parma Heights),55,Normandy (Parma),12,0,,
1,Howland (Warren),10,Niles McKinley (Niles),8,0,,
1,Hughes (Cincinnati),20,Dunbar (Dayton),0,0,,
1,Garfield (Akron),21,Southeast (Ravenna),19,0,,
1,Lakewood (Hebron),0,West Muskingum (Zanesville),42,0,,
1,Leetonia (Leetonia),47,Vanlue (Vanlue),0,0,,
1,Liberty (Youngstown),40,Campbell Memorial (Campbell),0,0,,
1,Lima Central Catholic (Lima),22,Shawnee (Lima),19,0,,
1,Mathews (Vienna),13,Jackson-Milton (North Jackson),20,0,,
1,Napoleon (Napoleon),19,Defiance (Defiance),20,0,,
1,Norwood (Norwood),18,Shroder (Cincinnati),33,0,,
1,Perry (Massillon),41,Canton Central Catholic (Canton),14,0,,
1,Piketon (Piketon),42,Northwest (McDermott),19,0,,
1,River Valley (Caledonia),42,Elgin (Marion),15,0,,
1,St Ignatius (Cleveland),14,Avon (Avon),40,0,,
1,Sandy Valley (Magnolia),13,Fairless (Brewster),50,0,,
1,Tri-Valley (Dresden),48,Meadowbrook (Byesville),28,0,,
1,Tuscarawas Central Catholic (New Philadelphia),22,Conotton Valley (Bowerston),50,0,,
1,Unioto (Chillicothe),42,Portsmouth (Portsmouth),0,0,,
1,University School (Hunting Valley),42,Brookside (Sheffield),0,0,,
1,Adena (Frankfort),0,McClain (Greenfield),20,0,,
1,Alliance (Alliance),25,Padua Franciscan (Parma),3,0,,
1,Amanda-Clearcreek (Amanda),20,West Jefferson (West Jefferson),27,0,,
1,Anthony Wayne (Whitehouse),6,Upper Arlington (Upper Arlington),31,0,,
1,Archbold (Archbold),33,Genoa Area (Genoa),28,0,,
1,Arlington (Arlington),41,Hardin Northern (Dola),0,0,,
1,Austintown-Fitch (Austintown),14,Hudson (Hudson),28,0,,
1,Avon Lake (Avon Lake),42,Strongsville (Strongsville),43,0,,
1,Ayersville (Defiance),8,Delta (Delta),42,0,,
1,Badin (Hamilton),38,Hamilton (Hamilton),20,0,,
1,Barberton (Barberton),7,Wadsworth (Wadsworth),55,0,,
1,Batavia (Batavia),42,Madeira (Cincinnati),14,0,,
1,Bay (Bay Village),10,Ashland (Ashland),43,0,,
1,Beavercreek (Beavercreek),18,Xenia (Xenia),27,0,,
1,Beechcroft (Columbus),28,Eastmoor Academy (Columbus),32,0,,
1,Bellevue (Bellevue),33,Clyde (Clyde),23,0,,
1,Belpre (Belpre),12,Fisher Catholic (Lancaster),47,0,,
1,Benjamin Logan (Bellefontaine),30,Bluffton (Bluffton),33,0,,
1,Berea-Midpark (Berea),28,Brunswick (Brunswick),7,0,,
1,Bethel (Tipp City),35,Twin Valley South (West Alexandria),6,0,,
1,Bexley (Columbus),6,Linden McKinley (Columbus),8,0,,
1,Big Walnut (Sunbury),15,Bishop Watterson (Columbus),37,0,,
1,Bishop Ready (Columbus),6,Dalton (Dalton),20,0,,
1,Bishop Rosecrans (Zanesville),42,Beachwood (Beachwood),8,0,,
1,Blanchester (Blanchester),6,Greeneview (Jamestown),40,0,,
1,Bowling Green (Bowling Green),0,Perrysburg (Perrysburg),64,0,,
1,Bradford (Bradford),0,Catholic Central (Springfield),54,0,,
1,Brecksville-Broadview Heights (Broadview Heights),21,Aurora (Aurora),17,0,,
1,Brush (Lyndhurst),21,Euclid (Euclid),19,0,,
1,Buchtel (Akron),0,Hoover (North Canton),30,0,,
1,Buckeye (Medina),41,Cloverleaf (Seville),0,0,,
1,Buckeye Central (New Washington),22,Crestline (Crestline),7,0,,
1,Buckeye Trail (Lore City),0,Caldwell (Caldwell),38,0,,
1,Buckeye Valley (Delaware),28,Delaware Hayes (Delaware),7,0,,
1,Bucyrus (Bucyrus),28,North Baltimore (North Baltimore),36,0,,
1,Canton McKinley (Canton),43,Warren G Harding (Warren),25,0,,
1,Cardinal Mooney (Youngstown),30,Lake Catholic (Mentor),13,0,,
1,Cardington-Lincoln (Cardington),32,Wynford (Bucyrus),27,0,,
1,Carey (Carey),7,Hopewell-Loudon (Bascom),30,0,,
1,Celina (Celina),7,St Henry (St Henry),31,0,,
1,Toledo Christian (Toledo),0,Rootstown (Rootstown),42,0,,
1,Central Crossing (Grove City),7,St Charles (Columbus),42,0,,
1,Twinsburg (Twinsburg),29,Boardman (Youngstown),28,0,,
1,Chaminade Julienne (Dayton),0,Miamisburg (Miamisburg),34,0,,
1,Champion (Warren),6,McDonald (McDonald),41,0,,
1,Chaney (Youngstown),30,East (Columbus),32,0,,
1,Chardon (Chardon),13,Jackson (Massillon),35,0,,
1,Chesapeake (Chesapeake),0,Symmes Valley (Willow Wood),35,0,,
1,Chillicothe (Chillicothe),7,Bloom-Carroll (Carroll),20,0,,
1,Chippewa (Doylestown),0,East Canton (East Canton),38,0,,
1,Clay (Oregon),7,Wapakoneta (Wapakoneta),28,0,,
1,Claymont (Uhrichsville),34,Harrison Central (Cadiz),14,0,,
1,Clearview (Lorain),26,Fairview (Fairview Park),39,0,,
1,Clermont Northeastern (Batavia),6,Mariemont (Cincinnati),30,0,,
1,Cleveland Heights (Cleveland Heights),7,Trotwood-Madison (Trotwood),42,0,,
1,Coldwater (Coldwater),49,Valley View (Germantown),48,0,,
1,Colerain (Cincinnati),0,La Salle (Cincinnati),42,0,,
1,Thurgood Marshall (Dayton),0,Purcell Marian (Cincinnati),40,0,,
1,Columbia (Columbia Station),30,Independence (Independence),0,0,,
1,Tiffin Columbian (Tiffin),9,Fremont Ross (Fremont),13,0,,
1,Columbus Academy (Gahanna),14,Northland (Columbus),7,0,,
1,Copley (Copley),20,Streetsboro (Streetsboro),34,0,,
1,Cory-Rawson (Rawson),14,Arcadia (Arcadia),52,0,,
1,Coshocton (Coshocton),7,Ridgewood (West Lafayette),31,0,,
1,Coventry (Akron),0,Manchester (New Franklin),62,0,,
1,Covington (Covington),13,Arcanum (Arcanum),14,0,,
1,Crestview (Ashland),0,Seneca East (Attica),2,0,,
1,Crestview (Convoy),62,Parkway (Rockford),41,0,,
1,Crooksville (Crooksville),21,Newcomerstown (Newcomerstown),12,0,,
1,Cuyahoga Falls (Cuyahoga Falls),0,South (Willoughby),34,0,,
1,Cuyahoga Heights (Cuyahoga Heights),27,Conneaut (Conneaut),24,0,,
1,Danville (Danville),35,Worthington Christian (Worthington),13,0,,
1,Lisbon David Anderson (Lisbon),49,Newton Falls (Newton Falls),17,0,,
1,Dawson-Bryant (Coal Grove),8,Russell (Russell),20,0,,KY
1,Dayton Christian (Miamisburg),20,Miami East (Casstown),37,0,,
1,Deer Park (Cincinnati),41,Belmont (Dayton),32,0,,
1,Dover (Dover),18,GlenOak (Canton),7,0,,
1,Dublin Scioto (Dublin),28,Reynoldsburg (Reynoldsburg),20,0,,
1,East (Akron),20,Bedford (Bedford),6,0,,
1,Sciotoville Community (Portsmouth),6,Southeastern (Chillicothe),14,0,,
1,Dublin Jerome (Dublin),23,Westerville South (Westerville),13,0,,
1,East Clinton (Sabina),6,Huntington (Chillicothe),50,0,,
1,Eastern (Beaver),13,South Point (South Point),6,0,,
1,East Liverpool (East Liverpool),23,Carrollton (Carrollton),12,0,,
1,Eaton (Eaton),14,Greenville (Greenville),24,0,,
1,Edon (Edon),14,Edgerton (Edgerton),41,0,,
1,Elyria Catholic (Elyria),42,Bishop Hartley (Columbus),55,0,,
1,Fairfield (Fairfield),24,Wayne (Huber Heights),31,0,,
1,Fairfield Union (Lancaster),6,New Lexington (New Lexington),26,0,,
1,Fairland (Proctorville),27,Portsmouth West (West Portsmouth),30,0,,
1,Fairview (Sherwood),34,Wauseon (Wauseon),28,0,,
1,Fayetteville (Fayetteville),0,Manchester (Manchester),12,0,,
1,Bishop Fenwick (Franklin),7,Cincinnati Hills Christian Academy (Cincinnati),24,0,,
1,Field (Mogadore),16,Canton South (Canton),42,0,,
1,Finneytown (Cincinnati),21,Lockland (Lockland),0,0,,
1,Firelands (Oberlin),6,Edison (Milan),42,0,,
1,Firestone (Akron),7,Rocky River (Rocky River),52,0,,
1,Fort Frye (Beverly),7,Barnesville (Barnesville),35,0,,
1,Fort Loramie (Fort Loramie),14,Minster (Minster),22,0,,
1,Fostoria (Fostoria),6,Van Buren (Van Buren),37,0,,
1,Franklin (Franklin),0,Butler (Vandalia),17,0,,
1,Garaway (Sugarcreek),46,River View (Warsaw),0,0,,
1,Garfield (Garrettsville),43,Edgewood (Ashtabula),51,0,,
1,Gibsonburg (Gibsonburg),49,Ottawa Hills (Toledo),14,0,,
1,Glenville (Cleveland),33,Massillon Washington (Massillon),27,0,,
1,Goshen (Goshen),34,Monroe (Monroe),14,0,,
1,Graham Local (St Paris),28,Kenton Ridge (Springfield),27,0,,
1,Grand Valley (Orwell),54,Brooklyn (Brooklyn),22,0,,
1,Grandview Heights (Columbus),34,Briggs (Columbus),6,0,,
1,Green (Franklin Furnace),26,Federal Hocking (Stewart),58,0,,
1,Greenon (Enon),34,Shawnee (Springfield),14,0,,
1,Grove City (Grove City),42,Teays Valley (Ashville),14,0,,
1,Grove City Christian (Grove City),40,Miami Valley Christian Academy (Cincinnati),0,0,,
1,Groveport Madison (Groveport),10,Hilliard Bradley (Hilliard),17,0,,
1,Marion Harding (Marion),21,Mount Vernon (Mount Vernon),14,0,,
1,Harrison (Harrison),34,Loveland (Loveland),14,0,,
1,Harvey (Painesville),57,Berkshire (Burton),41,0,,
1,Hawken (Gates Mills),33,Cleveland Central Catholic (Cleveland),6,0,,
1,Highland (Medina),49,McDowell (Erie),10,0,,PA
1,Highland (Marengo),6,Fredericktown (Fredericktown),21,0,,
1,Hilliard Davidson (Hilliard),38,Mansfield Senior (Mansfield),7,0,,
1,Hillsdale (Jeromesville),42,Black River (Sullivan),14,0,,
1,Hilltop (West Unity),14,Ridgedale (Morral),28,0,,
1,Holgate (Holgate),36,Stryker (Stryker),16,0,,
1,Hubbard (Hubbard),42,Brookfield (Brookfield),0,0,,
1,Indian Creek (Wintersville),35,Cambridge (Cambridge),6,0,,
1,Indian Lake (Lewistown),21,Bath (Lima),50,0,,
1,Indian Valley (Gnadenhutten),28,Green (Uniontown),21,0,,
1,Jefferson (Delphos),7,Evergreen (Metamora),41,0,,
1,Jefferson Area (Jefferson),24,Chagrin Falls (Chagrin Falls),13,0,,
1,John F Kennedy (Cleveland),0,Rittman (Rittman),63,0,,
1,John F Kennedy (Warren),12,Union Local (Belmont),42,0,,
1,John Glenn (New Concord),19,Maysville (Zanesville),20,0,,
1,John Hay (Cleveland),0,Lutheran East (Cleveland Heights),34,0,,
1,John Marshall (Cleveland),20,Lakewood (Lakewood),45,0,,
1,Jonathan Alder (Plain City),33,West Liberty-Salem (West Liberty),7,0,,
1,Kenton (Kenton),21,Eastwood (Pemberville),40,0,,
1,Keystone (La Grange),39,Northwestern (West Salem),0,0,,
1,Kings (Kings Mills),44,Sycamore (Cincinnati),7,0,,
1,Kirtland (Kirtland),30,Central Clarion (co-op),7,0,,PA
1,River Valley (Bidwell),14,Berne Union (Sugar Grove),34,0,,
1,LaBrae (Leavittsburg),49,Cardinal (Middlefield),8,0,,
1,Lake (Uniontown),49,South Range (Canfield),13,0,,
1,Lakeview (Cortland),10,Springfield (New Middletown),7,0,,
1,Lakota (Kansas),41,Elmwood (Bloomdale),13,0,,
1,Lakota East (Liberty Township),35,Centerville (Centerville),20,0,,
1,Lakota West (West Chester),7,St Xavier (Cincinnati),14,0,,
1,Lancaster (Lancaster),21,Hilliard Darby (Hilliard),20,0,,
1,Lebanon (Lebanon),20,Northmont (Clayton),5,0,,
1,Leipsic (Leipsic),56,Lake (Millbury),35,0,,
1,Liberty Center (Liberty Center),42,Tinora (Defiance),0,0,,
1,Licking Valley (Newark),28,Sheridan (Thornville),6,0,,
1,Lima Senior (Lima),12,Piqua (Piqua),7,0,,
1,Gahanna Lincoln (Gahanna),14,Pickerington Central (Pickerington),45,0,,
1,Logan (Logan),0,Athens (The Plains),41,0,,
1,London (London),14,New Albany (New Albany),11,0,,
1,Louisville (Louisville),24,New Philadelphia (New Philadelphia),0,0,,
1,Lowellville (Lowellville),40,Columbiana (Columbiana),28,0,,
1,Lutheran West (Rocky River),8,Garfield Heights (Garfield Heights),55,0,,
1,Madison (Madison),14,Perry (Perry),38,0,,
1,Malvern (Malvern),16,Valley Christian School (Youngstown),8,0,,
1,Maple Heights (Maple Heights),42,Lorain (Lorain),16,0,,
1,Mapleton (Ashland),0,Loudonville (Loudonville),60,0,,
1,Margaretta (Castalia),20,Vermilion (Vermilion),21,0,,
1,Marion-Franklin (Columbus),12,Granville (Granville),27,0,,
1,Mayfield (Mayfield),20,Elyria (Elyria),3,0,,
1,McComb (McComb),20,Monroeville (Monroeville),46,0,,
1,Archbishop McNicholas (Cincinnati),34,Turpin (Cincinnati),28,0,,
1,Meadowdale (Dayton),20,Independence (Columbus),28,0,,
1,Mechanicsburg (Mechanicsburg),28,Washington (Washington Court House),6,0,,
1,Medina (Medina),21,Stow-Munroe Falls (Stow),13,0,,
1,St Marys Memorial (St Marys),6,Galion (Galion),35,0,,
1,Mentor (Mentor),35,Olmsted Falls (Olmsted Falls),28,0,,
1,Miami Trace (Washington Court House),42,Waverly (Waverly),21,0,,
1,Midview (Grafton),48,Westlake (Westlake),14,0,,
1,Mifflin (Columbus),0,South (Columbus),53,0,,
1,Milford (Milford),0,Withrow (Cincinnati),35,0,,
1,Miller (Corning),18,Alexander (Albany),15,0,,
1,Minerva (Minerva),0,United (Hanoverton),35,0,,
1,Mogadore (Mogadore),13,Crestwood (Mantua),6,0,,
1,Monroe Central (Woodsfield),20,Liberty Union (Baltimore),21,0,,
1,Montpelier (Montpelier),24,Antwerp (Antwerp),16,0,,
1,Morgan (McConnelsville),31,Marietta (Marietta),16,0,,
1,Mount Gilead (Mount Gilead),31,Triad (North Lewisburg),6,0,,
1,Mount Healthy (Cincinnati),7,West Clermont (Cincinnati),42,0,,
1,National Trail (New Paris),6,Carlisle (Carlisle),42,0,,
1,Nelsonville-York (Nelsonville),34,Trimble (Glouster),8,0,,
1,Newark (Newark),56,Licking Heights (Pataskala),21,0,,
1,Newark Catholic (Newark),26,Allen East (Harrod),29,0,,
1,New Bremen (New Bremen),41,Wayne Trace (Haviland),0,0,,
1,New London (New London),28,Millersport (Millersport),14,0,,
1,New Richmond (New Richmond),53,Bethel-Tate (Bethel),34,0,,
1,North (Akron),23,St Thomas Aquinas (Louisville),6,0,,
1,North (Eastlake),55,Lakeside (Ashtabula),12,0,,
1,North Central (Pioneer),0,Woodmore (Elmore),57,0,,
1,North College Hill (Cincinnati),32,St Bernard-Elmwood Place (St Bernard),20,0,,
1,Northmor (Galion),16,Upper Sandusky (Upper Sandusky),0,0,,
1,North Olmsted (North Olmsted),0,North Ridgeville (North Ridgeville),41,0,,
1,Northridge (Johnstown),25,East Knox (Howard),24,0,,
1,North Royalton (North Royalton),29,Valley Forge (Parma Heights),33,0,,
1,North Union (Richwood),13,Pleasant (Marion),16,0,,
1,Norton (Norton),0,Northwest (Canal Fulton),1,0,,
1,Norwalk (Norwalk),17,Start (Toledo),14,0,,
1,Northwest (Cincinnati),10,Wilmington (Wilmington),14,0,,
1,Northwestern (Springfield),50,Southeastern Local (South Charleston),7,0,,
1,Northwood (Northwood),44,Rossford (Rossford),36,0,,
1,Notre Dame (Portsmouth),26,Fairfield Christian Academy (Lancaster),24,0,,
1,Oak Harbor (Oak Harbor),52,Huron (Huron),46,0,,
1,Oak Hill (Oak Hill),14,Wellston (Wellston),26,0,,
1,Oak Hills (Cincinnati),21,Edgewood (Trenton),20,0,,
1,Olentangy Berlin (Delaware),13,St Francis DeSales (Columbus),14,0,,
1,Olentangy (Lewis Center),26,Olentangy Liberty (Powell),6,0,,
1,Ontario (Ontario),16,Lexington (Lexington),36,0,,
1,Orange (Pepper Pike),21,Girard (Girard),55,0,,
1,Olentangy Orange (Lewis Center),42,Marysville (Marysville),0,0,,
1,Otsego (Tontogany),35,Bowsher (Toledo),7,0,,
1,Ottawa-Glandorf (Ottawa),0,Liberty-Benton (Findlay),35,0,,
1,Patrick Henry (Hamler),45,Hicksville (Hicksville),0,0,,
1,Ponitz Tech (Dayton),0,Fort Recovery (Fort Recovery),44,0,,
1,Perkins (Sandusky),14,Clear Fork (Bellville),17,0,,
1,Perry (Lima),12,Dixie (New Lebanon),0,0,,
1,Philo (Duncan Falls),26,Heath (Heath),21,0,,
1,Pickerington North (Pickerington),0,St Edward (Lakewood),24,0,,
1,Plymouth (Plymouth),0,Lucas (Lucas),51,0,,
1,Poland Seminary (Poland),48,Salem (Salem),26,0,,
1,Preble Shawnee (Camden),35,Madison (Middletown),18,0,,
1,Pymatuning Valley (Andover),8,Mineral Ridge (Mineral Ridge),29,0,,
1,Revere (Richfield),35,Woodridge (Peninsula),20,0,,
1,Richmond Heights (Richmond Heights),6,Rhodes (Cleveland),12,0,,
1,Ridgemont (Mt Victory),28,Riverdale (Mt Blanchard),7,0,,
1,Riverside (De Graff),6,Ansonia (Ansonia),36,0,,
1,Riverside (Painesville),28,Shaker Heights (Shaker Heights),21,0,,
1,Rock Hill (Ironton),34,Minford (Minford),13,0,,
1,Roger Bacon (St Bernard),7,Indian Hill (Cincinnati),30,0,,
1,Rogers (Toledo),0,Elida (Elida),38,0,,
1,Kent Roosevelt (Kent),35,Ravenna (Ravenna),14,0,,
1,St Clairsville (St Clairsville),27,Norwayne (Creston),47,0,,
1,St Francis de Sales (Toledo),64,Waite (Toledo),19,0,,
1,St John's (Delphos),35,Lehman Catholic (Sidney),56,0,,
1,Villa Angela-St Joseph (Cleveland),27,Walnut Ridge (Columbus),16,0,,
1,St Mary Central Catholic (Sandusky),43,Cardinal Stritch Catholic (Oregon),0,0,,
1,St Vincent-St Mary (Akron),0,Nordonia (Macedonia),42,0,,
1,Sandusky (Sandusky),6,Amherst Steele (Amherst),48,0,,
1,Scott (Toledo),8,St John's Jesuit (Toledo),49,0,,
1,Shaw (East Cleveland),20,Beaver Local (East Liverpool),27,0,,
1,Shelby (Shelby),56,Madison Comprehensive (Mansfield),14,0,,
1,Shenandoah (Sarahsville),14,Edison (Richmond),35,0,,
1,Sidney (Sidney),21,Bellefontaine (Bellefontaine),55,0,,
1,Solon (Solon),13,Kenston (Chagrin Falls),30,0,,
1,South Central (Greenwich),12,Willard (Willard),46,0,,
1,Southern (Racine),7,South Gallia (Crown City),54,0,,
1,Southern (Salineville),0,Toronto (Toronto),34,0,,
1,Spencerville (Spencerville),0,Anna (Anna),55,0,,
1,Springboro (Springboro),21,Mason (Mason),7,0,,
1,Springfield (Holland),42,Maumee (Maumee),14,0,,
1,Springfield (Springfield),14,Winton Woods (Cincinnati),21,0,,
1,Stebbins (Riverside),36,Archbishop Carroll (Dayton),8,0,,
1,Strasburg-Franklin (Strasburg),56,Windham (Windham),8,0,,
1,Struthers (Struthers),8,Notre Dame-Cathedral Latin (Chardon),50,0,,
1,Summit Country Day (Cincinnati),6,Cincinnati Country Day (Cincinnati),7,0,,
1,Swanton (Swanton),0,Paulding (Paulding),55,0,,
1,Sylvania Northview (Sylvania),0,Sylvania Southview (Sylvania),40,0,,
1,Tallmadge (Tallmadge),23,Ellet (Akron),6,0,,
1,Taylor (Cleves),21,Talawanda (Oxford),51,0,,
1,Tecumseh (New Carlisle),6,Fairborn (Fairborn),41,0,,
1,Tippecanoe (Tipp City),21,Bellbrook (Bellbrook),0,0,,
1,Triway (Wooster),23,West Holmes (Millersburg),21,0,,
1,Troy (Troy),20,Middletown (Middletown),28,0,,
1,Troy Christian (Troy),12,Tri-Village (New Madison),68,0,,
1,Tuscarawas Valley (Zoarville),21,Waynedale (Apple Creek),20,0,,
1,Tuslaw (Massillon),0,Smithville (Smithville),3,0,,
1,Tri-County North (Lewisburg),16,Brookville (Brookville),49,0,,
1,Upper Scioto Valley (McGuffey),6,Ada (Ada),28,0,,
1,Urbana (Urbana),28,Northeastern (South Vienna),35,0,,
1,Ursuline (Youngstown),37,Steubenville (Steubenville),7,0,,
1,Utica (Utica),0,Centerburg (Centerburg),34,0,,
1,Valley (Lucasville),33,Paint Valley (Bainbridge),0,0,,
1,Van Wert (Van Wert),42,Bryan (Bryan),7,0,,
1,Versailles (Versailles),27,Milton-Union (West Milton),6,0,,
1,Vinton County (McArthur),12,Waterford (Waterford),50,0,,
1,Walnut Hills (Cincinnati),27,Western Hills (Cincinnati),24,0,,
1,Walsh Jesuit (Cuyahoga Falls),17,Central Catholic (Toledo),14,0,,
1,Warren (Vincent),15,Circleville (Circleville),16,0,,
1,Warrensville Heights (Warrensville Heights),8,Marlington (Alliance),19,0,,
1,Waterloo (Atwater),32,Springfield (Akron),40,0,,
1,Watkins Memorial (Pataskala),23,Worthington Kilbourne (Columbus),31,0,,
1,Waynesfield-Goshen (Waynesfield),26,Mississinawa Valley (Union City),6,0,,
1,Waynesville (Waynesville),13,Clinton-Massie (Clarksville),35,0,,
1,West Branch (Beloit),21,Canfield (Canfield),26,0,,
1,West Carrollton (West Carrollton),22,Oakwood (Dayton),41,0,,
1,Western Brown (Mount Orab),22,Hillsboro (Hillsboro),34,0,,
1,Western Reserve (Berlin Center),0,Crestview (Columbiana),34,0,,
1,Western Reserve (Collins),45,Wellington (Wellington),6,0,,
1,Westerville Central (Westerville),0,Westerville North (Westerville),24,0,,
1,Westfall (Williamsport),29,Madison-Plains (London),6,0,,
1,West Geauga (Chesterland),18,Geneva (Geneva),28,0,,
1,Wheelersburg (Wheelersburg),43,KIPP Columbus (Columbus),8,0,,
1,Whitehall-Yearling (Whitehall),25,Hamilton Township (Columbus),27,0,,
1,Whitmer (Toledo),30,Dublin Coffman (Dublin),0,0,,
1,Wickliffe (Wickliffe),48,Oberlin (Oberlin),0,0,,
1,Williamsburg (Williamsburg),28,Reading (Reading),7,0,,
1,Woodward (Cincinnati),0,Africentric Early College (Columbus),72,0,,
1,Woodward (Toledo),28,John Adams (Cleveland),22,0,,
1,Wooster (Wooster),23,Orrville (Orrville),56,0,,
1,Harvest Prep (Canal Winchester),12,Archbishop Hoban (Akron),31,0,,
1,Thomas Worthington (Worthington),17,Canal Winchester (Canal Winchester),48,0,,
1,Wyoming (Cincinnati),24,Ross (Hamilton),21,0,,
1,Zanesville (Zanesville),26,Johnstown (Johnstown),70,0,,
1,Zane Trace (Chillicothe),48,Logan Elm (Circleville),0,0,,
1,Stivers (Dayton),0,Northridge (Dayton),1,0,,
1,Cincinnati College Prep (Cincinnati),12,Cedarville (Cedarville),16,0,,
1,Expression Prep Academy (Huntington),0,Martins Ferry (Martins Ferry),55,0,WV,
1,Bath County,6,Fairview (Ashland),8,0,KY,KY
1,Belfry (Belfry),55,East Carter,28,0,KY,KY
1,Bishop Brossart (Alexandria),15,Walton-Verona (Walton),7,0,KY,KY
1,Boyd County (Ashland),31,Gallia Academy (Gallipolis),17,0,KY,
1,Conner (Hebron),0,Madison Central,43,0,KY,KY
1,Dixie Heights (Edgewood),10,Simon Kenton (Independence),20,0,KY,KY
1,George Rogers Clark (Winchester),6,Scott County (Georgetown),42,0,KY,KY
1,Holmes (Covington),0,Boone County,32,0,KY,KY
1,Holy Cross (Covington),47,St Henry (Erlanger),0,0,KY,KY
1,Jackson County,42,Clinton County (Albany),32,0,KY,KY
1,Male (Louisville),48,Butler (Louisville),0,0,KY,KY
1,Mason County,21,Bracken County,35,0,KY,KY
1,Newport (Newport),47,Ludlow (Ludlow),7,0,KY,KY
1,Newport Central Catholic,14,Lloyd Memorial (Erlanger),47,0,KY,KY
1,Owensboro (Owensboro),7,St Xavier (Louisville),38,0,KY,KY
1,Pike County Central,6,Greenup County (Greenup),37,0,KY,KY
1,Pikeville (Pikeville),7,Christian Academy-Louisville (Louisville),45,0,KY,KY
1,Pleasure Ridge Park (Louisville),0,Trinity (Louisville),62,0,KY,KY
1,Raceland (Raceland),17,Ashland Blazer (Ashland),14,0,KY,KY
1,Ryle (Union),26,Covington Catholic (Park Hills),20,0,KY,KY
1,West Carter,49,Lewis County (Vanceburg),6,0,KY,KY
1,Cooper (Union),10,Anderson (Cincinnati),52,0,KY,
1,Frederick Douglass (Lexington),20,Highlands (Fort Thomas),21,0,KY,KY
1,Central York (York),23,Central Dauphin,9,0,PA,PA
1,Glendale,20,Windber,38,0,PA,PA
1,Laurel Highlands (Uniontown),27,Uniontown (Uniontown),0,0,PA,PA
1,Pine-Richland (Gibsonia),38,Findlay (Findlay),7,0,PA,
1,Brownsville (Brownsville),6,Bentworth,47,0,PA,PA
1,Taylor Allderdice (Pittsburgh),30,Fox Chapel,7,0,PA,PA
1,Brashear (Pittsburgh),15,Cornell,29,0,PA,PA
1,Carrick (Pittsburgh),12,Carlynton,20,0,PA,PA
1,Perry Traditional Academy (Pittsburgh),12,River (Hannibal),36,0,PA,
1,Eisenhower,25,Reynolds (Greenville),60,0,PA,PA
1,Wilmington (New Wilmington),21,Greenville,7,0,PA,PA
1,Cambridge Springs (Cambridge Springs),22,Fairport Harding (Fairport Harbor),28,0,PA,
1,Lakeview,0,Northwestern (Albion),39,0,PA,PA
1,Kennedy Catholic (Hermitage),6,Sebring McKinley (Sebring),22,0,PA,
1,Sharpsville (Sharpsville),14,Girard (Girard),20,0,PA,PA
1,University Prep (USO co-op) (Pittsburgh),14,Hampton,24,0,PA,PA
1,Erie (Erie),23,Cathedral Prep (Erie),29,0,PA,PA
1,Ben Davis,0,Cathedral (Indianapolis),8,0,IN,IN
1,Carmel (Carmel),49,Fishers (Fishers),24,0,IN,IN
1,Center Grove (Greenwood),24,Warren Central (Indianapolis),6,0,IN,IN
1,Connersville,42,Richmond (Richmond),15,0,IN,IN
1,Danville Community (Danville),28,Gibson Southern,35,0,IN,IN
1,East Central (St Leon),39,Lawrenceburg (Lawrenceburg),12,0,IN,IN
1,Bishop Dwenger (Fort Wayne),0,Roncalli (Indianapolis),3,0,IN,IN
1,Blackhawk Christian (Fort Wayne),6,Fremont (Fremont),42,0,IN,IN
1,Jeffersonville (Jeffersonville),0,Taft (Cincinnati),37,0,IN,
1,Lafayette Jefferson,28,Bishop Chatard (Indianapolis),35,0,IN,IN
1,South Adams (Berne),0,Marion Local (Maria Stein),56,0,IN,
1,South Dearborn (Aurora),27,Jennings County (North Vernon),6,0,IN,IN
1,Faith Christian (Lafayette),32,Irvington Prep (Indianapolis),8,0,IN,IN
1,Christ Presbyterian Academy (Nashville),14,Oakland (Murfreesboro),28,0,TN,TN
1,Mount St Joseph (Baltimore),10,The Bullis School,7,0,MD,MD
1,Archbishop Spalding (Severn),23,Brownsburg,36,0,MD,IN
1,Mt Zion Prep (Lanham),0,Elder (Cincinnati),34,0,MD,
1,The Hun School (Princeton),21,NFL Academy London (Loughborough),34,0,NJ,UK
1,Houston (Houston),33,Kodiak (Kodiak),8,0,AK,AK
1,Seabreeze (Daytona Beach),0,Spruce Creek (Port Orange),33,0,FL,FL
1,Palo Verde (Blythe),16,St Bernard (Playa Del Rey),27,0,CA,CA
1,Rabun Gap - Nacoochee (Rabun Gap),19,Grayson (Loganville),24,0,GA,GA
1,Catholic Central (Steubenville),26,Wellsville (Wellsville),15,0,,
1,Eastern (Reedsville),23,Meigs (Pomeroy),19,0,,
1,Gilmour Academy (Gates Mills),19,Benedictine (Cleveland),21,0,,
1,Ironton (Ironton),63,Shelby Valley (Pikeville),0,0,,KY
1,Little Miami (Morrow),14,Jackson (Jackson),21,0,,
1,New Miami (Hamilton),0,Gamble Montessori (Cincinnati),28,0,,
1,Port Clinton (Port Clinton),37,St Paul (Norwalk),30,0,,
1,Princeton (Cincinnati),20,Archbishop Moeller (Cincinnati),41,0,,
1,St Joseph Central Catholic (Fremont),13,Danbury (Lakeside),46,0,,
1,Trinity (Garfield Heights),40,St John School (Ashtabula),14,0,,
1,Whetstone (Columbus),7,Youngstown East (Youngstown),42,0,,
1,Clark Montessori (Cincinnati),0,Aiken (Cincinnati),40,0,,
1,North Adams (club) (Seaman),12,West Union (club) (West Union),6,0,,
1,Peebles (club) (Peebles),12,Foxfire (Zanesville),50,0,,
1,Letcher County Central,6,Johnson Central,48,1,KY,KY
1,Woodford County (Versailles),47,Fairdale,7,1,KY,KY
1,Washtenaw Saints (club),12,C4 Lions (club) (Middletown),6,0,MI,
1,Delaware Valley,24,McKeesport (McKeesport),51,1,PA,PA
1,Farrell (Farrell),12,Hickory (Hermitage),13,0,PA,PA
1,Westinghouse (Pittsburgh),22,Steel Valley,12,0,PA,PA
1,General McLane (Edinboro),35,DuBois,56,0,PA,PA
1,Mercyhurst Prep (Erie),6,Sharon (Sharon),35,0,PA,PA
1,Linton-Stockton (Linton),20,Corbin,42,0,IN,KY
1,St Frances Academy (Regional),6,Loudoun Sports Academy (Leesburg),12,0,MD,VA
1,Central Maryland Christian Crusaders (club) (Sykesville),30,Crossroads (Illinois) Crusaders (club) (Big Rock),12,1,MD,IL
1,Atlas Rattlers (club),12,Landmark Eagles (club) (Cincinnati),13,1,TX,
1,Christ Prep Academy (Lenexa),38,Columbus Crusaders (club) (Columbus),13,1,KS,
1,Football North (via Clarkson SS) (Mississauga),27,Bishop McDevitt (Harrisburg),7,0,ON,PA
1,West (Columbus),6,Franklin Heights (Columbus),26,0,,
2,Avon (Avon),22,Spruce Creek (Port Orange),25,0,,FL
2,Catholic Central (Springfield),35,Troy Christian (Troy),14,0,,
2,Crestline (Crestline),48,Vanlue (Vanlue),6,0,,
2,Grandview Heights (Columbus),53,Whetstone (Columbus),0,0,,
2,John F Kennedy (Warren),14,Garfield (Garrettsville),36,0,,
2,Millersport (Millersport),6,Conotton Valley (Bowerston),46,0,,
2,Stryker (Stryker),36,North Adams-Jerome (North Adams),28,0,,MI
2,Talawanda (Oxford),42,Meadowdale (Dayton),6,0,,
2,Trinity (Garfield Heights),18,Western Reserve (Berlin Center),33,0,,
2,Willard (Willard),50,Plymouth (Plymouth),28,0,,
2,Herbert Hoover (Elkview),34,Independence (Coal City),37,0,WV,WV
2,Oak Glen (New Cumberland),32,Weir (Weirton),14,0,WV,WV
2,Spring Valley (Huntington),7,George Washington (Charleston),27,0,WV,WV
2,Brother Rice (Bloomfield Hills),10,Macomb Dakota,14,0,MI,MI
2,Camden-Frontier (Camden),14,Holgate (Holgate),40,0,MI,
2,Chelsea,41,Detroit Denby (Detroit),26,0,MI,MI
2,Clio,54,Mt Morris,20,1,MI,MI
2,Concord (Concord),38,Litchfield,0,0,MI,MI
2,Detroit Mumford,0,Dearborn Divine Child (Dearborn),56,0,MI,MI
2,Detroit Northwestern,8,Allen Park Cabrini (Allen Park),41,0,MI,MI
2,U of D Jesuit (Detroit),7,Birmingham Groves,42,0,MI,MI
2,Grand Blanc,35,Muskegon Mona Shores (Muskegon),20,0,MI,MI
2,Haslett,3,DeWitt (DeWitt),21,0,MI,MI
2,Morenci (Morenci),20,Marcellus,48,0,MI,MI
2,Muskegon (Muskegon),40,Grandville (Grandville),44,0,MI,MI
2,Orchard Lake St Mary (Orchard Lake),41,Portage Northern,0,0,MI,MI
2,Ottawa Lake Whiteford (Ottawa Lake),56,Blissfield,0,0,MI,MI
2,Petersburg Summerfield (Petersburg),55,Flint Beecher,14,1,MI,MI
2,Reese,12,Millington (Millington),35,1,MI,MI
2,Utica Eisenhower,32,Riverview (Riverview),16,0,MI,MI
2,Bedford (Temperance),0,Sterling Heights Stevenson,41,0,MI,MI
2,Warren De La Salle (Warren),64,Hamtramck,8,0,MI,MI
2,Westland John Glenn,7,River Rouge (River Rouge),13,0,MI,MI
2,Life Christian Academy (South Chesterfield),6,Southampton Academy (Courtland),52,0,VA,VA
2,Dunbar (Washington),40,John Champe (Aldie),58,0,DC,VA
2,Red Lion Christian Academy (Bear),6,Salesianum (Wilmington),52,0,DE,DE
2,Paul M. Hodgson Vo-Tech (Newark),0,Howard,36,1,DE,DE
2,East St Louis Senior (East St Louis),21,Bergen Catholic (Oradell),22,1,IL,NJ
2,Holy Names (Windsor),0,Caledonia (Caledonia),36,0,ON,MI
2,IMG Academy (Bradenton),35,Winslow Twp (Atco),14,1,FL,NJ
2,Ada (Ada),42,Waynesfield-Goshen (Waynesfield),19,0,,
2,Adena (Frankfort),7,Dawson-Bryant (Coal Grove),37,0,,
2,Africentric Early College (Columbus),48,Minster (Minster),20,0,,
2,Alexander (Albany),47,Sciotoville Community (Portsmouth),0,0,,
2,Amanda-Clearcreek (Amanda),14,Licking Valley (Newark),28,0,,
2,Anna (Anna),34,Fort Loramie (Fort Loramie),26,0,,
2,Ansonia (Ansonia),8,Preble Shawnee (Camden),34,0,,
2,Arcadia (Arcadia),6,Lakota (Kansas),39,0,,
2,Arcanum (Arcanum),35,Tri-County North (Lewisburg),14,0,,
2,Lakeside (Ashtabula),18,Girard (Girard),63,0,,
2,Aurora (Aurora),47,Lutheran West (Rocky River),0,0,,
2,Avon Lake (Avon Lake),14,Lake Catholic (Mentor),21,0,,
2,Ayersville (Defiance),0,Patrick Henry (Hamler),41,0,,
2,Badin (Hamilton),66,Dixie Heights (Edgewood),21,0,,KY
2,Batavia (Batavia),34,Reading (Reading),21,0,,
2,Bath (Lima),56,St Marys Memorial (St Marys),36,0,,
2,Bay (Bay Village),27,University School (Hunting Valley),0,0,,
2,Beaver Local (East Liverpool),26,Brooke (Wellsburg),0,0,,WV
2,Bedford (Bedford),16,Twinsburg (Twinsburg),37,0,,
2,Bellaire (Bellaire),44,Monroe Central (Woodsfield),27,0,,
2,Bellefontaine (Bellefontaine),0,Bellbrook (Bellbrook),34,0,,
2,Belpre (Belpre),34,Federal Hocking (Stewart),6,0,,
2,Benedictine (Cleveland),7,Padua Franciscan (Parma),0,0,,
2,Berkshire (Burton),0,Hawken (Gates Mills),44,0,,
2,Berne Union (Sugar Grove),0,Trimble (Glouster),36,0,,
2,Bethel-Tate (Bethel),25,Dayton Christian (Miamisburg),28,0,,
2,Bishop Hartley (Columbus),7,Ursuline (Youngstown),34,0,,
2,Bishop Rosecrans (Zanesville),36,New London (New London),18,0,,
2,Bloom-Carroll (Carroll),0,Teays Valley (Ashville),14,0,,
2,Brecksville-Broadview Heights (Broadview Heights),14,Tallmadge (Tallmadge),7,0,,
2,Bridgeport (Bridgeport),22,Shenandoah (Sarahsville),20,0,,
2,Briggs (Columbus),32,Mifflin (Columbus),8,0,,
2,Brookville (Brookville),49,Shawnee (Springfield),7,0,,
2,Brunswick (Brunswick),15,Olmsted Falls (Olmsted Falls),29,0,,
2,Brush (Lyndhurst),0,Shaker Heights (Shaker Heights),14,0,,
2,Bryan (Bryan),32,Bowling Green (Bowling Green),14,0,,
2,Buckeye Local (Rayland),12,River (Hannibal),21,0,,
2,Butler (Vandalia),27,Stebbins (Riverside),21,0,,
2,Harrison Central (Cadiz),21,Newcomerstown (Newcomerstown),28,0,,
2,Caldwell (Caldwell),6,Waterford (Waterford),21,0,,
2,Calvert (Tiffin),35,Monroeville (Monroeville),21,0,,
2,Cambridge (Cambridge),21,John Glenn (New Concord),50,0,,
2,Cardinal (Middlefield),0,Champion (Warren),50,0,,
2,Carey (Carey),14,Galion (Galion),41,0,,
2,Carrollton (Carrollton),16,Edison (Richmond),14,0,,
2,Cedarville (Cedarville),40,East Clinton (Sabina),0,0,,
2,Celina (Celina),7,Wapakoneta (Wapakoneta),24,0,,
2,Centennial (Columbus),21,South (Columbus),6,0,,
2,Centerville (Centerville),7,St Xavier (Cincinnati),20,0,,
2,Canton Central Catholic (Canton),7,Mogadore (Mogadore),22,0,,
2,Central Catholic (Toledo),27,Detroit Cass Tech (Detroit),28,0,,MI
2,Chagrin Falls (Chagrin Falls),22,Orange (Pepper Pike),19,0,,
2,Chaminade Julienne (Dayton),7,Withrow (Cincinnati),36,0,,
2,Chardon (Chardon),26,Cleveland Heights (Cleveland Heights),24,0,,
2,Chillicothe (Chillicothe),14,London (London),53,0,,
2,Chippewa (Doylestown),7,Tuslaw (Massillon),38,0,,
2,Cincinnati Country Day (Cincinnati),49,Blanchester (Blanchester),56,0,,
2,Cincinnati Hills Christian Academy (Cincinnati),21,Versailles (Versailles),35,0,,
2,Clermont Northeastern (Batavia),6,Miami Valley Christian Academy (Cincinnati),13,0,,
2,Clinton-Massie (Clarksville),14,Coldwater (Coldwater),7,0,,
2,Clyde (Clyde),13,Start (Toledo),30,0,,
2,Collinwood (Cleveland),0,East Technical (Cleveland),44,0,,
2,Columbiana (Columbiana),7,McDonald (McDonald),41,0,,
2,Columbus Academy (Gahanna),12,Jonathan Alder (Plain City),14,0,,
2,Crestview (Ashland),7,Kirtland (Kirtland),42,0,,
2,Crestview (Columbiana),35,Lakeview (Cortland),7,0,,
2,Crestwood (Mantua),8,Minerva (Minerva),23,0,,
2,Crooksville (Crooksville),30,Buckeye Trail (Lore City),6,0,,
2,Cuyahoga Valley Christian Academy (Cuyahoga Falls),42,Canton South (Canton),14,0,,
2,Dalton (Dalton),28,Highland (Marengo),0,0,,
2,Lisbon David Anderson (Lisbon),6,Fairport Harding (Fairport Harbor),49,0,,
2,Defiance (Defiance),21,Ottawa-Glandorf (Ottawa),20,0,,
2,Delta (Delta),32,Fairview (Sherwood),36,0,,
2,Dublin Scioto (Dublin),41,Lancaster (Lancaster),40,0,,
2,Dunbar (Dayton),0,Big Walnut (Sunbury),47,0,,
2,East (Akron),7,Nordonia (Macedonia),39,0,,
2,Youngstown East (Youngstown),6,Poland Seminary (Poland),42,0,,
2,Dublin Jerome (Dublin),45,Reynoldsburg (Reynoldsburg),0,0,,
2,Eastern (Reedsville),47,Wirt County (Elizabeth),13,0,,WV
2,East Knox (Howard),12,Wynford (Bucyrus),28,0,,
2,Eastwood (Pemberville),14,Liberty Center (Liberty Center),48,0,,
2,Edgewood (Trenton),0,Springboro (Springboro),38,0,,
2,Elgin (Marion),36,Ridgedale (Morral),7,0,,
2,Ellet (Akron),29,Field (Mogadore),27,0,,
2,Elyria (Elyria),14,Lorain (Lorain),41,0,,
2,Elyria Catholic (Elyria),13,Mayfield (Mayfield),28,0,,
2,Euclid (Euclid),28,Berea-Midpark (Berea),26,0,,
2,Fairbanks (Milford Center),8,Indian Lake (Lewistown),31,0,,
2,Fairfield (Fairfield),2,Middletown (Middletown),19,0,,
2,Fairfield Union (Lancaster),14,Colonel Crawford (North Robinson),28,0,,
2,Fairless (Brewster),35,Waynedale (Apple Creek),0,0,,
2,Fairview (Fairview Park),20,Columbia (Columbia Station),27,0,,
2,Fayetteville (Fayetteville),0,Valley (Lucasville),47,0,,
2,Findlay (Findlay),17,Lima Senior (Lima),7,0,,
2,Firestone (Akron),19,Copley (Copley),49,0,,
2,Fisher Catholic (Lancaster),35,Tuscarawas Central Catholic (New Philadelphia),8,0,,
2,Fort Frye (Beverly),36,West Muskingum (Zanesville),7,0,,
2,Fort Recovery (Fort Recovery),23,Allen East (Harrod),16,0,,
2,Franklin Heights (Columbus),23,Central Crossing (Grove City),0,0,,
2,Fremont Ross (Fremont),48,Sandusky (Sandusky),14,0,,
2,Gallia Academy (Gallipolis),3,Jackson (Jackson),56,0,,
2,Geneva (Geneva),56,Howland (Warren),21,0,,
2,Genoa Area (Genoa),56,Bowsher (Toledo),7,0,,
2,Gilmour Academy (Gates Mills),28,Holy Name (Parma Heights),12,0,,
2,GlenOak (Canton),10,Massillon Washington (Massillon),44,0,,
2,Glenville (Cleveland),13,Olentangy Liberty (Powell),7,0,,
2,Goshen (Goshen),25,Hillsboro (Hillsboro),41,0,,
2,Graham Local (St Paris),35,Milton-Union (West Milton),7,0,,
2,Grand Valley (Orwell),25,Southeast (Ravenna),14,0,,
2,Green (Uniontown),15,Riverside (Painesville),16,0,,
2,Greeneview (Jamestown),0,Waynesville (Waynesville),21,0,,
2,Greenon (Enon),7,Northwestern (Springfield),42,0,,
2,Hamilton (Hamilton),37,Sycamore (Cincinnati),7,0,,
2,Marion Harding (Marion),7,Ashland (Ashland),42,0,,
2,Harrison (Harrison),20,East Central (St Leon),21,0,,IN
2,Delaware Hayes (Delaware),18,Marion-Franklin (Columbus),15,0,,
2,Heath (Heath),3,Buckeye Valley (Delaware),29,0,,
2,Hicksville (Hicksville),22,Swanton (Swanton),6,0,,
2,Hilliard Bradley (Hilliard),7,Hilliard Darby (Hilliard),21,0,,
2,Hilliard Davidson (Hilliard),21,Canal Winchester (Canal Winchester),23,0,,
2,Hubbard (Hubbard),28,Wilmington (New Wilmington),21,0,,PA
2,Hudson (Hudson),0,Highland (Medina),32,0,,
2,Hughes (Cincinnati),42,Mount Healthy (Cincinnati),20,0,,
2,Huntington (Chillicothe),35,Eastern (Beaver),40,0,,
2,Huron (Huron),48,Elmwood (Bloomdale),12,0,,
2,Independence (Columbus),26,Beechcroft (Columbus),16,0,,
2,Independence (Independence),13,Conneaut (Conneaut),16,0,,
2,Indian Creek (Wintersville),37,East Liverpool (East Liverpool),19,0,,
2,Indian Valley (Gnadenhutten),30,Steubenville (Steubenville),0,0,,
2,Jackson (Massillon),3,Austintown-Fitch (Austintown),41,0,,
2,Jackson-Milton (North Jackson),26,Newton Falls (Newton Falls),7,0,,
2,John Adams (Cleveland),54,Beachwood (Beachwood),0,0,,
2,John F Kennedy (Cleveland),0,Warrensville Heights (Warrensville Heights),70,0,,
2,John Marshall (Cleveland),6,Rocky River (Rocky River),55,0,,
2,Johnstown (Johnstown),42,Centerburg (Centerburg),14,0,,
2,Garfield (Akron),0,Revere (Richfield),1,0,,
2,Kenston (Chagrin Falls),30,Perry (Perry),35,0,,
2,Keystone (La Grange),6,Cloverleaf (Seville),22,0,,
2,Lake (Millbury),42,Northwood (Northwood),56,0,,
2,Lake (Uniontown),48,Boardman (Youngstown),20,0,,
2,La Salle (Cincinnati),31,Northmont (Clayton),7,0,,
2,Lexington (Lexington),13,Shelby (Shelby),37,0,,
2,Liberty-Benton (Findlay),41,Columbus Grove (Columbus Grove),3,0,,
2,Liberty Union (Baltimore),14,North Union (Richwood),44,0,,
2,Licking Heights (Pataskala),0,Bishop Ready (Columbus),30,0,,
2,Gahanna Lincoln (Gahanna),31,Groveport Madison (Groveport),24,0,,
2,Linden McKinley (Columbus),43,West (Columbus),0,0,,
2,Lockland (Lockland),6,Gamble Montessori (Cincinnati),14,0,,
2,Logan Elm (Circleville),28,Westfall (Williamsport),35,0,,
2,Louisville (Louisville),30,Alliance (Alliance),13,0,,
2,Loveland (Loveland),25,Lebanon (Lebanon),28,0,,
2,Lucas (Lucas),0,Hillsdale (Jeromesville),31,0,,
2,Lutheran East (Cleveland Heights),20,Norton (Norton),54,0,,
2,Madison (Middletown),6,Madeira (Cincinnati),27,0,,
2,Madison Comprehensive (Mansfield),20,River Valley (Caledonia),7,0,,
2,Madison-Plains (London),20,Grove City Christian (Grove City),26,0,,
2,Malvern (Malvern),6,Martins Ferry (Martins Ferry),35,0,,
2,Manchester (New Franklin),48,Sandy Valley (Magnolia),13,0,,
2,Manchester (Manchester),24,New Miami (Hamilton),6,0,,
2,Mansfield Senior (Mansfield),12,Tiffin Columbian (Tiffin),45,0,,
2,Maple Heights (Maple Heights),28,Dover (Dover),22,0,,
2,Mapleton (Ashland),12,Wellington (Wellington),28,0,,
2,Mariemont (Cincinnati),36,Norwood (Norwood),0,0,,
2,Marietta (Marietta),21,John Marshall (Glen Dale),23,0,,WV
2,Marion Local (Maria Stein),63,Crestview (Convoy),0,0,,
2,Mason (Mason),13,Lakota West (West Chester),35,0,,
2,Mathews (Vienna),28,Leetonia (Leetonia),38,0,,
2,Maumee (Maumee),14,Napoleon (Napoleon),21,0,,
2,Maysville (Zanesville),41,Lakewood (Hebron),7,0,,
2,McClain (Greenfield),24,Northwest (McDermott),46,0,,
2,Niles McKinley (Niles),0,Liberty (Youngstown),35,0,,
2,Archbishop McNicholas (Cincinnati),7,Wheelersburg (Wheelersburg),10,0,,
2,Meadowbrook (Byesville),21,Barnesville (Barnesville),51,0,,
2,Mechanicsburg (Mechanicsburg),43,Urbana (Urbana),47,0,,
2,Medina (Medina),17,Hoover (North Canton),42,0,,
2,Campbell Memorial (Campbell),14,St John School (Ashtabula),6,0,,
2,Mentor (Mentor),42,McDowell (Erie),12,0,,PA
2,Miami East (Casstown),18,Carlisle (Carlisle),25,0,,
2,Miamisburg (Miamisburg),6,Dublin Coffman (Dublin),10,0,,
2,Midview (Grafton),27,North Olmsted (North Olmsted),20,0,,
2,Miller (Corning),20,Frontier (New Matamoras),14,0,,
2,Minford (Minford),21,Chesapeake (Chesapeake),14,0,,
2,Mississinawa Valley (Union City),34,Dixie (New Lebanon),3,0,,
2,Mohawk (Sycamore),37,Cardington-Lincoln (Cardington),8,0,,
2,Monroe (Monroe),7,Bishop Fenwick (Franklin),21,0,,
2,Mount Vernon (Mount Vernon),24,Newark (Newark),7,0,,
2,Nelsonville-York (Nelsonville),46,Logan (Logan),7,0,,
2,New Albany (New Albany),7,Wadsworth (Wadsworth),35,0,,
2,Newark Catholic (Newark),13,West Jefferson (West Jefferson),55,0,,
2,New Bremen (New Bremen),49,Covington (Covington),0,0,,
2,New Lexington (New Lexington),37,Philo (Duncan Falls),20,0,,
2,New Philadelphia (New Philadelphia),13,West Branch (Beloit),21,0,,
2,New Richmond (New Richmond),12,Williamsburg (Williamsburg),28,0,,
2,North (Akron),12,Cuyahoga Falls (Cuyahoga Falls),33,0,,
2,North (Eastlake),47,Harvey (Painesville),22,0,,
2,North Baltimore (North Baltimore),48,Hardin Northern (Dola),8,0,,
2,Northeastern (South Vienna),36,Riverside (De Graff),8,0,,
2,Northland (Columbus),0,St Francis DeSales (Columbus),34,0,,
2,Northridge (Dayton),0,Kenton Ridge (Springfield),34,0,,
2,Northridge (Johnstown),14,Fredericktown (Fredericktown),34,0,,
2,North Royalton (North Royalton),43,Wooster (Wooster),13,0,,
2,Northwest (Canal Fulton),35,Marlington (Alliance),0,0,,
2,Northwest (Cincinnati),7,Indian Hill (Cincinnati),37,0,,
2,Northwestern (West Salem),7,Black River (Sullivan),37,0,,
2,Norwayne (Creston),14,Triway (Wooster),36,0,,
2,Notre Dame-Cathedral Latin (Chardon),38,West Geauga (Chesterland),12,0,,
2,Oak Harbor (Oak Harbor),45,Woodward (Toledo),14,0,,
2,Oak Hill (Oak Hill),14,Fairfield Christian Academy (Lancaster),27,0,,
2,Oak Hills (Cincinnati),7,Lakota East (Liberty Township),14,0,,
2,Oakwood (Dayton),43,Bethel (Tipp City),12,0,,
2,Oberlin (Oberlin),13,Brooklyn (Brooklyn),12,0,,
2,Ontario (Ontario),37,Norwalk (Norwalk),6,0,,
2,Orrville (Orrville),20,West Holmes (Millersburg),28,0,,
2,Ottawa Hills (Toledo),0,Evergreen (Metamora),42,0,,
2,Paint Valley (Bainbridge),0,Athens (The Plains),48,0,,
2,Pandora-Gilboa (Pandora),14,Bluffton (Bluffton),48,0,,
2,Parkway (Rockford),14,Jefferson (Delphos),26,0,,
2,Ponitz Tech (Dayton),0,North College Hill (Cincinnati),36,0,,
2,Paulding (Paulding),61,North Central (Pioneer),0,0,,
2,Perrysburg (Perrysburg),20,Olentangy (Lewis Center),28,0,,
2,Pickerington North (Pickerington),20,St Ignatius (Cleveland),7,0,,
2,Piqua (Piqua),7,Tippecanoe (Tipp City),40,0,,
2,Pleasant (Marion),7,Hopewell-Loudon (Bascom),14,0,,
2,Port Clinton (Port Clinton),53,Fostoria (Fostoria),7,0,,
2,Portsmouth (Portsmouth),13,Portsmouth West (West Portsmouth),12,0,,
2,Princeton (Cincinnati),32,Colerain (Cincinnati),2,0,,
2,Pymatuning Valley (Andover),30,LaBrae (Leavittsburg),18,0,,
2,Ravenna (Ravenna),14,Normandy (Parma),18,0,,
2,Rhodes (Cleveland),34,Lakewood (Lakewood),12,0,,
2,Richmond Heights (Richmond Heights),16,Loudonville (Loudonville),48,0,,
2,Ridgemont (Mt Victory),45,Perry (Lima),6,0,,
2,Ridgewood (West Lafayette),56,River View (Warsaw),0,0,,
2,Rittman (Rittman),47,Coventry (Akron),13,0,,
2,Riverdale (Mt Blanchard),0,Arlington (Arlington),35,0,,
2,Rogers (Toledo),13,Gibsonburg (Gibsonburg),49,0,,
2,Rootstown (Rootstown),44,Springfield (Akron),6,0,,
2,Ross (Hamilton),57,Thurgood Marshall (Dayton),8,0,,
2,St Bernard-Elmwood Place (St Bernard),32,Finneytown (Cincinnati),0,0,,
2,St Charles (Columbus),27,Hamilton Township (Columbus),34,0,,
2,St Clairsville (St Clairsville),49,Brownsville (Brownsville),13,0,,PA
2,St Francis de Sales (Toledo),15,Bishop Dwenger (Fort Wayne),31,0,,IN
2,St Henry (St Henry),27,Archbold (Archbold),19,0,,
2,St John's Jesuit (Toledo),24,Anthony Wayne (Whitehouse),28,0,,
2,St Paul (Norwalk),10,Edison (Milan),35,0,,
2,St Vincent-St Mary (Akron),0,Perry (Massillon),36,0,,
2,Scott (Toledo),6,Perkins (Sandusky),55,0,,
2,Seneca East (Attica),21,Northmor (Galion),27,0,,
2,Shadyside (Shadyside),36,Southern (Salineville),22,0,,
2,Shawnee (Lima),37,Kenton (Kenton),6,0,,
2,Sheridan (Thornville),14,Watkins Memorial (Pataskala),42,0,,
2,Shroder (Cincinnati),20,Deer Park (Cincinnati),40,0,,
2,Sidney (Sidney),0,Fairborn (Fairborn),28,0,,
2,Smithville (Smithville),27,Claymont (Uhrichsville),12,0,,
2,Solon (Solon),7,Strongsville (Strongsville),28,0,,
2,South (Willoughby),29,Madison (Madison),48,0,,
2,South Central (Greenwich),7,Buckeye Central (New Washington),34,0,,
2,Southeastern (Chillicothe),15,Notre Dame (Portsmouth),23,0,,
2,Southeastern Local (South Charleston),0,Lehman Catholic (Sidney),60,0,,
2,South Gallia (Crown City),45,River Valley (Bidwell),8,0,,
2,South Point (South Point),36,Southern (Racine),0,0,,
2,South Range (Canfield),48,Salem (Salem),21,0,,
2,Springfield (Holland),44,Sylvania Northview (Sylvania),10,0,,
2,Springfield (New Middletown),20,Brookfield (Brookfield),7,0,,
2,Amherst Steele (Amherst),13,Buckeye (Medina),21,0,,
2,Stow-Munroe Falls (Stow),49,Barberton (Barberton),14,0,,
2,Streetsboro (Streetsboro),42,Kent Roosevelt (Kent),7,0,,
2,Struthers (Struthers),12,Chaney (Youngstown),27,0,,
2,Sylvania Southview (Sylvania),0,Clay (Oregon),14,0,,
2,Symmes Valley (Willow Wood),56,Meigs (Pomeroy),42,0,,
2,Taft (Cincinnati),33,Archbishop Alter (Kettering),27,0,,
2,Tecumseh (New Carlisle),30,Archbishop Carroll (Dayton),16,0,,
2,Tinora (Defiance),27,Otsego (Tontogany),29,0,,
2,Toronto (Toronto),34,Lowellville (Lowellville),6,0,,
2,Triad (North Lewisburg),21,Bucyrus (Bucyrus),42,0,,
2,Tri-Valley (Dresden),21,Granville (Granville),30,0,,
2,Tri-Village (New Madison),42,National Trail (New Paris),0,0,,
2,Trotwood-Madison (Trotwood),22,Kettering Fairmont (Kettering),21,0,,
2,Turpin (Cincinnati),26,Little Miami (Morrow),22,0,,
2,Tuscarawas Valley (Zoarville),23,Coshocton (Coshocton),29,0,,
2,Twin Valley South (West Alexandria),42,Bradford (Bradford),8,0,,
2,Union Local (Belmont),19,Wheeling Central Catholic (Wheeling),25,0,,WV
2,Unioto (Chillicothe),48,Vinton County (McArthur),8,0,,
2,United (Hanoverton),27,Mineral Ridge (Mineral Ridge),9,0,,
2,Upper Arlington (Upper Arlington),16,Olentangy Berlin (Delaware),10,0,,
2,Upper Sandusky (Upper Sandusky),6,Mount Gilead (Mount Gilead),7,0,,
2,Upper Scioto Valley (McGuffey),40,Cory-Rawson (Rawson),0,0,,
2,Utica (Utica),27,Danville (Danville),8,0,,
2,Valley Forge (Parma Heights),12,North Ridgeville (North Ridgeville),37,0,,
2,Valley View (Germantown),20,Franklin (Franklin),7,0,,
2,Van Buren (Van Buren),28,Leipsic (Leipsic),34,0,,
2,Van Wert (Van Wert),19,Elida (Elida),14,0,,
2,Vermilion (Vermilion),42,Firelands (Oberlin),12,0,,
2,Waite (Toledo),7,Rossford (Rossford),33,0,,
2,Walnut Hills (Cincinnati),0,Milford (Milford),37,0,,
2,Walnut Ridge (Columbus),20,Canfield (Canfield),35,0,,
2,Walsh Jesuit (Cuyahoga Falls),30,Springfield (Springfield),6,0,,
2,Warren (Vincent),13,Morgan (McConnelsville),28,0,,
2,Washington (Washington Court House),27,Circleville (Circleville),35,0,,
2,Waterloo (Atwater),7,Jefferson Area (Jefferson),51,0,,
2,Wauseon (Wauseon),14,Bellevue (Bellevue),42,0,,
2,Waverly (Waverly),13,Zane Trace (Chillicothe),49,0,,
2,Wayne (Huber Heights),28,Pickerington Central (Pickerington),38,0,,
2,Wayne Trace (Haviland),21,Spencerville (Spencerville),25,0,,
2,Wellston (Wellston),8,Piketon (Piketon),50,0,,
2,Wellsville (Wellsville),0,East Canton (East Canton),49,0,,
2,West Carrollton (West Carrollton),0,Greenville (Greenville),30,0,,
2,Western Hills (Cincinnati),0,Roger Bacon (St Bernard),42,0,,
2,Western Reserve (Collins),0,Margaretta (Castalia),21,0,,
2,Westerville North (Westerville),0,Olentangy Orange (Lewis Center),42,0,,
2,Westerville South (Westerville),24,Westerville Central (Westerville),0,0,,
2,West Clermont (Cincinnati),7,Anderson (Cincinnati),49,0,,
2,Westlake (Westlake),35,Clearview (Lorain),14,0,,
2,Westland (Galloway),41,Grove City (Grove City),45,0,,
2,West Liberty-Salem (West Liberty),0,Benjamin Logan (Bellefontaine),24,0,,
2,Whitehall-Yearling (Whitehall),14,East (Columbus),6,0,,
2,Wickliffe (Wickliffe),24,Shaw (East Cleveland),22,0,,
2,Wilmington (Wilmington),9,Miami Trace (Washington Court House),15,0,,
2,Windham (Windham),14,East Palestine (East Palestine),57,0,,
2,Winton Woods (Cincinnati),14,Kings (Kings Mills),16,0,,
2,Woodmore (Elmore),48,Montpelier (Montpelier),6,0,,
2,Woodridge (Peninsula),28,Brookside (Sheffield),0,0,,
2,Woodward (Cincinnati),0,Beavercreek (Beavercreek),62,0,,
2,Harvest Prep (Canal Winchester),18,Woodford County (Versailles),31,0,,KY
2,Worthington Christian (Worthington),3,Bexley (Columbus),14,0,,
2,Worthington Kilbourne (Columbus),42,Thomas Worthington (Worthington),7,0,,
2,Wyoming (Cincinnati),49,Purcell Marian (Cincinnati),16,0,,
2,Xenia (Xenia),14,Troy (Troy),24,0,,
2,Zanesville (Zanesville),0,Clear Fork (Bellville),39,0,,
2,Clark Montessori (Cincinnati),6,Summit Country Day (Cincinnati),17,0,,
2,Cincinnati College Prep (Cincinnati),34,Eastmoor Academy (Columbus),28,0,,
2,KIPP Columbus (Columbus),6,Marysville (Marysville),37,0,,
2,Clay-Battelle (Blacksville),16,Cameron (Cameron),22,0,WV,WV
2,Huntington (Huntington),0,Oakland (Murfreesboro),49,1,WV,TN
2,Parkersburg South (Parkersburg),7,Wheeling Park (Wheeling),23,0,WV,WV
2,Point Pleasant (Point Pleasant),15,Fairland (Proctorville),40,0,WV,
2,Ravenswood,0,St Marys (St Marys),13,0,WV,WV
2,Valley (Wetzel) (Pine Grove),13,Tygarts Valley,54,0,WV,WV
2,Wahama (Mason),79,East Hardy (Baker),40,0,WV,WV
2,Expression Prep Academy (Huntington),0,Garaway (Sugarcreek),42,0,WV,
2,Ashland Blazer (Ashland),44,Tates Creek,23,0,KY,KY
2,Ballard,14,Male (Louisville),17,0,KY,KY
2,Beechwood (Fort Mitchell),53,Newport Central Catholic,6,0,KY,KY
2,Boyd County (Ashland),41,Rock Hill (Ironton),21,0,KY,
2,Bracken County,24,Holy Cross (Covington),25,0,KY,KY
2,Central (Louisville),0,Belfry (Belfry),28,0,KY,KY
2,Conner (Hebron),0,Ryle (Union),44,0,KY,KY
2,Covington Catholic (Park Hills),20,Elder (Cincinnati),28,0,KY,
2,Edmonson County,28,Clinton County (Albany),20,0,KY,KY
2,Fairview (Ashland),8,West Carter,35,0,KY,KY
2,Highlands (Fort Thomas),28,Cooper (Union),14,0,KY,KY
2,Lloyd Memorial (Erlanger),46,Newport (Newport),6,0,KY,KY
2,Ludlow (Ludlow),42,Holmes (Covington),18,0,KY,KY
2,Madison Central,14,Johnson Central,15,0,KY,KY
2,Montgomery County,25,Mason County,18,0,KY,KY
2,Paintsville (Paintsville),55,Bath County,6,1,KY,KY
2,Pendleton County (Falmouth),49,Dayton (Dayton),62,0,KY,KY
2,Raceland (Raceland),64,Pleasure Ridge Park (Louisville),14,0,KY,KY
2,Russell (Russell),28,Greenup County (Greenup),15,0,KY,KY
2,Sayre (Lexington),8,Bishop Brossart (Alexandria),5,0,KY,KY
2,Simon Kenton (Independence),43,Western Brown (Mount Orab),24,0,KY,
2,St Henry (Erlanger),6,Boone County,40,0,KY,KY
2,St Xavier (Louisville),27,Bowling Green (Bowling Green),10,0,KY,KY
2,Frederick Douglass (Lexington),0,Trinity (Louisville),37,0,KY,KY
2,Clinton Township Chippewa Valley,7,Novi Detroit Catholic Central (Novi),41,0,MI,MI
2,Detroit King (Detroit),32,Whitmer (Toledo),7,0,MI,
2,Erie Mason (Erie),20,Flint Elite (co-op) (Flint),46,1,MI,MI
2,Lumen Christi (Jackson),16,Montini (Lombard),20,0,MI,IL
2,Manheim Township,28,Central York (York),36,0,PA,PA
2,Windber,36,Curwensville,22,0,PA,PA
2,Albert Gallatin (Uniontown),54,Carrick (Pittsburgh),30,0,PA,PA
2,Peters Township,35,McKeesport (McKeesport),0,0,PA,PA
2,Uniontown (Uniontown),12,Perry Traditional Academy (Pittsburgh),8,0,PA,PA
2,Pine-Richland (Gibsonia),20,Central Catholic (Pittsburgh),34,0,PA,PA
2,Taylor Allderdice (Pittsburgh),16,Hollidaysburg,28,0,PA,PA
2,Brashear (Pittsburgh),24,Butler,48,0,PA,PA
2,General McLane (Edinboro),28,Harbor Creek (Harborcreek),0,0,PA,PA
2,Fort LeBoeuf,3,Farrell (Farrell),45,0,PA,PA
2,Hickory (Hermitage),41,University Prep (USO co-op) (Pittsburgh),24,0,PA,PA
2,Sharon (Sharon),41,Cathedral Prep (Erie),43,0,PA,PA
2,Northwestern (Albion),18,Cambridge Springs (Cambridge Springs),43,0,PA,PA
2,Reynolds (Greenville),38,Maplewood (Guys Mills),6,0,PA,PA
2,Mercer,14,Lakeview,6,0,PA,PA
2,Central Clarion (co-op),30,Keystone (Knox),12,0,PA,PA
2,Bellmont,0,South Adams (Berne),53,0,IN,IN
2,Cascade,41,Danville Community (Danville),25,0,IN,IN
2,Center Grove (Greenwood),35,Carroll (Fort Wayne),24,0,IN,IN
2,Fremont (Fremont),63,Blackford,21,0,IN,IN
2,Bishop Chatard (Indianapolis),49,Hanover Central,7,0,IN,IN
2,Cathedral (Indianapolis),0,Brownsburg,29,0,IN,IN
2,Lawrenceburg (Lawrenceburg),41,Taylor (Cleves),13,0,IN,
2,Linton-Stockton (Linton),34,Monrovia,19,0,IN,IN
2,Madison Consolidated,0,South Dearborn (Aurora),42,0,IN,IN
2,Richmond (Richmond),7,Eaton (Eaton),31,0,IN,
2,Roncalli (Indianapolis),15,Franklin Central,22,0,IN,IN
2,Seymour,6,Jeffersonville (Jeffersonville),20,0,IN,IN
2,Southern Wells,12,Blackhawk Christian (Fort Wayne),15,1,IN,IN
2,Switzerland County,36,Landmark Eagles (club) (Cincinnati),15,0,IN,
2,Westfield,10,Carmel (Carmel),34,0,IN,IN
2,Irvington Prep (Indianapolis),0,Purdue Poly - Englewood (Indianapolis),62,0,IN,IN
2,Pearl Cohn,34,Christ Presbyterian Academy (Nashville),42,0,TN,TN
2,Oscar Smith (Chesapeake),0,Gonzaga (Washington),17,0,VA,DC
2,Bishop Ireton (Alexandria),0,St Mary's (Annapolis),48,0,VA,MD
2,Concordia Prep (Towson),0,Bishop McNamara (Forestville),35,0,MD,MD
2,Hewlett Sports Academy (Waldorf),20,St Frances Academy (Regional),34,0,MD,MD
2,Friendship Collegiate (Washington),28,Coolidge (Washington),0,0,DC,DC
2,St John's College (Washington),42,Downingtown West,21,1,DC,PA
2,Bell (CHEC) (Washington),28,Howard D. Woodson (Washington),14,0,DC,DC
2,Richard Wright PCS (Washington),0,Eastern (Washington),58,0,DC,DC
2,Long Island St Anthony's (South Huntington),21,McDonogh School (Owings Mills),38,1,NY,MD
2,Holy Cross (Flushing),18,St Joseph by-the-Sea (Staten Island),28,0,NY,NY
2,Mount St Michael Academy (Bronx),30,John F Kennedy Catholic (Somers),14,0,NY,NY
2,St Augustine Prep (Richland),24,Canton McKinley (Canton),14,0,NJ,
2,Atlantic City (Atlantic City),25,Mainland Regional (Linwood),8,1,NJ,NJ
2,Camden (Camden),28,Martinsburg (Martinsburg),0,0,NJ,WV
2,Ramsey (Ramsey),21,Edgewood (Ashtabula),41,1,NJ,
2,Lyons (LaGrange),24,Joliet Catholic (Joliet),14,0,IL,IL
2,Crossroads (Illinois) Crusaders (club) (Big Rock),10,Lake Station Edison,55,0,IL,IN
2,Dallas Christian (Mesquite),22,Cornerstone Christian (San Antonio),43,0,TX,TX
2,Cardinal Ritter (St Louis),20,Jackson,23,0,MO,MO
2,Soldotna (Soldotna),56,Dimond (Anchorage),7,0,AK,AK
2,Shadow Hills (Indio),19,Palo Verde (Blythe),6,0,CA,CA
2,Rabun Gap - Nacoochee (Rabun Gap),34,Baylor (Chattanooga),35,0,GA,TN
2,Indian Hills (Oakland),0,Xavier (New York),27,0,NJ,NY
2,Kinnick (Yokosuka),9,Kadena (Okinawa),15,0,JAPAN,JAPAN
2,"Yokota (Fussa, Tokyo)",56,"Zama (Sagamihara, Kanagawa)",35,0,JAPAN,JAPAN
2,Aiken (Cincinnati),38,Belmont (Dayton),0,0,,
2,Antwerp (Antwerp),19,Edon (Edon),31,0,,
2,Cardinal Stritch Catholic (Oregon),14,St Joseph Central Catholic (Fremont),47,0,,
2,Chalker (Southington),62,Kennedy Catholic (Hermitage),0,0,,PA
2,Edgerton (Edgerton),42,Hilltop (West Unity),0,0,,
2,Warren G Harding (Warren),25,Buchtel (Akron),6,0,,
2,Archbishop Hoban (Akron),28,Archbishop Spalding (Severn),58,0,,MD
2,John Hay (Cleveland),6,Cleveland Central Catholic (Cleveland),13,0,,
2,Lima Central Catholic (Lima),28,St John's (Delphos),7,0,,
2,McComb (McComb),41,Toledo Christian (Toledo),7,0,,
2,Sebring McKinley (Sebring),0,St Mary Central Catholic (Sandusky),40,0,,
2,Villa Angela-St Joseph (Cleveland),20,Cardinal Mooney (Youngstown),27,0,,
2,St Thomas Aquinas (Louisville),0,Valley Christian School (Youngstown),46,0,,
2,Strasburg-Franklin (Strasburg),20,Catholic Central (Steubenville),12,0,,
2,Stivers (Dayton),0,C4 Lions (club) (Middletown),38,0,,
2,Columbus Crusaders (club) (Columbus),52,Peebles (club) (Peebles),0,0,,
2,North Adams (club) (Seaman),8,Foxfire (Zanesville),46,0,,
2,Cabell Midland (Ona),7,Pikeville (Pikeville),38,0,WV,KY
2,Hurricane (Hurricane),7,George Rogers Clark (Winchester),42,0,WV,KY
2,Roane County (Spencer),67,Greenbrier West (Charmco),16,1,WV,WV
2,Williamstown (Williamstown),25,James Monroe,26,1,WV,WV
2,Lexington Christian (Lexington),21,Boyle County (Danville),28,0,KY,KY
2,Pineville,6,Betsy Lane,40,1,KY,KY
2,Prestonsburg,44,Shelby Valley (Pikeville),7,1,KY,KY
2,Waldron (Waldron),36,Danbury (Lakeside),52,0,MI,
2,Westinghouse (Pittsburgh),32,Linsly (Wheeling),7,0,PA,WV
2,Greenville,46,Sharpsville (Sharpsville),13,0,PA,PA
2,Erie (Erie),12,Garfield Heights (Garfield Heights),14,0,PA,
2,Saint Joseph's Prep (Philadelphia),17,DeMatha Catholic (Hyattsville),38,1,PA,MD
2,Liberty Christian Academy (Lynchburg),3,Ironton (Ironton),42,0,VA,
2,Mount St Joseph (Baltimore),14,Mt Zion Prep (Lanham),7,1,MD,MD
2,Severn School (Severna Park),28,St Mary's Ryken (Leonardtown),42,1,MD,MD
2,Archbishop Carroll (Washington),37,Roosevelt (Washington),18,0,DC,DC
2,South Shore (Brooklyn),0,Monsignor Farrell (Staten Island),45,0,NY,NY
2,Chaminade (Mineola),27,La Salle Academy (Providence),28,0,NY,RI
2,St Francis Prep (Fresh Meadows),41,St John the Baptist (West Islip),27,0,NY,NY
2,Curtis (Staten Island),17,St Peter's (Staten Island),0,0,NY,NY
2,Abraham Lincoln (Brooklyn),14,Archbishop Stepinac (White Plains),40,0,NY,NY
2,Fort Hamilton (Brooklyn),14,Xaverian (Brooklyn),44,0,NY,NY
2,Delbarton School (Morristown),28,St Edward (Lakewood),48,0,NJ,
2,Middletown (Middletown),13,Bishop Watterson (Columbus),14,1,DE,
2,Mt Carmel (Chicago),43,Archbishop Moeller (Cincinnati),42,1,IL,
2,Valdez (Valdez),6,Seward (Seward),68,0,AK,AK
2,Immaculata (Somerville),45,Kellenberg Memorial (Uniondale),30,0,NJ,NY
2,Humphreys (Pyeongtaek),7,Kubasaki (Okinawa),13,0,SOUTH KOREA,JAPAN
3,Bradford (Bradford),0,Mississinawa Valley (Union City),45,0,,
3,Archbishop Carroll (Dayton),18,Ponitz Tech (Dayton),12,0,,
3,Dixie (New Lebanon),13,Arcanum (Arcanum),53,0,,
3,East (Columbus),31,Scott (Toledo),6,0,,
3,John F Kennedy (Cleveland),8,Stow-Munroe Falls (Stow),44,0,,
3,Revere (Richfield),34,Valley Forge (Parma Heights),14,0,,
3,Stivers (Dayton),8,New Miami (Hamilton),32,0,,
3,Ashland Blazer (Ashland),21,Lawrence County,24,0,KY,KY
3,Westinghouse (Pittsburgh),50,Brashear (Pittsburgh),6,0,PA,PA
3,Kenmore East (Tonawanda),0,Amherst,7,0,NY,NY
3,Alden (Alden),6,Wilson,42,0,NY,NY
3,West Seneca East,42,Starpoint,14,0,NY,NY
3,Ada (Ada),14,Arlington (Arlington),34,0,,
3,Alexander (Albany),49,Belpre (Belpre),6,0,,
3,Allen East (Harrod),20,Indian Lake (Lewistown),50,0,,
3,Alliance (Alliance),46,Streetsboro (Streetsboro),13,0,,
3,Amanda-Clearcreek (Amanda),25,Zane Trace (Chillicothe),7,0,,
3,Anderson (Cincinnati),50,Little Miami (Morrow),7,0,,
3,Anna (Anna),14,Minster (Minster),24,0,,
3,Anthony Wayne (Whitehouse),7,Napoleon (Napoleon),0,0,,
3,Arcadia (Arcadia),32,Riverdale (Mt Blanchard),13,0,,
3,Archbishop Alter (Kettering),35,Linton-Stockton (Linton),0,0,,IN
3,Archbold (Archbold),35,Tinora (Defiance),27,0,,
3,Ashland (Ashland),35,Clyde (Clyde),21,0,,
3,Athens (The Plains),33,Marietta (Marietta),21,0,,
3,Austintown-Fitch (Austintown),28,Erie (Erie),0,0,,PA
3,Barnesville (Barnesville),40,Bellaire (Bellaire),0,0,,
3,Bath (Lima),35,Van Wert (Van Wert),28,0,,
3,Beavercreek (Beavercreek),21,Harrison (Harrison),28,0,,
3,Bellbrook (Bellbrook),14,Valley View (Germantown),31,0,,
3,Bellefontaine (Bellefontaine),6,Westerville Central (Westerville),23,0,,
3,Benjamin Logan (Bellefontaine),41,Urbana (Urbana),24,0,,
3,Berea-Midpark (Berea),48,Brecksville-Broadview Heights (Broadview Heights),34,0,,
3,Bethel (Tipp City),19,Carlisle (Carlisle),43,0,,
3,Bethel-Tate (Bethel),20,North College Hill (Cincinnati),32,0,,
3,Big Walnut (Sunbury),36,Groveport Madison (Groveport),10,0,,
3,Bishop Ready (Columbus),20,Licking Valley (Newark),35,0,,
3,Bishop Watterson (Columbus),38,Westerville North (Westerville),0,0,,
3,Black River (Sullivan),8,Smithville (Smithville),14,0,,
3,Bloom-Carroll (Carroll),10,Jonathan Alder (Plain City),14,0,,
3,Bluffton (Bluffton),54,Bowsher (Toledo),21,0,,
3,Boardman (Youngstown),35,Chaney (Youngstown),34,0,,
3,Briggs (Columbus),13,Whetstone (Columbus),2,0,,
3,Brooklyn (Brooklyn),0,Wickliffe (Wickliffe),42,0,,
3,Brookside (Sheffield),7,Margaretta (Castalia),48,0,,
3,Brunswick (Brunswick),49,Elyria (Elyria),0,0,,
3,Bryan (Bryan),7,Fairview (Sherwood),47,0,,
3,Buckeye Valley (Delaware),38,River Valley (Caledonia),15,0,,
3,Harrison Central (Cadiz),15,Malvern (Malvern),34,0,,
3,Caldwell (Caldwell),20,Tuslaw (Massillon),43,0,,
3,Cambridge (Cambridge),14,Meadowbrook (Byesville),46,0,,
3,Canal Winchester (Canal Winchester),48,Worthington Kilbourne (Columbus),28,0,,
3,Cardinal (Middlefield),0,Berkshire (Burton),48,0,,
3,Cardinal Mooney (Youngstown),14,Canfield (Canfield),24,0,,
3,Cardington-Lincoln (Cardington),55,Bucyrus (Bucyrus),24,0,,
3,Carrollton (Carrollton),18,Cloverleaf (Seville),42,0,,
3,Centerburg (Centerburg),53,Worthington Christian (Worthington),14,0,,
3,Centerville (Centerville),0,Carmel (Carmel),48,0,,IN
3,Toledo Christian (Toledo),6,Lakota (Kansas),26,0,,
3,Central Crossing (Grove City),0,Westland (Galloway),33,0,,
3,Chagrin Falls (Chagrin Falls),14,West Geauga (Chesterland),42,0,,
3,Twinsburg (Twinsburg),20,Aurora (Aurora),19,0,,
3,Chesapeake (Chesapeake),41,Northwest (McDermott),42,0,,
3,Chippewa (Doylestown),0,Coventry (Akron),31,0,,
3,Circleville (Circleville),42,Westfall (Williamsport),35,0,,
3,Clay (Oregon),48,Bowling Green (Bowling Green),3,0,,
3,Clear Fork (Bellville),28,Lexington (Lexington),31,0,,
3,Clinton-Massie (Clarksville),0,Tri-Valley (Dresden),35,0,,
3,Colerain (Cincinnati),0,Fairfield (Fairfield),38,0,,
3,Collinwood (Cleveland),0,Shaw (East Cleveland),59,0,,
3,Thurgood Marshall (Dayton),7,Western Hills (Cincinnati),60,0,,
3,Tiffin Columbian (Tiffin),30,Buckeye (Medina),35,0,,
3,Columbiana (Columbiana),21,Western Reserve (Berlin Center),19,0,,
3,Columbus Grove (Columbus Grove),21,Patrick Henry (Hamler),26,0,,
3,Conneaut (Conneaut),24,Mineral Ridge (Mineral Ridge),37,0,,
3,Coshocton (Coshocton),7,Highland (Marengo),24,0,,
3,Covington (Covington),8,Graham Local (St Paris),49,0,,
3,Crestline (Crestline),28,Mapleton (Ashland),34,0,,
3,Crestview (Columbiana),34,United (Hanoverton),7,0,,
3,Crestview (Convoy),41,Wayne Trace (Haviland),20,0,,
3,Cuyahoga Falls (Cuyahoga Falls),8,Southeast (Ravenna),29,0,,
3,Cuyahoga Heights (Cuyahoga Heights),36,Crestwood (Mantua),32,0,,
3,Lisbon David Anderson (Lisbon),41,Waterloo (Atwater),14,0,,
3,Dawson-Bryant (Coal Grove),6,Nelsonville-York (Nelsonville),34,0,,
3,Deer Park (Cincinnati),42,Norwood (Norwood),6,0,,
3,Dublin Coffman (Dublin),7,Dublin Jerome (Dublin),24,0,,
3,Dunbar (Dayton),0,Cincinnati College Prep (Cincinnati),30,0,,
3,East (Akron),27,Canton South (Canton),20,0,,
3,Youngstown East (Youngstown),28,Clearview (Lorain),3,0,,
3,East Canton (East Canton),47,Sandy Valley (Magnolia),27,0,,
3,Eastern (Beaver),48,Minford (Minford),42,0,,
3,Eastern (Reedsville),21,South Gallia (Crown City),22,0,,
3,East Knox (Howard),18,Colonel Crawford (North Robinson),42,0,,
3,Eastmoor Academy (Columbus),18,Linden McKinley (Columbus),55,0,,
3,East Palestine (East Palestine),28,Bridgeport (Bridgeport),21,0,,
3,Edgerton (Edgerton),29,Montpelier (Montpelier),28,0,,
3,Edgewood (Trenton),18,Badin (Hamilton),32,0,,
3,Edison (Richmond),41,Southern (Salineville),8,0,,
3,Edon (Edon),21,Hicksville (Hicksville),6,0,,
3,Elder (Cincinnati),21,Springboro (Springboro),7,0,,
3,Elgin (Marion),6,North Baltimore (North Baltimore),47,0,,
3,Elida (Elida),10,Shawnee (Lima),13,0,,
3,Ellet (Akron),20,Kent Roosevelt (Kent),40,0,,
3,Elyria Catholic (Elyria),20,Midview (Grafton),41,0,,
3,Euclid (Euclid),20,Hilliard Darby (Hilliard),33,0,,
3,Evergreen (Metamora),38,Lake (Millbury),28,0,,
3,Fairborn (Fairborn),7,Tippecanoe (Tipp City),55,0,,
3,Fairfield Christian Academy (Lancaster),41,East Clinton (Sabina),13,0,,
3,Fairfield Union (Lancaster),39,Fairland (Proctorville),6,0,,
3,Fairless (Brewster),6,Claymont (Uhrichsville),7,0,,
3,Field (Mogadore),6,Poland Seminary (Poland),50,0,,
3,Finneytown (Cincinnati),14,Washington (Washington Court House),42,0,,
3,Firelands (Oberlin),6,Bay (Bay Village),42,0,,
3,Firestone (Akron),7,Manchester (New Franklin),45,0,,
3,Fort Recovery (Fort Recovery),14,Coldwater (Coldwater),28,0,,
3,Fostoria (Fostoria),0,Woodmore (Elmore),44,0,,
3,Franklin (Franklin),17,Bishop Fenwick (Franklin),24,0,,
3,Franklin Heights (Columbus),14,London (London),56,0,,
3,Fredericktown (Fredericktown),27,Utica (Utica),20,0,,
3,Fremont Ross (Fremont),0,Perrysburg (Perrysburg),31,0,,
3,Frontier (New Matamoras),20,Clay-Battelle (Blacksville),42,0,,WV
3,Galion (Galion),41,Norwalk (Norwalk),0,0,,
3,Gallia Academy (Gallipolis),28,Point Pleasant (Point Pleasant),21,0,,WV
3,Geneva (Geneva),63,Normandy (Parma),0,0,,
3,Genoa Area (Genoa),42,Huron (Huron),32,0,,
3,Gibsonburg (Gibsonburg),28,Delta (Delta),49,0,,
3,Girard (Girard),48,Edgewood (Ashtabula),27,0,,
3,Glenville (Cleveland),16,Avon (Avon),28,0,,
3,Grandview Heights (Columbus),35,Northridge (Johnstown),14,0,,
3,Granville (Granville),33,Johnstown (Johnstown),14,0,,
3,Green (Uniontown),42,Tallmadge (Tallmadge),7,0,,
3,Greeneview (Jamestown),0,Northeastern (South Vienna),32,0,,
3,Greenville (Greenville),7,Piqua (Piqua),50,0,,
3,Hamilton Township (Columbus),46,Independence (Columbus),6,0,,
3,Hardin Northern (Dola),8,Cory-Rawson (Rawson),0,0,,
3,Harvey (Painesville),20,Lakewood (Lakewood),28,0,,
3,Hawken (Gates Mills),42,Gilmour Academy (Gates Mills),13,0,,
3,Heath (Heath),34,Columbus Academy (Gahanna),7,0,,
3,Highland (Medina),34,Avon Lake (Avon Lake),7,0,,
3,Hilliard Bradley (Hilliard),33,Grove City (Grove City),21,0,,
3,Hilliard Davidson (Hilliard),10,Miamisburg (Miamisburg),0,0,,
3,Hillsboro (Hillsboro),49,Portsmouth West (West Portsmouth),34,0,,
3,Holy Name (Parma Heights),20,Marion-Franklin (Columbus),0,0,,
3,Hopewell-Loudon (Bascom),22,Edison (Milan),14,0,,
3,Hudson (Hudson),49,St Vincent-St Mary (Akron),0,0,,
3,Hughes (Cincinnati),8,Roger Bacon (St Bernard),35,0,,
3,Indian Hill (Cincinnati),51,New Richmond (New Richmond),14,0,,
3,Ironton (Ironton),29,Archbishop McNicholas (Cincinnati),7,0,,
3,Jefferson Area (Jefferson),12,Lakeview (Cortland),34,0,,
3,John Hay (Cleveland),24,Independence (Independence),7,0,,
3,Kenton Ridge (Springfield),42,Batavia (Batavia),35,0,,
3,Kettering Fairmont (Kettering),23,La Salle (Cincinnati),24,0,,
3,Keystone (La Grange),14,Crestview (Ashland),28,0,,
3,River Valley (Bidwell),27,Symmes Valley (Willow Wood),55,0,,
3,Lakewood (Hebron),13,Berne Union (Sugar Grove),35,0,,
3,Lakota East (Liberty Township),35,Mason (Mason),40,0,,
3,Lakota West (West Chester),38,Hamilton (Hamilton),6,0,,
3,Leetonia (Leetonia),14,Strasburg-Franklin (Strasburg),47,0,,
3,Lehman Catholic (Sidney),43,Fort Loramie (Fort Loramie),24,0,,
3,Leipsic (Leipsic),30,Elmwood (Bloomdale),14,0,,
3,Liberty (Youngstown),21,John F Kennedy (Warren),8,0,,
3,Lima Senior (Lima),20,Marion Harding (Marion),14,0,,
3,Lima Central Catholic (Lima),6,Carey (Carey),0,0,,
3,Lockland (Lockland),0,Summit Country Day (Cincinnati),21,0,,
3,Logan (Logan),21,Warren (Vincent),27,0,,
3,Logan Elm (Circleville),6,Miami Trace (Washington Court House),7,0,,
3,Lorain (Lorain),20,Sandusky (Sandusky),32,0,,
3,Loudonville (Loudonville),14,Hillsdale (Jeromesville),35,0,,
3,Loveland (Loveland),14,Kings (Kings Mills),21,0,,
3,Lowellville (Lowellville),13,LaBrae (Leavittsburg),22,0,,
3,Lucas (Lucas),14,Danville (Danville),26,0,,
3,Lutheran East (Cleveland Heights),20,Ridgewood (West Lafayette),23,0,,
3,Lutheran West (Rocky River),0,Benedictine (Cleveland),41,0,,
3,Madeira (Cincinnati),6,Cincinnati Hills Christian Academy (Cincinnati),48,0,,
3,Madison (Madison),33,North (Eastlake),0,0,,
3,Madison (Middletown),32,Blanchester (Blanchester),15,0,,
3,Madison Comprehensive (Mansfield),6,Ontario (Ontario),57,0,,
3,Madison-Plains (London),31,Fairbanks (Milford Center),32,0,,
3,Manchester (Manchester),46,Green (Franklin Furnace),12,0,,
3,Mansfield Senior (Mansfield),7,Villa Angela-St Joseph (Cleveland),47,0,,
3,Maple Heights (Maple Heights),42,Beechcroft (Columbus),6,0,,
3,Marion Local (Maria Stein),21,St Henry (St Henry),14,0,,
3,Marlington (Alliance),38,Howland (Warren),20,0,,
3,Martins Ferry (Martins Ferry),14,Independence (Coal City),35,0,,WV
3,Marysville (Marysville),30,Lancaster (Lancaster),21,0,,
3,McClain (Greenfield),35,Paint Valley (Bainbridge),22,0,,
3,McComb (McComb),9,Liberty-Benton (Findlay),52,0,,
3,McDonald (McDonald),56,Grand Valley (Orwell),28,0,,
3,Meigs (Pomeroy),21,Liberty Union (Baltimore),56,0,,
3,Campbell Memorial (Campbell),20,Champion (Warren),36,0,,
3,St Marys Memorial (St Marys),42,Celina (Celina),14,0,,
3,Miami Valley Christian Academy (Cincinnati),0,Dayton Christian (Miamisburg),35,0,,
3,Middletown (Middletown),14,Oak Hills (Cincinnati),9,0,,
3,Mifflin (Columbus),0,Bexley (Columbus),46,0,,
3,Millersport (Millersport),33,Federal Hocking (Stewart),0,0,,
3,Milton-Union (West Milton),6,Oakwood (Dayton),48,0,,
3,Mogadore (Mogadore),19,Dalton (Dalton),28,0,,
3,Mohawk (Sycamore),40,Ayersville (Defiance),15,0,,
3,Monroe (Monroe),27,Wyoming (Cincinnati),34,0,,
3,Monroe Central (Woodsfield),21,River (Hannibal),14,0,,
3,Monroeville (Monroeville),2,Seneca East (Attica),14,0,,
3,Mount Gilead (Mount Gilead),21,Grove City Christian (Grove City),7,0,,
3,Mount Healthy (Cincinnati),26,Wilmington (Wilmington),30,0,,
3,Mount Vernon (Mount Vernon),34,Delaware Hayes (Delaware),41,0,,
3,National Trail (New Paris),19,Ansonia (Ansonia),54,0,,
3,Newark (Newark),52,Zanesville (Zanesville),20,0,,
3,Newark Catholic (Newark),32,Buckeye Trail (Lore City),28,0,,
3,Newcomerstown (Newcomerstown),52,Conotton Valley (Bowerston),20,0,,
3,New Lexington (New Lexington),33,Morgan (McConnelsville),14,0,,
3,Newton Falls (Newton Falls),17,Mathews (Vienna),28,0,,
3,Nordonia (Macedonia),59,Mayfield (Mayfield),46,0,,
3,North (Akron),0,Hoover (North Canton),64,0,,
3,Northland (Columbus),17,KIPP Columbus (Columbus),12,0,,
3,Northmont (Clayton),0,Withrow (Cincinnati),42,0,,
3,Northmor (Galion),13,North Union (Richwood),19,0,,
3,Northridge (Dayton),15,Brookville (Brookville),42,0,,
3,North Ridgeville (North Ridgeville),16,North Royalton (North Royalton),6,0,,
3,Norton (Norton),53,Tuscarawas Valley (Zoarville),7,0,,
3,Northwest (Canal Fulton),3,Louisville (Louisville),10,0,,
3,Northwest (Cincinnati),21,Ross (Hamilton),28,0,,
3,Northwestern (Springfield),21,Miami East (Casstown),45,0,,
3,Northwestern (West Salem),0,Columbia (Columbia Station),49,0,,
3,Northwood (Northwood),18,Upper Sandusky (Upper Sandusky),28,0,,
3,Norwayne (Creston),35,Garaway (Sugarcreek),36,0,,
3,Notre Dame-Cathedral Latin (Chardon),48,Kenston (Chagrin Falls),45,0,,
3,Olentangy Berlin (Delaware),21,New Albany (New Albany),30,0,,
3,Olentangy (Lewis Center),14,Olentangy Orange (Lewis Center),42,0,,
3,Olentangy Liberty (Powell),14,Gahanna Lincoln (Gahanna),20,0,,
3,Olmsted Falls (Olmsted Falls),24,Strongsville (Strongsville),21,0,,
3,Orange (Pepper Pike),28,Fairview (Fairview Park),63,0,,
3,Orrville (Orrville),28,Canton Central Catholic (Canton),7,0,,
3,Otsego (Tontogany),0,Liberty Center (Liberty Center),40,0,,
3,Ottawa-Glandorf (Ottawa),27,Kenton (Kenton),38,0,,
3,Ottawa Hills (Toledo),12,Swanton (Swanton),0,0,,
3,Padua Franciscan (Parma),22,Bedford (Bedford),23,0,,
3,Parkway (Rockford),14,New Bremen (New Bremen),56,0,,
3,Perkins (Sandusky),24,St Francis de Sales (Toledo),30,0,,
3,Perry (Lima),6,North Central (Pioneer),12,0,,
3,Perry (Massillon),25,Warren G Harding (Warren),15,0,,
3,Perry (Perry),24,Kirtland (Kirtland),44,0,,
3,Philo (Duncan Falls),38,Maysville (Zanesville),21,0,,
3,Pickerington Central (Pickerington),3,Pickerington North (Pickerington),17,0,,
3,Piketon (Piketon),7,Valley (Lucasville),24,0,,
3,Pleasant (Marion),7,Whitehall-Yearling (Whitehall),36,0,,
3,Port Clinton (Port Clinton),20,Oak Harbor (Oak Harbor),35,0,,
3,Princeton (Cincinnati),47,Sycamore (Cincinnati),0,0,,
3,Purcell Marian (Cincinnati),12,Harvest Prep (Canal Winchester),47,0,,
3,Ravenna (Ravenna),27,Niles McKinley (Niles),21,0,,
3,Reading (Reading),20,Aiken (Cincinnati),24,0,,
3,Reynoldsburg (Reynoldsburg),0,Upper Arlington (Upper Arlington),50,0,,
3,Rhodes (Cleveland),34,Lakeside (Ashtabula),14,0,,
3,Richmond Heights (Richmond Heights),6,John Adams (Cleveland),32,0,,
3,Ridgedale (Morral),7,Ridgemont (Mt Victory),30,0,,
3,Rittman (Rittman),14,South Central (Greenwich),12,0,,
3,Riverside (De Graff),28,Spencerville (Spencerville),14,0,,
3,River View (Warsaw),0,Crooksville (Crooksville),48,0,,
3,Rock Hill (Ironton),34,Oak Hill (Oak Hill),8,0,,
3,Rocky River (Rocky River),28,Lake (Uniontown),34,0,,
3,Rootstown (Rootstown),30,Trinity (Garfield Heights),0,0,,
3,Rossford (Rossford),34,Rogers (Toledo),14,0,,
3,St Clairsville (St Clairsville),38,Beaver Local (East Liverpool),7,0,,
3,St Francis DeSales (Columbus),35,Africentric Early College (Columbus),18,0,,
3,St Ignatius (Cleveland),21,Mentor (Mentor),35,0,,
3,St Joseph Central Catholic (Fremont),47,Sebring McKinley (Sebring),12,0,,
3,St Paul (Norwalk),22,Calvert (Tiffin),20,0,,
3,St Thomas Aquinas (Louisville),6,Tuscarawas Central Catholic (New Philadelphia),20,0,,
3,St Xavier (Cincinnati),24,Cathedral (Indianapolis),6,0,,IN
3,Salem (Salem),56,East Liverpool (East Liverpool),20,0,,
3,Shadyside (Shadyside),14,Buckeye Local (Rayland),20,0,,
3,Shaker Heights (Shaker Heights),7,Solon (Solon),10,0,,
3,Shawnee (Springfield),12,Tecumseh (New Carlisle),14,0,,
3,Shelby (Shelby),49,Bellevue (Bellevue),6,0,,
3,Sheridan (Thornville),21,Licking Heights (Pataskala),19,0,,
3,South (Columbus),6,Belmont (Dayton),20,0,,
3,South (Willoughby),34,Brush (Lyndhurst),40,0,,
3,Southeastern (Chillicothe),42,Fayetteville (Fayetteville),6,0,,
3,Southeastern Local (South Charleston),0,Mechanicsburg (Mechanicsburg),54,0,,
3,Southern (Racine),14,Miller (Corning),52,0,,
3,South Range (Canfield),42,Barberton (Barberton),7,0,,
3,Springfield (Akron),0,Minerva (Minerva),34,0,,
3,Springfield (Holland),7,Findlay (Findlay),28,0,,
3,Springfield (New Middletown),21,Garfield (Garrettsville),40,0,,
3,Springfield (Springfield),13,Trotwood-Madison (Trotwood),16,0,,
3,Stebbins (Riverside),42,Sidney (Sidney),7,0,,
3,Amherst Steele (Amherst),34,North Olmsted (North Olmsted),0,0,,
3,Sylvania Northview (Sylvania),31,Start (Toledo),30,0,,
3,Sylvania Southview (Sylvania),0,Whitmer (Toledo),48,0,,
3,Taft (Cincinnati),56,Chaminade Julienne (Dayton),7,0,,
3,Talawanda (Oxford),45,Eaton (Eaton),20,0,,
3,Taylor (Cleves),55,Woodward (Cincinnati),0,0,,
3,Teays Valley (Ashville),35,Watkins Memorial (Pataskala),14,0,,
3,Toronto (Toronto),49,Wellsville (Wellsville),19,0,,
3,Triad (North Lewisburg),7,Catholic Central (Springfield),37,0,,
3,Troy (Troy),46,West Carrollton (West Carrollton),0,0,,
3,Tri-County North (Lewisburg),12,Tri-Village (New Madison),56,0,,
3,Twin Valley South (West Alexandria),12,Preble Shawnee (Camden),56,0,,
3,Union Local (Belmont),15,Indian Creek (Wintersville),23,0,,
3,University School (Hunting Valley),14,Hubbard (Hubbard),37,0,,
3,Van Buren (Van Buren),7,Pandora-Gilboa (Pandora),42,0,,
3,Vanlue (Vanlue),0,New London (New London),49,0,,
3,Versailles (Versailles),35,St John's (Delphos),0,0,,
3,Vinton County (McArthur),0,Trimble (Glouster),10,0,,
3,Wadsworth (Wadsworth),47,Medina (Medina),0,0,,
3,Waite (Toledo),6,Maumee (Maumee),42,0,,
3,Walnut Hills (Cincinnati),6,Turpin (Cincinnati),47,0,,
3,Walnut Ridge (Columbus),0,Bishop Hartley (Columbus),6,0,,
3,Wapakoneta (Wapakoneta),31,Defiance (Defiance),7,0,,
3,Waterford (Waterford),49,Shenandoah (Sarahsville),0,0,,
3,Wauseon (Wauseon),13,Eastwood (Pemberville),35,0,,
3,Waverly (Waverly),6,Unioto (Chillicothe),49,0,,
3,Wayne (Huber Heights),27,St Edward (Lakewood),63,0,,
3,Waynedale (Apple Creek),0,Triway (Wooster),45,0,,
3,Waynesfield-Goshen (Waynesfield),14,Upper Scioto Valley (McGuffey),36,0,,
3,Waynesville (Waynesville),6,Goshen (Goshen),34,0,,
3,Wellington (Wellington),22,Plymouth (Plymouth),6,0,,
3,Wellston (Wellston),6,South Point (South Point),24,0,,
3,West (Columbus),7,Centennial (Columbus),27,0,,
3,West Branch (Beloit),55,Struthers (Struthers),6,0,,
3,Western Brown (Mount Orab),16,Chillicothe (Chillicothe),35,0,,
3,Westerville South (Westerville),7,St Charles (Columbus),0,0,,
3,West Clermont (Cincinnati),14,Lebanon (Lebanon),49,0,,
3,West Holmes (Millersburg),28,Dover (Dover),7,0,,
3,West Jefferson (West Jefferson),24,Greenon (Enon),21,0,,
3,Westlake (Westlake),42,Warrensville Heights (Warrensville Heights),27,0,,
3,West Liberty-Salem (West Liberty),21,Cedarville (Cedarville),15,0,,
3,West Muskingum (Zanesville),7,John Glenn (New Concord),28,0,,
3,Wheelersburg (Wheelersburg),17,Jackson (Jackson),7,0,,
3,Williamsburg (Williamsburg),32,Mariemont (Cincinnati),14,0,,
3,Windham (Windham),0,Jackson-Milton (North Jackson),47,0,,
3,Winton Woods (Cincinnati),38,Milford (Milford),17,0,,
3,Woodridge (Peninsula),0,Cuyahoga Valley Christian Academy (Cuyahoga Falls),49,0,,
3,Woodward (Toledo),18,Oberlin (Oberlin),21,0,,
3,Wooster (Wooster),7,New Philadelphia (New Philadelphia),42,0,,
3,Thomas Worthington (Worthington),27,Dublin Scioto (Dublin),28,0,,
3,Wynford (Bucyrus),0,Western Reserve (Collins),46,0,,
3,Xenia (Xenia),20,Butler (Vandalia),0,0,,
3,Valley Christian School (Youngstown),0,Pymatuning Valley (Andover),53,0,,
3,Landmark Eagles (club) (Cincinnati),7,Adena (Frankfort),8,0,,
3,Capital (Charleston),27,Cabell Midland (Ona),13,0,WV,WV
3,Greenbrier West (Charmco),52,Summers County,12,0,WV,WV
3,Hurricane (Hurricane),12,George Washington (Charleston),45,0,WV,WV
3,John Marshall (Glen Dale),42,Weir (Weirton),12,0,WV,WV
3,Magnolia (New Martinsville),12,Wirt County (Elizabeth),47,0,WV,WV
3,Parkersburg South (Parkersburg),27,University (Morgantown),38,0,WV,WV
3,St Marys (St Marys),18,Oak Glen (New Cumberland),53,0,WV,WV
3,Tyler Consolidated,13,Wahama (Mason),28,0,WV,WV
3,Wheeling Central Catholic (Wheeling),0,Fort Frye (Beverly),40,0,WV,
3,Wheeling Park (Wheeling),33,Spring Mills (Martinsburg),28,0,WV,WV
3,Linsly (Wheeling),42,Brooke (Wellsburg),0,0,WV,WV
3,Beechwood (Fort Mitchell),48,Dixie Heights (Edgewood),7,0,KY,KY
3,Bellevue (Bellevue),19,Pendleton County (Falmouth),21,0,KY,KY
3,Berea,0,Fairview (Ashland),38,0,KY,KY
3,Boone County,0,Newport Central Catholic,40,0,KY,KY
3,Boyle County (Danville),7,Lexington Catholic (Lexington),17,0,KY,KY
3,Campbell County (Alexandria),13,Highlands (Fort Thomas),55,0,KY,KY
3,Clinton County (Albany),20,McCreary Central,34,0,KY,KY
3,Covington Catholic (Park Hills),62,Simon Kenton (Independence),15,0,KY,KY
3,East Carter,34,Boyd County (Ashland),20,0,KY,KY
3,Fleming County,20,Mason County,36,0,KY,KY
3,Gallatin County,6,Newport (Newport),35,0,KY,KY
3,Greenup County (Greenup),9,Portsmouth (Portsmouth),24,0,KY,
3,Holy Cross (Covington),45,Clermont Northeastern (Batavia),15,0,KY,
3,Lloyd Memorial (Erlanger),40,Conner (Hebron),27,0,KY,KY
3,Male (Louisville),7,St Xavier (Louisville),38,0,KY,KY
3,Raceland (Raceland),27,Pikeville (Pikeville),35,0,KY,KY
3,Russell (Russell),35,West Carter,0,0,KY,KY
3,Shelby Valley (Pikeville),13,Letcher County Central,55,0,KY,KY
3,Trinity (Louisville),21,Archbishop Moeller (Cincinnati),24,0,KY,
3,Walton-Verona (Walton),33,Ludlow (Ludlow),28,0,KY,KY
3,Cooper (Union),20,Ryle (Union),13,0,KY,KY
3,Great Crossing (Georgetown),14,Woodford County (Versailles),42,0,KY,KY
3,Ann Arbor Pioneer (Ann Arbor),13,Bedford (Temperance),23,0,MI,MI
3,Athens,0,Concord (Concord),78,0,MI,MI
3,Battle Creek St Philip,12,North Adams-Jerome (North Adams),42,0,MI,MI
3,Brother Rice (Bloomfield Hills),35,U of D Jesuit (Detroit),7,0,MI,MI
3,Detroit King (Detroit),21,Archbishop Hoban (Akron),23,0,MI,
3,Detroit Northwestern,6,Petersburg Summerfield (Petersburg),40,0,MI,MI
3,Erie Mason (Erie),14,Tawas City,44,0,MI,MI
3,Lake Fenton,0,Dearborn Divine Child (Dearborn),35,0,MI,MI
3,Grandville (Grandville),28,Detroit Cass Tech (Detroit),31,0,MI,MI
3,Litchfield,18,Waldron (Waldron),58,0,MI,MI
3,Mason,37,DeWitt (DeWitt),44,0,MI,MI
3,Milan,14,Riverview (Riverview),45,0,MI,MI
3,Orchard Lake St Mary (Orchard Lake),42,St John's Jesuit (Toledo),10,0,MI,
3,Pontiac Notre Dame (Pontiac),34,Lumen Christi (Jackson),54,0,MI,MI
3,Novi Detroit Catholic Central (Novi),27,Central Catholic (Toledo),14,0,MI,
3,River Rouge (River Rouge),6,Muskegon Mona Shores (Muskegon),16,0,MI,MI
3,Rockford,30,Muskegon (Muskegon),26,0,MI,MI
3,Tekonsha,8,Camden-Frontier (Camden),58,0,MI,MI
3,Warren De La Salle (Warren),21,Davison,23,0,MI,MI
3,Sterling Heights Parkway Christian (Sterling Heights),6,Allen Park Cabrini (Allen Park),42,0,MI,MI
3,Delaware Valley,21,Central York (York),46,0,PA,PA
3,Windber,12,Tussey Mountain,13,0,PA,PA
3,Seneca Valley (Harmony),20,Pine-Richland (Gibsonia),49,0,PA,PA
3,Thomas Jefferson,16,McKeesport (McKeesport),7,0,PA,PA
3,Brownsville (Brownsville),27,Uniontown (Uniontown),34,0,PA,PA
3,Taylor Allderdice (Pittsburgh),45,Perry Traditional Academy (Pittsburgh),6,0,PA,PA
3,Port Allegany (Port Allegany),27,Central Clarion (co-op),14,0,PA,PA
3,McDowell (Erie),9,Chardon (Chardon),26,0,PA,
3,Cathedral Prep (Erie),7,Riverside (Painesville),26,0,PA,
3,General McLane (Edinboro),28,Oil City (Oil City),7,0,PA,PA
3,Hickory (Hermitage),55,Conneaut Area (Linesville),7,0,PA,PA
3,Sharon (Sharon),49,Slippery Rock,6,0,PA,PA
3,Northwestern (Albion),12,Mercyhurst Prep (Erie),56,0,PA,PA
3,Wilmington (New Wilmington),55,Northern Bedford County,22,0,PA,PA
3,Mercer,0,Reynolds (Greenville),32,0,PA,PA
3,Saegertown,26,Lakeview,22,0,PA,PA
3,Cambridge Springs (Cambridge Springs),13,Greenville,42,0,PA,PA
3,Sharpsville (Sharpsville),21,Brookfield (Brookfield),46,0,PA,
3,University Prep (USO co-op) (Pittsburgh),56,Carrick (Pittsburgh),12,0,PA,PA
3,Batesville,17,South Dearborn (Aurora),14,0,IN,IN
3,Danville Community (Danville),49,Anderson,6,0,IN,IN
3,East Central (St Leon),7,Lawrence North (Indianapolis),32,0,IN,IN
3,Bishop Dwenger (Fort Wayne),46,Fort Wayne Wayne,0,0,IN,IN
3,Blackhawk Christian (Fort Wayne),0,Wes-Del (Gaston),42,0,IN,IN
3,Fremont (Fremont),0,Angola,34,0,IN,IN
3,Jeffersonville (Jeffersonville),27,Bedford North Lawrence,48,0,IN,IN
3,Lawrenceburg (Lawrenceburg),42,Speedway,0,0,IN,IN
3,Marion,0,Center Grove (Greenwood),55,0,IN,IN
3,Monroe Central,15,Richmond (Richmond),34,0,IN,IN
3,Roncalli (Indianapolis),11,Bishop Chatard (Indianapolis),33,0,IN,IN
3,South Adams (Berne),41,Bluffton (Bluffton),44,0,IN,IN
3,Irvington Prep (Indianapolis),0,Cincinnati Country Day (Cincinnati),46,0,IN,
3,Bishop O'Connell (Arlington),0,Saint Albans School (Washington),42,0,VA,DC
3,Broadneck (Annapolis),6,St Mary's (Annapolis),21,0,MD,MD
3,Dundalk (Baltimore),2,Bishop McNamara (Forestville),36,0,MD,MD
3,Frederick Douglass (Upper Marlboro),6,Coolidge (Washington),23,0,MD,DC
3,Dunbar (Washington),16,Gonzaga (Washington),50,0,DC,DC
3,Eastern (Washington),7,Charles H Flowers (Springdale),23,0,DC,MD
3,Roosevelt (Washington),20,Indian Valley (Gnadenhutten),49,0,DC,
3,St Francis (Hamburg),42,Jackson (Massillon),35,0,NY,
3,St John the Baptist (West Islip),16,Holy Trinity - Long Island (Hicksville),12,0,NY,NY
3,Williamsville North (Williamsville),7,Jamestown (Jamestown),38,0,NY,NY
3,Eagle Academy for Young Men II (Brooklyn),26,Fordham Prep (Bronx),3,0,NY,NY
3,Frank J. Macchiarola Educational Complex (Brooklyn),34,Xaverian (Brooklyn),22,0,NY,NY
3,Springfield Central (Springfield),35,Saint John's Preparatory School (Danvers),36,0,MA,MA
3,Xaverian Brothers (Westwood),35,Bishop Feehan (Attleboro),7,0,MA,MA
3,The Hun School (Princeton),35,Archbishop Spalding (Severn),28,0,NJ,MD
3,Ramsey (Ramsey),33,Dwight Morrow (Englewood),30,0,NJ,NJ
3,Paul VI (Haddonfield),0,St Augustine Prep (Richland),26,0,NJ,NJ
3,Middletown (Middletown),8,Red Bank Catholic (Red Bank),13,0,DE,NJ
3,St Rita (Chicago),14,Mt Carmel (Chicago),35,0,IL,IL
3,Cornerstone Christian (San Antonio),37,Fort Bend Christian Academy (Sugar Land),7,0,TX,TX
3,Cardinal Ritter (St Louis),12,Christian Brothers,34,0,MO,MO
3,Ursuline College (The Pines) (Chatham),0,Huron Heights (Newmarket),37,0,ON,ON
3,Football North (via Clarkson SS) (Mississauga),6,Walsh Jesuit (Cuyahoga Falls),30,0,ON,
3,Spruce Creek (Port Orange),27,Creekside (St Johns),13,0,FL,FL
3,Palo Verde (Blythe),38,Yuma,12,0,CA,AZ
3,Rabun Gap - Nacoochee (Rabun Gap),50,Massillon Washington (Massillon),35,0,GA,
3,Lawrence Academy (Merry Hill),38,Life Christian Academy (South Chesterfield),14,0,NC,VA
3,Tupelo (Tupelo),23,Christ Presbyterian Academy (Nashville),7,0,MS,TN
3,Kahuku (Kahuku),18,Mater Dei (Santa Ana),21,0,HI,CA
3,Simon Sanchez (Yigo),16,Southern (Santa Rita),38,0,GU,GU
3,Kubasaki (Okinawa),12,Kadena (Okinawa),6,0,JAPAN,JAPAN
3,"Zama (Sagamihara, Kanagawa)",19,"Matthew C. Perry (Iwakuni, Yamaguchi)",27,0,JAPAN,JAPAN
3,"Robert D. Edgren (Misawa, Aomori)",14,"Yokota (Fussa, Tokyo)",26,0,JAPAN,JAPAN
3,Kaiserslautern (Kaiserslautern),0,Ramstein (Ramstein-Miesenbach),15,0,GERMANY,GERMANY
3,Stuttgart (Böblingen),55,Vicenza (Vicenza),0,0,GERMANY,ITALY
3,Lakenheath (Brandon),37,Wiesbaden (Wiesbaden),12,0,UK,GERMANY
3,Antwerp (Antwerp),36,Hilltop (West Unity),0,0,,
3,Beachwood (Beachwood),0,St John School (Ashtabula),35,0,,
3,Bishop Rosecrans (Zanesville),45,Catholic Central (Steubenville),52,0,,
3,Buchtel (Akron),6,Lake Catholic (Mentor),36,0,,
3,Cardinal Stritch Catholic (Oregon),0,Chalker (Southington),56,0,,
3,Cleveland Heights (Cleveland Heights),12,Canton McKinley (Canton),34,0,,
3,Copley (Copley),41,Garfield (Akron),0,0,,
3,Danbury (Lakeside),36,Stryker (Stryker),0,0,,
3,East Technical (Cleveland),6,GlenOak (Canton),50,0,,
3,Fairport Harding (Fairport Harbor),47,Buckeye Central (New Washington),6,0,,
3,Garfield Heights (Garfield Heights),32,Detroit Denby (Detroit),8,0,,MI
3,Huntington (Chillicothe),44,Sciotoville Community (Portsmouth),0,0,,
3,Jefferson Township (Dayton),0,C4 Lions (club) (Middletown),58,0,,
3,John Marshall (Cleveland),8,Cleveland Central Catholic (Cleveland),36,0,,
3,Notre Dame (Portsmouth),34,Fisher Catholic (Lancaster),6,0,,
3,Paulding (Paulding),33,Jefferson (Delphos),7,0,,
3,St Mary Central Catholic (Sandusky),31,Kennedy Catholic (Hermitage),0,0,,PA
3,Shroder (Cincinnati),21,St Bernard-Elmwood Place (St Bernard),28,0,,
3,Troy Christian (Troy),0,Meadowdale (Dayton),48,0,,
3,Vermilion (Vermilion),60,Willard (Willard),22,0,,
3,Gamble Montessori (Cincinnati),6,Clark Montessori (Cincinnati),32,0,,
3,Peebles (club) (Peebles),6,West Union (club) (West Union),12,0,,
3,Barren County,39,Metcalfe County,0,0,KY,KY
3,Breathitt County (Jackson),50,Estill County,12,0,KY,KY
3,Campbellsville,45,Russell County,35,0,KY,KY
3,DuPont Manual,28,Frederick Douglass (Lexington),21,0,KY,KY
3,George Rogers Clark (Winchester),28,Montgomery County,17,0,KY,KY
3,Harlan,0,Morgan County (West Liberty),30,0,KY,KY
3,Hazard,9,Prestonsburg,23,0,KY,KY
3,Johnson Central,46,Belfry (Belfry),21,0,KY,KY
3,Perry County Central,39,Magoffin County,8,0,KY,KY
3,Rowan County,13,Bath County,6,0,KY,KY
3,Colon,43,Morenci (Morenci),22,0,MI,MI
3,Ottawa Lake Whiteford (Ottawa Lake),14,Harbor Beach,43,1,MI,MI
3,Grand Valley Patriots (club),0,Columbus Crusaders (club) (Columbus),63,0,MI,
3,Scranton Preparatory,28,Canisius (Buffalo),41,0,PA,NY
3,Woodland Hills,20,Central Catholic (Pittsburgh),58,1,PA,PA
3,Indianapolis Crimson Knights (club),0,Crossroads (Illinois) Crusaders (club) (Big Rock),28,0,IN,IL
3,Osceola Grace (club) (Elkhart),50,Washtenaw Saints (club),36,0,IN,MI
3,Loudoun Sports Academy (Leesburg),0,The St James Academy (Springfield),55,0,VA,VA
3,Fishburne Military School (Waynesboro),47,Quantico (Quantico),32,0,VA,VA
3,Mount St Joseph (Baltimore),24,St Mary's Ryken (Leonardtown),21,1,MD,MD
3,Mountain Ridge (Frostburg),34,Southern Garrett (Oakland),0,0,MD,MD
3,Mt Zion Prep (Lanham),25,St Francis (Wheaton),47,1,MD,IL
3,St Joseph's Collegiate (Buffalo),14,Cardinal Hayes (Bronx),28,1,NY,NY
3,Lewis J Bennett (Buffalo),18,Niagara Falls (Niagara Falls),13,0,NY,NY
3,Monsignor Farrell (Staten Island),35,Christian Brothers Academy - Albany (Albany),12,0,NY,NY
3,St Peter's (Staten Island),15,St Joseph by-the-Sea (Staten Island),14,0,NY,NY
3,Somers (Lincolndale),7,Iona Prep (New Rochelle),37,1,NY,NY
3,Peru,35,John F Kennedy Catholic (Somers),7,1,NY,NY
3,Delbarton School (Morristown),0,Malvern Prep (Malvern),29,0,NJ,PA
3,Prosser (Chicago),0,Hopkinsville,55,0,IL,KY
3,Joliet Catholic (Joliet),21,Glenbard West (Glen Ellyn),27,0,IL,IL
3,St Andrew's College (Aurora),28,Bishop Timon - St Jude (Buffalo),21,0,ON,NY
3,Kodiak (Kodiak),20,Barrow (Barrow),36,0,AK,AK
3,Utopian Academy (Morrow),26,Howard D. Woodson (Washington),38,0,GA,DC
3,Humphreys (Pyeongtaek),41,Kinnick (Yokosuka),20,0,SOUTH KOREA,JAPAN
3,Naples (Campania),45,Vilseck (Vilseck),2,0,ITALY,GERMANY
3,Kellenberg Memorial (Uniondale),7,Xavier (New York),28,0,NY,NY
3,St Peter (Peterborough),0,Huron Heights (Newmarket),30,0,ON,ON
4,Edgewood (Trenton),28,Bishop Fenwick (Franklin),14,0,,
4,Independence (Columbus),0,Marion-Franklin (Columbus),21,0,,
4,Linden McKinley (Columbus),40,Centennial (Columbus),0,0,,
4,Northridge (Dayton),16,Lehman Catholic (Sidney),34,0,,
4,Purcell Marian (Cincinnati),22,Hughes (Cincinnati),14,0,,
4,Start (Toledo),6,Scott (Toledo),12,0,,
4,Walnut Ridge (Columbus),48,South (Columbus),6,0,,
4,Withrow (Cincinnati),49,Dunbar (Dayton),12,0,,
4,Detroit King (Detroit),48,Detroit Southeastern,0,0,MI,MI
4,Brashear (Pittsburgh),20,Carrick (Pittsburgh),24,0,PA,PA
4,Cathedral Prep (Erie),58,Warren,7,0,PA,PA
4,Aiken (Cincinnati),22,Lloyd Memorial (Erlanger),36,0,,KY
4,Alexander (Albany),0,Athens (The Plains),71,0,,
4,Allen East (Harrod),6,Lima Central Catholic (Lima),36,0,,
4,Alliance (Alliance),26,Ellet (Akron),0,0,,
4,Ansonia (Ansonia),52,Tri-County North (Lewisburg),6,0,,
4,Arcanum (Arcanum),61,Bradford (Bradford),0,0,,
4,Archbold (Archbold),36,Delta (Delta),30,0,,
4,Ashland (Ashland),34,New Philadelphia (New Philadelphia),7,0,,
4,Lakeside (Ashtabula),19,Harvey (Painesville),61,0,,
4,Aurora (Aurora),7,Highland (Medina),41,0,,
4,Avon (Avon),55,North Ridgeville (North Ridgeville),7,0,,
4,Avon Lake (Avon Lake),39,Midview (Grafton),7,0,,
4,Badin (Hamilton),38,St Francis DeSales (Columbus),21,0,,
4,Barberton (Barberton),35,Cuyahoga Falls (Cuyahoga Falls),6,0,,
4,Bay (Bay Village),26,Normandy (Parma),0,0,,
4,Beavercreek (Beavercreek),34,Northmont (Clayton),0,0,,
4,Bedford (Bedford),14,Brush (Lyndhurst),13,0,,
4,Bellaire (Bellaire),26,John Marshall (Glen Dale),34,0,,WV
4,Bellbrook (Bellbrook),41,Chaminade Julienne (Dayton),0,0,,
4,Beechcroft (Columbus),25,Whetstone (Columbus),28,0,,
4,Bellefontaine (Bellefontaine),28,Benjamin Logan (Bellefontaine),10,0,,
4,Belpre (Belpre),0,Oak Glen (New Cumberland),43,0,,WV
4,Benedictine (Cleveland),28,Notre Dame-Cathedral Latin (Chardon),14,0,,
4,Berea-Midpark (Berea),20,Amherst Steele (Amherst),19,0,,
4,Bethel (Tipp City),20,Troy Christian (Troy),14,0,,
4,Bethel-Tate (Bethel),19,Goshen (Goshen),53,0,,
4,Bexley (Columbus),0,Grandview Heights (Columbus),35,0,,
4,Big Walnut (Sunbury),45,Delaware Hayes (Delaware),7,0,,
4,Black River (Sullivan),21,Clearview (Lorain),7,0,,
4,Blanchester (Blanchester),7,Clinton-Massie (Clarksville),49,0,,
4,Bloom-Carroll (Carroll),16,Amanda-Clearcreek (Amanda),6,0,,
4,Boardman (Youngstown),36,Maple Heights (Maple Heights),20,0,,
4,Bowling Green (Bowling Green),20,Sylvania Northview (Sylvania),14,0,,
4,Bowsher (Toledo),17,Woodward (Toledo),0,0,,
4,Briggs (Columbus),0,Africentric Early College (Columbus),34,0,,
4,Brookside (Sheffield),20,Firelands (Oberlin),40,0,,
4,Bryan (Bryan),7,Patrick Henry (Hamler),49,0,,
4,Buchtel (Akron),18,Kenston (Chagrin Falls),21,0,,
4,Buckeye Central (New Washington),34,Bucyrus (Bucyrus),13,0,,
4,Buckeye Local (Rayland),0,Barnesville (Barnesville),56,0,,
4,Buckeye Trail (Lore City),8,Shenandoah (Sarahsville),28,0,,
4,Buckeye Valley (Delaware),21,Licking Heights (Pataskala),13,0,,
4,Butler (Vandalia),31,Sidney (Sidney),6,0,,
4,Calvert (Tiffin),0,Hopewell-Loudon (Bascom),54,0,,
4,Canal Winchester (Canal Winchester),55,Reynoldsburg (Reynoldsburg),30,0,,
4,Canfield (Canfield),35,Poland Seminary (Poland),13,0,,
4,Cardinal Mooney (Youngstown),24,Steubenville (Steubenville),27,0,,
4,Carey (Carey),33,Upper Sandusky (Upper Sandusky),7,0,,
4,Archbishop Carroll (Dayton),14,Northwest (Cincinnati),40,0,,
4,Catholic Central (Springfield),7,West Liberty-Salem (West Liberty),31,0,,
4,Cedarville (Cedarville),26,West Jefferson (West Jefferson),62,0,,
4,Celina (Celina),38,Van Wert (Van Wert),37,0,,
4,Centerburg (Centerburg),44,Northmor (Galion),27,0,,
4,Central Catholic (Toledo),28,Brother Rice (Bloomfield Hills),14,0,,MI
4,Chagrin Falls (Chagrin Falls),31,Independence (Independence),9,0,,
4,Twinsburg (Twinsburg),45,Stow-Munroe Falls (Stow),21,0,,
4,Champion (Warren),9,Brookfield (Brookfield),41,0,,
4,Chardon (Chardon),17,Perry (Perry),13,0,,
4,Chesapeake (Chesapeake),14,Dawson-Bryant (Coal Grove),60,0,,
4,Chippewa (Doylestown),0,Hillsdale (Jeromesville),53,0,,
4,Cincinnati Country Day (Cincinnati),24,Cincinnati College Prep (Cincinnati),22,0,,
4,Cincinnati Hills Christian Academy (Cincinnati),56,Norwood (Norwood),0,0,,
4,Circleville (Circleville),35,Logan Elm (Circleville),8,0,,
4,Clermont Northeastern (Batavia),40,Lockland (Lockland),6,0,,
4,Cleveland Central Catholic (Cleveland),23,Warrensville Heights (Warrensville Heights),6,0,,
4,Clyde (Clyde),3,St Francis de Sales (Toledo),33,0,,
4,Coldwater (Coldwater),7,Anna (Anna),14,0,,
4,Colerain (Cincinnati),0,Middletown (Middletown),31,0,,
4,Collinwood (Cleveland),0,Port Clinton (Port Clinton),65,0,,
4,Colonel Crawford (North Robinson),24,Mohawk (Sycamore),21,0,,
4,Tiffin Columbian (Tiffin),7,Bishop Watterson (Columbus),81,0,,
4,Columbus Academy (Gahanna),40,Dover (Dover),34,0,,
4,Conneaut (Conneaut),0,West Geauga (Chesterland),42,0,,
4,Cory-Rawson (Rawson),7,North Baltimore (North Baltimore),64,0,,
4,Covington (Covington),21,Miami East (Casstown),22,0,,
4,Crestline (Crestline),28,St John School (Ashtabula),21,0,,
4,Crestview (Columbiana),28,Liberty (Youngstown),21,0,,
4,Crestwood (Mantua),44,Beachwood (Beachwood),6,0,,
4,Dalton (Dalton),19,Smithville (Smithville),35,0,,
4,Danbury (Lakeside),44,Holgate (Holgate),12,0,,
4,Danville (Danville),22,Mount Gilead (Mount Gilead),26,0,,
4,Lisbon David Anderson (Lisbon),34,East Palestine (East Palestine),50,0,,
4,Dayton Christian (Miamisburg),39,Madison (Middletown),28,0,,
4,Defiance (Defiance),0,St Marys Memorial (St Marys),41,0,,
4,Dublin Scioto (Dublin),18,Westerville South (Westerville),26,0,,
4,East (Akron),0,Archbishop Hoban (Akron),52,0,,
4,Dublin Jerome (Dublin),16,Westerville Central (Westerville),24,0,,
4,East Canton (East Canton),37,St Thomas Aquinas (Louisville),0,0,,
4,East Clinton (Sabina),0,McClain (Greenfield),54,0,,
4,East Liverpool (East Liverpool),12,Beaver Local (East Liverpool),21,0,,
4,Eastmoor Academy (Columbus),20,West (Columbus),0,0,,
4,East Technical (Cleveland),0,John Adams (Cleveland),34,0,,
4,Eaton (Eaton),7,Oakwood (Dayton),34,0,,
4,Edgerton (Edgerton),47,Antwerp (Antwerp),14,0,,
4,Edgewood (Ashtabula),34,Lutheran West (Rocky River),0,0,,
4,Edison (Milan),20,Northridge (Johnstown),0,0,,
4,Edison (Richmond),48,Martins Ferry (Martins Ferry),20,0,,
4,Elder (Cincinnati),16,La Salle (Cincinnati),8,0,,
4,Elmwood (Bloomdale),20,Ada (Ada),50,0,,
4,Elyria (Elyria),0,Olmsted Falls (Olmsted Falls),38,0,,
4,Fairbanks (Milford Center),7,Greeneview (Jamestown),41,0,,
4,Fairborn (Fairborn),42,Greenville (Greenville),18,0,,
4,Fairfield Union (Lancaster),7,Hamilton Township (Columbus),35,0,,
4,Fairless (Brewster),49,Tuscarawas Valley (Zoarville),7,0,,
4,Fairport Harding (Fairport Harbor),1,Cardinal (Middlefield),0,0,,
4,Fairview (Sherwood),43,Ayersville (Defiance),14,0,,
4,Federal Hocking (Stewart),16,Eastern (Reedsville),50,0,,
4,Findlay (Findlay),41,Sylvania Southview (Sylvania),14,0,,
4,Firestone (Akron),7,South (Willoughby),49,0,,
4,Fisher Catholic (Lancaster),20,Fairfield Christian Academy (Lancaster),13,0,,
4,Fort Frye (Beverly),28,Waterford (Waterford),0,0,,
4,Fort Loramie (Fort Loramie),38,Crestview (Convoy),55,0,,
4,Fostoria (Fostoria),6,Oak Harbor (Oak Harbor),49,0,,
4,Franklin (Franklin),10,Talawanda (Oxford),35,0,,
4,Fredericktown (Fredericktown),21,Cardington-Lincoln (Cardington),0,0,,
4,Frontier (New Matamoras),6,Shadyside (Shadyside),13,0,,
4,Galion (Galion),34,Shelby (Shelby),45,0,,
4,Garaway (Sugarcreek),48,Zanesville (Zanesville),14,0,,
4,Garfield (Garrettsville),41,LaBrae (Leavittsburg),6,0,,
4,Geneva (Geneva),48,Hawken (Gates Mills),49,0,,
4,Genoa Area (Genoa),36,Otsego (Tontogany),21,0,,
4,Gibsonburg (Gibsonburg),45,Northwood (Northwood),8,0,,
4,GlenOak (Canton),0,Canton McKinley (Canton),38,0,,
4,Glenville (Cleveland),14,St Edward (Lakewood),28,0,,
4,Grand Valley (Orwell),68,Windham (Windham),8,0,,
4,Granville (Granville),16,Washington (Washington Court House),31,0,,
4,Green (Franklin Furnace),0,Southern (Racine),53,0,,
4,Greenon (Enon),34,Triad (North Lewisburg),0,0,,
4,Grove City (Grove City),21,Thomas Worthington (Worthington),42,0,,
4,Grove City Christian (Grove City),38,Bishop Rosecrans (Zanesville),0,0,,
4,Groveport Madison (Groveport),35,Newark (Newark),13,0,,
4,Hamilton (Hamilton),27,Lakota East (Liberty Township),31,0,,
4,Marion Harding (Marion),6,Highland (Marengo),12,0,,
4,Warren G Harding (Warren),42,St Vincent-St Mary (Akron),6,0,,
4,Hicksville (Hicksville),6,Tinora (Defiance),48,0,,
4,Hilliard Bradley (Hilliard),42,Marysville (Marysville),14,0,,
4,Hilliard Darby (Hilliard),14,Hilliard Davidson (Hilliard),35,0,,
4,Hillsboro (Hillsboro),7,Williamsburg (Williamsburg),26,0,,
4,Hilltop (West Unity),6,Ottawa Lake Whiteford (Ottawa Lake),63,0,,MI
4,Hoover (North Canton),27,Green (Uniontown),21,0,,
4,Howland (Warren),10,Carrollton (Carrollton),16,0,,
4,Hubbard (Hubbard),51,Niles McKinley (Niles),7,0,,
4,Indian Creek (Wintersville),46,Weir (Weirton),22,0,,WV
4,Indian Hill (Cincinnati),28,Wyoming (Cincinnati),7,0,,
4,Jackson (Jackson),49,Western Brown (Mount Orab),14,0,,
4,Jackson-Milton (North Jackson),0,Mineral Ridge (Mineral Ridge),27,0,,
4,Jefferson (Delphos),6,Bluffton (Bluffton),49,0,,
4,Jefferson Area (Jefferson),28,Orange (Pepper Pike),47,0,,
4,John F Kennedy (Cleveland),0,John Hay (Cleveland),48,0,,
4,John Glenn (New Concord),48,Coshocton (Coshocton),0,0,,
4,John Marshall (Cleveland),24,Rhodes (Cleveland),16,0,,
4,Johnstown (Johnstown),34,Mount Vernon (Mount Vernon),35,0,,
4,Jonathan Alder (Plain City),42,North Union (Richwood),23,0,,
4,Garfield (Akron),0,Cuyahoga Valley Christian Academy (Cuyahoga Falls),56,0,,
4,Kenton (Kenton),18,Elida (Elida),36,0,,
4,Kenton Ridge (Springfield),42,Shawnee (Springfield),14,0,,
4,Kettering Fairmont (Kettering),20,Centerville (Centerville),17,0,,
4,Kings (Kings Mills),31,West Clermont (Cincinnati),0,0,,
4,Kirtland (Kirtland),45,Fairview (Fairview Park),21,0,,
4,River Valley (Bidwell),0,Nelsonville-York (Nelsonville),51,0,,
4,Lake (Millbury),20,Maumee (Maumee),27,0,,
4,Lake Catholic (Mentor),31,Gilmour Academy (Gates Mills),14,0,,
4,Lakewood (Lakewood),43,Westlake (Westlake),6,0,,
4,Lebanon (Lebanon),10,Anderson (Cincinnati),36,0,,
4,Leipsic (Leipsic),12,Pandora-Gilboa (Pandora),7,0,,
4,Liberty Center (Liberty Center),64,Swanton (Swanton),0,0,,
4,Liberty Union (Baltimore),41,Lakewood (Hebron),7,0,,
4,Licking Valley (Newark),41,Heath (Heath),14,0,,
4,Lima Senior (Lima),12,Anthony Wayne (Whitehouse),41,0,,
4,Gahanna Lincoln (Gahanna),21,Olentangy Orange (Lewis Center),35,0,,
4,Little Miami (Morrow),33,Walnut Hills (Cincinnati),0,0,,
4,Logan (Logan),7,Pickerington Central (Pickerington),64,0,,
4,London (London),44,Indian Lake (Lewistown),14,0,,
4,Lorain (Lorain),14,Euclid (Euclid),38,0,,
4,Loudonville (Loudonville),12,East Knox (Howard),27,0,,
4,Louisville (Louisville),45,Marlington (Alliance),7,0,,
4,Lowellville (Lowellville),15,Campbell Memorial (Campbell),30,0,,
4,Lutheran East (Cleveland Heights),0,North (Eastlake),31,0,,
4,Madeira (Cincinnati),27,Finneytown (Cincinnati),0,0,,
4,Madison Comprehensive (Mansfield),28,Wooster (Wooster),17,0,,
4,Manchester (Manchester),42,Sciotoville Community (Portsmouth),12,0,,
4,Mapleton (Ashland),2,Western Reserve (Collins),43,0,,
4,Margaretta (Castalia),42,Willard (Willard),0,0,,
4,Mariemont (Cincinnati),14,Taylor (Cleves),20,0,,
4,Marietta (Marietta),0,Claymont (Uhrichsville),12,0,,
4,Mason (Mason),24,Oak Hills (Cincinnati),14,0,,
4,Mathews (Vienna),35,Pymatuning Valley (Andover),65,0,,
4,Mayfield (Mayfield),6,Jackson (Massillon),33,0,,
4,Maysville (Zanesville),14,Sheridan (Thornville),56,0,,
4,McComb (McComb),56,Arcadia (Arcadia),0,0,,
4,Meadowbrook (Byesville),33,Crooksville (Crooksville),39,0,,
4,Mechanicsburg (Mechanicsburg),58,Madison-Plains (London),13,0,,
4,Mentor (Mentor),45,Brunswick (Brunswick),7,0,,
4,Miami Trace (Washington Court House),34,Batavia (Batavia),16,0,,
4,Mifflin (Columbus),0,East (Columbus),81,0,,
4,Milford (Milford),21,Loveland (Loveland),42,0,,
4,Miller (Corning),18,Berne Union (Sugar Grove),20,0,,
4,Milton-Union (West Milton),23,Riverside (De Graff),28,0,,
4,Minerva (Minerva),47,Sandy Valley (Magnolia),12,0,,
4,Minford (Minford),29,Oak Hill (Oak Hill),6,0,,
4,Minster (Minster),49,Parkway (Rockford),20,0,,
4,Mississinawa Valley (Union City),20,National Trail (New Paris),13,0,,
4,Archbishop Moeller (Cincinnati),49,Christ Presbyterian Academy (Nashville),28,0,,TN
4,Mogadore (Mogadore),28,Malvern (Malvern),14,0,,
4,Monroe Central (Woodsfield),0,Caldwell (Caldwell),41,0,,
4,Monroeville (Monroeville),67,South Central (Greenwich),0,0,,
4,Morgan (McConnelsville),7,Tri-Valley (Dresden),41,0,,
4,Mount Healthy (Cincinnati),0,Taft (Cincinnati),69,0,,
4,Napoleon (Napoleon),23,Clay (Oregon),15,0,,
4,New Bremen (New Bremen),26,Versailles (Versailles),25,0,,
4,Newcomerstown (Newcomerstown),16,Toronto (Toronto),26,0,,
4,New London (New London),0,Crestview (Ashland),42,0,,
4,New Miami (Hamilton),31,Fayetteville (Fayetteville),0,0,,
4,Newton Falls (Newton Falls),28,Southeast (Ravenna),53,0,,
4,Nordonia (Macedonia),23,Brecksville-Broadview Heights (Broadview Heights),13,0,,
4,North (Akron),0,Lexington (Lexington),70,0,,
4,North Central (Pioneer),18,Ottawa Hills (Toledo),39,0,,
4,North College Hill (Cincinnati),20,Meadowdale (Dayton),0,0,,
4,Northeastern (South Vienna),48,Southeastern Local (South Charleston),2,0,,
4,Northland (Columbus),26,Whitehall-Yearling (Whitehall),7,0,,
4,North Olmsted (North Olmsted),0,Buckeye (Medina),23,0,,
4,Norwalk (Norwalk),0,Bellevue (Bellevue),19,0,,
4,Northwest (McDermott),0,Wheelersburg (Wheelersburg),35,0,,
4,Norwayne (Creston),48,Northwestern (West Salem),13,0,,
4,Notre Dame (Portsmouth),35,Miami Valley Christian Academy (Cincinnati),15,0,,
4,Oberlin (Oberlin),7,Keystone (La Grange),42,0,,
4,Olentangy Berlin (Delaware),7,Olentangy Liberty (Powell),10,0,,
4,Olentangy (Lewis Center),43,Central Crossing (Grove City),6,0,,
4,Ontario (Ontario),10,Clear Fork (Bellville),14,0,,
4,Orrville (Orrville),38,Tuslaw (Massillon),7,0,,
4,Ponitz Tech (Dayton),8,Monroe (Monroe),35,0,,
4,Paulding (Paulding),39,Wayne Trace (Haviland),7,0,,
4,Perkins (Sandusky),13,Harvest Prep (Canal Winchester),20,0,,
4,Perry (Massillon),15,Lake (Uniontown),31,0,,
4,Perrysburg (Perrysburg),45,Springfield (Holland),13,0,,
4,Pickerington North (Pickerington),24,Dublin Coffman (Dublin),0,0,,
4,Piqua (Piqua),7,Troy (Troy),28,0,,
4,Pleasant (Marion),14,River Valley (Caledonia),21,0,,
4,Plymouth (Plymouth),0,St Paul (Norwalk),57,0,,
4,Portsmouth (Portsmouth),14,Gallia Academy (Gallipolis),28,0,,
4,Portsmouth West (West Portsmouth),22,Chillicothe (Chillicothe),46,0,,
4,Preble Shawnee (Camden),51,Dixie (New Lebanon),7,0,,
4,Princeton (Cincinnati),27,Lakota West (West Chester),10,0,,
4,Ravenna (Ravenna),24,Norton (Norton),56,0,,
4,Reading (Reading),6,Deer Park (Cincinnati),26,0,,
4,Revere (Richfield),28,Kent Roosevelt (Kent),16,0,,
4,Richmond Heights (Richmond Heights),12,Toledo Christian (Toledo),25,0,,
4,Ridgedale (Morral),7,Huron (Huron),56,0,,
4,Ridgemont (Mt Victory),29,Elgin (Marion),30,0,,
4,Ridgewood (West Lafayette),31,Utica (Utica),0,0,,
4,River (Hannibal),42,Magnolia (New Martinsville),0,0,,WV
4,Riverdale (Mt Blanchard),0,Liberty-Benton (Findlay),51,0,,
4,Riverside (Painesville),14,Austintown-Fitch (Austintown),17,0,,
4,River View (Warsaw),0,Philo (Duncan Falls),49,0,,
4,Rock Hill (Ironton),33,Fairland (Proctorville),32,0,,
4,Roger Bacon (St Bernard),0,Archbishop McNicholas (Cincinnati),26,0,,
4,Rogers (Toledo),6,Waite (Toledo),38,0,,
4,Rootstown (Rootstown),48,Brooklyn (Brooklyn),8,0,,
4,Rossford (Rossford),0,Eastwood (Pemberville),41,0,,
4,St Charles (Columbus),27,Bishop Ready (Columbus),26,0,,
4,St Henry (St Henry),33,Fort Recovery (Fort Recovery),13,0,,
4,St John's (Delphos),0,Marion Local (Maria Stein),61,0,,
4,St John's Jesuit (Toledo),29,River Rouge (River Rouge),18,0,,MI
4,Salem (Salem),49,Canton Central Catholic (Canton),20,0,,
4,Sandusky (Sandusky),13,Padua Franciscan (Parma),47,0,,
4,Seneca East (Attica),62,Wynford (Bucyrus),8,0,,
4,Shaker Heights (Shaker Heights),3,Medina (Medina),38,0,,
4,Shawnee (Lima),31,Bath (Lima),21,0,,
4,Shroder (Cincinnati),20,New Richmond (New Richmond),53,0,,
4,Solon (Solon),3,Hudson (Hudson),35,0,,
4,Canton South (Canton),17,Manchester (New Franklin),35,0,,
4,Southeastern (Chillicothe),7,Adena (Frankfort),33,0,,
4,Southern (Salineville),41,Wellsville (Wellsville),20,0,,
4,South Point (South Point),24,Symmes Valley (Willow Wood),45,0,,
4,South Range (Canfield),46,Lakeview (Cortland),0,0,,
4,Spencerville (Spencerville),0,Columbus Grove (Columbus Grove),48,0,,
4,Springboro (Springboro),23,Wayne (Huber Heights),48,0,,
4,Springfield (Akron),7,Cloverleaf (Seville),42,0,,
4,Springfield (Springfield),37,Miamisburg (Miamisburg),0,0,,
4,Strasburg-Franklin (Strasburg),34,Conotton Valley (Bowerston),22,0,,
4,Streetsboro (Streetsboro),48,Coventry (Akron),6,0,,
4,Strongsville (Strongsville),29,Cleveland Heights (Cleveland Heights),26,0,,
4,Struthers (Struthers),12,Girard (Girard),48,0,,
4,Summit Country Day (Cincinnati),6,St Bernard-Elmwood Place (St Bernard),30,0,,
4,Sycamore (Cincinnati),9,Fairfield (Fairfield),34,0,,
4,Tallmadge (Tallmadge),7,Copley (Copley),49,0,,
4,Teays Valley (Ashville),37,Lancaster (Lancaster),14,0,,
4,Tecumseh (New Carlisle),20,Northwestern (Springfield),42,0,,
4,Tippecanoe (Tipp City),41,Stebbins (Riverside),6,0,,
4,Trimble (Glouster),40,Wellston (Wellston),0,0,,
4,Tri-Village (New Madison),55,Twin Valley South (West Alexandria),0,0,,
4,Triway (Wooster),29,Northwest (Canal Fulton),32,0,,
4,Trotwood-Madison (Trotwood),20,Archbishop Alter (Kettering),6,0,,
4,Turpin (Cincinnati),6,Winton Woods (Cincinnati),13,0,,
4,Tuscarawas Central Catholic (New Philadelphia),20,Millersport (Millersport),33,0,,
4,Union Local (Belmont),28,Harrison Central (Cadiz),3,0,,
4,Unioto (Chillicothe),49,Huntington (Chillicothe),7,0,,
4,United (Hanoverton),27,Columbiana (Columbiana),7,0,,
4,Upper Arlington (Upper Arlington),42,New Albany (New Albany),7,0,,
4,Upper Scioto Valley (McGuffey),0,Perry (Lima),28,0,,
4,Valley (Lucasville),25,Waverly (Waverly),3,0,,
4,Valley Forge (Parma Heights),14,Rocky River (Rocky River),42,0,,
4,Valley View (Germantown),35,Carlisle (Carlisle),14,0,,
4,Van Buren (Van Buren),10,Arlington (Arlington),28,0,,
4,Vanlue (Vanlue),0,Lucas (Lucas),62,0,,
4,Vermilion (Vermilion),0,Elyria Catholic (Elyria),17,0,,
4,Vinton County (McArthur),6,Meigs (Pomeroy),36,0,,
4,Wadsworth (Wadsworth),48,North Royalton (North Royalton),14,0,,
4,Walsh Jesuit (Cuyahoga Falls),31,St Ignatius (Cleveland),0,0,,
4,Wapakoneta (Wapakoneta),42,Ottawa-Glandorf (Ottawa),14,0,,
4,Waterloo (Atwater),0,Springfield (New Middletown),1,0,,
4,Watkins Memorial (Pataskala),7,Bishop Hartley (Columbus),35,0,,
4,Wauseon (Wauseon),7,Evergreen (Metamora),14,0,,
4,Waynedale (Apple Creek),14,Rittman (Rittman),20,0,,
4,Waynesfield-Goshen (Waynesfield),37,Hardin Northern (Dola),6,0,,
4,Waynesville (Waynesville),7,Brookville (Brookville),35,0,,
4,Wellington (Wellington),6,Columbia (Columbia Station),35,0,,
4,West Branch (Beloit),27,Chaney (Youngstown),6,0,,
4,West Carrollton (West Carrollton),6,Xenia (Xenia),67,0,,
4,Western Hills (Cincinnati),8,Harrison (Harrison),48,0,,
4,Western Reserve (Berlin Center),20,McDonald (McDonald),48,0,,
4,Westerville North (Westerville),0,St Xavier (Cincinnati),28,0,,
4,Westfall (Williamsport),35,Paint Valley (Bainbridge),0,0,,
4,West Holmes (Millersburg),45,Mansfield Senior (Mansfield),6,0,,
4,Westland (Galloway),38,Worthington Kilbourne (Columbus),48,0,,
4,West Muskingum (Zanesville),7,New Lexington (New Lexington),33,0,,
4,Whitmer (Toledo),27,Fremont Ross (Fremont),6,0,,
4,Wickliffe (Wickliffe),21,Cuyahoga Heights (Cuyahoga Heights),7,0,,
4,Wilmington (Wilmington),21,Ross (Hamilton),13,0,,
4,Woodmore (Elmore),42,Lakota (Kansas),6,0,,
4,Woodridge (Peninsula),48,Field (Mogadore),35,0,,
4,Worthington Christian (Worthington),21,Newark Catholic (Newark),20,0,,
4,Valley Christian School (Youngstown),41,Leetonia (Leetonia),14,0,,
4,Zane Trace (Chillicothe),42,Piketon (Piketon),6,0,,
4,KIPP Columbus (Columbus),8,Franklin Heights (Columbus),14,0,,
4,Landmark Eagles (club) (Cincinnati),15,Clark Montessori (Cincinnati),14,0,,
4,Brooke (Wellsburg),24,Cambridge (Cambridge),14,0,WV,
4,Greenbrier West (Charmco),14,Liberty (Raleigh),27,0,WV,WV
4,Independence (Coal City),35,Warren (Vincent),0,0,WV,
4,Musselman,21,Wheeling Park (Wheeling),14,0,WV,WV
4,Parkersburg (Parkersburg),45,Hurricane (Hurricane),16,0,WV,WV
4,St Marys (St Marys),2,Cameron (Cameron),40,0,WV,WV
4,Valley (Wetzel) (Pine Grove),6,Clay-Battelle (Blacksville),48,0,WV,WV
4,Wahama (Mason),43,South Gallia (Crown City),13,0,WV,
4,Wheeling Central Catholic (Wheeling),47,Williamstown (Williamstown),19,0,WV,WV
4,Wirt County (Elizabeth),42,Calhoun County,12,0,WV,WV
4,Woodrow Wilson (Beckley),31,Parkersburg South (Parkersburg),7,0,WV,WV
4,Linsly (Wheeling),14,St Clairsville (St Clairsville),24,0,WV,
4,Belfry (Belfry),57,Pulaski Southwestern,15,0,KY,KY
4,Boone County,34,Walton-Verona (Walton),26,0,KY,KY
4,Boyd County (Ashland),42,Mason County,6,0,KY,KY
4,Campbell County (Alexandria),7,Cooper (Union),35,0,KY,KY
4,Christian Academy-Louisville (Louisville),34,Ryle (Union),27,0,KY,KY
4,Dixie Heights (Edgewood),7,Covington Catholic (Park Hills),49,0,KY,KY
4,East Carter,43,Greenup County (Greenup),35,0,KY,KY
4,East Jessamine,6,Ashland Blazer (Ashland),41,0,KY,KY
4,Fairview (Ashland),26,Morgan County (West Liberty),22,0,KY,KY
4,George Rogers Clark (Winchester),42,Henry Clay (Lexington),7,0,KY,KY
4,Highlands (Fort Thomas),20,Boyle County (Danville),21,0,KY,KY
4,Holmes (Covington),0,Holy Cross (Covington),48,0,KY,KY
4,Lafayette (Lexington),32,Shelby County,6,0,KY,KY
4,Ludlow (Ludlow),39,Dayton (Dayton),42,0,KY,KY
4,Mercer County,14,Raceland (Raceland),64,0,KY,KY
4,Newport Central Catholic,7,Conner (Hebron),42,0,KY,KY
4,Paintsville (Paintsville),0,Russell (Russell),41,0,KY,KY
4,Pikeville (Pikeville),14,Johnson Central,35,0,KY,KY
4,Shelby Valley (Pikeville),35,Floyd Central (Eastern),0,0,KY,KY
4,Simon Kenton (Independence),6,Beechwood (Fort Mitchell),45,0,KY,KY
4,Tates Creek,7,Frederick Douglass (Lexington),40,0,KY,KY
4,Taylor County,30,Newport (Newport),0,0,KY,KY
4,Allen Park Cabrini (Allen Park),41,Rochester Hills Lutheran Northwest,7,0,MI,MI
4,Camden-Frontier (Camden),36,Waldron (Waldron),56,0,MI,MI
4,Concord (Concord),26,Mendon,56,0,MI,MI
4,Detroit Pershing,6,Detroit Denby (Detroit),24,0,MI,MI
4,Detroit Renaissance,0,Detroit Cass Tech (Detroit),71,0,MI,MI
4,Flint Hamady,0,Muskegon Mona Shores (Muskegon),64,0,MI,MI
4,Grand Rapids Catholic Central,28,Lumen Christi (Jackson),14,0,MI,MI
4,Lansing Waverly,0,DeWitt (DeWitt),55,0,MI,MI
4,Morenci (Morenci),54,Athens,0,0,MI,MI
4,North Adams-Jerome (North Adams),0,Burr Oak,56,0,MI,MI
4,Orchard Lake St Mary (Orchard Lake),49,Warren De La Salle (Warren),10,0,MI,MI
4,Petersburg Summerfield (Petersburg),20,Edon (Edon),49,0,MI,
4,Riverview (Riverview),38,Carleton Airport,6,0,MI,MI
4,Ypsilanti Community (Ypsilanti),0,Dearborn Divine Child (Dearborn),43,0,MI,MI
4,Spring Grove,13,Central York (York),50,0,PA,PA
4,Meyersdale,23,Windber,24,0,PA,PA
4,McKeesport (McKeesport),20,Belle Vernon Area,7,0,PA,PA
4,Uniontown (Uniontown),0,Taylor Allderdice (Pittsburgh),40,0,PA,PA
4,Pine-Richland (Gibsonia),48,North Hills,6,0,PA,PA
4,Farrell (Farrell),66,Mercer,0,0,PA,PA
4,Perry Traditional Academy (Pittsburgh),0,Westinghouse (Pittsburgh),76,0,PA,PA
4,Punxsutawney,24,Central Clarion (co-op),21,0,PA,PA
4,McDowell (Erie),37,Erie (Erie),7,0,PA,PA
4,General McLane (Edinboro),70,Franklin,8,0,PA,PA
4,Hickory (Hermitage),21,Sharon (Sharon),19,0,PA,PA
4,Northwestern (Albion),13,Eisenhower,14,0,PA,PA
4,Wilmington (New Wilmington),35,Berlin Brothers Valley,0,0,PA,PA
4,Lakeview,24,Maplewood (Guys Mills),40,0,PA,PA
4,Sharpsville (Sharpsville),0,Reynolds (Greenville),50,0,PA,PA
4,Ben Davis,35,Center Grove (Greenwood),63,0,IN,IN
4,Carmel (Carmel),28,Trinity (Louisville),41,0,IN,KY
4,Columbus North,20,Roncalli (Indianapolis),41,0,IN,IN
4,Danville Community (Danville),27,Hamilton Heights (Arcadia),24,0,IN,IN
4,East Central (St Leon),35,Franklin County (Brookville),14,0,IN,IN
4,Bishop Dwenger (Fort Wayne),9,Carroll (Fort Wayne),6,0,IN,IN
4,Blackhawk Christian (Fort Wayne),21,Shenandoah,44,0,IN,IN
4,Heritage,14,South Adams (Berne),42,0,IN,IN
4,Bishop Chatard (Indianapolis),20,Cathedral (Indianapolis),23,0,IN,IN
4,Jeffersonville (Jeffersonville),24,Kokomo,14,0,IN,IN
4,Lawrenceburg (Lawrenceburg),62,Greensburg,7,0,IN,IN
4,Linton-Stockton (Linton),42,Sullivan,28,0,IN,IN
4,Richmond (Richmond),28,South Dearborn (Aurora),35,0,IN,IN
4,Osceola Grace (club) (Elkhart),7,Fremont (Fremont),59,0,IN,IN
4,Munford,49,Woodford County (Versailles),35,0,TN,KY
4,Life Christian Academy (South Chesterfield),12,Cary Christian School (Cary),39,0,VA,NC
4,Dundalk (Baltimore),0,Mount St Joseph (Baltimore),21,0,MD,MD
4,Southern Garrett (Oakland),49,Hancock (Hancock),0,0,MD,MD
4,Archbishop Spalding (Severn),35,McDonogh School (Owings Mills),13,0,MD,MD
4,Bishop McNamara (Forestville),35,Maury,38,0,MD,VA
4,Good Counsel (Wheaton),31,Middletown (Middletown),14,0,MD,DE
4,Mt Zion Prep (Lanham),22,Loudoun Sports Academy (Leesburg),30,0,MD,VA
4,St Frances Academy (Regional),42,Riverdale Baptist (Upper Marlboro),6,0,MD,MD
4,Concordia Prep (Towson),10,St Mary's (Annapolis),12,0,MD,MD
4,Anacostia (Washington),0,Roosevelt (Washington),41,0,DC,DC
4,Coolidge (Washington),22,Southern Durham (Durham),20,0,DC,NC
4,Dunbar (Washington),0,Woodbridge Senior,34,0,DC,VA
4,Eastern (Washington),33,Georgetown Prep,24,0,DC,MD
4,Howard D. Woodson (Washington),6,Martinsburg (Martinsburg),70,0,DC,WV
4,Bishop Timon - St Jude (Buffalo),14,Honeoye Falls-Lima,28,0,NY,NY
4,Lewis J Bennett (Buffalo),0,Massillon Washington (Massillon),35,0,NY,
4,Holy Cross (Flushing),30,John F Kennedy Catholic (Somers),0,0,NY,NY
4,Iona Prep (New Rochelle),58,Paramus Catholic (Paramus),48,0,NY,NJ
4,Xaverian (Brooklyn),21,St John the Baptist (West Islip),35,0,NY,NY
4,St Joseph by-the-Sea (Staten Island),25,Fordham Prep (Bronx),3,0,NY,NY
4,Mansfield (Mansfield),35,Bedford (Temperance),21,0,MA,MI
4,Saint John's Preparatory School (Danvers),48,Marshfield (Marshfield),8,0,MA,MA
4,Cherokee (Marlton),0,St Augustine Prep (Richland),35,0,NJ,NJ
4,Mahwah (Mahwah),35,Ramsey (Ramsey),42,0,NJ,NJ
4,Mt Carmel (Chicago),42,Nazareth Academy (LaGrange Park),23,0,IL,IL
4,East St Louis Senior (East St Louis),10,Bishop Gorman (Las Vegas),35,0,IL,NV
4,Parish Episcopal (Dallas),43,Cornerstone Christian (San Antonio),38,0,TX,TX
4,Francis Howell,0,Cardinal Ritter (St Louis),50,0,MO,MO
4,Holy Names (Windsor),29,U of D Jesuit (Detroit),28,0,ON,MI
4,Huron Heights (Newmarket),42,Michael Power - St Joseph (Etobicoke),7,0,ON,ON
4,Football North (via Clarkson SS) (Mississauga),28,Novi Detroit Catholic Central (Novi),41,0,ON,MI
4,Kenai-Central (Kenai),39,Kodiak (Kodiak),6,0,AK,AK
4,Spruce Creek (Port Orange),20,Mainland (Daytona Beach),16,0,FL,FL
4,Coachella Valley (Thermal),24,Palo Verde (Blythe),40,0,CA,CA
4,Ambassador Christian (Huntersville),0,Rabun Gap - Nacoochee (Rabun Gap),42,0,NC,GA
4,Osan (Pyeongtaek),8,"Zama (Sagamihara, Kanagawa)",43,0,SOUTH KOREA,JAPAN
4,Kadena (Okinawa),31,Kinnick (Yokosuka),0,0,JAPAN,JAPAN
4,Wiesbaden (Wiesbaden),28,Kaiserslautern (Kaiserslautern),47,0,GERMANY,GERMANY
4,Vilseck (Vilseck),0,Stuttgart (Böblingen),58,0,GERMANY,GERMANY
4,Spangdahlem (Spangdahlem),36,Baumholder (Baumholder),25,0,GERMANY,GERMANY
4,Rota (Cádiz),8,International School of Brussels (Watermael-Boitsfort),47,0,SPAIN,BELGIUM
4,Lakenheath (Brandon),21,Ramstein (Ramstein-Miesenbach),58,0,UK,GERMANY
4,Belmont (Dayton),20,Gamble Montessori (Cincinnati),8,0,,
4,Berkshire (Burton),43,Trinity (Garfield Heights),6,0,,
4,Bridgeport (Bridgeport),13,Catholic Central (Steubenville),22,0,,
4,Chalker (Southington),62,St Joseph Central Catholic (Fremont),44,0,,
4,John F Kennedy (Warren),12,Youngstown East (Youngstown),46,0,,
4,Madison (Madison),13,Holy Name (Parma Heights),14,0,,
4,Sebring McKinley (Sebring),34,Cardinal Stritch Catholic (Oregon),8,0,,
4,Montpelier (Montpelier),48,Erie Mason (Erie),6,0,,MI
4,Shaw (East Cleveland),26,University School (Hunting Valley),36,0,,
4,Stryker (Stryker),0,St Mary Central Catholic (Sandusky),42,0,,
4,Urbana (Urbana),47,Graham Local (St Paris),67,0,,
4,Woodward (Cincinnati),7,Thurgood Marshall (Dayton),30,0,,
4,West Union (club) (West Union),6,North Adams (club) (Seaman),20,0,,
4,Foxfire (Zanesville),40,Stivers (Dayton),38,0,,
4,Clinton County (Albany),8,Eastern (Beaver),49,1,KY,
4,Muskegon (Muskegon),15,Garfield Heights (Garfield Heights),8,0,MI,
4,North Oakland Bucks (club),0,C4 Lions (club) (Middletown),30,0,MI,
4,Cambridge Springs (Cambridge Springs),30,Saegertown,14,0,PA,PA
4,Cochranton,6,Greenville,41,0,PA,PA
4,Phalen Academy,0,Columbus Crusaders (club) (Columbus),36,0,IN,
4,Quantico (Quantico),28,Randolph-Macon Academy (Front Royal),36,0,VA,VA
4,Saint Frances Academy (Baltimore),34,Saint Joseph's Prep (Philadelphia),26,0,MD,PA
4,Gonzaga (Washington),22,Loyola / Blakefield (Towson),0,0,DC,MD
4,Canisius (Buffalo),21,Ironton (Ironton),55,0,NY,
4,Jamestown (Jamestown),6,St Joseph's Collegiate (Buffalo),28,0,NY,NY
4,Monsignor Farrell (Staten Island),6,Delbarton School (Morristown),35,0,NY,NJ
4,Xavier (New York),24,St Peter's (Staten Island),10,0,NY,NY
4,St Andrew's College (Aurora),15,St Francis (Hamburg),20,0,ON,NY
4,Student Wrestler Development Program (Fairbanks),47,Valdez (Valdez),6,0,AK,AK
4,Leone (Vailoatai),26,Nu'uuli Voc Tech (Pago Pago),10,0,AS,AS
4,Samoana (Utulei),28,Faga'itua (Faga'itua),36,0,AS,AS
4,George Washington (Mangilao),1,Guam High (Agana Heights),0,0,GU,GU
4,Southern (Santa Rita),59,Okkodo (Dededo),0,0,GU,GU
4,Kubasaki (Okinawa),21,Humphreys (Pyeongtaek),7,0,JAPAN,SOUTH KOREA
4,Sigonella (Catania),25,Aviano (Aviano),32,0,ITALY,ITALY
4,Vicenza (Vicenza),6,Naples (Campania),55,0,ITALY,ITALY
4,AFNORTH (Brunssum),22,SHAPE (Mons),14,0,NETHERLANDS,BELGIUM
4,George Washington (Charleston),27,Cabell Midland (Ona),12,0,WV,WV
4,Maple Ridge (Barrie),0,Huron Heights (Newmarket),47,0,ON,ON
5,George Washington (Mangilao),56,Okkodo (Dededo),0,0,GU,GU
5,Africentric Early College (Columbus),38,West (Columbus),0,0,,
5,Belmont (Dayton),20,Dunbar (Dayton),26,0,,
5,Briggs (Columbus),6,Eastmoor Academy (Columbus),24,0,,
5,East (Columbus),26,Northland (Columbus),0,0,,
5,Waite (Toledo),6,Start (Toledo),31,0,,
5,Cameron (Cameron),46,River (Hannibal),15,0,WV,
5,Webster County,18,St Marys (St Marys),49,0,WV,WV
5,Fairview (Ashland),0,Boyd County (Ashland),49,0,KY,KY
5,Detroit Denby (Detroit),48,Detroit Northwestern,0,0,MI,MI
5,Brashear (Pittsburgh),0,Taylor Allderdice (Pittsburgh),20,0,PA,PA
5,St Anne Catholic (Belle River),0,Holy Names (Windsor),45,0,ON,ON
5,Imperial,49,Palo Verde (Blythe),14,0,CA,CA
5,Ada (Ada),0,McComb (McComb),49,0,,
5,Aiken (Cincinnati),0,Cincinnati Hills Christian Academy (Cincinnati),38,0,,
5,Amanda-Clearcreek (Amanda),31,Circleville (Circleville),14,0,,
5,Anderson (Cincinnati),49,Kings (Kings Mills),24,0,,
5,Anna (Anna),7,St Henry (St Henry),28,0,,
5,Antwerp (Antwerp),19,Hicksville (Hicksville),13,0,,
5,Arcadia (Arcadia),22,Leipsic (Leipsic),43,0,,
5,Arcanum (Arcanum),13,Preble Shawnee (Camden),49,0,,
5,Athens (The Plains),52,Vinton County (McArthur),0,0,,
5,Ayersville (Defiance),32,Paulding (Paulding),35,0,,
5,Barberton (Barberton),20,Tallmadge (Tallmadge),21,0,,
5,Barnesville (Barnesville),48,Monroe Central (Woodsfield),7,0,,
5,Batavia (Batavia),34,Bethel-Tate (Bethel),7,0,,
5,Bath (Lima),48,Kenton (Kenton),6,0,,
5,Beachwood (Beachwood),7,Rootstown (Rootstown),44,0,,
5,Beaver Local (East Liverpool),26,Salem (Salem),46,0,,
5,Bellbrook (Bellbrook),3,Archbishop Alter (Kettering),21,0,,
5,Bellevue (Bellevue),0,Perkins (Sandusky),41,0,,
5,Benjamin Logan (Bellefontaine),37,Tecumseh (New Carlisle),12,0,,
5,Berne Union (Sugar Grove),41,Millersport (Millersport),0,0,,
5,Bishop Hartley (Columbus),24,Badin (Hamilton),42,0,,
5,Bishop Rosecrans (Zanesville),6,Fisher Catholic (Lancaster),34,0,,
5,Blanchester (Blanchester),24,Goshen (Goshen),57,0,,
5,Bluffton (Bluffton),42,Spencerville (Spencerville),7,0,,
5,Bowling Green (Bowling Green),14,Anthony Wayne (Whitehouse),35,0,,
5,Bowsher (Toledo),6,Clay (Oregon),49,0,,
5,Bradford (Bradford),0,Tri-County North (Lewisburg),41,0,,
5,Bridgeport (Bridgeport),42,Magnolia (New Martinsville),18,0,,WV
5,Brookfield (Brookfield),14,Liberty (Youngstown),43,0,,
5,Brooklyn (Brooklyn),12,Crestwood (Mantua),54,0,,
5,Brookville (Brookville),49,Madison (Middletown),8,0,,
5,Brunswick (Brunswick),21,Shaker Heights (Shaker Heights),14,0,,
5,Brush (Lyndhurst),7,Archbishop Hoban (Akron),45,0,,
5,Bryan (Bryan),7,Liberty Center (Liberty Center),76,0,,
5,Buchtel (Akron),6,Austintown-Fitch (Austintown),54,0,,
5,Buckeye (Medina),34,Bay (Bay Village),28,0,,
5,Cambridge (Cambridge),15,Bellaire (Bellaire),18,0,,
5,Canton McKinley (Canton),28,Perry (Massillon),18,0,,
5,Cardinal (Middlefield),6,Windham (Windham),42,0,,
5,Cardington-Lincoln (Cardington),36,East Knox (Howard),35,0,,
5,Carey (Carey),20,Seneca East (Attica),14,0,,
5,Carlisle (Carlisle),21,Franklin (Franklin),18,0,,
5,Celina (Celina),21,Shawnee (Lima),35,0,,
5,Centerville (Centerville),0,Springfield (Springfield),35,0,,
5,Canton Central Catholic (Canton),7,Alliance (Alliance),42,0,,
5,Toledo Christian (Toledo),34,Ridgemont (Mt Victory),32,0,,
5,Central Crossing (Grove City),0,Upper Arlington (Upper Arlington),56,0,,
5,Twinsburg (Twinsburg),0,Wadsworth (Wadsworth),39,0,,
5,Chaminade Julienne (Dayton),13,Edgewood (Trenton),31,0,,
5,Champion (Warren),22,Garfield (Garrettsville),56,0,,
5,Chaney (Youngstown),21,Canfield (Canfield),35,0,,
5,Cincinnati Country Day (Cincinnati),35,Clermont Northeastern (Batavia),8,0,,
5,Claymont (Uhrichsville),28,Newcomerstown (Newcomerstown),14,0,,
5,Clear Fork (Bellville),34,Pleasant (Marion),0,0,,
5,Clearview (Lorain),30,Wellington (Wellington),0,0,,
5,Cleveland Central Catholic (Cleveland),0,Holy Name (Parma Heights),27,0,,
5,Cleveland Heights (Cleveland Heights),48,Lorain (Lorain),6,0,,
5,Cloverleaf (Seville),19,Coventry (Akron),0,0,,
5,Clyde (Clyde),55,Port Clinton (Port Clinton),48,0,,
5,Collinwood (Cleveland),6,John F Kennedy (Cleveland),12,0,,
5,Colonel Crawford (North Robinson),42,Buckeye Central (New Washington),8,0,,
5,Columbia (Columbia Station),14,Black River (Sullivan),0,0,,
5,Columbus Grove (Columbus Grove),49,Jefferson (Delphos),0,0,,
5,Conotton Valley (Bowerston),46,Brownsville (Brownsville),7,0,,PA
5,Cory-Rawson (Rawson),0,Elgin (Marion),39,0,,
5,Crestview (Ashland),44,South Central (Greenwich),7,0,,
5,Crestview (Convoy),34,Allen East (Harrod),33,0,,
5,Cuyahoga Falls (Cuyahoga Falls),0,Kent Roosevelt (Kent),56,0,,
5,Cuyahoga Heights (Cuyahoga Heights),24,Chagrin Falls (Chagrin Falls),13,0,,
5,Cuyahoga Valley Christian Academy (Cuyahoga Falls),42,Boardman (Youngstown),10,0,,
5,Dawson-Bryant (Coal Grove),20,Portsmouth (Portsmouth),14,0,,
5,Dayton Christian (Miamisburg),35,New Miami (Hamilton),0,0,,
5,Delta (Delta),65,Swanton (Swanton),0,0,,
5,Dixie (New Lebanon),22,National Trail (New Paris),51,0,,
5,Dover (Dover),7,Ashland (Ashland),42,0,,
5,Dublin Coffman (Dublin),7,Gahanna Lincoln (Gahanna),35,0,,
5,Sciotoville Community (Portsmouth),0,Eastern (Reedsville),1,0,,
5,East Canton (East Canton),0,Ridgewood (West Lafayette),35,0,,
5,East Liverpool (East Liverpool),0,St Clairsville (St Clairsville),45,0,,
5,East Palestine (East Palestine),49,Southern (Salineville),12,0,,
5,Eastwood (Pemberville),49,Fostoria (Fostoria),7,0,,
5,Edison (Richmond),10,Caldwell (Caldwell),27,0,,
5,Edon (Edon),54,Erie Mason (Erie),6,0,,MI
5,Elder (Cincinnati),26,St Xavier (Louisville),24,0,,KY
5,Ellet (Akron),18,Mogadore (Mogadore),21,0,,
5,Elyria Catholic (Elyria),21,Padua Franciscan (Parma),14,0,,
5,Euclid (Euclid),12,Strongsville (Strongsville),27,0,,
5,Evergreen (Metamora),0,Archbold (Archbold),42,0,,
5,Fairless (Brewster),35,Orrville (Orrville),48,0,,
5,Fairport Harding (Fairport Harbor),48,Mathews (Vienna),0,0,,
5,Fairview (Fairview Park),54,Berkshire (Burton),37,0,,
5,Federal Hocking (Stewart),6,Tuscarawas Central Catholic (New Philadelphia),46,0,,
5,Bishop Fenwick (Franklin),55,Mount Healthy (Cincinnati),20,0,,
5,Field (Mogadore),0,Norton (Norton),69,0,,
5,Findlay (Findlay),42,Fremont Ross (Fremont),0,0,,
5,Finneytown (Cincinnati),14,Deer Park (Cincinnati),39,0,,
5,Firelands (Oberlin),50,Oberlin (Oberlin),20,0,,
5,Firestone (Akron),8,Mayfield (Mayfield),50,0,,
5,Fort Loramie (Fort Loramie),26,Lima Central Catholic (Lima),45,0,,
5,Fredericktown (Fredericktown),7,Mount Gilead (Mount Gilead),41,0,,
5,Frontier (New Matamoras),52,Valley (Wetzel) (Pine Grove),8,0,,WV
5,Galion (Galion),7,Ontario (Ontario),0,0,,
5,Gallia Academy (Gallipolis),26,Fairland (Proctorville),28,0,,
5,Garaway (Sugarcreek),7,Girard (Girard),49,0,,
5,Garfield Heights (Garfield Heights),48,North (Eastlake),17,0,,
5,Graham Local (St Paris),0,London (London),42,0,,
5,Grandview Heights (Columbus),48,Chesapeake (Chesapeake),9,0,,
5,Green (Franklin Furnace),0,Belpre (Belpre),56,0,,
5,Green (Uniontown),35,Jackson (Massillon),38,0,,
5,Greeneview (Jamestown),6,Mechanicsburg (Mechanicsburg),42,0,,
5,Greenville (Greenville),28,Stebbins (Riverside),35,0,,
5,Grove City Christian (Grove City),62,Miller (Corning),20,0,,
5,Hamilton Township (Columbus),14,Buckeye Valley (Delaware),42,0,,
5,Hardin Northern (Dola),0,Perry (Lima),14,0,,
5,Harvey (Painesville),37,Jefferson Area (Jefferson),18,0,,
5,Hawken (Gates Mills),37,Madison (Madison),38,0,,
5,Delaware Hayes (Delaware),13,Westerville North (Westerville),20,0,,
5,Highland (Medina),42,Copley (Copley),9,0,,
5,Highland (Marengo),0,Shelby (Shelby),48,0,,
5,Hilliard Darby (Hilliard),13,Grove City (Grove City),24,0,,
5,Hillsdale (Jeromesville),35,Dalton (Dalton),6,0,,
5,Hilltop (West Unity),42,Ottawa Hills (Toledo),26,0,,
5,Hoover (North Canton),31,Louisville (Louisville),13,0,,
5,Hopewell-Loudon (Bascom),25,Gibsonburg (Gibsonburg),0,0,,
5,Howland (Warren),7,West Branch (Beloit),48,0,,
5,Hudson (Hudson),35,Stow-Munroe Falls (Stow),0,0,,
5,Huron (Huron),13,Tiffin Columbian (Tiffin),16,0,,
5,Independence (Independence),0,Wickliffe (Wickliffe),38,0,,
5,Indian Lake (Lewistown),45,Bellefontaine (Bellefontaine),21,0,,
5,Indian Valley (Gnadenhutten),54,Buckeye Trail (Lore City),16,0,,
5,Jackson (Jackson),10,Ironton (Ironton),49,0,,
5,Jefferson Township (Dayton),8,Foxfire (Zanesville),48,0,,
5,John Adams (Cleveland),6,Glenville (Cleveland),41,0,,
5,John Glenn (New Concord),28,Sheridan (Thornville),52,0,,
5,John Hay (Cleveland),16,Rhodes (Cleveland),26,0,,
5,John Marshall (Cleveland),18,Gilmour Academy (Gates Mills),48,0,,
5,Garfield (Akron),20,Carrollton (Carrollton),0,0,,
5,Kenston (Chagrin Falls),24,Manchester (New Franklin),17,0,,
5,Keystone (La Grange),35,Brookside (Sheffield),26,0,,
5,LaBrae (Leavittsburg),41,Newton Falls (Newton Falls),6,0,,
5,Lake (Uniontown),35,GlenOak (Canton),21,0,,
5,Lake Catholic (Mentor),6,Benedictine (Cleveland),3,0,,
5,Lakewood (Hebron),0,Licking Heights (Pataskala),45,0,,
5,Lakota (Kansas),7,Calvert (Tiffin),34,0,,
5,Lakota East (Liberty Township),7,Princeton (Cincinnati),42,0,,
5,Lakota West (West Chester),7,Fairfield (Fairfield),10,0,,
5,Lancaster (Lancaster),14,Groveport Madison (Groveport),35,0,,
5,Lebanon (Lebanon),49,Little Miami (Morrow),32,0,,
5,Leetonia (Leetonia),0,Columbiana (Columbiana),35,0,,
5,Lehman Catholic (Sidney),64,Troy Christian (Troy),6,0,,
5,Lexington (Lexington),42,Wooster (Wooster),14,0,,
5,Liberty-Benton (Findlay),56,Elmwood (Bloomdale),0,0,,
5,Liberty Union (Baltimore),14,Bloom-Carroll (Carroll),49,0,,
5,Licking Valley (Newark),57,Newark Catholic (Newark),13,0,,
5,Lima Senior (Lima),48,Rogers (Toledo),6,0,,
5,Lincoln West (Cleveland),0,East Technical (Cleveland),54,0,,
5,Linden McKinley (Columbus),34,Beechcroft (Columbus),0,0,,
5,Lockland (Lockland),0,Fayetteville (Fayetteville),1,0,,
5,Logan Elm (Circleville),12,Fairfield Union (Lancaster),18,0,,
5,Loudonville (Loudonville),0,Centerburg (Centerburg),41,0,,
5,Loveland (Loveland),7,Turpin (Cincinnati),15,0,,
5,Lowellville (Lowellville),20,Western Reserve (Berlin Center),38,0,,
5,Lutheran West (Rocky River),21,Conneaut (Conneaut),31,0,,
5,Madeira (Cincinnati),7,Reading (Reading),6,0,,
5,Madison-Plains (London),18,Northeastern (South Vienna),60,0,,
5,Maple Heights (Maple Heights),6,South (Willoughby),7,0,,
5,Mapleton (Ashland),30,Plymouth (Plymouth),28,0,,
5,Mariemont (Cincinnati),0,Indian Hill (Cincinnati),36,0,,
5,Marion Local (Maria Stein),40,New Bremen (New Bremen),7,0,,
5,Martins Ferry (Martins Ferry),34,Lucas (Lucas),15,0,,
5,Marysville (Marysville),7,Hilliard Davidson (Hilliard),22,0,,
5,Mason (Mason),28,Hamilton (Hamilton),21,0,,
5,Maumee (Maumee),23,Genoa Area (Genoa),27,0,,
5,Maysville (Zanesville),48,Coshocton (Coshocton),0,0,,
5,McClain (Greenfield),13,Williamsburg (Williamsburg),46,0,,
5,McDonald (McDonald),27,Jackson-Milton (North Jackson),18,0,,
5,Niles McKinley (Niles),7,Lakeview (Cortland),35,0,,
5,Archbishop McNicholas (Cincinnati),31,Purcell Marian (Cincinnati),0,0,,
5,Medina (Medina),0,Mentor (Mentor),49,0,,
5,Meigs (Pomeroy),52,River Valley (Bidwell),6,0,,
5,St Marys Memorial (St Marys),7,Wapakoneta (Wapakoneta),42,0,,
5,Miami East (Casstown),41,Bethel (Tipp City),0,0,,
5,Miamisburg (Miamisburg),19,Beavercreek (Beavercreek),21,0,,
5,Miami Trace (Washington Court House),35,Western Brown (Mount Orab),27,0,,
5,Miami Valley Christian Academy (Cincinnati),7,Summit Country Day (Cincinnati),33,0,,
5,Middletown (Middletown),62,Sycamore (Cincinnati),0,0,,
5,Midview (Grafton),27,Berea-Midpark (Berea),42,0,,
5,Mifflin (Columbus),0,Centennial (Columbus),64,0,,
5,Minerva (Minerva),31,St Thomas Aquinas (Louisville),0,0,,
5,Minford (Minford),12,Northwest (McDermott),27,0,,
5,Minster (Minster),7,Coldwater (Coldwater),34,0,,
5,Mohawk (Sycamore),62,Bucyrus (Bucyrus),7,0,,
5,Monroe (Monroe),6,Clinton-Massie (Clarksville),34,0,,
5,Montpelier (Montpelier),27,Petersburg Summerfield (Petersburg),0,0,,MI
5,Morgan (McConnelsville),21,Crooksville (Crooksville),18,0,,
5,Mount Vernon (Mount Vernon),38,Heath (Heath),22,0,,
5,Napoleon (Napoleon),42,Sylvania Northview (Sylvania),12,0,,
5,New Albany (New Albany),34,Hilliard Bradley (Hilliard),17,0,,
5,Newark (Newark),49,Logan (Logan),7,0,,
5,New Lexington (New Lexington),29,Tri-Valley (Dresden),7,0,,
5,New London (New London),13,Monroeville (Monroeville),55,0,,
5,New Philadelphia (New Philadelphia),45,Mansfield Senior (Mansfield),26,0,,
5,New Richmond (New Richmond),22,Roger Bacon (St Bernard),42,0,,
5,Normandy (Parma),13,North Olmsted (North Olmsted),47,0,,
5,North (Akron),8,Harrison Central (Cadiz),41,0,,
5,North Baltimore (North Baltimore),45,Waynesfield-Goshen (Waynesfield),13,0,,
5,North College Hill (Cincinnati),23,Western Hills (Cincinnati),8,0,,
5,Northmor (Galion),37,Danville (Danville),12,0,,
5,Northridge (Dayton),14,Milton-Union (West Milton),21,0,,
5,Northridge (Johnstown),21,Zanesville (Zanesville),13,0,,
5,North Ridgeville (North Ridgeville),35,Elyria (Elyria),7,0,,
5,North Royalton (North Royalton),15,Brecksville-Broadview Heights (Broadview Heights),22,0,,
5,North Union (Richwood),46,Urbana (Urbana),27,0,,
5,Norwalk (Norwalk),14,Edison (Milan),45,0,,
5,Northwest (Cincinnati),55,Woodward (Cincinnati),0,0,,
5,Northwestern (Springfield),17,Kenton Ridge (Springfield),21,0,,
5,Northwestern (West Salem),21,Chippewa (Doylestown),14,0,,
5,Northwood (Northwood),14,Margaretta (Castalia),49,0,,
5,Notre Dame-Cathedral Latin (Chardon),27,Bedford (Bedford),21,0,,
5,Oak Hills (Cincinnati),35,Colerain (Cincinnati),19,0,,
5,Oakwood (Dayton),28,Waynesville (Waynesville),16,0,,
5,Olentangy Liberty (Powell),21,Dublin Jerome (Dublin),7,0,,
5,Olmsted Falls (Olmsted Falls),0,Avon (Avon),28,0,,
5,Orange (Pepper Pike),61,Lakeside (Ashtabula),43,0,,
5,Olentangy Orange (Lewis Center),31,Olentangy Berlin (Delaware),7,0,,
5,Otsego (Tontogany),14,Oak Harbor (Oak Harbor),36,0,,
5,Ottawa-Glandorf (Ottawa),7,Elida (Elida),24,0,,
5,Paint Valley (Bainbridge),19,Adena (Frankfort),27,0,,
5,Pandora-Gilboa (Pandora),24,Arlington (Arlington),14,0,,
5,Parkway (Rockford),7,Versailles (Versailles),43,0,,
5,Patrick Henry (Hamler),19,Wauseon (Wauseon),7,0,,
5,Ponitz Tech (Dayton),14,Hillsboro (Hillsboro),50,0,,
5,Perry (Perry),35,Geneva (Geneva),28,0,,
5,Perrysburg (Perrysburg),48,Sylvania Southview (Sylvania),6,0,,
5,Philo (Duncan Falls),44,Meadowbrook (Byesville),14,0,,
5,Pickerington Central (Pickerington),43,Canal Winchester (Canal Winchester),30,0,,
5,Piketon (Piketon),0,Unioto (Chillicothe),47,0,,
5,Piqua (Piqua),49,West Carrollton (West Carrollton),8,0,,
5,Poland Seminary (Poland),42,Hubbard (Hubbard),14,0,,
5,Portsmouth West (West Portsmouth),41,Waverly (Waverly),7,0,,
5,Revere (Richfield),0,Aurora (Aurora),14,0,,
5,Reynoldsburg (Reynoldsburg),21,Teays Valley (Ashville),28,0,,
5,Rittman (Rittman),13,Norwayne (Creston),26,0,,
5,Riverside (De Graff),6,Covington (Covington),34,0,,
5,River Valley (Caledonia),20,Marion Harding (Marion),32,0,,
5,River View (Warsaw),0,West Muskingum (Zanesville),62,0,,
5,Rock Hill (Ironton),23,South Point (South Point),15,0,,
5,Rocky River (Rocky River),39,Lakewood (Lakewood),13,0,,
5,Ross (Hamilton),7,Harrison (Harrison),33,0,,
5,Rossford (Rossford),7,Lake (Millbury),35,0,,
5,St Charles (Columbus),21,Franklin Heights (Columbus),18,0,,
5,St Edward (Lakewood),14,Massillon Washington (Massillon),21,0,,
5,St Francis DeSales (Columbus),35,George Rogers Clark (Winchester),21,0,,KY
5,St Ignatius (Cleveland),45,Riverside (Painesville),33,0,,
5,St John School (Ashtabula),14,Pymatuning Valley (Andover),52,0,,
5,St John's Jesuit (Toledo),29,St Francis de Sales (Toledo),21,0,,
5,Villa Angela-St Joseph (Cleveland),37,St Vincent-St Mary (Akron),7,0,,
5,St Xavier (Cincinnati),13,Archbishop Moeller (Cincinnati),30,0,,
5,Sandusky (Sandusky),6,Vermilion (Vermilion),44,0,,
5,Sandy Valley (Magnolia),7,Strasburg-Franklin (Strasburg),42,0,,
5,Scott (Toledo),43,Woodward (Toledo),14,0,,
5,Shaw (East Cleveland),12,Youngstown East (Youngstown),46,0,,
5,Shawnee (Springfield),20,Jonathan Alder (Plain City),55,0,,
5,Shenandoah (Sarahsville),36,Trimble (Glouster),6,0,,
5,Shroder (Cincinnati),14,Washington (Washington Court House),34,0,,
5,Sidney (Sidney),7,Xenia (Xenia),52,0,,
5,Smithville (Smithville),49,Waynedale (Apple Creek),7,0,,
5,Solon (Solon),14,Nordonia (Macedonia),48,0,,
5,Canton South (Canton),14,Northwest (Canal Fulton),24,0,,
5,South (Columbus),44,Independence (Columbus),56,0,,
5,Southeast (Ravenna),0,Crestview (Columbiana),42,0,,
5,Southeastern (Chillicothe),21,Westfall (Williamsport),49,0,,
5,Southeastern Local (South Charleston),28,Fairbanks (Milford Center),42,0,,
5,South Gallia (Crown City),40,Oak Hill (Oak Hill),7,0,,
5,South Range (Canfield),43,Struthers (Struthers),14,0,,
5,Springboro (Springboro),35,Northmont (Clayton),7,0,,
5,Springfield (Akron),7,Streetsboro (Streetsboro),49,0,,
5,Springfield (New Middletown),24,Campbell Memorial (Campbell),6,0,,
5,Amherst Steele (Amherst),21,Avon Lake (Avon Lake),31,0,,
5,Steubenville (Steubenville),55,Linsly (Wheeling),7,0,,WV
5,Symmes Valley (Willow Wood),29,Fairfield Christian Academy (Lancaster),12,0,,
5,Talawanda (Oxford),49,Archbishop Carroll (Dayton),8,0,,
5,Taylor (Cleves),13,Wyoming (Cincinnati),42,0,,
5,Tinora (Defiance),28,Fairview (Sherwood),49,0,,
5,Tippecanoe (Tipp City),42,Butler (Vandalia),0,0,,
5,Toronto (Toronto),26,Oak Glen (New Cumberland),0,0,,WV
5,Triad (North Lewisburg),6,Cedarville (Cedarville),41,0,,
5,Trinity (Garfield Heights),0,Kirtland (Kirtland),49,0,,
5,Tri-Village (New Madison),55,Ansonia (Ansonia),22,0,,
5,Triway (Wooster),21,Tuslaw (Massillon),14,0,,
5,Troy (Troy),52,Fairborn (Fairborn),7,0,,
5,Tuscarawas Valley (Zoarville),13,Malvern (Malvern),14,0,,
5,Twin Valley South (West Alexandria),12,Mississinawa Valley (Union City),15,0,,
5,United (Hanoverton),34,Lisbon David Anderson (Lisbon),14,0,,
5,Upper Sandusky (Upper Sandusky),44,Wynford (Bucyrus),20,0,,
5,Upper Scioto Valley (McGuffey),26,Ridgedale (Morral),38,0,,
5,Utica (Utica),0,Granville (Granville),35,0,,
5,Valley View (Germantown),48,Eaton (Eaton),10,0,,
5,Van Buren (Van Buren),48,Riverdale (Mt Blanchard),0,0,,
5,Van Wert (Van Wert),36,Defiance (Defiance),27,0,,
5,Walnut Ridge (Columbus),34,Marion-Franklin (Columbus),0,0,,
5,Warren (Vincent),0,Union Local (Belmont),35,0,,
5,Warrensville Heights (Warrensville Heights),14,Lutheran East (Cleveland Heights),22,0,,
5,Waterford (Waterford),28,Nelsonville-York (Nelsonville),29,0,,
5,Waterloo (Atwater),6,Mineral Ridge (Mineral Ridge),51,0,,
5,Watkins Memorial (Pataskala),42,Johnstown (Johnstown),43,0,,
5,Wayne (Huber Heights),21,Kettering Fairmont (Kettering),18,0,,
5,Wayne Trace (Haviland),35,Edgerton (Edgerton),28,0,,
5,Wellston (Wellston),20,Alexander (Albany),46,0,,
5,Western Reserve (Collins),46,St Paul (Norwalk),14,0,,
5,Westerville Central (Westerville),21,Olentangy (Lewis Center),43,0,,
5,Westerville South (Westerville),7,Big Walnut (Sunbury),28,0,,
5,West Clermont (Cincinnati),35,Milford (Milford),21,0,,
5,West Geauga (Chesterland),36,Edgewood (Ashtabula),12,0,,
5,West Holmes (Millersburg),35,Madison Comprehensive (Mansfield),0,0,,
5,West Jefferson (West Jefferson),41,Catholic Central (Springfield),7,0,,
5,Westlake (Westlake),38,Valley Forge (Parma Heights),42,0,,
5,West Liberty-Salem (West Liberty),17,Greenon (Enon),13,0,,
5,Wheelersburg (Wheelersburg),52,Valley (Lucasville),7,0,,
5,Whetstone (Columbus),14,Bexley (Columbus),28,0,,
5,Whitehall-Yearling (Whitehall),21,Marietta (Marietta),0,0,,
5,Whitmer (Toledo),57,Springfield (Holland),6,0,,
5,Wilmington (Wilmington),13,Chillicothe (Chillicothe),18,0,,
5,Winton Woods (Cincinnati),48,Walnut Hills (Cincinnati),7,0,,
5,Withrow (Cincinnati),26,La Salle (Cincinnati),35,0,,
5,Woodmore (Elmore),62,Willard (Willard),20,0,,
5,Woodridge (Peninsula),28,Ravenna (Ravenna),21,0,,
5,Harvest Prep (Canal Winchester),6,Bishop Watterson (Columbus),36,0,,
5,Thomas Worthington (Worthington),3,Pickerington North (Pickerington),54,0,,
5,Worthington Christian (Worthington),21,Columbus Academy (Gahanna),40,0,,
5,Worthington Kilbourne (Columbus),17,Dublin Scioto (Dublin),14,0,,
5,Zane Trace (Chillicothe),41,Huntington (Chillicothe),14,0,,
5,Clark Montessori (Cincinnati),0,Hughes (Cincinnati),28,0,,
5,Cincinnati College Prep (Cincinnati),18,Meadowdale (Dayton),0,0,,
5,Gamble Montessori (Cincinnati),24,East Clinton (Sabina),7,0,,
5,KIPP Columbus (Columbus),6,Bishop Ready (Columbus),7,0,,
5,Brooke (Wellsburg),14,Indian Creek (Wintersville),41,0,WV,
5,Cabell Midland (Ona),20,Spring Valley (Huntington),24,0,WV,WV
5,Calhoun County,8,Wahama (Mason),57,0,WV,WV
5,Independence (Coal City),53,Scott,0,0,WV,WV
5,Parkersburg South (Parkersburg),17,Parkersburg (Parkersburg),20,0,WV,WV
5,Pocahontas County,14,Greenbrier West (Charmco),16,0,WV,WV
5,Ripley (Ripley),42,Point Pleasant (Point Pleasant),23,0,WV,WV
5,South Charleston,7,George Washington (Charleston),55,0,WV,WV
5,University (Morgantown),35,Wheeling Park (Wheeling),42,0,WV,WV
5,Williamstown (Williamstown),45,Roane County (Spencer),21,0,WV,WV
5,Wirt County (Elizabeth),55,Gilmer County (Glenville),26,0,WV,WV
5,Ashland Blazer (Ashland),42,Russell (Russell),0,0,KY,KY
5,Clinton County (Albany),30,Casey County,25,0,KY,KY
5,Covington Catholic (Park Hills),42,Beechwood (Fort Mitchell),14,0,KY,KY
5,DuPont Manual,59,Cooper (Union),24,0,KY,KY
5,Gallatin County,26,Ludlow (Ludlow),29,0,KY,KY
5,Greenup County (Greenup),52,Fleming County,14,0,KY,KY
5,Henry Clay (Lexington),24,Dixie Heights (Edgewood),46,0,KY,KY
5,Lloyd Memorial (Erlanger),49,Campbell County (Alexandria),24,0,KY,KY
5,Mason County,21,Boone County,13,0,KY,KY
5,Newport (Newport),24,Paris,21,0,KY,KY
5,Newport Central Catholic,27,Raceland (Raceland),56,0,KY,KY
5,Pikeville (Pikeville),3,Belfry (Belfry),41,0,KY,KY
5,Pulaski County,30,Johnson Central,50,0,KY,KY
5,Ryle (Union),24,Highlands (Fort Thomas),28,0,KY,KY
5,Simon Kenton (Independence),35,Conner (Hebron),14,0,KY,KY
5,Trinity (Louisville),46,Male (Louisville),0,0,KY,KY
5,Woodford County (Versailles),35,Heritage (Palm Bay),17,0,KY,FL
5,Frederick Douglass (Lexington),28,Corbin,7,0,KY,KY
5,Martin County (Inez),40,Shelby Valley (Pikeville),20,0,KY,KY
5,Brother Rice (Bloomfield Hills),45,River Rouge (River Rouge),8,0,MI,MI
5,Byron Center,17,Muskegon (Muskegon),39,0,MI,MI
5,Dearborn Divine Child (Dearborn),38,Detroit Country Day,0,0,MI,MI
5,U of D Jesuit (Detroit),6,Lumen Christi (Jackson),41,0,MI,MI
5,DeWitt (DeWitt),38,Westland (Galloway),28,0,MI,
5,Morenci (Morenci),28,Camden-Frontier (Camden),20,0,MI,MI
5,Muskegon Reeths-Puffer,7,Muskegon Mona Shores (Muskegon),48,0,MI,MI
5,Orchard Lake St Mary (Orchard Lake),14,Novi Detroit Catholic Central (Novi),29,0,MI,MI
5,Ottawa Lake Whiteford (Ottawa Lake),58,North Central (Pioneer),0,0,MI,
5,Riverview (Riverview),8,Monroe Jefferson,39,0,MI,MI
5,Bedford (Temperance),24,Monroe,7,0,MI,MI
5,Waldron (Waldron),54,North Adams-Jerome (North Adams),6,0,MI,MI
5,Warren De La Salle (Warren),6,Central Catholic (Toledo),35,0,MI,
5,Britton-Deerfield (Britton),66,Concord (Concord),36,0,MI,MI
5,Clarkston Everest Collegiate,9,Allen Park Cabrini (Allen Park),19,0,MI,MI
5,Central York (York),56,South Western,17,0,PA,PA
5,North Star,19,Windber,27,0,PA,PA
5,Butler,1,Westinghouse (Pittsburgh),0,0,PA,PA
5,McKeesport (McKeesport),14,Upper Saint Clair,17,0,PA,PA
5,Plum,14,Pine-Richland (Gibsonia),56,0,PA,PA
5,Uniontown (Uniontown),10,Albert Gallatin (Uniontown),46,0,PA,PA
5,Carrick (Pittsburgh),30,Buckeye Local (Rayland),36,0,PA,
5,Perry Traditional Academy (Pittsburgh),0,University Prep (USO co-op) (Pittsburgh),54,0,PA,PA
5,Meadville,47,McDowell (Erie),65,0,PA,PA
5,Corry (Corry),18,General McLane (Edinboro),49,0,PA,PA
5,Slippery Rock,42,Sharpsville (Sharpsville),13,0,PA,PA
5,Reynolds (Greenville),59,Lakeview,12,0,PA,PA
5,Wilmington (New Wilmington),49,Grand Valley (Orwell),13,0,PA,
5,Mercer,7,Greenville,49,0,PA,PA
5,Iroquois,0,Cambridge Springs (Cambridge Springs),42,0,PA,PA
5,Kennedy Catholic (Hermitage),8,Chalker (Southington),54,0,PA,
5,Erie (Erie),23,Hickory (Hermitage),26,0,PA,PA
5,Conneaut Area (Linesville),28,Northwestern (Albion),14,0,PA,PA
5,Central Clarion (co-op),30,Brockway,0,0,PA,PA
5,Boonville,14,Linton-Stockton (Linton),46,0,IN,IN
5,Brebeuf Jesuit Preparatory,6,Bishop Chatard (Indianapolis),37,0,IN,IN
5,Center Grove (Greenwood),31,Trotwood-Madison (Trotwood),20,0,IN,
5,Central Noble,22,Fremont (Fremont),40,0,IN,IN
5,Columbus North,7,Carmel (Carmel),56,0,IN,IN
5,Danville Community (Danville),27,Tri-West Hendricks,35,0,IN,IN
5,East Central (St Leon),45,Batesville,0,0,IN,IN
5,Floyd Central,34,Jeffersonville (Jeffersonville),12,0,IN,IN
5,Blackhawk Christian (Fort Wayne),6,South Adams (Berne),49,0,IN,IN
5,Franklin County (Brookville),6,Lawrenceburg (Lawrenceburg),40,0,IN,IN
5,Homestead,3,Bishop Dwenger (Fort Wayne),15,0,IN,IN
5,Cathedral (Indianapolis),54,Southport,0,0,IN,IN
5,Christel House - Manual (Indianapolis),14,Irvington Prep (Indianapolis),22,0,IN,IN
5,Lafayette Jefferson,64,Richmond (Richmond),6,0,IN,IN
5,Roncalli (Indianapolis),49,Guerin Catholic,7,0,IN,IN
5,South Dearborn (Aurora),39,Greensburg,16,0,IN,IN
5,Baylor (Chattanooga),48,Christ Presbyterian Academy (Nashville),7,0,TN,TN
5,Amherst County,14,Liberty Christian Academy (Lynchburg),50,0,VA,VA
5,Life Christian Academy (South Chesterfield),28,Fuqua School (Farmville),21,0,VA,VA
5,Fort Hill (Cumberland),49,Southern Garrett (Oakland),12,0,MD,MD
5,Calvert Hall (Towson),14,Archbishop Spalding (Severn),56,0,MD,MD
5,St Mary's (Annapolis),0,Gilman School (Baltimore),6,0,MD,MD
5,Bishop McNamara (Forestville),21,St Mary's Ryken (Leonardtown),28,0,MD,MD
5,DeMatha Catholic (Hyattsville),41,Mt Zion Prep (Lanham),0,0,MD,MD
5,Coolidge (Washington),42,KIPP DC College Prep (Washington),12,0,DC,DC
5,Friendship Collegiate (Washington),30,Roosevelt (Washington),0,0,DC,DC
5,Ron Brown (Washington),8,Eastern (Washington),50,0,DC,DC
5,Digital Pioneers Academy (Washington),42,Howard D. Woodson (Washington),0,0,DC,DC
5,Canisius (Buffalo),0,Walsh Jesuit (Cuyahoga Falls),38,0,NY,
5,Holy Trinity - Long Island (Hicksville),0,Xaverian (Brooklyn),22,0,NY,NY
5,Lancaster (Lancaster),26,Jamestown (Jamestown),33,0,NY,NY
5,St Peter's (Staten Island),13,Monsignor Farrell (Staten Island),48,0,NY,NY
5,St Joseph by-the-Sea (Staten Island),0,Iona Prep (New Rochelle),34,0,NY,NY
5,Central Catholic (Lawrence),21,Saint John's Preparatory School (Danvers),47,0,MA,MA
5,Everett (Everett),14,Xaverian Brothers (Westwood),49,0,MA,MA
5,Winslow Twp (Atco),19,St Augustine Prep (Richland),6,0,NJ,NJ
5,Ramsey (Ramsey),42,Pequannock (Pequannock),14,0,NJ,NJ
5,Mt Carmel (Chicago),41,St Ignatius (Chicago),14,0,IL,IL
5,Midland Christian (Midland),17,Cornerstone Christian (San Antonio),14,0,TX,TX
5,Cardinal Ritter (St Louis),36,St Pius X (Kansas City),8,0,MO,MO
5,Holy Trinity Catholic SS (Courtice),6,Huron Heights (Newmarket),47,0,ON,ON
5,Bill Crothers SS (Unionville),10,Bishop Timon - St Jude (Buffalo),33,0,ON,NY
5,Football North (via Clarkson SS) (Mississauga),42,The St James Academy (Springfield),76,0,ON,VA
5,Kodiak (Kodiak),6,Houston (Houston),20,0,AK,AK
5,Titusville (Titusville),22,Spruce Creek (Port Orange),29,0,FL,FL
5,Mater Dei (Santa Ana),27,Bishop Gorman (Las Vegas),24,0,CA,NV
5,Rabun Gap - Nacoochee (Rabun Gap),34,Providence Day School (Charlotte),55,0,GA,NC
5,Southern (Santa Rita),21,John F. Kennedy (Tamuning),0,0,GU,GU
5,Humphreys (Pyeongtaek),35,Kadena (Okinawa),14,0,SOUTH KOREA,JAPAN
5,"Yokota (Fussa, Tokyo)",0,"Matthew C. Perry (Iwakuni, Yamaguchi)",13,0,JAPAN,JAPAN
5,"Robert D. Edgren (Misawa, Aomori)",38,Osan (Pyeongtaek),0,0,JAPAN,SOUTH KOREA
5,Kaiserslautern (Kaiserslautern),21,Lakenheath (Brandon),7,0,GERMANY,UK
5,Ramstein (Ramstein-Miesenbach),49,Wiesbaden (Wiesbaden),7,0,GERMANY,GERMANY
5,Vilseck (Vilseck),26,Vicenza (Vicenza),14,0,GERMANY,ITALY
5,Chardon (Chardon),14,Cardinal Mooney (Youngstown),27,0,,
5,Thurgood Marshall (Dayton),0,Taft (Cincinnati),51,0,,
5,East (Akron),28,University School (Hunting Valley),6,0,,
5,Fort Recovery (Fort Recovery),41,St John's (Delphos),0,0,,
5,Holgate (Holgate),22,St Joseph Central Catholic (Fremont),48,0,,
5,Marlington (Alliance),45,John F Kennedy (Warren),40,0,,
5,Norwood (Norwood),0,St Bernard-Elmwood Place (St Bernard),43,0,,
5,Richmond Heights (Richmond Heights),28,Crestline (Crestline),31,0,,
5,St Mary Central Catholic (Sandusky),33,Danbury (Lakeside),8,0,,
5,Shadyside (Shadyside),7,Notre Dame (Portsmouth),45,0,,
5,Southern (Racine),6,Eastern (Beaver),41,0,,
5,Stryker (Stryker),52,Cardinal Stritch Catholic (Oregon),14,0,,
5,Vanlue (Vanlue),0,Manchester (Manchester),48,0,,
5,Wellsville (Wellsville),6,Valley Christian School (Youngstown),51,0,,
5,Stivers (Dayton),12,Landmark Eagles (club) (Cincinnati),40,0,,
5,Columbus Crusaders (club) (Columbus),39,Northern Virginia Homeschool,0,1,,VA
5,Wheeling Central Catholic (Wheeling),48,Catholic Central (Steubenville),0,0,WV,
5,Detroit Cass Tech (Detroit),27,Detroit King (Detroit),22,1,MI,MI
5,Chester,36,Dunbar (Washington),0,0,PA,DC
5,Sharon (Sharon),7,Farrell (Farrell),30,0,PA,PA
5,Indianapolis Crimson Knights (club),0,C4 Lions (club) (Middletown),40,0,IN,
5,Rappahannock County,32,Quantico (Quantico),0,0,VA,VA
5,Mount St Joseph (Baltimore),6,Concordia Prep (Towson),7,0,MD,MD
5,Good Counsel (Wheaton),0,Saint Joseph's Prep (Philadelphia),24,0,MD,PA
5,Gonzaga (Washington),42,Archbishop Carroll (Washington),7,0,DC,DC
5,Xavier (New York),14,St Francis Prep (Fresh Meadows),21,0,NY,NY
5,Hutchinson Central Technical (Buffalo),0,Lewis J Bennett (Buffalo),62,0,NY,NY
5,Catholic Memorial (West Roxbury),56,St Francis (Hamburg),32,0,MA,NY
5,St Peter's Prep,42,Delbarton School (Morristown),7,0,NJ,NJ
5,Kingdom/Christian Life Academy Lions (club) (Hopedale),46,Crossroads (Illinois) Crusaders (club) (Big Rock),52,0,IL,IL
5,St Pius X (Festus),42,Roosevelt (St Louis),0,0,MO,MO
5,St Andrew's College (Aurora),0,St Joseph's Collegiate (Buffalo),41,0,ON,NY
5,Seward (Seward),78,Valdez (Valdez),0,0,AK,AK
5,Samoana (Utulei),8,Leone (Vailoatai),7,0,AS,AS
5,Nu'uuli Voc Tech (Pago Pago),0,Tafuna (Tafuna),70,0,AS,AS
5,Okkodo (Dededo),0,Simon Sanchez (Yigo),19,0,GU,GU
5,"Charlotte Amalie (Charlotte Amalie, St Thomas)",16,"Ivanna Eudora Kean (Red Hook, St Thomas)",30,0,VI,VI
5,"St Croix Central (Kingshill, St Croix)",22,"St Croix Educational Complex (Kingshill, St Croix)",8,0,VI,VI
5,Aviano (Aviano),14,AFNORTH (Brunssum),50,0,ITALY,NETHERLANDS
5,Stuttgart (Böblingen),21,Naples (Campania),14,0,GERMANY,ITALY
5,Baumholder (Baumholder),31,Alconbury (Huntingdon),52,0,GERMANY,UK
5,International School of Brussels (Watermael-Boitsfort),47,SHAPE (Mons),6,0,BELGIUM,BELGIUM
5,Rota (Cádiz),12,Sigonella (Catania),36,0,SPAIN,ITALY
5,St John the Baptist (West Islip),28,Holy Cross (Flushing),32,0,NY,NY
6,Jefferson Township (Dayton),12,Stivers (Dayton),30,0,,
6,Beechcroft (Columbus),40,Mifflin (Columbus),0,0,,
6,Dunbar (Dayton),26,Ponitz Tech (Dayton),0,0,,
6,Sidney (Sidney),0,Tippecanoe (Tipp City),62,0,,
6,Toronto (Toronto),48,Edison (Richmond),34,0,,
6,Waverly (Waverly),12,Oak Hill (Oak Hill),13,0,,
6,Detroit Western,0,Detroit King (Detroit),74,0,MI,MI
6,Taylor Allderdice (Pittsburgh),16,Westinghouse (Pittsburgh),44,0,PA,PA
6,Massanutten Military,0,Quantico (Quantico),38,0,VA,VA
6,St Augustine Prep (Richland),17,Mainland Regional (Linwood),7,0,NJ,NJ
6,Pascack Hills (Montvale),0,Ramsey (Ramsey),27,0,NJ,NJ
6,Cornerstone Christian (San Antonio),37,LBJ Early College (Austin),21,0,TX,TX
6,Paul Dwyer (Oshawa),7,Huron Heights (Newmarket),52,0,ON,ON
6,St Thomas of Villanova (LaSalle),0,Holy Names (Windsor),45,0,ON,ON
6,Aiken (Cincinnati),42,Woodward (Cincinnati),0,0,,
6,Allen East (Harrod),7,Columbus Grove (Columbus Grove),44,0,,
6,Ansonia (Ansonia),38,Twin Valley South (West Alexandria),7,0,,
6,Anthony Wayne (Whitehouse),21,Whitmer (Toledo),45,0,,
6,Arcadia (Arcadia),0,Ada (Ada),35,0,,
6,Archbishop Alter (Kettering),47,Bishop Fenwick (Franklin),7,0,,
6,Arlington (Arlington),13,Liberty-Benton (Findlay),56,0,,
6,Lakeside (Ashtabula),21,Madison (Madison),53,0,,
6,Avon (Avon),55,Berea-Midpark (Berea),27,0,,
6,Badin (Hamilton),45,Chaminade Julienne (Dayton),14,0,,
6,Batavia (Batavia),6,Goshen (Goshen),48,0,,
6,Bay (Bay Village),49,Westlake (Westlake),28,0,,
6,Beaver Local (East Liverpool),14,Union Local (Belmont),33,0,,
6,Beavercreek (Beavercreek),0,Centerville (Centerville),36,0,,
6,Bellaire (Bellaire),32,Indian Creek (Wintersville),52,0,,
6,Bellevue (Bellevue),14,Edison (Milan),21,0,,
6,Belmont (Dayton),20,North College Hill (Cincinnati),52,0,,
6,Benedictine (Cleveland),16,St Ignatius (Cleveland),14,0,,
6,Benjamin Logan (Bellefontaine),21,Graham Local (St Paris),26,0,,
6,Berne Union (Sugar Grove),21,Worthington Christian (Worthington),63,0,,
6,Bethel (Tipp City),16,Riverside (De Graff),21,0,,
6,Bishop Ready (Columbus),20,Whitehall-Yearling (Whitehall),13,0,,
6,Bishop Watterson (Columbus),42,St Francis DeSales (Columbus),7,0,,
6,Black River (Sullivan),15,Keystone (La Grange),22,0,,
6,Boardman (Youngstown),7,Cardinal Mooney (Youngstown),35,0,,
6,Brecksville-Broadview Heights (Broadview Heights),12,Wadsworth (Wadsworth),49,0,,
6,Brooklyn (Brooklyn),24,Beachwood (Beachwood),0,0,,
6,Buckeye (Medina),41,Valley Forge (Parma Heights),20,0,,
6,Buckeye Central (New Washington),0,Mohawk (Sycamore),48,0,,
6,Buckeye Valley (Delaware),14,Franklin Heights (Columbus),17,0,,
6,Bucyrus (Bucyrus),0,Colonel Crawford (North Robinson),48,0,,
6,Butler (Vandalia),31,Greenville (Greenville),6,0,,
6,Caldwell (Caldwell),7,Fort Frye (Beverly),31,0,,
6,Cambridge (Cambridge),0,East Liverpool (East Liverpool),34,0,,
6,Canal Winchester (Canal Winchester),45,Newark (Newark),41,0,,
6,Cardinal Stritch Catholic (Oregon),12,Danbury (Lakeside),44,0,,
6,Carlisle (Carlisle),7,Brookville (Brookville),41,0,,
6,Archbishop Carroll (Dayton),6,Archbishop McNicholas (Cincinnati),49,0,,
6,Catholic Central (Springfield),34,Madison-Plains (London),46,0,,
6,Cedarville (Cedarville),14,Greeneview (Jamestown),19,0,,
6,Centennial (Columbus),11,Northland (Columbus),28,0,,
6,Centerburg (Centerburg),47,Cardington-Lincoln (Cardington),7,0,,
6,Central Catholic (Toledo),35,River Rouge (River Rouge),13,0,,MI
6,Central Crossing (Grove City),7,Gahanna Lincoln (Gahanna),42,0,,
6,Chagrin Falls (Chagrin Falls),12,Crestwood (Mantua),20,0,,
6,Chaney (Youngstown),54,Niles McKinley (Niles),0,0,,
6,Chesapeake (Chesapeake),0,Portsmouth (Portsmouth),49,0,,
6,Chillicothe (Chillicothe),21,Miami Trace (Washington Court House),35,0,,
6,Chippewa (Doylestown),0,Rittman (Rittman),28,0,,
6,Clay (Oregon),0,Findlay (Findlay),35,0,,
6,Claymont (Uhrichsville),6,Garaway (Sugarcreek),33,0,,
6,Clermont Northeastern (Batavia),6,Williamsburg (Williamsburg),58,0,,
6,Cleveland Central Catholic (Cleveland),18,Mogadore (Mogadore),34,0,,
6,Cloverleaf (Seville),23,Ravenna (Ravenna),7,0,,
6,Clyde (Clyde),14,Perkins (Sandusky),63,0,,
6,Coldwater (Coldwater),63,Parkway (Rockford),19,0,,
6,Thurgood Marshall (Dayton),0,Meadowdale (Dayton),52,0,,
6,Columbia (Columbia Station),48,Brookside (Sheffield),14,0,,
6,Tiffin Columbian (Tiffin),28,Sandusky (Sandusky),20,0,,
6,Columbus Academy (Gahanna),40,Bexley (Columbus),20,0,,
6,Conneaut (Conneaut),46,Jefferson Area (Jefferson),21,0,,
6,Conotton Valley (Bowerston),40,Bridgeport (Bridgeport),23,0,,
6,Copley (Copley),21,Aurora (Aurora),14,0,,
6,Coshocton (Coshocton),0,New Lexington (New Lexington),41,0,,
6,Coventry (Akron),7,Woodridge (Peninsula),20,0,,
6,Crestview (Columbiana),28,Brookfield (Brookfield),12,0,,
6,Crooksville (Crooksville),12,Philo (Duncan Falls),36,0,,
6,Cuyahoga Falls (Cuyahoga Falls),6,Revere (Richfield),49,0,,
6,Cuyahoga Heights (Cuyahoga Heights),35,Independence (Independence),13,0,,
6,Cuyahoga Valley Christian Academy (Cuyahoga Falls),28,Lake Catholic (Mentor),21,0,,
6,Dalton (Dalton),38,Northwestern (West Salem),0,0,,
6,Danville (Danville),34,Loudonville (Loudonville),28,0,,
6,Dawson-Bryant (Coal Grove),30,Gallia Academy (Gallipolis),7,0,,
6,Dayton Christian (Miamisburg),35,Waynesville (Waynesville),52,0,,
6,Deer Park (Cincinnati),0,Madeira (Cincinnati),24,0,,
6,East (Columbus),29,Whetstone (Columbus),12,0,,
6,Youngstown East (Youngstown),14,Howland (Warren),18,0,,
6,East Canton (East Canton),12,Newcomerstown (Newcomerstown),40,0,,
6,East Clinton (Sabina),12,Blanchester (Blanchester),68,0,,
6,Eastern (Beaver),48,Sciotoville Community (Portsmouth),8,0,,
6,East Knox (Howard),7,Mount Gilead (Mount Gilead),39,0,,
6,Eastmoor Academy (Columbus),14,South (Columbus),21,0,,
6,East Technical (Cleveland),0,Lutheran East (Cleveland Heights),42,0,,
6,Eastwood (Pemberville),34,Otsego (Tontogany),21,0,,
6,Edgerton (Edgerton),48,Ayersville (Defiance),27,0,,
6,Edgewood (Ashtabula),14,Geneva (Geneva),42,0,,
6,Edgewood (Trenton),10,Bellbrook (Bellbrook),14,0,,
6,Elder (Cincinnati),23,St Xavier (Cincinnati),13,0,,
6,Elida (Elida),17,Bath (Lima),42,0,,
6,Ellet (Akron),7,East (Akron),20,0,,
6,Elmwood (Bloomdale),8,Pandora-Gilboa (Pandora),45,0,,
6,Elyria (Elyria),0,Avon Lake (Avon Lake),42,0,,
6,Evergreen (Metamora),41,Bryan (Bryan),38,0,,
6,Fairbanks (Milford Center),0,West Liberty-Salem (West Liberty),42,0,,
6,Fairborn (Fairborn),51,West Carrollton (West Carrollton),8,0,,
6,Fairfield (Fairfield),7,Lakota East (Liberty Township),34,0,,
6,Fairfield Christian Academy (Lancaster),28,Bishop Rosecrans (Zanesville),39,0,,
6,Fairfield Union (Lancaster),7,Bloom-Carroll (Carroll),17,0,,
6,Fairland (Proctorville),35,South Point (South Point),21,0,,
6,Fairless (Brewster),14,Triway (Wooster),41,0,,
6,Fairview (Sherwood),31,Paulding (Paulding),36,0,,
6,Fayetteville (Fayetteville),8,Miami Valley Christian Academy (Cincinnati),61,0,,
6,Federal Hocking (Stewart),12,River (Hannibal),62,0,,
6,Field (Mogadore),54,Springfield (Akron),0,0,,
6,Firelands (Oberlin),9,Clearview (Lorain),7,0,,
6,Fisher Catholic (Lancaster),49,Miller (Corning),18,0,,
6,Fort Loramie (Fort Loramie),37,Spencerville (Spencerville),14,0,,
6,Franklin (Franklin),23,Monroe (Monroe),16,0,,
6,Fredericktown (Fredericktown),25,Northmor (Galion),13,0,,
6,Fremont Ross (Fremont),41,Scott (Toledo),0,0,,
6,Garfield Heights (Garfield Heights),28,Brush (Lyndhurst),8,0,,
6,Gibsonburg (Gibsonburg),42,Calvert (Tiffin),6,0,,
6,Glenville (Cleveland),47,John Marshall (Cleveland),0,0,,
6,Granville (Granville),28,Watkins Memorial (Pataskala),35,0,,
6,Green (Franklin Furnace),12,Symmes Valley (Willow Wood),66,0,,
6,Green (Uniontown),3,Canton McKinley (Canton),21,0,,
6,Greenon (Enon),34,Southeastern Local (South Charleston),0,0,,
6,Hamilton (Hamilton),32,Oak Hills (Cincinnati),42,0,,
6,Hamilton Township (Columbus),49,Amanda-Clearcreek (Amanda),21,0,,
6,Marion Harding (Marion),7,Clear Fork (Bellville),31,0,,
6,Harrison (Harrison),29,Cincinnati Hills Christian Academy (Cincinnati),31,0,,
6,Hicksville (Hicksville),21,Wayne Trace (Haviland),54,0,,
6,Highland (Marengo),0,Galion (Galion),35,0,,
6,Hilliard Bradley (Hilliard),14,Upper Arlington (Upper Arlington),31,0,,
6,Hilliard Darby (Hilliard),7,Olentangy Berlin (Delaware),17,0,,
6,Holgate (Holgate),34,Sebring McKinley (Sebring),22,0,,
6,Holy Name (Parma Heights),0,Notre Dame-Cathedral Latin (Chardon),21,0,,
6,Hoover (North Canton),28,GlenOak (Canton),21,0,,
6,Hopewell-Loudon (Bascom),34,Lakota (Kansas),7,0,,
6,Hubbard (Hubbard),31,Struthers (Struthers),6,0,,
6,Hudson (Hudson),35,Twinsburg (Twinsburg),0,0,,
6,Hughes (Cincinnati),14,Western Hills (Cincinnati),20,0,,
6,Huntington (Chillicothe),43,Southeastern (Chillicothe),6,0,,
6,Independence (Columbus),52,Briggs (Columbus),0,0,,
6,Indian Hill (Cincinnati),52,Taylor (Cleves),0,0,,
6,Indian Lake (Lewistown),17,North Union (Richwood),14,0,,
6,Indian Valley (Gnadenhutten),56,Sandy Valley (Magnolia),0,0,,
6,Ironton (Ironton),15,Wheelersburg (Wheelersburg),24,0,,
6,Jackson (Jackson),55,Hillsboro (Hillsboro),21,0,,
6,Jackson-Milton (North Jackson),6,Springfield (New Middletown),42,0,,
6,Jefferson (Delphos),0,Crestview (Convoy),35,0,,
6,John Adams (Cleveland),52,Cardinal (Middlefield),0,0,,
6,John F Kennedy (Cleveland),0,Villa Angela-St Joseph (Cleveland),56,0,,
6,John Hay (Cleveland),35,Lincoln West (Cleveland),0,0,,
6,Johnstown (Johnstown),7,Heath (Heath),14,0,,
6,Jonathan Alder (Plain City),31,Tecumseh (New Carlisle),7,0,,
6,Kenston (Chagrin Falls),42,North (Eastlake),38,0,,
6,Kenton (Kenton),35,Celina (Celina),70,0,,
6,Kenton Ridge (Springfield),21,Bellefontaine (Bellefontaine),23,0,,
6,Kettering Fairmont (Kettering),38,Miamisburg (Miamisburg),3,0,,
6,Kings (Kings Mills),38,Lebanon (Lebanon),20,0,,
6,Kirtland (Kirtland),42,Wickliffe (Wickliffe),0,0,,
6,River Valley (Bidwell),3,Wellston (Wellston),0,0,,
6,LaBrae (Leavittsburg),38,Champion (Warren),13,0,,
6,Lake (Millbury),35,Fostoria (Fostoria),23,0,,
6,Lakeview (Cortland),0,Girard (Girard),35,0,,
6,Lakewood (Hebron),0,Utica (Utica),43,0,,
6,Lancaster (Lancaster),27,Pickerington Central (Pickerington),63,0,,
6,La Salle (Cincinnati),7,Archbishop Moeller (Cincinnati),42,0,,
6,Liberty (Youngstown),56,Newton Falls (Newton Falls),0,0,,
6,Licking Heights (Pataskala),7,Licking Valley (Newark),45,0,,
6,Linden McKinley (Columbus),19,Grandview Heights (Columbus),13,0,,
6,Little Miami (Morrow),7,Winton Woods (Cincinnati),35,0,,
6,Logan Elm (Circleville),21,Liberty Union (Baltimore),14,0,,
6,London (London),47,Urbana (Urbana),0,0,,
6,Lorain (Lorain),18,Brunswick (Brunswick),39,0,,
6,Louisville (Louisville),21,Canton Central Catholic (Canton),0,0,,
6,Lucas (Lucas),15,Elgin (Marion),18,0,,
6,Lutheran West (Rocky River),6,Perry (Perry),41,0,,
6,Madison (Middletown),0,Eaton (Eaton),31,0,,
6,Madison Comprehensive (Mansfield),7,Ashland (Ashland),38,0,,
6,Malvern (Malvern),16,Strasburg-Franklin (Strasburg),10,0,,
6,Mansfield Senior (Mansfield),6,Lexington (Lexington),48,0,,
6,Margaretta (Castalia),35,Woodmore (Elmore),0,0,,
6,Marietta (Marietta),21,Circleville (Circleville),41,0,,
6,Marion-Franklin (Columbus),0,Africentric Early College (Columbus),32,0,,
6,Marlington (Alliance),7,Carrollton (Carrollton),24,0,,
6,Martins Ferry (Martins Ferry),59,Uniontown (Uniontown),13,0,,PA
6,Marysville (Marysville),21,Dublin Jerome (Dublin),0,0,,
6,Maumee (Maumee),42,Rossford (Rossford),14,0,,
6,Mayfield (Mayfield),17,South (Willoughby),14,0,,
6,McComb (McComb),14,Van Buren (Van Buren),35,0,,
6,McDonald (McDonald),47,Waterloo (Atwater),14,0,,
6,Meadowbrook (Byesville),41,John Glenn (New Concord),14,0,,
6,Mechanicsburg (Mechanicsburg),62,Triad (North Lewisburg),0,0,,
6,Medina (Medina),14,Strongsville (Strongsville),42,0,,
6,Campbell Memorial (Campbell),24,Western Reserve (Berlin Center),19,0,,
6,St Marys Memorial (St Marys),17,Ottawa-Glandorf (Ottawa),3,0,,
6,Mentor (Mentor),35,Cleveland Heights (Cleveland Heights),0,0,,
6,Miami East (Casstown),44,Northridge (Dayton),8,0,,
6,Middletown (Middletown),13,Lakota West (West Chester),27,0,,
6,Milford (Milford),0,Anderson (Cincinnati),63,0,,
6,Millersport (Millersport),0,Grove City Christian (Grove City),49,0,,
6,Milton-Union (West Milton),14,Lehman Catholic (Sidney),44,0,,
6,Mineral Ridge (Mineral Ridge),48,Lowellville (Lowellville),16,0,,
6,Minford (Minford),8,Portsmouth West (West Portsmouth),40,0,,
6,Mississinawa Valley (Union City),7,Tri-Village (New Madison),70,0,,
6,Monroe Central (Woodsfield),47,Magnolia (New Martinsville),12,0,,WV
6,Monroeville (Monroeville),27,Western Reserve (Collins),20,0,,
6,National Trail (New Paris),6,Arcanum (Arcanum),41,0,,
6,Nelsonville-York (Nelsonville),25,Meigs (Pomeroy),8,0,,
6,New Albany (New Albany),24,Grove City (Grove City),49,0,,
6,Newark Catholic (Newark),28,Northridge (Johnstown),29,0,,
6,New Bremen (New Bremen),13,Fort Recovery (Fort Recovery),20,0,,
6,New Miami (Hamilton),6,Cincinnati Country Day (Cincinnati),49,0,,
6,New Richmond (New Richmond),21,Clinton-Massie (Clarksville),47,0,,
6,Nordonia (Macedonia),39,North Royalton (North Royalton),48,0,,
6,Normandy (Parma),0,Rocky River (Rocky River),48,0,,
6,Northeastern (South Vienna),36,West Jefferson (West Jefferson),42,0,,
6,Northmont (Clayton),6,Wayne (Huber Heights),45,0,,
6,North Olmsted (North Olmsted),42,Lakewood (Lakewood),14,0,,
6,North Ridgeville (North Ridgeville),28,Midview (Grafton),24,0,,
6,Norton (Norton),23,Streetsboro (Streetsboro),13,0,,
6,Northwest (Canal Fulton),10,Lake (Uniontown),13,0,,
6,Northwestern (Springfield),28,Shawnee (Springfield),13,0,,
6,Northwood (Northwood),53,Willard (Willard),32,0,,
6,Norwood (Norwood),6,Bethel-Tate (Bethel),49,0,,
6,Oak Harbor (Oak Harbor),19,Genoa Area (Genoa),34,0,,
6,Oakwood (Dayton),19,Valley View (Germantown),20,0,,
6,Olentangy Liberty (Powell),21,Dublin Coffman (Dublin),7,0,,
6,Olmsted Falls (Olmsted Falls),16,Amherst Steele (Amherst),20,0,,
6,Orange (Pepper Pike),42,Harvey (Painesville),56,0,,
6,Orrville (Orrville),33,Canton South (Canton),51,0,,
6,Olentangy Orange (Lewis Center),42,Hilliard Davidson (Hilliard),7,0,,
6,Ottawa Hills (Toledo),12,Edon (Edon),34,0,,
6,Padua Franciscan (Parma),0,Big Walnut (Sunbury),42,0,,
6,Paint Valley (Bainbridge),0,Piketon (Piketon),49,0,,
6,Patrick Henry (Hamler),6,Liberty Center (Liberty Center),35,0,,
6,Perry (Lima),6,North Baltimore (North Baltimore),54,0,,
6,Perry (Massillon),21,Jackson (Massillon),19,0,,
6,Pleasant (Marion),24,Ontario (Ontario),27,0,,
6,Plymouth (Plymouth),0,Crestview (Ashland),42,0,,
6,Port Clinton (Port Clinton),21,Huron (Huron),35,0,,
6,Preble Shawnee (Camden),53,Bradford (Bradford),0,0,,
6,Princeton (Cincinnati),35,Mason (Mason),21,0,,
6,Purcell Marian (Cincinnati),26,Rock Hill (Ironton),39,0,,
6,Pymatuning Valley (Andover),14,Fairport Harding (Fairport Harbor),19,0,,
6,Reading (Reading),35,Finneytown (Cincinnati),20,0,,
6,Reynoldsburg (Reynoldsburg),42,Logan (Logan),0,0,,
6,Rhodes (Cleveland),59,Collinwood (Cleveland),0,0,,
6,Richmond Heights (Richmond Heights),39,Vanlue (Vanlue),0,0,,
6,Ridgedale (Morral),14,Hardin Northern (Dola),0,0,,
6,Ridgemont (Mt Victory),34,Upper Scioto Valley (McGuffey),36,0,,
6,Ridgewood (West Lafayette),49,Tuscarawas Valley (Zoarville),7,0,,
6,Riverdale (Mt Blanchard),0,Leipsic (Leipsic),40,0,,
6,Riverside (Painesville),38,Chardon (Chardon),26,0,,
6,Roger Bacon (St Bernard),13,Danville Community (Danville),37,0,,IN
6,Kent Roosevelt (Kent),33,Barberton (Barberton),29,0,,
6,Rootstown (Rootstown),16,Berkshire (Burton),43,0,,
6,Ross (Hamilton),8,Talawanda (Oxford),38,0,,
6,St Bernard-Elmwood Place (St Bernard),27,Clark Montessori (Cincinnati),6,0,,
6,St Charles (Columbus),7,Bishop Hartley (Columbus),40,0,,
6,St Clairsville (St Clairsville),7,Wheeling Park (Wheeling),24,0,,WV
6,St Francis de Sales (Toledo),34,U of D Jesuit (Detroit),0,0,,MI
6,St Henry (St Henry),45,Minster (Minster),0,0,,
6,St John's (Delphos),0,Anna (Anna),42,0,,
6,St Paul (Norwalk),47,New London (New London),6,0,,
6,St Thomas Aquinas (Louisville),0,John F Kennedy (Warren),53,0,,
6,St Vincent-St Mary (Akron),14,Elyria Catholic (Elyria),28,0,,
6,Salem (Salem),34,Alliance (Alliance),49,0,,
6,Seneca East (Attica),35,Upper Sandusky (Upper Sandusky),14,0,,
6,Shadyside (Shadyside),12,Shenandoah (Sarahsville),30,0,,
6,Shaker Heights (Shaker Heights),7,Euclid (Euclid),20,0,,
6,Shaw (East Cleveland),14,Bedford (Bedford),17,0,,
6,Shawnee (Lima),34,Defiance (Defiance),14,0,,
6,Shelby (Shelby),42,River Valley (Caledonia),0,0,,
6,Sheridan (Thornville),63,River View (Warsaw),0,0,,
6,Shroder (Cincinnati),35,Lockland (Lockland),0,0,,
6,Smithville (Smithville),10,Hillsdale (Jeromesville),35,0,,
6,South Central (Greenwich),38,Mapleton (Ashland),20,0,,
6,Southeast (Ravenna),10,Garfield (Garrettsville),48,0,,
6,South Gallia (Crown City),46,Notre Dame (Portsmouth),56,0,,
6,Southern (Racine),26,Trimble (Glouster),34,0,,
6,Southern (Salineville),14,Columbiana (Columbiana),37,0,,
6,South Range (Canfield),0,Poland Seminary (Poland),34,0,,
6,Springfield (Holland),20,Bowling Green (Bowling Green),14,0,,
6,Springfield (Springfield),14,Springboro (Springboro),7,0,,
6,Start (Toledo),34,Rogers (Toledo),18,0,,
6,Stebbins (Riverside),7,Troy (Troy),35,0,,
6,Steubenville (Steubenville),63,Dover (Dover),34,0,,
6,Stow-Munroe Falls (Stow),24,Solon (Solon),28,0,,
6,Swanton (Swanton),6,Archbold (Archbold),72,0,,
6,Sycamore (Cincinnati),24,Colerain (Cincinnati),34,0,,
6,Sylvania Northview (Sylvania),6,Perrysburg (Perrysburg),48,0,,
6,Sylvania Southview (Sylvania),8,Napoleon (Napoleon),42,0,,
6,Tallmadge (Tallmadge),0,Highland (Medina),62,0,,
6,Teays Valley (Ashville),14,Groveport Madison (Groveport),24,0,,
6,Tinora (Defiance),42,Antwerp (Antwerp),12,0,,
6,Trinity (Garfield Heights),7,Fairview (Fairview Park),44,0,,
6,Tri-Valley (Dresden),57,Maysville (Zanesville),27,0,,
6,Trotwood-Madison (Trotwood),28,Cathedral (Indianapolis),32,0,,IN
6,Troy Christian (Troy),14,Covington (Covington),49,0,,
6,Turpin (Cincinnati),49,West Clermont (Cincinnati),14,0,,
6,Tuscarawas Central Catholic (New Philadelphia),15,Buckeye Trail (Lore City),44,0,,
6,Tuslaw (Massillon),21,Manchester (New Franklin),28,0,,
6,Tri-County North (Lewisburg),54,Dixie (New Lebanon),19,0,,
6,Unioto (Chillicothe),45,Adena (Frankfort),0,0,,
6,United (Hanoverton),49,Leetonia (Leetonia),8,0,,
6,Valley (Lucasville),21,Northwest (McDermott),20,0,,
6,Vermilion (Vermilion),9,Norwalk (Norwalk),14,0,,
6,Versailles (Versailles),19,Marion Local (Maria Stein),20,0,,
6,Vinton County (McArthur),12,Alexander (Albany),8,0,,
6,Waite (Toledo),32,Bowsher (Toledo),16,0,,
6,Walnut Hills (Cincinnati),12,Loveland (Loveland),42,0,,
6,Walsh Jesuit (Cuyahoga Falls),14,Archbishop Hoban (Akron),19,0,,
6,Wapakoneta (Wapakoneta),42,Van Wert (Van Wert),28,0,,
6,Warrensville Heights (Warrensville Heights),0,Maple Heights (Maple Heights),46,0,,
6,Washington (Washington Court House),42,McClain (Greenfield),27,0,,
6,Waterford (Waterford),28,Eastern (Reedsville),13,0,,
6,Wauseon (Wauseon),0,Delta (Delta),17,0,,
6,Waynedale (Apple Creek),10,Norwayne (Creston),48,0,,
6,Waynesfield-Goshen (Waynesfield),14,Cory-Rawson (Rawson),6,0,,
6,Wellington (Wellington),48,Oberlin (Oberlin),6,0,,
6,Wellsville (Wellsville),6,East Palestine (East Palestine),40,0,,
6,West (Columbus),0,Walnut Ridge (Columbus),38,0,,
6,West Branch (Beloit),56,Minerva (Minerva),6,0,,
6,Western Brown (Mount Orab),14,Wilmington (Wilmington),42,0,,
6,Westerville Central (Westerville),0,Pickerington North (Pickerington),32,0,,
6,Westerville North (Westerville),7,Westerville South (Westerville),30,0,,
6,Westfall (Williamsport),7,Zane Trace (Chillicothe),20,0,,
6,West Geauga (Chesterland),33,Hawken (Gates Mills),36,0,,
6,Westland (Galloway),38,Dublin Scioto (Dublin),21,0,,
6,West Muskingum (Zanesville),28,Morgan (McConnelsville),42,0,,
6,Windham (Windham),14,Mathews (Vienna),40,0,,
6,Woodward (Toledo),6,Lima Senior (Lima),63,0,,
6,Wooster (Wooster),6,West Holmes (Millersburg),39,0,,
6,Thomas Worthington (Worthington),7,Olentangy (Lewis Center),54,0,,
6,Worthington Kilbourne (Columbus),49,Delaware Hayes (Delaware),14,0,,
6,Wynford (Bucyrus),7,Carey (Carey),58,0,,
6,Wyoming (Cincinnati),49,Mariemont (Cincinnati),24,0,,
6,Xenia (Xenia),42,Piqua (Piqua),21,0,,
6,Zanesville (Zanesville),0,Mount Vernon (Mount Vernon),42,0,,
6,Valley Christian School (Youngstown),34,Lisbon David Anderson (Lisbon),38,0,,
6,Cincinnati College Prep (Cincinnati),38,KIPP Columbus (Columbus),30,0,,
6,Gamble Montessori (Cincinnati),8,Summit Country Day (Cincinnati),30,0,,
6,Bluefield,10,Independence (Coal City),31,0,WV,WV
6,Chapmanville,50,Williamstown (Williamstown),13,0,WV,WV
6,Clay-Battelle (Blacksville),58,Gilmer County (Glenville),6,0,WV,WV
6,George Washington (Charleston),17,Barnesville (Barnesville),14,0,WV,
6,Greenbrier West (Charmco),0,Man,20,0,WV,WV
6,Herbert Hoover (Elkview),46,Point Pleasant (Point Pleasant),7,0,WV,WV
6,Hurricane (Hurricane),7,Cabell Midland (Ona),62,0,WV,WV
6,John Marshall (Glen Dale),14,Parkersburg South (Parkersburg),41,0,WV,WV
6,Meadow Bridge,55,Valley (Wetzel) (Pine Grove),12,0,WV,WV
6,Oak Glen (New Cumberland),17,Buckeye Local (Rayland),0,0,WV,
6,St Marys (St Marys),37,Frontier (New Matamoras),14,0,WV,
6,Tyler Consolidated,14,Cameron (Cameron),12,0,WV,WV
6,Wahama (Mason),55,Wirt County (Elizabeth),6,0,WV,WV
6,Weir (Weirton),14,Harrison Central (Cadiz),30,0,WV,
6,Lincoln County (Hamlin),0,Brooke (Wellsburg),35,0,WV,WV
6,Linsly (Wheeling),7,New Philadelphia (New Philadelphia),49,0,WV,
6,Belfry (Belfry),55,Pike County Central,14,0,KY,KY
6,Boyd County (Ashland),14,Johnson Central,21,0,KY,KY
6,Clinton County (Albany),14,Monroe County,42,0,KY,KY
6,Conner (Hebron),14,Cooper (Union),49,0,KY,KY
6,Covington Catholic (Park Hills),35,Central (Louisville),6,0,KY,KY
6,Dixie Heights (Edgewood),62,Scott (Covington),19,0,KY,KY
6,Eminence,6,Holy Cross (Covington),51,0,KY,KY
6,Greenup County (Greenup),21,Ashland Blazer (Ashland),35,0,KY,KY
6,Highlands (Fort Thomas),53,Harrison County (Cynthiana),0,0,KY,KY
6,Lloyd Memorial (Erlanger),48,Pendleton County (Falmouth),7,0,KY,KY
6,Ludlow (Ludlow),7,Bellevue (Bellevue),12,0,KY,KY
6,Newport (Newport),0,Sayre (Lexington),26,0,KY,KY
6,Owen County,6,Beechwood (Fort Mitchell),68,0,KY,KY
6,Pleasure Ridge Park (Louisville),8,Male (Louisville),57,0,KY,KY
6,Powell County,0,Pikeville (Pikeville),56,0,KY,KY
6,Russell (Russell),49,Fleming County,14,0,KY,KY
6,Shelby County,8,Grant County,16,0,KY,KY
6,Simon Kenton (Independence),14,Bryan Station,24,0,KY,KY
6,Tates Creek,0,Ryle (Union),37,0,KY,KY
6,Trinity (Louisville),35,St Xavier (Louisville),24,1,KY,KY
6,West Jessamine,21,George Rogers Clark (Winchester),35,0,KY,KY
6,Allen Park Cabrini (Allen Park),27,Royal Oak Shrine,26,0,MI,MI
6,Brother Rice (Bloomfield Hills),17,St John's Jesuit (Toledo),24,0,MI,
6,Burr Oak,6,Waldron (Waldron),44,0,MI,MI
6,Camden-Frontier (Camden),20,Litchfield,8,0,MI,MI
6,Dearborn Divine Child (Dearborn),17,Lumen Christi (Jackson),13,0,MI,MI
6,Detroit Cass Tech (Detroit),48,Detroit Mumford,0,0,MI,MI
6,Detroit Cody,0,Detroit Denby (Detroit),42,0,MI,MI
6,East Lansing,0,DeWitt (DeWitt),58,0,MI,MI
6,Morenci (Morenci),20,Concord (Concord),70,0,MI,MI
6,Muskegon (Muskegon),40,Grand Rapids Forest Hills Northern,21,0,MI,MI
6,North Adams-Jerome (North Adams),8,Pittsford,56,0,MI,MI
6,Muskegon Mona Shores (Muskegon),35,Byron Center,42,0,MI,MI
6,Ottawa Lake Whiteford (Ottawa Lake),60,Montpelier (Montpelier),7,0,MI,
6,Petersburg Summerfield (Petersburg),36,North Central (Pioneer),29,0,MI,
6,Novi Detroit Catholic Central (Novi),36,Warren De La Salle (Warren),6,0,MI,MI
6,Riverview (Riverview),36,New Boston Huron,20,0,MI,MI
6,Bedford (Temperance),28,Ann Arbor Skyline (Ann Arbor),10,0,MI,MI
6,Dallastown,7,Central York (York),63,0,PA,PA
6,Pine-Richland (Gibsonia),63,Fox Chapel,3,0,PA,PA
6,Hampton,7,McKeesport (McKeesport),46,0,PA,PA
6,Farrell (Farrell),44,Wilmington (New Wilmington),7,0,PA,PA
6,Perry Traditional Academy (Pittsburgh),8,Wheeling Central Catholic (Wheeling),41,0,PA,WV
6,McDowell (Erie),9,Warren G Harding (Warren),28,0,PA,
6,Meadville,10,Sharon (Sharon),49,0,PA,PA
6,Fort LeBoeuf,20,General McLane (Edinboro),42,0,PA,PA
6,Hickory (Hermitage),10,Canfield (Canfield),21,0,PA,
6,Greenville,25,Northwestern (Albion),19,0,PA,PA
6,Saegertown,30,Mercer,21,0,PA,PA
6,Cambridge Springs (Cambridge Springs),19,Reynolds (Greenville),22,0,PA,PA
6,Lakeview,20,Sharpsville (Sharpsville),21,0,PA,PA
6,University Prep (USO co-op) (Pittsburgh),30,Brashear (Pittsburgh),7,0,PA,PA
6,Central Clarion (co-op),14,Karns City,35,0,PA,PA
6,Batesville,6,Lawrenceburg (Lawrenceburg),48,0,IN,IN
6,Bloomington North,36,Jeffersonville (Jeffersonville),3,0,IN,IN
6,Brebeuf Jesuit Preparatory,7,Roncalli (Indianapolis),44,0,IN,IN
6,Center Grove (Greenwood),36,Lawrence Central,0,0,IN,IN
6,Bishop Dwenger (Fort Wayne),18,Fort Wayne Northrop,21,0,IN,IN
6,Blackhawk Christian (Fort Wayne),0,Toledo Christian (Toledo),27,0,IN,
6,Fremont (Fremont),14,Churubusco,36,0,IN,IN
6,Bishop Chatard (Indianapolis),56,Guerin Catholic,14,0,IN,IN
6,North Central (Indianapolis),14,Carmel (Carmel),63,0,IN,IN
6,North Decatur,20,Linton-Stockton (Linton),38,0,IN,IN
6,Richmond (Richmond),20,Muncie Central,54,0,IN,IN
6,South Adams (Berne),7,Adams Central,35,0,IN,IN
6,South Dearborn (Aurora),6,East Central (St Leon),66,0,IN,IN
6,Irvington Prep (Indianapolis),12,Indianapolis Crimson Knights (club),38,0,IN,IN
6,Christ Presbyterian Academy (Nashville),21,Ravenwood (Brentwood),28,0,TN,TN
6,Liberty Christian Academy (Lynchburg),22,Jefferson Forest,19,0,VA,VA
6,The St James Academy (Springfield),43,Good Counsel (Wheaton),7,0,VA,MD
6,Southern Garrett (Oakland),19,East Hardy (Baker),46,0,MD,WV
6,McDonogh School (Owings Mills),41,St Mary's (Annapolis),0,0,MD,MD
6,Archbishop Spalding (Severn),42,Gilman School (Baltimore),0,0,MD,MD
6,Eastern (Washington),43,Jackson-Reed (Woodrow Wilson) (Washington),0,0,DC,DC
6,Gonzaga (Washington),24,Malvern Prep (Malvern),31,0,DC,PA
6,St Francis (Hamburg),49,Cathedral Prep (Erie),22,0,NY,PA
6,Monsignor Farrell (Staten Island),21,Long Island St Anthony's (South Huntington),20,0,NY,NY
6,Clarence (Clarence),6,Lewis J Bennett (Buffalo),46,0,NY,NY
6,St Joseph by-the-Sea (Staten Island),17,Archbishop Stepinac (White Plains),24,0,NY,NY
6,Springfield Central (Springfield),28,Xaverian Brothers (Westwood),20,0,MA,MA
6,Smyrna (Smyrna),28,Middletown (Middletown),33,0,DE,DE
6,Mt Carmel (Chicago),48,Benet Academy (Lisle),0,0,IL,IL
6,Football North (via Clarkson SS) (Mississauga),34,Massillon Washington (Massillon),2,0,ON,
6,Redington (Wasilla),47,Kodiak (Kodiak),6,0,AK,AK
6,Palo Verde (Blythe),6,Sweetwater,34,0,CA,CA
6,"St Croix Educational Complex (Kingshill, St Croix)",0,"Ivanna Eudora Kean (Red Hook, St Thomas)",1,0,VI,VI
6,Kinnick (Yokosuka),0,Kubasaki (Okinawa),14,0,JAPAN,JAPAN
6,"Matthew C. Perry (Iwakuni, Yamaguchi)",48,Osan (Pyeongtaek),6,0,JAPAN,SOUTH KOREA
6,"Robert D. Edgren (Misawa, Aomori)",13,"Zama (Sagamihara, Kanagawa)",55,0,JAPAN,JAPAN
6,Aviano (Aviano),14,SHAPE (Mons),24,0,ITALY,BELGIUM
6,Naples (Campania),42,Vicenza (Vicenza),0,0,ITALY,ITALY
6,Kaiserslautern (Kaiserslautern),47,Wiesbaden (Wiesbaden),14,0,GERMANY,GERMANY
6,Ramstein (Ramstein-Miesenbach),14,Lakenheath (Brandon),6,0,GERMANY,UK
6,Alconbury (Huntingdon),0,Spangdahlem (Spangdahlem),34,0,UK,GERMANY
6,Athens (The Plains),44,Warren (Vincent),7,0,,
6,Bluffton (Bluffton),21,Lima Central Catholic (Lima),31,0,,
6,Catholic Central (Steubenville),51,Belpre (Belpre),18,0,,
6,Firestone (Akron),0,Buchtel (Akron),37,0,,
6,Gilmour Academy (Gates Mills),22,University School (Hunting Valley),29,0,,
6,Garfield (Akron),36,North (Akron),0,0,,
6,Manchester (Manchester),12,Crestline (Crestline),48,0,,
6,Mount Healthy (Cincinnati),12,Northwest (Cincinnati),36,0,,
6,St John School (Ashtabula),28,Grand Valley (Orwell),25,0,,
6,St Joseph Central Catholic (Fremont),29,St Mary Central Catholic (Sandusky),28,0,,
6,Stryker (Stryker),0,Chalker (Southington),42,0,,
6,Taft (Cincinnati),39,Withrow (Cincinnati),0,0,,
6,Columbus Crusaders (club) (Columbus),49,Noblesville Lions (club) (Noblesville),0,0,,IN
6,West Union (club) (West Union),0,Foxfire (Zanesville),38,0,,
6,C4 Lions (club) (Middletown),0,Landmark Eagles (club) (Cincinnati),13,0,,
6,Peebles (club) (Peebles),32,North Adams (club) (Seaman),14,0,,
6,Erie Mason (Erie),6,Hilltop (West Unity),39,0,MI,
6,Franklin,7,Erie (Erie),48,0,PA,PA
6,Coventry Christian (Pottstown),38,Kennedy Catholic (Hermitage),6,0,PA,PA
6,Calvert Hall (Towson),28,Mount St Joseph (Baltimore),14,0,MD,MD
6,Bishop McNamara (Forestville),19,St Edward (Lakewood),57,0,MD,
6,Mt Zion Prep (Lanham),0,The Hun School (Princeton),48,0,MD,NJ
6,Howard D. Woodson (Washington),24,Ballou (Washington),14,0,DC,DC
6,St Joseph's Collegiate (Buffalo),28,Canisius (Buffalo),45,0,NY,NY
6,Jamestown (Jamestown),19,Orchard Park (Orchard Park),30,0,NY,NY
6,St John the Baptist (West Islip),10,Kellenberg Memorial (Uniondale),14,0,NY,NY
6,Xavier (New York),29,Pingry School (Basking Ridge),22,0,NY,NJ
6,Cardinal Hayes (Bronx),14,Iona Prep (New Rochelle),42,0,NY,NY
6,Christ the King Regional (Middle Village),6,Holy Cross (Flushing),16,0,NY,NY
6,Saint John's Preparatory School (Danvers),53,La Salle Academy (Providence),20,0,MA,RI
6,Seton Hall Prep (West Orange),7,Delbarton School (Morristown),28,0,NJ,NJ
6,Crossroads (Illinois) Crusaders (club) (Big Rock),12,Osceola Grace (club) (Elkhart),47,0,IL,IN
6,St Andrew's College (Aurora),35,Selwyn House (Westmount),14,0,ON,QB
6,Valdez (Valdez),0,Monroe Catholic (Fairbanks),50,0,AK,AK
6,Samoana (Utulei),34,Nu'uuli Voc Tech (Pago Pago),8,0,AS,AS
6,Faga'itua (Faga'itua),14,Tafuna (Tafuna),16,0,AS,AS
6,George Washington (Mangilao),42,Simon Sanchez (Yigo),0,0,GU,GU
6,John F. Kennedy (Tamuning),18,Okkodo (Dededo),0,0,GU,GU
6,Southern (Santa Rita),7,Guam High (Agana Heights),18,0,GU,GU
6,Kadena (Okinawa),14,Humphreys (Pyeongtaek),18,0,JAPAN,SOUTH KOREA
6,Sigonella (Catania),6,International School of Brussels (Watermael-Boitsfort),32,0,ITALY,BELGIUM
6,Stuttgart (Böblingen),47,Vilseck (Vilseck),0,0,GERMANY,GERMANY
6,AFNORTH (Brunssum),42,Rota (Cádiz),22,0,NETHERLANDS,SPAIN
7,Barnesville (Barnesville),43,Wheeling Central Catholic (Wheeling),14,0,,WV
7,Blanchester (Blanchester),36,Clermont Northeastern (Batavia),6,0,,
7,Bowsher (Toledo),14,Scott (Toledo),6,0,,
7,Lockland (Lockland),6,Belmont (Dayton),38,0,,
7,Maple Heights (Maple Heights),54,Shaw (East Cleveland),14,0,,
7,Clark Montessori (Cincinnati),26,Shroder (Cincinnati),36,0,,
7,Ludlow (Ludlow),27,Trimble County,8,0,KY,KY
7,Pike County Central,14,Shelby Valley (Pikeville),21,0,KY,KY
7,East Ridge,7,Belfry (Belfry),56,0,KY,KY
7,Detroit Denby (Detroit),58,Detroit Osborn,0,0,MI,MI
7,Cornerstone Christian (San Antonio),58,Stanton (Stanton),0,0,TX,TX
7,Holy Names (Windsor),51,Sandwich (Windsor),3,0,ON,ON
7,Adena (Frankfort),14,Westfall (Williamsport),28,0,,
7,Africentric Early College (Columbus),58,Independence (Columbus),16,0,,
7,Alexander (Albany),26,River Valley (Bidwell),6,0,,
7,Anderson (Cincinnati),58,Turpin (Cincinnati),16,0,,
7,Ansonia (Ansonia),48,Bradford (Bradford),0,0,,
7,Antwerp (Antwerp),6,Fairview (Sherwood),38,0,,
7,Arcadia (Arcadia),0,Van Buren (Van Buren),55,0,,
7,Archbold (Archbold),35,Wauseon (Wauseon),0,0,,
7,Ashland (Ashland),48,Mansfield Senior (Mansfield),19,0,,
7,Aurora (Aurora),42,Cuyahoga Falls (Cuyahoga Falls),7,0,,
7,Austintown-Fitch (Austintown),14,Perry (Massillon),7,0,,
7,Avon Lake (Avon Lake),21,Olmsted Falls (Olmsted Falls),25,0,,
7,Ayersville (Defiance),28,Hicksville (Hicksville),6,0,,
7,Barberton (Barberton),0,Highland (Medina),1,0,,
7,Batavia (Batavia),14,Western Brown (Mount Orab),28,0,,
7,Bath (Lima),35,Ottawa-Glandorf (Ottawa),17,0,,
7,Bedford (Bedford),0,Garfield Heights (Garfield Heights),46,0,,
7,Bellbrook (Bellbrook),7,Franklin (Franklin),21,0,,
7,Beechcroft (Columbus),6,East (Columbus),41,0,,
7,Berea-Midpark (Berea),35,North Ridgeville (North Ridgeville),42,0,,
7,Berkshire (Burton),7,Kirtland (Kirtland),38,0,,
7,Bethel-Tate (Bethel),47,East Clinton (Sabina),13,0,,
7,Bexley (Columbus),10,Whitehall-Yearling (Whitehall),20,0,,
7,Big Walnut (Sunbury),35,Worthington Kilbourne (Columbus),20,0,,
7,Bishop Hartley (Columbus),0,Walsh Jesuit (Cuyahoga Falls),49,0,,
7,Bishop Ready (Columbus),7,Buckeye Valley (Delaware),38,0,,
7,Black River (Sullivan),40,Firelands (Oberlin),33,0,,
7,Bloom-Carroll (Carroll),49,Logan Elm (Circleville),14,0,,
7,Boardman (Youngstown),14,Warren G Harding (Warren),10,0,,
7,Briggs (Columbus),6,South (Columbus),35,0,,
7,Brookfield (Brookfield),35,LaBrae (Leavittsburg),14,0,,
7,Brookside (Sheffield),6,Clearview (Lorain),41,0,,
7,Brookville (Brookville),35,Oakwood (Dayton),14,0,,
7,Brush (Lyndhurst),35,Warrensville Heights (Warrensville Heights),6,0,,
7,Buchtel (Akron),27,Ellet (Akron),20,0,,
7,Buckeye Local (Rayland),0,Martins Ferry (Martins Ferry),45,0,,
7,Buckeye Trail (Lore City),22,Malvern (Malvern),54,0,,
7,Caldwell (Caldwell),63,Bishop Rosecrans (Zanesville),28,0,,
7,Calvert (Tiffin),48,Northwood (Northwood),32,0,,
7,Canfield (Canfield),23,Louisville (Louisville),21,0,,
7,Canton McKinley (Canton),21,Hoover (North Canton),20,0,,
7,Cardinal (Middlefield),15,Mathews (Vienna),56,0,,
7,Cardinal Stritch Catholic (Oregon),6,Holgate (Holgate),60,0,,
7,Cardington-Lincoln (Cardington),12,Danville (Danville),36,0,,
7,Carey (Carey),56,Buckeye Central (New Washington),0,0,,
7,Carlisle (Carlisle),35,Waynesville (Waynesville),14,0,,
7,Archbishop Carroll (Dayton),0,Archbishop Alter (Kettering),55,0,,
7,Carrollton (Carrollton),28,Alliance (Alliance),47,0,,
7,Catholic Central (Steubenville),0,Oak Glen (New Cumberland),28,0,,WV
7,Centennial (Columbus),6,Villa Angela-St Joseph (Cleveland),57,0,,
7,Canton Central Catholic (Canton),17,Edison (Richmond),35,0,,
7,Central Catholic (Toledo),42,St John's Jesuit (Toledo),7,0,,
7,Toledo Christian (Toledo),21,Upper Scioto Valley (McGuffey),0,0,,
7,Chaminade Julienne (Dayton),12,Archbishop McNicholas (Cincinnati),34,0,,
7,Champion (Warren),35,Southeast (Ravenna),43,0,,
7,Chaney (Youngstown),7,Cardinal Mooney (Youngstown),10,0,,
7,Chillicothe (Chillicothe),34,Washington (Washington Court House),29,0,,
7,Circleville (Circleville),35,Hamilton Township (Columbus),49,0,,
7,Clay (Oregon),28,Anthony Wayne (Whitehouse),14,0,,
7,Clear Fork (Bellville),14,Shelby (Shelby),52,0,,
7,Cleveland Central Catholic (Cleveland),12,Gilmour Academy (Gates Mills),35,0,,
7,Cleveland Heights (Cleveland Heights),42,Medina (Medina),28,0,,
7,Clinton-Massie (Clarksville),38,Wilmington (Wilmington),7,0,,
7,Collinwood (Cleveland),0,John Marshall (Cleveland),58,0,,
7,Tiffin Columbian (Tiffin),21,Norwalk (Norwalk),16,0,,
7,Columbus Grove (Columbus Grove),34,Fort Loramie (Fort Loramie),0,0,,
7,Cory-Rawson (Rawson),14,Perry (Lima),57,0,,
7,Coventry (Akron),7,Field (Mogadore),37,0,,
7,Covington (Covington),40,Bethel (Tipp City),15,0,,
7,Crestview (Convoy),34,Bluffton (Bluffton),49,0,,
7,Crestwood (Mantua),12,Rootstown (Rootstown),21,0,,
7,Crooksville (Crooksville),12,West Muskingum (Zanesville),34,0,,
7,Danbury (Lakeside),56,Sebring McKinley (Sebring),6,0,,
7,Defiance (Defiance),43,Kenton (Kenton),42,0,,
7,Delta (Delta),17,Patrick Henry (Hamler),21,0,,
7,Dover (Dover),42,Wooster (Wooster),14,0,,
7,Dublin Coffman (Dublin),7,Olentangy Orange (Lewis Center),45,0,,
7,Dublin Scioto (Dublin),42,St Charles (Columbus),7,0,,
7,Youngstown East (Youngstown),20,Beaver Local (East Liverpool),28,0,,
7,Sciotoville Community (Portsmouth),8,South Gallia (Crown City),54,0,,
7,Dublin Jerome (Dublin),18,Hilliard Darby (Hilliard),14,0,,
7,East Knox (Howard),13,Northmor (Galion),47,0,,
7,East Liverpool (East Liverpool),20,Brooke (Wellsburg),21,0,,WV
7,East Palestine (East Palestine),24,United (Hanoverton),63,0,,
7,Eaton (Eaton),0,Monroe (Monroe),19,0,,
7,Edison (Milan),10,Clyde (Clyde),27,0,,
7,Edon (Edon),36,Ottawa Lake Whiteford (Ottawa Lake),60,0,,MI
7,Elgin (Marion),30,Waynesfield-Goshen (Waynesfield),32,0,,
7,Elida (Elida),45,Celina (Celina),21,0,,
7,Elmwood (Bloomdale),12,Arlington (Arlington),42,0,,
7,Euclid (Euclid),16,Brunswick (Brunswick),17,0,,
7,Fairbanks (Milford Center),7,Mechanicsburg (Mechanicsburg),41,0,,
7,Fairborn (Fairborn),14,Piqua (Piqua),28,0,,
7,Fairview (Fairview Park),30,Cuyahoga Heights (Cuyahoga Heights),13,0,,
7,Federal Hocking (Stewart),28,Manchester (Manchester),58,0,,
7,Bishop Fenwick (Franklin),13,Badin (Hamilton),41,0,,
7,Findlay (Findlay),10,Perrysburg (Perrysburg),14,0,,
7,Finneytown (Cincinnati),0,Indian Hill (Cincinnati),48,0,,
7,Fostoria (Fostoria),20,Maumee (Maumee),70,0,,
7,Franklin Heights (Columbus),0,Columbus Academy (Gahanna),14,0,,
7,Fremont Ross (Fremont),21,Sylvania Southview (Sylvania),13,0,,
7,Frontier (New Matamoras),34,Conotton Valley (Bowerston),54,0,,
7,Galion (Galion),42,Pleasant (Marion),0,0,,
7,Gallia Academy (Gallipolis),21,Rock Hill (Ironton),23,0,,
7,Garaway (Sugarcreek),12,Indian Valley (Gnadenhutten),40,0,,
7,Garfield (Garrettsville),35,Liberty (Youngstown),34,0,,
7,Geneva (Geneva),49,Conneaut (Conneaut),6,0,,
7,Genoa Area (Genoa),42,Rossford (Rossford),14,0,,
7,Girard (Girard),56,South Range (Canfield),35,0,,
7,GlenOak (Canton),20,Green (Uniontown),51,0,,
7,Glenville (Cleveland),1,East Technical (Cleveland),0,0,,
7,Goshen (Goshen),35,New Richmond (New Richmond),41,0,,
7,Grand Valley (Orwell),6,Fairport Harding (Fairport Harbor),42,0,,
7,Granville (Granville),38,Licking Heights (Pataskala),6,0,,
7,Greenon (Enon),54,Cedarville (Cedarville),22,0,,
7,Greenville (Greenville),34,Sidney (Sidney),20,0,,
7,Grove City (Grove City),19,Westerville Central (Westerville),21,0,,
7,Grove City Christian (Grove City),46,Berne Union (Sugar Grove),7,0,,
7,Groveport Madison (Groveport),20,Reynoldsburg (Reynoldsburg),7,0,,
7,Hamilton (Hamilton),16,Princeton (Cincinnati),28,0,,
7,Hardin Northern (Dola),6,Ridgemont (Mt Victory),34,0,,
7,Harrison (Harrison),51,Mount Healthy (Cincinnati),13,0,,
7,Harvey (Painesville),14,West Geauga (Chesterland),28,0,,
7,Hawken (Gates Mills),30,Lutheran West (Rocky River),13,0,,
7,Delaware Hayes (Delaware),25,Westerville South (Westerville),26,0,,
7,Heath (Heath),44,Lakewood (Hebron),7,0,,
7,Hilliard Davidson (Hilliard),14,Hilliard Bradley (Hilliard),20,0,,
7,Hillsdale (Jeromesville),45,Waynedale (Apple Creek),13,0,,
7,Hilltop (West Unity),30,Petersburg Summerfield (Petersburg),27,0,,MI
7,Howland (Warren),0,Hubbard (Hubbard),38,0,,
7,Hughes (Cincinnati),0,Taft (Cincinnati),41,0,,
7,Huntington (Chillicothe),36,Paint Valley (Bainbridge),0,0,,
7,Huron (Huron),14,Bellevue (Bellevue),28,0,,
7,Independence (Independence),28,Brooklyn (Brooklyn),6,0,,
7,Indian Creek (Wintersville),41,Harrison Central (Cadiz),28,0,,
7,Jackson (Massillon),40,Lake (Uniontown),37,0,,
7,Jefferson Area (Jefferson),25,Lakeside (Ashtabula),28,0,,
7,John F Kennedy (Cleveland),0,John Adams (Cleveland),41,0,,
7,John Glenn (New Concord),14,Morgan (McConnelsville),21,0,,
7,John Hay (Cleveland),7,University School (Hunting Valley),36,0,,
7,Keystone (La Grange),35,Wellington (Wellington),0,0,,
7,Kings (Kings Mills),21,Little Miami (Morrow),14,0,,
7,Lake Catholic (Mentor),26,Elyria Catholic (Elyria),0,0,,
7,Lakewood (Lakewood),34,Normandy (Parma),14,0,,
7,Lakota East (Liberty Township),6,Middletown (Middletown),27,0,,
7,Lakota West (West Chester),48,Colerain (Cincinnati),9,0,,
7,Lebanon (Lebanon),37,Milford (Milford),21,0,,
7,Leetonia (Leetonia),41,Southern (Salineville),18,0,,
7,Lehman Catholic (Sidney),32,Miami East (Casstown),51,0,,
7,Leipsic (Leipsic),32,McComb (McComb),14,0,,
7,Lexington (Lexington),41,West Holmes (Millersburg),7,0,,
7,Liberty-Benton (Findlay),42,Pandora-Gilboa (Pandora),9,0,,
7,Liberty Center (Liberty Center),57,Evergreen (Metamora),7,0,,
7,Liberty Union (Baltimore),0,Fairfield Union (Lancaster),41,0,,
7,Lima Central Catholic (Lima),41,Jefferson (Delphos),7,0,,
7,Gahanna Lincoln (Gahanna),38,New Albany (New Albany),14,0,,
7,Lincoln West (Cleveland),0,Rhodes (Cleveland),1,0,,
7,Logan (Logan),7,Lancaster (Lancaster),41,0,,
7,London (London),48,Bellefontaine (Bellefontaine),0,0,,
7,Lorain (Lorain),19,Shaker Heights (Shaker Heights),14,0,,
7,Loudonville (Loudonville),20,Fredericktown (Fredericktown),26,0,,
7,Loveland (Loveland),10,Winton Woods (Cincinnati),19,0,,
7,Lucas (Lucas),7,Amanda-Clearcreek (Amanda),35,0,,
7,Lutheran East (Cleveland Heights),7,Benedictine (Cleveland),28,0,,
7,Madeira (Cincinnati),14,Wyoming (Cincinnati),42,0,,
7,Madison (Madison),27,Edgewood (Ashtabula),18,0,,
7,Madison (Middletown),0,Valley View (Germantown),47,0,,
7,Madison-Plains (London),8,Greeneview (Jamestown),21,0,,
7,Manchester (New Franklin),42,Fairless (Brewster),13,0,,
7,Mapleton (Ashland),8,Monroeville (Monroeville),56,0,,
7,Margaretta (Castalia),29,Hopewell-Loudon (Bascom),26,0,,
7,Mariemont (Cincinnati),23,Deer Park (Cincinnati),21,0,,
7,Marietta (Marietta),14,Williamstown (Williamstown),6,0,,WV
7,Marion Local (Maria Stein),41,Fort Recovery (Fort Recovery),7,0,,
7,Marion-Franklin (Columbus),23,West (Columbus),12,0,,
7,Marlington (Alliance),0,West Branch (Beloit),62,0,,
7,Mason (Mason),13,Fairfield (Fairfield),14,0,,
7,Mayfield (Mayfield),14,Riverside (Painesville),49,0,,
7,Maysville (Zanesville),16,New Lexington (New Lexington),54,0,,
7,McClain (Greenfield),6,Jackson (Jackson),48,0,,
7,McDonald (McDonald),21,Lowellville (Lowellville),14,0,,
7,Meadowbrook (Byesville),49,Coshocton (Coshocton),17,0,,
7,Meadowdale (Dayton),12,Cincinnati Hills Christian Academy (Cincinnati),41,0,,
7,Meigs (Pomeroy),0,Athens (The Plains),53,0,,
7,Miamisburg (Miamisburg),7,Centerville (Centerville),17,0,,
7,Miami Trace (Washington Court House),49,Hillsboro (Hillsboro),6,0,,
7,Miami Valley Christian Academy (Cincinnati),6,Cincinnati Country Day (Cincinnati),49,0,,
7,Midview (Grafton),0,Avon (Avon),52,0,,
7,Miller (Corning),25,Fairfield Christian Academy (Lancaster),27,0,,
7,Milton-Union (West Milton),46,Troy Christian (Troy),13,0,,
7,Mineral Ridge (Mineral Ridge),49,Campbell Memorial (Campbell),13,0,,
7,Minford (Minford),7,Waverly (Waverly),41,0,,
7,Mississinawa Valley (Union City),25,Preble Shawnee (Camden),48,0,,
7,Archbishop Moeller (Cincinnati),16,Elder (Cincinnati),24,0,,
7,Mogadore (Mogadore),35,Pymatuning Valley (Andover),7,0,,
7,Mount Gilead (Mount Gilead),0,Centerburg (Centerburg),46,0,,
7,Mount Vernon (Mount Vernon),28,Watkins Memorial (Pataskala),27,0,,
7,Newark Catholic (Newark),14,Utica (Utica),35,0,,
7,New Bremen (New Bremen),16,Minster (Minster),27,0,,
7,Newcomerstown (Newcomerstown),70,Tuscarawas Central Catholic (New Philadelphia),40,0,,
7,New Philadelphia (New Philadelphia),35,Madison Comprehensive (Mansfield),21,0,,
7,Newton Falls (Newton Falls),8,Crestview (Columbiana),61,0,,
7,Nordonia (Macedonia),35,Twinsburg (Twinsburg),33,0,,
7,North (Eastlake),6,Chardon (Chardon),44,0,,
7,North Baltimore (North Baltimore),42,Ridgedale (Morral),12,0,,
7,Northland (Columbus),61,Mifflin (Columbus),0,0,,
7,Northmont (Clayton),0,Kettering Fairmont (Kettering),31,0,,
7,Northridge (Dayton),27,Riverside (De Graff),9,0,,
7,Northridge (Johnstown),15,Johnstown (Johnstown),51,0,,
7,North Union (Richwood),14,Benjamin Logan (Bellefontaine),13,0,,
7,Norton (Norton),48,Cloverleaf (Seville),21,0,,
7,Northwest (Cincinnati),3,Talawanda (Oxford),35,0,,
7,Northwest (McDermott),43,Vinton County (McArthur),22,0,,
7,Northwestern (Springfield),21,Graham Local (St Paris),48,0,,
7,Northwestern (West Salem),14,Smithville (Smithville),41,0,,
7,Norwayne (Creston),49,Chippewa (Doylestown),0,0,,
7,Norwood (Norwood),32,Fayetteville (Fayetteville),24,0,,
7,Notre Dame (Portsmouth),70,Green (Franklin Furnace),0,0,,
7,Oak Harbor (Oak Harbor),6,Eastwood (Pemberville),42,0,,
7,Oak Hills (Cincinnati),48,Sycamore (Cincinnati),10,0,,
7,Oberlin (Oberlin),14,Columbia (Columbia Station),48,0,,
7,Olentangy Berlin (Delaware),26,Thomas Worthington (Worthington),6,0,,
7,Olentangy (Lewis Center),49,Marysville (Marysville),17,0,,
7,Ontario (Ontario),28,Marion Harding (Marion),14,0,,
7,Orrville (Orrville),14,Northwest (Canal Fulton),28,0,,
7,Otsego (Tontogany),28,Lake (Millbury),18,0,,
7,Ottawa Hills (Toledo),18,Montpelier (Montpelier),36,0,,
7,Padua Franciscan (Parma),6,Notre Dame-Cathedral Latin (Chardon),48,0,,
7,Parkway (Rockford),7,St Henry (St Henry),56,0,,
7,Ponitz Tech (Dayton),16,Thurgood Marshall (Dayton),8,0,,
7,Paulding (Paulding),35,Edgerton (Edgerton),28,0,,
7,Perkins (Sandusky),44,Sandusky (Sandusky),6,0,,
7,Perry (Perry),55,Orange (Pepper Pike),14,0,,
7,Pickerington Central (Pickerington),52,Newark (Newark),7,0,,
7,Pickerington North (Pickerington),63,Central Crossing (Grove City),0,0,,
7,Plymouth (Plymouth),20,New London (New London),12,0,,
7,Poland Seminary (Poland),42,Niles McKinley (Niles),6,0,,
7,Port Clinton (Port Clinton),29,Vermilion (Vermilion),28,0,,
7,Portsmouth (Portsmouth),48,Fairland (Proctorville),26,0,,
7,Portsmouth West (West Portsmouth),44,Valley (Lucasville),20,0,,
7,Purcell Marian (Cincinnati),49,New Miami (Hamilton),8,0,,
7,Ravenna (Ravenna),43,Springfield (Akron),0,0,,
7,Rittman (Rittman),7,Dalton (Dalton),27,0,,
7,River (Hannibal),37,Shadyside (Shadyside),0,0,,
7,Riverdale (Mt Blanchard),10,Ada (Ada),51,0,,
7,River Valley (Caledonia),14,Highland (Marengo),6,0,,
7,Rocky River (Rocky River),35,North Olmsted (North Olmsted),0,0,,
7,Rogers (Toledo),18,Bowling Green (Bowling Green),20,0,,
7,Kent Roosevelt (Kent),26,Copley (Copley),49,0,,
7,Ross (Hamilton),14,Edgewood (Trenton),20,0,,
7,St Bernard-Elmwood Place (St Bernard),42,Gamble Montessori (Cincinnati),0,0,,
7,St Francis DeSales (Columbus),40,Cabell Midland (Ona),7,0,,WV
7,St Ignatius (Cleveland),31,St Edward (Lakewood),45,0,,
7,St John's (Delphos),7,Coldwater (Coldwater),42,0,,
7,St Paul (Norwalk),21,Crestview (Ashland),30,0,,
7,Salem (Salem),48,Minerva (Minerva),17,0,,
7,Sandy Valley (Magnolia),7,Ridgewood (West Lafayette),48,0,,
7,Seneca East (Attica),0,Colonel Crawford (North Robinson),31,0,,
7,Shawnee (Springfield),0,Indian Lake (Lewistown),45,0,,
7,Shenandoah (Sarahsville),12,Monroe Central (Woodsfield),35,0,,
7,Sheridan (Thornville),28,Philo (Duncan Falls),7,0,,
7,Solon (Solon),7,North Royalton (North Royalton),41,0,,
7,Canton South (Canton),23,Triway (Wooster),47,0,,
7,South (Willoughby),35,Kenston (Chagrin Falls),11,0,,
7,Southeastern (Chillicothe),0,Piketon (Piketon),35,0,,
7,Southeastern Local (South Charleston),0,Catholic Central (Springfield),42,0,,
7,South Point (South Point),41,Chesapeake (Chesapeake),18,0,,
7,Spencerville (Spencerville),6,Allen East (Harrod),56,0,,
7,Springboro (Springboro),13,Beavercreek (Beavercreek),6,0,,
7,Springfield (Holland),14,Napoleon (Napoleon),48,0,,
7,Springfield (Springfield),42,Wayne (Huber Heights),14,0,,
7,Start (Toledo),0,Lima Senior (Lima),43,0,,
7,Amherst Steele (Amherst),47,Elyria (Elyria),16,0,,
7,Stow-Munroe Falls (Stow),16,Brecksville-Broadview Heights (Broadview Heights),35,0,,
7,Strasburg-Franklin (Strasburg),3,East Canton (East Canton),14,0,,
7,Streetsboro (Streetsboro),56,Woodridge (Peninsula),14,0,,
7,Strongsville (Strongsville),21,Mentor (Mentor),55,0,,
7,Struthers (Struthers),22,Lakeview (Cortland),21,0,,
7,Summit Country Day (Cincinnati),44,North College Hill (Cincinnati),14,0,,
7,Swanton (Swanton),7,Bryan (Bryan),48,0,,
7,Symmes Valley (Willow Wood),6,Eastern (Beaver),40,0,,
7,Tallmadge (Tallmadge),3,Revere (Richfield),21,0,,
7,Taylor (Cleves),35,Reading (Reading),28,0,,
7,Teays Valley (Ashville),13,Canal Winchester (Canal Winchester),49,0,,
7,Tecumseh (New Carlisle),20,Kenton Ridge (Springfield),49,0,,
7,Tippecanoe (Tipp City),16,Xenia (Xenia),14,0,,
7,Trimble (Glouster),44,Belpre (Belpre),0,0,,
7,Tri-Valley (Dresden),52,River View (Warsaw),6,0,,
7,Tri-Village (New Madison),58,Dixie (New Lebanon),6,0,,
7,Troy (Troy),31,Butler (Vandalia),21,0,,
7,Tuscarawas Valley (Zoarville),0,Claymont (Uhrichsville),41,0,,
7,Tuslaw (Massillon),33,Toronto (Toronto),12,0,,
7,Tri-County North (Lewisburg),20,National Trail (New Paris),38,0,,
7,Twin Valley South (West Alexandria),7,Arcanum (Arcanum),40,0,,
7,Union Local (Belmont),48,Cambridge (Cambridge),0,0,,
7,Upper Arlington (Upper Arlington),6,Olentangy Liberty (Powell),16,0,,
7,Upper Sandusky (Upper Sandusky),49,Bucyrus (Bucyrus),14,0,,
7,Urbana (Urbana),21,Jonathan Alder (Plain City),28,0,,
7,Valley Forge (Parma Heights),19,Bay (Bay Village),0,0,,
7,Van Wert (Van Wert),35,St Marys Memorial (St Marys),42,0,,
7,Versailles (Versailles),7,Anna (Anna),35,0,,
7,Wadsworth (Wadsworth),35,Hudson (Hudson),17,0,,
7,Waite (Toledo),12,Woodward (Toledo),7,0,,
7,Walnut Ridge (Columbus),38,Eastmoor Academy (Columbus),0,0,,
7,Wapakoneta (Wapakoneta),42,Shawnee (Lima),14,0,,
7,Waterford (Waterford),47,Southern (Racine),0,0,,
7,Waterloo (Atwater),6,Jackson-Milton (North Jackson),47,0,,
7,Wayne Trace (Haviland),7,Tinora (Defiance),10,0,,
7,Wellston (Wellston),0,Nelsonville-York (Nelsonville),55,0,,
7,Wellsville (Wellsville),6,Lisbon David Anderson (Lisbon),49,0,,
7,West Carrollton (West Carrollton),0,Stebbins (Riverside),47,0,,
7,Western Reserve (Berlin Center),6,Springfield (New Middletown),17,0,,
7,Western Reserve (Collins),39,South Central (Greenwich),0,0,,
7,West Clermont (Cincinnati),21,Walnut Hills (Cincinnati),34,0,,
7,West Jefferson (West Jefferson),55,Triad (North Lewisburg),7,0,,
7,Westlake (Westlake),16,Buckeye (Medina),52,0,,
7,Westland (Galloway),26,Westerville North (Westerville),17,0,,
7,West Liberty-Salem (West Liberty),24,Northeastern (South Vienna),27,0,,
7,Wheelersburg (Wheelersburg),52,Oak Hill (Oak Hill),8,0,,
7,Whetstone (Columbus),7,Linden McKinley (Columbus),32,0,,
7,Whitmer (Toledo),52,Sylvania Northview (Sylvania),10,0,,
7,Wickliffe (Wickliffe),28,Chagrin Falls (Chagrin Falls),6,0,,
7,Willard (Willard),12,Lakota (Kansas),42,0,,
7,Williamsburg (Williamsburg),27,Roger Bacon (St Bernard),13,0,,
7,Woodmore (Elmore),6,Gibsonburg (Gibsonburg),14,0,,
7,Worthington Christian (Worthington),13,Grandview Heights (Columbus),6,0,,
7,Wynford (Bucyrus),14,Mohawk (Sycamore),50,0,,
7,Zanesville (Zanesville),0,Licking Valley (Newark),44,0,,
7,Zane Trace (Chillicothe),0,Unioto (Chillicothe),19,0,,
7,Stivers (Dayton),42,Vanlue (Vanlue),16,0,,
7,Cincinnati College Prep (Cincinnati),44,Dayton Christian (Miamisburg),7,0,,
7,KIPP Columbus (Columbus),26,Dawson-Bryant (Coal Grove),40,0,,
7,Berkeley Springs,13,Southern Garrett (Oakland),19,0,WV,MD
7,George Washington (Charleston),37,Parkersburg (Parkersburg),30,0,WV,WV
7,Greenbrier West (Charmco),0,Fort Frye (Beverly),55,0,WV,
7,John Marshall (Glen Dale),30,Warren (Vincent),27,0,WV,
7,Keyser (Keyser),34,Weir (Weirton),6,0,WV,WV
7,Meadow Bridge,12,Clay-Battelle (Blacksville),54,0,WV,WV
7,Point Pleasant (Point Pleasant),13,Nitro,56,0,WV,WV
7,Tyler Consolidated,35,Magnolia (New Martinsville),0,0,WV,WV
7,Valley (Wetzel) (Pine Grove),6,Bridgeport (Bridgeport),43,0,WV,
7,Wahama (Mason),27,Eastern (Reedsville),10,0,WV,
7,Wheeling Park (Wheeling),7,Morgantown (Morgantown),28,0,WV,WV
7,Wirt County (Elizabeth),54,Webster County,6,0,WV,WV
7,Beechwood (Fort Mitchell),69,Walton-Verona (Walton),0,0,KY,KY
7,Boone County,14,Conner (Hebron),53,0,KY,KY
7,Bourbon County (Paris),20,Lloyd Memorial (Erlanger),22,0,KY,KY
7,Covington Catholic (Park Hills),28,Highlands (Fort Thomas),31,0,KY,KY
7,Frankfort,0,Holy Cross (Covington),39,0,KY,KY
7,Greenup County (Greenup),7,Boyd County (Ashland),49,0,KY,KY
7,Henderson County,14,George Rogers Clark (Winchester),34,0,KY,KY
7,Johnson Central,37,Corbin,34,0,KY,KY
7,Mason County,13,Lawrence County,41,0,KY,KY
7,Newport Central Catholic,28,Campbell County (Alexandria),21,0,KY,KY
7,Nicholas County,40,Fairview (Ashland),8,0,KY,KY
7,Pikeville (Pikeville),35,Pulaski Southwestern,8,0,KY,KY
7,Raceland (Raceland),35,Hazard,14,0,KY,KY
7,Rowan County,0,Ashland Blazer (Ashland),54,0,KY,KY
7,Shelby County,18,Holmes (Covington),8,0,KY,KY
7,Somerset,49,Clinton County (Albany),6,0,KY,KY
7,South Oldham (Crestwood),12,Woodford County (Versailles),54,0,KY,KY
7,St Xavier (Louisville),3,Boyle County (Danville),14,0,KY,KY
7,Trinity (Louisville),14,St Xavier (Cincinnati),17,0,KY,
7,Cooper (Union),42,Dixie Heights (Edgewood),13,0,KY,KY
7,Frederick Douglass (Lexington),14,Male (Louisville),0,0,KY,KY
7,Adrian Lenawee Christian,62,Morenci (Morenci),28,0,MI,MI
7,Allen Park Cabrini (Allen Park),40,Madison Heights Bishop Foley,13,0,MI,MI
7,Camden-Frontier (Camden),34,Burr Oak,22,0,MI,MI
7,Concord (Concord),24,Pittsford,44,0,MI,MI
7,Detroit Cass Tech (Detroit),64,Detroit Western,0,0,MI,MI
7,U of D Jesuit (Detroit),0,Dearborn Divine Child (Dearborn),41,0,MI,MI
7,DeWitt (DeWitt),50,Holt,0,0,MI,MI
7,Dexter,38,Bedford (Temperance),13,0,MI,MI
7,Flat Rock,14,Riverview (Riverview),34,0,MI,MI
7,Lumen Christi (Jackson),14,St Francis de Sales (Toledo),7,0,MI,
7,Litchfield,51,North Adams-Jerome (North Adams),8,0,MI,MI
7,Muskegon (Muskegon),28,Muskegon Mona Shores (Muskegon),12,0,MI,MI
7,Orchard Lake St Mary (Orchard Lake),49,Detroit Country Day,0,0,MI,MI
7,River Rouge (River Rouge),14,Warren De La Salle (Warren),28,0,MI,MI
7,Waldron (Waldron),51,Tekonsha,0,0,MI,MI
7,Detroit East English (Detroit),0,Detroit King (Detroit),49,0,MI,MI
7,Northeastern,7,Central York (York),61,0,PA,PA
7,McKeesport (McKeesport),28,West Mifflin,21,0,PA,PA
7,Pine-Richland (Gibsonia),63,Penn Hills,19,0,PA,PA
7,Farrell (Farrell),24,Steubenville (Steubenville),40,0,PA,
7,Brashear (Pittsburgh),28,Perry Traditional Academy (Pittsburgh),14,0,PA,PA
7,Westinghouse (Pittsburgh),24,Karns City,28,0,PA,PA
7,Cathedral Prep (Erie),27,McDowell (Erie),45,0,PA,PA
7,General McLane (Edinboro),58,Warren,0,0,PA,PA
7,Oil City (Oil City),21,Erie (Erie),20,0,PA,PA
7,Grove City,14,Sharon (Sharon),23,0,PA,PA
7,Titusville (Titusville),10,Hickory (Hermitage),48,0,PA,PA
7,Northwestern (Albion),35,Iroquois,18,0,PA,PA
7,Greenville,47,Lakeview,14,0,PA,PA
7,Sharpsville (Sharpsville),12,Mercer,18,0,PA,PA
7,Cochranton,12,Cambridge Springs (Cambridge Springs),41,0,PA,PA
7,University Prep (USO co-op) (Pittsburgh),38,Taylor Allderdice (Pittsburgh),6,0,PA,PA
7,Central Clarion (co-op),21,Saint Marys,6,0,PA,PA
7,Carmel (Carmel),43,Ben Davis,0,0,IN,IN
7,Connersville,0,East Central (St Leon),63,0,IN,IN
7,Eastside,42,Fremont (Fremont),13,0,IN,IN
7,Bishop Dwenger (Fort Wayne),27,Bishop Luers (Fort Wayne),7,0,IN,IN
7,Franklin County (Brookville),28,South Dearborn (Aurora),10,0,IN,IN
7,Bishop Chatard (Indianapolis),40,Harrison (West Lafayette),24,0,IN,IN
7,Cathedral (Indianapolis),21,Center Grove (Greenwood),15,0,IN,IN
7,Jay County (Portland),16,South Adams (Berne),42,0,IN,IN
7,Jeffersonville (Jeffersonville),42,New Albany,27,0,IN,IN
7,Lawrenceburg (Lawrenceburg),63,Rushville Consolidated,0,0,IN,IN
7,Lebanon,38,Danville Community (Danville),35,0,IN,IN
7,Linton-Stockton (Linton),54,North Knox,7,0,IN,IN
7,Richmond (Richmond),35,Marion,34,0,IN,IN
7,Roncalli (Indianapolis),14,La Salle (Cincinnati),22,0,IN,
7,Irvington Prep (Indianapolis),0,Blackhawk Christian (Fort Wayne),66,0,IN,IN
7,Christ Presbyterian Academy (Nashville),16,Montgomery Bell Academy,15,0,TN,TN
7,Franklin County,14,Liberty Christian Academy (Lynchburg),41,0,VA,VA
7,Mount St Joseph (Baltimore),14,McDonogh School (Owings Mills),28,0,MD,MD
7,St Mary's (Annapolis),7,Archbishop Spalding (Severn),51,0,MD,MD
7,Lewis J Bennett (Buffalo),14,Jamestown (Jamestown),7,0,NY,NY
7,Holy Cross (Flushing),6,Xavier (New York),34,0,NY,NY
7,Iona Prep (New Rochelle),50,Long Island St Anthony's (South Huntington),36,0,NY,NY
7,Fordham Prep (Bronx),14,Monsignor Farrell (Staten Island),42,0,NY,NY
7,Xaverian (Brooklyn),36,Mount St Michael Academy (Bronx),15,0,NY,NY
7,Xaverian Brothers (Westwood),27,Central Catholic (Lawrence),28,0,MA,MA
7,The Hun School (Princeton),14,The St James Academy (Springfield),30,0,NJ,VA
7,Middletown (Middletown),21,Sussex Central (Georgetown),14,0,DE,DE
7,Brother Rice (Chicago),14,Mt Carmel (Chicago),27,0,IL,IL
7,Christian Brothers,59,Rabun Gap - Nacoochee (Rabun Gap),49,0,MO,GA
7,Cardinal Ritter (St Louis),14,Massillon Washington (Massillon),28,0,MO,
7,Football North (via Clarkson SS) (Mississauga),38,Mt Zion Prep (Lanham),6,0,ON,MD
7,Palo Verde (Blythe),6,Cibola,7,0,CA,AZ
7,Mater Dei (Santa Ana),25,Orange Lutheran (Orange),10,0,CA,CA
7,"St Croix Educational Complex (Kingshill, St Croix)",12,"Charlotte Amalie (Charlotte Amalie, St Thomas)",24,0,VI,VI
7,Beachwood (Beachwood),7,Trinity (Garfield Heights),47,0,,
7,Columbiana (Columbiana),1,Valley Christian School (Youngstown),0,0,,
7,Cuyahoga Valley Christian Academy (Cuyahoga Falls),35,Holy Name (Parma Heights),0,0,,
7,Ironton (Ironton),58,Uniontown (Uniontown),0,0,,PA
7,Garfield (Akron),26,Firestone (Akron),13,0,,
7,Millersport (Millersport),12,Fisher Catholic (Lancaster),36,0,,
7,North (Akron),0,East (Akron),53,0,,
7,North Central (Pioneer),33,Erie Mason (Erie),30,0,,MI
7,Richmond Heights (Richmond Heights),14,John F Kennedy (Warren),45,0,,
7,St Clairsville (St Clairsville),21,Bellaire (Bellaire),14,0,,
7,St Joseph Central Catholic (Fremont),46,Stryker (Stryker),14,0,,
7,St Mary Central Catholic (Sandusky),28,Chalker (Southington),24,0,,
7,St Thomas Aquinas (Louisville),0,Crestline (Crestline),48,0,,
7,Trotwood-Madison (Trotwood),45,Dunbar (Dayton),0,0,,
7,Western Hills (Cincinnati),14,Aiken (Cincinnati),42,0,,
7,Windham (Windham),12,St John School (Ashtabula),38,0,,
7,Woodward (Cincinnati),0,Withrow (Cincinnati),80,0,,
7,Landmark Eagles (club) (Cincinnati),14,Columbus Crusaders (club) (Columbus),32,0,,
7,Peebles (club) (Peebles),36,West Union (club) (West Union),0,0,,
7,Brownsville (Brownsville),12,Carrick (Pittsburgh),46,0,PA,PA
7,Reynolds (Greenville),0,Wilmington (New Wilmington),42,0,PA,PA
7,Calumet Christian (Griffith),40,Crossroads (Illinois) Crusaders (club) (Big Rock),28,0,IN,IL
7,Noblesville Lions (club) (Noblesville),0,C4 Lions (club) (Middletown),48,0,IN,
7,Ballou (Washington),1,Coolidge (Washington),0,0,DC,DC
7,Roosevelt (Washington),13,Eastern (Washington),16,0,DC,DC
7,Jackson-Reed (Woodrow Wilson) (Washington),1,Dunbar (Washington),0,0,DC,DC
7,Archbishop Carroll (Washington),18,Bishop McNamara (Forestville),35,0,DC,MD
7,Model Secondary School f/t Deaf (Washington),6,Life Christian Academy (South Chesterfield),50,0,DC,VA
7,Bishop Timon - St Jude (Buffalo),7,Canisius (Buffalo),56,0,NY,NY
7,St Francis (Hamburg),35,St Joseph's Collegiate (Buffalo),0,0,NY,NY
7,Kellenberg Memorial (Uniondale),14,St Joseph by-the-Sea (Staten Island),23,0,NY,NY
7,Delbarton School (Morristown),38,Pope John XXIII (Sparta),15,0,NJ,NJ
7,Upper Canada College (Toronto),14,St Andrew's College (Aurora),34,0,ON,ON
7,Huron Heights (Newmarket),47,Harvest Prep (Canal Winchester),34,0,ON,
7,Homer (Homer),48,Kodiak (Kodiak),8,0,AK,AK
7,Leone (Vailoatai),7,Faga'itua (Faga'itua),26,0,AS,AS
7,Samoana (Utulei),22,Tafuna (Tafuna),24,0,AS,AS
7,George Washington (Mangilao),57,John F. Kennedy (Tamuning),0,0,GU,GU
7,Simon Sanchez (Yigo),1,Guam High (Agana Heights),0,0,GU,GU
7,"Ivanna Eudora Kean (Red Hook, St Thomas)",48,"St Croix Central (Kingshill, St Croix)",6,0,VI,VI
7,Brother Rice (Bloomfield Hills),8,Novi Detroit Catholic Central (Novi),41,0,MI,MI
8,Lakeside (Ashtabula),14,Geneva (Geneva),56,0,,
8,Bedford (Bedford),6,Maple Heights (Maple Heights),40,0,,
8,Belmont (Dayton),44,Thurgood Marshall (Dayton),0,0,,
8,Cardinal Mooney (Youngstown),7,Warren G Harding (Warren),3,0,,
8,Harvey (Painesville),13,Perry (Perry),49,0,,
8,John Adams (Cleveland),1,Lincoln West (Cleveland),0,0,,
8,John Hay (Cleveland),20,East Technical (Cleveland),0,0,,
8,Lakewood (Lakewood),34,Valley Forge (Parma Heights),56,0,,
8,Madison (Madison),38,Jefferson Area (Jefferson),7,0,,
8,Mifflin (Columbus),0,Linden McKinley (Columbus),60,0,,
8,Normandy (Parma),0,Buckeye (Medina),42,0,,
8,North (Eastlake),13,South (Willoughby),33,0,,
8,North Olmsted (North Olmsted),14,Bay (Bay Village),28,0,,
8,Preble Shawnee (Camden),52,Tri-County North (Lewisburg),20,0,,
8,Rhodes (Cleveland),61,John F Kennedy (Cleveland),0,0,,
8,Rocky River (Rocky River),43,Westlake (Westlake),13,0,,
8,South (Columbus),8,Africentric Early College (Columbus),54,0,,
8,Spencerville (Spencerville),7,Lima Central Catholic (Lima),41,0,,
8,Warrensville Heights (Warrensville Heights),0,Garfield Heights (Garfield Heights),48,0,,
8,Waterloo (Atwater),0,Western Reserve (Berlin Center),47,0,,
8,Woodward (Toledo),14,Rogers (Toledo),30,0,,
8,Stivers (Dayton),8,Beechcroft (Columbus),41,0,,
8,Cincinnati College Prep (Cincinnati),36,Shroder (Cincinnati),0,0,,
8,Conner (Hebron),7,Dixie Heights (Edgewood),34,0,KY,KY
8,Henry County,6,Lloyd Memorial (Erlanger),41,0,KY,KY
8,McLean County,6,Hancock County,47,0,KY,KY
8,Pendleton County (Falmouth),6,Carroll County (Carrollton),35,0,KY,KY
8,Scott (Covington),28,Boone County,36,0,KY,KY
8,Western (Louisville),6,DeSales (Louisville),50,0,KY,KY
8,Brownsville (Brownsville),0,Meyersdale,54,0,PA,PA
8,Carrick (Pittsburgh),12,Perry Traditional Academy (Pittsburgh),14,0,PA,PA
8,Hickory (Hermitage),21,Grove City,14,0,PA,PA
8,Cochranton,41,Lakeview,46,0,PA,PA
8,Quantico (Quantico),30,Massanutten Military,14,0,VA,VA
8,Southern Garrett (Oakland),0,Allegany (Cumberland),42,0,MD,MD
8,Mt Zion Prep (Lanham),0,Friendship Collegiate (Washington),6,0,MD,DC
8,Coolidge (Washington),20,Eastern (Washington),23,0,DC,DC
8,Holy Names (Windsor),14,W.F. Herman (Windsor),21,1,ON,ON
8,Faga'itua (Faga'itua),42,Nu'uuli Voc Tech (Pago Pago),26,0,AS,AS
8,Humphreys (Pyeongtaek),14,Osan (Pyeongtaek),28,0,SOUTH KOREA,SOUTH KOREA
8,Kubasaki (Okinawa),35,Kinnick (Yokosuka),13,0,JAPAN,JAPAN
8,"Zama (Sagamihara, Kanagawa)",36,"Yokota (Fussa, Tokyo)",32,0,JAPAN,JAPAN
8,Ada (Ada),3,Van Buren (Van Buren),42,0,,
8,Adena (Frankfort),7,Piketon (Piketon),27,0,,
8,Aiken (Cincinnati),6,Withrow (Cincinnati),45,0,,
8,Alliance (Alliance),28,West Branch (Beloit),34,0,,
8,Amanda-Clearcreek (Amanda),31,Logan Elm (Circleville),6,0,,
8,Anna (Anna),27,Marion Local (Maria Stein),28,0,,
8,Arcanum (Arcanum),42,Mississinawa Valley (Union City),7,0,,
8,Arlington (Arlington),21,McComb (McComb),14,0,,
8,Athens (The Plains),48,Wellston (Wellston),7,0,,
8,Aurora (Aurora),37,Tallmadge (Tallmadge),0,0,,
8,Avon (Avon),34,Amherst Steele (Amherst),0,0,,
8,Badin (Hamilton),55,Archbishop Carroll (Dayton),6,0,,
8,Beaver Local (East Liverpool),28,Indian Creek (Wintersville),35,0,,
8,Beavercreek (Beavercreek),0,Springfield (Springfield),31,0,,
8,Bellefontaine (Bellefontaine),34,Tecumseh (New Carlisle),28,0,,
8,Bellevue (Bellevue),21,Tiffin Columbian (Tiffin),14,0,,
8,Belpre (Belpre),8,Southern (Racine),41,0,,
8,Benedictine (Cleveland),53,Cathedral Prep (Erie),23,0,,PA
8,Berkshire (Burton),36,Crestwood (Mantua),8,0,,
8,Berne Union (Sugar Grove),14,Fisher Catholic (Lancaster),21,0,,
8,Bexley (Columbus),7,Bishop Ready (Columbus),30,0,,
8,Bishop Hartley (Columbus),7,Bishop Watterson (Columbus),57,0,,
8,Bishop Rosecrans (Zanesville),45,Miller (Corning),44,0,,
8,Blanchester (Blanchester),0,Williamsburg (Williamsburg),65,0,,
8,Bloom-Carroll (Carroll),24,St Clairsville (St Clairsville),15,0,,
8,Bowsher (Toledo),9,Lima Senior (Lima),45,0,,
8,Bradford (Bradford),0,Tri-Village (New Madison),60,0,,
8,Brecksville-Broadview Heights (Broadview Heights),0,Hudson (Hudson),27,0,,
8,Briggs (Columbus),0,Walnut Ridge (Columbus),56,0,,
8,Brooklyn (Brooklyn),6,Trinity (Garfield Heights),41,0,,
8,Brookside (Sheffield),0,Black River (Sullivan),42,0,,
8,Brunswick (Brunswick),35,Medina (Medina),7,0,,
8,Bryan (Bryan),14,Wauseon (Wauseon),49,0,,
8,Buckeye Central (New Washington),8,Seneca East (Attica),56,0,,
8,Buckeye Trail (Lore City),14,Strasburg-Franklin (Strasburg),36,0,,
8,Bucyrus (Bucyrus),22,Wynford (Bucyrus),49,0,,
8,Butler (Vandalia),38,West Carrollton (West Carrollton),0,0,,
8,Harrison Central (Cadiz),29,Bellaire (Bellaire),26,0,,
8,Caldwell (Caldwell),48,Shadyside (Shadyside),0,0,,
8,Canal Winchester (Canal Winchester),72,Logan (Logan),14,0,,
8,Cardinal (Middlefield),0,Grand Valley (Orwell),48,0,,
8,Cardinal Stritch Catholic (Oregon),8,St Mary Central Catholic (Sandusky),32,0,,
8,Cardington-Lincoln (Cardington),16,Loudonville (Loudonville),21,0,,
8,Catholic Central (Springfield),19,Greenon (Enon),21,0,,
8,Cedarville (Cedarville),30,Madison-Plains (London),40,0,,
8,Celina (Celina),35,Bath (Lima),49,0,,
8,Centerville (Centerville),31,Northmont (Clayton),0,0,,
8,Central Catholic (Toledo),21,Orchard Lake St Mary (Orchard Lake),36,0,,MI
8,Chalker (Southington),52,Sebring McKinley (Sebring),12,0,,
8,Twinsburg (Twinsburg),27,Solon (Solon),3,0,,
8,Champion (Warren),8,Crestview (Columbiana),53,0,,
8,Chardon (Chardon),21,Mayfield (Mayfield),28,0,,
8,Chesapeake (Chesapeake),0,Gallia Academy (Gallipolis),41,0,,
8,Cincinnati Country Day (Cincinnati),33,Norwood (Norwood),0,0,,
8,Cincinnati Hills Christian Academy (Cincinnati),42,Purcell Marian (Cincinnati),12,0,,
8,Circleville (Circleville),3,Fairfield Union (Lancaster),6,0,,
8,Claymont (Uhrichsville),43,Sandy Valley (Magnolia),3,0,,
8,Clearview (Lorain),40,Oberlin (Oberlin),7,0,,
8,Clermont Northeastern (Batavia),7,Bethel-Tate (Bethel),41,0,,
8,Clinton-Massie (Clarksville),38,Goshen (Goshen),13,0,,
8,Coldwater (Coldwater),7,New Bremen (New Bremen),16,0,,
8,Colerain (Cincinnati),24,Lakota East (Liberty Township),44,0,,
8,Collinwood (Cleveland),0,Mogadore (Mogadore),42,0,,
8,Colonel Crawford (North Robinson),14,Carey (Carey),24,0,,
8,Columbia (Columbia Station),21,Keystone (La Grange),7,0,,
8,Columbus Academy (Gahanna),38,Buckeye Valley (Delaware),24,0,,
8,Conotton Valley (Bowerston),34,Crestline (Crestline),15,0,,
8,Copley (Copley),49,Cuyahoga Falls (Cuyahoga Falls),0,0,,
8,Coshocton (Coshocton),7,Crooksville (Crooksville),46,0,,
8,Crestview (Ashland),0,Western Reserve (Collins),34,0,,
8,Crestview (Convoy),0,Columbus Grove (Columbus Grove),38,0,,
8,Cuyahoga Heights (Cuyahoga Heights),56,Beachwood (Beachwood),14,0,,
8,Dalton (Dalton),7,Norwayne (Creston),26,0,,
8,Danville (Danville),14,Centerburg (Centerburg),44,0,,
8,Lisbon David Anderson (Lisbon),56,Southern (Salineville),7,0,,
8,Deer Park (Cincinnati),28,Taylor (Cleves),35,0,,
8,Defiance (Defiance),42,Elida (Elida),21,0,,
8,Delta (Delta),0,Liberty Center (Liberty Center),39,0,,
8,Dixie (New Lebanon),0,Ansonia (Ansonia),64,0,,
8,Dublin Coffman (Dublin),24,Hilliard Davidson (Hilliard),20,0,,
8,Dunbar (Dayton),35,Northwest (Cincinnati),48,0,,
8,East (Columbus),26,Centennial (Columbus),6,0,,
8,Youngstown East (Youngstown),14,Struthers (Struthers),12,0,,
8,Sciotoville Community (Portsmouth),0,Symmes Valley (Willow Wood),47,0,,
8,Dublin Jerome (Dublin),3,Olentangy Berlin (Delaware),20,0,,
8,Eastern (Beaver),42,Notre Dame (Portsmouth),7,0,,
8,Eastern (Reedsville),35,Trimble (Glouster),6,0,,
8,Eastmoor Academy (Columbus),18,Marion-Franklin (Columbus),34,0,,
8,East Palestine (East Palestine),50,Leetonia (Leetonia),14,0,,
8,Eastwood (Pemberville),27,Genoa Area (Genoa),42,0,,
8,Eaton (Eaton),28,Brookville (Brookville),29,0,,
8,Edgewood (Ashtabula),49,Conneaut (Conneaut),14,0,,
8,Edison (Milan),17,Port Clinton (Port Clinton),21,0,,
8,Edison (Richmond),34,East Liverpool (East Liverpool),20,0,,
8,Edon (Edon),47,North Central (Pioneer),15,0,,
8,Elgin (Marion),24,Upper Scioto Valley (McGuffey),50,0,,
8,Elyria (Elyria),27,Midview (Grafton),41,0,,
8,Evergreen (Metamora),53,Swanton (Swanton),2,0,,
8,Fairfield (Fairfield),7,Hamilton (Hamilton),14,0,,
8,Fairfield Christian Academy (Lancaster),56,Millersport (Millersport),12,0,,
8,Fairland (Proctorville),13,Ironton (Ironton),70,0,,
8,Fairless (Brewster),14,Canton South (Canton),31,0,,
8,Fairview (Sherwood),54,Edgerton (Edgerton),19,0,,
8,Fayetteville (Fayetteville),16,East Clinton (Sabina),13,0,,
8,Federal Hocking (Stewart),0,Waterford (Waterford),63,0,,
8,Bishop Fenwick (Franklin),36,Chaminade Julienne (Dayton),14,0,,
8,Field (Mogadore),6,Cloverleaf (Seville),36,0,,
8,Findlay (Findlay),33,Whitmer (Toledo),35,0,,
8,Fort Frye (Beverly),35,Marietta (Marietta),0,0,,
8,Fort Loramie (Fort Loramie),9,Bluffton (Bluffton),42,0,,
8,Fort Recovery (Fort Recovery),41,Parkway (Rockford),27,0,,
8,Franklin (Franklin),21,Ross (Hamilton),14,0,,
8,Fredericktown (Fredericktown),28,East Knox (Howard),19,0,,
8,Fremont Ross (Fremont),48,Springfield (Holland),14,0,,
8,Garfield (Garrettsville),56,Newton Falls (Newton Falls),0,0,,
8,Gibsonburg (Gibsonburg),34,Lakota (Kansas),13,0,,
8,Glenville (Cleveland),9,Archbishop Hoban (Akron),12,0,,
8,Graham Local (St Paris),42,Shawnee (Springfield),7,0,,
8,Green (Franklin Furnace),6,South Gallia (Crown City),74,0,,
8,Greeneview (Jamestown),32,Southeastern Local (South Charleston),0,0,,
8,Greenville (Greenville),6,Tippecanoe (Tipp City),49,0,,
8,Grove City (Grove City),21,Pickerington North (Pickerington),31,0,,
8,Grove City Christian (Grove City),15,Grandview Heights (Columbus),27,0,,
8,Hamilton Township (Columbus),40,Liberty Union (Baltimore),0,0,,
8,Marion Harding (Marion),48,Pleasant (Marion),28,0,,
8,Hardin Northern (Dola),6,Toledo Christian (Toledo),48,0,,
8,Harrison (Harrison),14,Talawanda (Oxford),0,0,,
8,Delaware Hayes (Delaware),24,Dublin Scioto (Dublin),34,0,,
8,Heath (Heath),40,Newark Catholic (Newark),6,0,,
8,Hicksville (Hicksville),0,Paulding (Paulding),50,0,,
8,Highland (Medina),58,Kent Roosevelt (Kent),7,0,,
8,Highland (Marengo),13,Clear Fork (Bellville),10,0,,
8,Hilliard Darby (Hilliard),11,Olentangy (Lewis Center),17,0,,
8,Hillsboro (Hillsboro),17,Chillicothe (Chillicothe),49,0,,
8,Hillsdale (Jeromesville),49,Northwestern (West Salem),7,0,,
8,Holgate (Holgate),20,Concord (Concord),64,0,,MI
8,Holy Name (Parma Heights),24,Elyria Catholic (Elyria),7,0,,
8,Hopewell-Loudon (Bascom),54,Willard (Willard),6,0,,
8,Howland (Warren),0,Boardman (Youngstown),42,0,,
8,Independence (Independence),14,Fairview (Fairview Park),41,0,,
8,Indian Hill (Cincinnati),45,Madeira (Cincinnati),0,0,,
8,Indian Lake (Lewistown),17,Benjamin Logan (Bellefontaine),14,0,,
8,Jackson (Jackson),51,Washington (Washington Court House),21,0,,
8,Jackson (Massillon),21,GlenOak (Canton),10,0,,
8,Jackson-Milton (North Jackson),35,Lowellville (Lowellville),38,0,,
8,Jefferson Township (Dayton),28,Vanlue (Vanlue),32,0,,
8,John Marshall (Cleveland),0,Canfield (Canfield),49,0,,
8,Johnstown (Johnstown),71,Lakewood (Hebron),0,0,,
8,Jonathan Alder (Plain City),0,London (London),38,0,,
8,Kenton (Kenton),6,Wapakoneta (Wapakoneta),37,0,,
8,Kenton Ridge (Springfield),21,Urbana (Urbana),28,0,,
8,Kettering Fairmont (Kettering),12,Springboro (Springboro),16,0,,
8,Kirtland (Kirtland),45,Chagrin Falls (Chagrin Falls),0,0,,
8,River Valley (Bidwell),0,Vinton County (McArthur),36,0,,
8,LaBrae (Leavittsburg),28,Liberty (Youngstown),34,0,,
8,Lake (Millbury),8,Oak Harbor (Oak Harbor),42,0,,
8,Lake (Uniontown),21,Canton McKinley (Canton),24,0,,
8,Lake Catholic (Mentor),30,Padua Franciscan (Parma),0,0,,
8,Lakeview (Cortland),0,Hubbard (Hubbard),42,0,,
8,Lancaster (Lancaster),21,Reynoldsburg (Reynoldsburg),20,0,,
8,La Salle (Cincinnati),7,St Xavier (Cincinnati),28,0,,
8,Lehman Catholic (Sidney),48,Bethel (Tipp City),27,0,,
8,Leipsic (Leipsic),0,Liberty-Benton (Findlay),52,0,,
8,Licking Heights (Pataskala),13,Mount Vernon (Mount Vernon),42,0,,
8,Licking Valley (Newark),35,Granville (Granville),14,0,,
8,Little Miami (Morrow),34,Loveland (Loveland),37,0,,
8,Louisville (Louisville),14,Green (Uniontown),27,0,,
8,Lucas (Lucas),22,Reynolds (Greenville),15,0,,PA
8,Lutheran East (Cleveland Heights),34,Cleveland Central Catholic (Cleveland),12,0,,
8,Madison Comprehensive (Mansfield),17,Dover (Dover),32,0,,
8,Malvern (Malvern),12,Newcomerstown (Newcomerstown),40,0,,
8,Manchester (New Franklin),7,Triway (Wooster),49,0,,
8,Mansfield Senior (Mansfield),34,Wooster (Wooster),21,0,,
8,Margaretta (Castalia),56,Calvert (Tiffin),14,0,,
8,Martins Ferry (Martins Ferry),36,Cambridge (Cambridge),0,0,,
8,Marysville (Marysville),29,Thomas Worthington (Worthington),28,0,,
8,Mathews (Vienna),0,St John School (Ashtabula),35,0,,
8,Maumee (Maumee),35,Otsego (Tontogany),20,0,,
8,Niles McKinley (Niles),0,South Range (Canfield),62,0,,
8,Archbishop McNicholas (Cincinnati),0,Archbishop Alter (Kettering),12,0,,
8,Meadowdale (Dayton),50,Ponitz Tech (Dayton),6,0,,
8,Mechanicsburg (Mechanicsburg),21,West Jefferson (West Jefferson),14,0,,
8,Meigs (Pomeroy),26,Minford (Minford),20,0,,
8,Campbell Memorial (Campbell),6,McDonald (McDonald),47,0,,
8,Miami East (Casstown),31,Milton-Union (West Milton),7,0,,
8,Miami Trace (Washington Court House),41,McClain (Greenfield),20,0,,
8,Miami Valley Christian Academy (Cincinnati),41,Lockland (Lockland),6,0,,
8,Middletown (Middletown),37,Mason (Mason),7,0,,
8,Milford (Milford),14,Kings (Kings Mills),49,0,,
8,Mineral Ridge (Mineral Ridge),7,Springfield (New Middletown),19,0,,
8,Minerva (Minerva),7,Marlington (Alliance),0,0,,
8,Minster (Minster),14,Versailles (Versailles),12,0,,
8,Mohawk (Sycamore),31,Upper Sandusky (Upper Sandusky),6,0,,
8,Monroe (Monroe),0,Bellbrook (Bellbrook),10,0,,
8,Monroe Central (Woodsfield),21,Toronto (Toronto),35,0,,
8,Montpelier (Montpelier),58,Hilltop (West Unity),28,0,,
8,Morgan (McConnelsville),14,Sheridan (Thornville),35,0,,
8,Napoleon (Napoleon),19,Bowling Green (Bowling Green),3,0,,
8,National Trail (New Paris),28,Twin Valley South (West Alexandria),7,0,,
8,Nelsonville-York (Nelsonville),48,Alexander (Albany),7,0,,
8,New Albany (New Albany),47,Central Crossing (Grove City),0,0,,
8,Newark (Newark),31,Teays Valley (Ashville),28,0,,
8,New Lexington (New Lexington),49,Meadowbrook (Byesville),6,0,,
8,New London (New London),6,Mapleton (Ashland),4,0,,
8,New Philadelphia (New Philadelphia),20,Lexington (Lexington),44,0,,
8,North (Akron),7,Ellet (Akron),28,0,,
8,Northeastern (South Vienna),47,Fairbanks (Milford Center),13,0,,
8,Northmor (Galion),20,Mount Gilead (Mount Gilead),22,0,,
8,Northridge (Dayton),24,Covington (Covington),27,0,,
8,North Ridgeville (North Ridgeville),31,Avon Lake (Avon Lake),14,0,,
8,North Royalton (North Royalton),29,Stow-Munroe Falls (Stow),21,0,,
8,North Union (Richwood),28,Northwestern (Springfield),20,0,,
8,Norwalk (Norwalk),3,Perkins (Sandusky),48,0,,
8,Notre Dame-Cathedral Latin (Chardon),7,Cuyahoga Valley Christian Academy (Cuyahoga Falls),35,0,,
8,Oak Hill (Oak Hill),7,Valley (Lucasville),48,0,,
8,Oakwood (Dayton),21,Carlisle (Carlisle),53,0,,
8,Olentangy Liberty (Powell),21,Hilliard Bradley (Hilliard),13,0,,
8,Olmsted Falls (Olmsted Falls),46,Berea-Midpark (Berea),12,0,,
8,Orange (Pepper Pike),7,Hawken (Gates Mills),49,0,,
8,Olentangy Orange (Lewis Center),28,Upper Arlington (Upper Arlington),14,0,,
8,Ottawa-Glandorf (Ottawa),20,Van Wert (Van Wert),38,0,,
8,Pandora-Gilboa (Pandora),38,Arcadia (Arcadia),0,0,,
8,Patrick Henry (Hamler),21,Archbold (Archbold),22,0,,
8,Perry (Lima),9,Waynesfield-Goshen (Waynesfield),33,0,,
8,Perry (Massillon),21,Hoover (North Canton),35,0,,
8,Perrysburg (Perrysburg),48,Clay (Oregon),7,0,,
8,Philo (Duncan Falls),15,Tri-Valley (Dresden),37,0,,
8,Pickerington Central (Pickerington),33,Groveport Madison (Groveport),17,0,,
8,Piqua (Piqua),30,Stebbins (Riverside),6,0,,
8,Plymouth (Plymouth),0,Monroeville (Monroeville),55,0,,
8,Poland Seminary (Poland),28,Girard (Girard),29,0,,
8,Portsmouth (Portsmouth),48,Rock Hill (Ironton),7,0,,
8,Portsmouth West (West Portsmouth),13,Northwest (McDermott),36,0,,
8,Princeton (Cincinnati),30,Oak Hills (Cincinnati),27,0,,
8,Pymatuning Valley (Andover),44,Windham (Windham),0,0,,
8,Reading (Reading),0,Mariemont (Cincinnati),31,0,,
8,Revere (Richfield),38,Barberton (Barberton),21,0,,
8,Richmond Heights (Richmond Heights),28,St Thomas Aquinas (Louisville),7,0,,
8,Ridgedale (Morral),42,Cory-Rawson (Rawson),0,0,,
8,Ridgemont (Mt Victory),21,North Baltimore (North Baltimore),49,0,,
8,Ridgewood (West Lafayette),14,Indian Valley (Gnadenhutten),42,0,,
8,River (Hannibal),0,Shenandoah (Sarahsville),33,0,,
8,Riverdale (Mt Blanchard),11,Elmwood (Bloomdale),28,0,,
8,Riverside (De Graff),34,Troy Christian (Troy),0,0,,
8,Riverside (Painesville),31,Kenston (Chagrin Falls),32,0,,
8,River Valley (Caledonia),6,Galion (Galion),36,0,,
8,River View (Warsaw),7,John Glenn (New Concord),47,0,,
8,Roger Bacon (St Bernard),41,Summit Country Day (Cincinnati),13,0,,
8,Rootstown (Rootstown),20,Wickliffe (Wickliffe),27,0,,
8,Rossford (Rossford),14,Fostoria (Fostoria),13,0,,
8,St Bernard-Elmwood Place (St Bernard),44,New Miami (Hamilton),0,0,,
8,St Francis DeSales (Columbus),42,St Charles (Columbus),14,0,,
8,St Henry (St Henry),41,St John's (Delphos),0,0,,
8,St Ignatius (Cleveland),10,Archbishop Moeller (Cincinnati),42,0,,
8,St John's Jesuit (Toledo),7,Novi Detroit Catholic Central (Novi),48,0,,MI
8,Villa Angela-St Joseph (Cleveland),59,Gilmour Academy (Gates Mills),10,0,,
8,St Vincent-St Mary (Akron),0,Harvest Prep (Canal Winchester),1,0,,
8,Salem (Salem),48,Carrollton (Carrollton),20,0,,
8,Sandusky (Sandusky),7,Clyde (Clyde),40,0,,
8,Scott (Toledo),14,Waite (Toledo),26,0,,
8,Shaker Heights (Shaker Heights),0,Mentor (Mentor),49,0,,
8,Shaw (East Cleveland),0,Brush (Lyndhurst),31,0,,
8,Shawnee (Lima),28,St Marys Memorial (St Marys),31,0,,
8,Shelby (Shelby),42,Ontario (Ontario),0,0,,
8,Sidney (Sidney),0,Troy (Troy),49,0,,
8,Smithville (Smithville),31,Rittman (Rittman),0,0,,
8,South Central (Greenwich),0,St Paul (Norwalk),38,0,,
8,Southeast (Ravenna),20,Brookfield (Brookfield),44,0,,
8,South Point (South Point),15,Dawson-Bryant (Coal Grove),44,0,,
8,Springfield (Akron),0,Coventry (Akron),30,0,,
8,Streetsboro (Streetsboro),49,Ravenna (Ravenna),3,0,,
8,Strongsville (Strongsville),43,Lorain (Lorain),14,0,,
8,Sycamore (Cincinnati),0,Lakota West (West Chester),56,0,,
8,Sylvania Northview (Sylvania),0,Anthony Wayne (Whitehouse),21,0,,
8,Sylvania Southview (Sylvania),22,Start (Toledo),41,0,,
8,Tinora (Defiance),27,Ayersville (Defiance),14,0,,
8,Triad (North Lewisburg),7,West Liberty-Salem (West Liberty),42,0,,
8,Trotwood-Madison (Trotwood),34,Mount Healthy (Cincinnati),0,0,,
8,Turpin (Cincinnati),38,Lebanon (Lebanon),41,0,,
8,Tuscarawas Central Catholic (New Philadelphia),0,East Canton (East Canton),42,0,,
8,Tuscarawas Valley (Zoarville),7,Garaway (Sugarcreek),50,0,,
8,Tuslaw (Massillon),12,Northwest (Canal Fulton),13,0,,
8,Union Local (Belmont),42,Buckeye Local (Rayland),0,0,,
8,Unioto (Chillicothe),71,Paint Valley (Bainbridge),6,0,,
8,University School (Hunting Valley),0,Chaney (Youngstown),28,0,,
8,Utica (Utica),28,Northridge (Johnstown),14,0,,
8,Valley View (Germantown),28,Edgewood (Trenton),21,0,,
8,Vermilion (Vermilion),28,Huron (Huron),21,0,,
8,Wadsworth (Wadsworth),62,Nordonia (Macedonia),21,0,,
8,Walnut Hills (Cincinnati),16,Anderson (Cincinnati),53,0,,
8,Watkins Memorial (Pataskala),69,Zanesville (Zanesville),16,0,,
8,Waverly (Waverly),7,Wheelersburg (Wheelersburg),37,0,,
8,Wayne (Huber Heights),18,Miamisburg (Miamisburg),14,0,,
8,Waynedale (Apple Creek),23,Chippewa (Doylestown),7,0,,
8,Waynesville (Waynesville),28,Madison (Middletown),8,0,,
8,Wayne Trace (Haviland),13,Antwerp (Antwerp),20,0,,
8,Wellington (Wellington),7,Firelands (Oberlin),44,0,,
8,Wellsville (Wellsville),6,Columbiana (Columbiana),54,0,,
8,West (Columbus),14,Independence (Columbus),50,0,,
8,Western Brown (Mount Orab),42,New Richmond (New Richmond),14,0,,
8,Western Hills (Cincinnati),0,Taft (Cincinnati),58,0,,
8,Westerville Central (Westerville),7,Gahanna Lincoln (Gahanna),42,0,,
8,Westerville North (Westerville),3,Big Walnut (Sunbury),37,0,,
8,Westerville South (Westerville),21,Westland (Galloway),14,0,,
8,Westfall (Williamsport),21,Huntington (Chillicothe),34,0,,
8,West Geauga (Chesterland),42,Lutheran West (Rocky River),13,0,,
8,West Holmes (Millersburg),7,Ashland (Ashland),40,0,,
8,West Muskingum (Zanesville),7,Maysville (Zanesville),21,0,,
8,Whetstone (Columbus),3,Northland (Columbus),35,0,,
8,Whitehall-Yearling (Whitehall),7,Franklin Heights (Columbus),23,0,,
8,Wilmington (Wilmington),47,Batavia (Batavia),28,0,,
8,Winton Woods (Cincinnati),35,West Clermont (Cincinnati),0,0,,
8,Woodmore (Elmore),61,Northwood (Northwood),34,0,,
8,Woodridge (Peninsula),7,Norton (Norton),48,0,,
8,Woodward (Cincinnati),12,Hughes (Cincinnati),59,0,,
8,Worthington Christian (Worthington),13,Orrville (Orrville),34,0,,
8,Worthington Kilbourne (Columbus),41,KIPP Columbus (Columbus),6,0,,
8,Wyoming (Cincinnati),49,Finneytown (Cincinnati),13,0,,
8,Xenia (Xenia),54,Fairborn (Fairborn),20,0,,
8,Valley Christian School (Youngstown),13,United (Hanoverton),49,0,,
8,Zane Trace (Chillicothe),48,Southeastern (Chillicothe),0,0,,
8,North Adams (club) (Seaman),9,Manchester (Manchester),52,0,,
8,Cameron (Cameron),50,Valley (Wetzel) (Pine Grove),36,0,WV,WV
8,Clay-Battelle (Blacksville),47,Richwood,6,0,WV,WV
8,Fairmont Senior (Fairmont),45,Wheeling Park (Wheeling),42,0,WV,WV
8,Frankfort (Ridgeley),66,Brooke (Wellsburg),13,0,WV,WV
8,James Monroe,42,Greenbrier West (Charmco),7,0,WV,WV
8,John Marshall (Glen Dale),13,Keyser (Keyser),55,0,WV,WV
8,Magnolia (New Martinsville),22,Frontier (New Matamoras),34,0,WV,
8,Parkersburg South (Parkersburg),49,Hurricane (Hurricane),21,0,WV,WV
8,Pocahontas County,14,Wirt County (Elizabeth),46,0,WV,WV
8,Point Pleasant (Point Pleasant),24,Warren (Vincent),35,0,WV,
8,St Marys (St Marys),42,Gilmer County (Glenville),20,0,WV,WV
8,Wahama (Mason),53,Ritchie County (Ellenboro),8,0,WV,WV
8,Weir (Weirton),22,East Fairmont,35,0,WV,WV
8,Williamstown (Williamstown),38,Poca,19,0,WV,WV
8,Westside,6,Independence (Coal City),49,0,WV,WV
8,Linsly (Wheeling),7,Barnesville (Barnesville),34,0,WV,
8,Ashland Blazer (Ashland),48,Boyd County (Ashland),7,0,KY,KY
8,Betsy Lane,25,Shelby Valley (Pikeville),46,0,KY,KY
8,Christian Academy-Louisville (Louisville),49,Central (Louisville),7,0,KY,KY
8,Fairview (Ashland),6,Raceland (Raceland),55,0,KY,KY
8,George Rogers Clark (Winchester),25,Bryan Station,28,0,KY,KY
8,Highlands (Fort Thomas),16,Elder (Cincinnati),40,0,KY,
8,Holy Cross (Covington),6,Bishop Brossart (Alexandria),3,0,KY,KY
8,Johnson Central,63,Rowan County,6,0,KY,KY
8,Lewis County (Vanceburg),7,Russell (Russell),43,0,KY,KY
8,Madison Central,15,Frederick Douglass (Lexington),21,0,KY,KY
8,Male (Louisville),42,Southern (Louisville),0,0,KY,KY
8,Mason County,35,Harrison County (Cynthiana),7,0,KY,KY
8,Newport (Newport),6,Newport Central Catholic,26,0,KY,KY
8,Ryle (Union),54,Campbell County (Alexandria),0,0,KY,KY
8,Spencer County,42,Shelby County,7,0,KY,KY
8,St Henry (Erlanger),0,Beechwood (Fort Mitchell),70,0,KY,KY
8,St Xavier (Louisville),28,DuPont Manual,17,0,KY,KY
8,Trinity (Louisville),35,Ballard,3,0,KY,KY
8,Woodford County (Versailles),42,Collins (Shelbyville),24,0,KY,KY
8,Great Crossing (Georgetown),16,Simon Kenton (Independence),35,0,KY,KY
8,Ann Arbor Huron,28,Bedford (Temperance),31,0,MI,MI
8,Detroit Country Day,35,U of D Jesuit (Detroit),0,0,MI,MI
8,Dearborn Divine Child (Dearborn),17,St Francis de Sales (Toledo),24,0,MI,
8,Detroit King (Detroit),51,Detroit Henry Ford,0,0,MI,MI
8,Grand Ledge,7,DeWitt (DeWitt),59,0,MI,MI
8,Grand Rapids Union,0,Muskegon (Muskegon),67,0,MI,MI
8,Muskegon Mona Shores (Muskegon),27,Grand Rapids Forest Hills Northern,14,0,MI,MI
8,Petersburg Summerfield (Petersburg),28,Ottawa Hills (Toledo),27,0,MI,
8,Pittsford,44,Camden-Frontier (Camden),0,0,MI,MI
8,River Rouge (River Rouge),15,Ferndale,12,0,MI,MI
8,Riverview (Riverview),14,Monroe St Mary Catholic Central (Monroe),13,0,MI,MI
8,Tekonsha,42,North Adams-Jerome (North Adams),58,0,MI,MI
8,Waldron (Waldron),22,Adrian Lenawee Christian,63,0,MI,MI
8,Britton-Deerfield (Britton),44,Morenci (Morenci),8,0,MI,MI
8,Detroit East English (Detroit),0,Detroit Cass Tech (Detroit),67,0,MI,MI
8,Central York (York),56,Red Lion,18,0,PA,PA
8,Butler,35,Taylor Allderdice (Pittsburgh),8,0,PA,PA
8,Pine-Richland (Gibsonia),43,Greater Latrobe,7,0,PA,PA
8,Mars,31,McKeesport (McKeesport),56,0,PA,PA
8,Farrell (Farrell),52,Sharpsville (Sharpsville),7,0,PA,PA
8,Brashear (Pittsburgh),36,Redbank Valley,8,0,PA,PA
8,Westinghouse (Pittsburgh),14,University Prep (USO co-op) (Pittsburgh),20,0,PA,PA
8,Bradford,0,Central Clarion (co-op),86,0,PA,PA
8,McDowell (Erie),12,Austintown-Fitch (Austintown),21,0,PA,
8,General McLane (Edinboro),49,Meadville,20,0,PA,PA
8,Seneca,21,Northwestern (Albion),14,0,PA,PA
8,Wilmington (New Wilmington),48,Mercer,0,0,PA,PA
8,Saegertown,6,Greenville,43,0,PA,PA
8,Cambridge Springs (Cambridge Springs),25,Maplewood (Guys Mills),12,0,PA,PA
8,Conneaut Area (Linesville),7,Sharon (Sharon),47,0,PA,PA
8,Anderson,21,Richmond (Richmond),38,0,IN,IN
8,Columbus East,28,Jeffersonville (Jeffersonville),7,0,IN,IN
8,Blackhawk Christian (Fort Wayne),28,Monroe Central,56,0,IN,IN
8,Fort Wayne Snider,6,Bishop Dwenger (Fort Wayne),26,0,IN,IN
8,Fremont (Fremont),45,Prairie Heights,6,0,IN,IN
8,Greensburg,0,East Central (St Leon),61,0,IN,IN
8,Bishop Chatard (Indianapolis),42,Tri-West Hendricks,13,0,IN,IN
8,Cathedral (Indianapolis),10,Covington Catholic (Park Hills),17,0,IN,KY
8,Lawrence North (Indianapolis),35,Center Grove (Greenwood),38,0,IN,IN
8,Lawrenceburg (Lawrenceburg),55,Connersville,14,0,IN,IN
8,Linton-Stockton (Linton),44,Eastern Greene,14,0,IN,IN
8,McCutcheon,23,Danville Community (Danville),29,0,IN,IN
8,Roncalli (Indianapolis),57,Harrison (West Lafayette),20,0,IN,IN
8,South Adams (Berne),51,Woodlan (Woodburn),14,0,IN,IN
8,South Dearborn (Aurora),21,Rushville Consolidated,26,0,IN,IN
8,Warren Central (Indianapolis),7,Carmel (Carmel),42,0,IN,IN
8,Ensworth (Nashville),28,Christ Presbyterian Academy (Nashville),21,0,TN,TN
8,E. C. Glass,3,Liberty Christian Academy (Lynchburg),42,0,VA,VA
8,Northern Garrett (Accident),38,Uniontown (Uniontown),0,0,MD,PA
8,Loyola / Blakefield (Towson),35,St Mary's (Annapolis),50,0,MD,MD
8,St Frances Academy (Regional),40,South Hagerstown (Hagerstown),21,0,MD,MD
8,Dunbar (Washington),62,Ballou (Washington),6,0,DC,DC
8,Roosevelt (Washington),38,Howard D. Woodson (Washington),20,0,DC,DC
8,Canisius (Buffalo),34,Steubenville (Steubenville),35,0,NY,
8,St Francis (Hamburg),46,Erie (Erie),6,0,NY,PA
8,Jamestown (Jamestown),46,Hutchinson Central Technical (Buffalo),7,0,NY,NY
8,St Francis Prep (Fresh Meadows),7,St Joseph by-the-Sea (Staten Island),21,0,NY,NY
8,Saint John's Preparatory School (Danvers),35,Boston College High (Boston),0,0,MA,MA
8,Xaverian Brothers (Westwood),40,Saint John's (Shrewsbury),16,0,MA,MA
8,St Augustine Prep (Richland),27,Lenape (Medford),0,0,NJ,NJ
8,Ramsey (Ramsey),27,Lakeland Regional (Wanaque),21,0,NJ,NJ
8,Mt Carmel (Chicago),35,Joliet Catholic (Joliet),7,0,IL,IL
8,Cornerstone Christian (San Antonio),20,Massillon Washington (Massillon),45,0,TX,
8,Huron Heights (Newmarket),14,Lumen Christi (Jackson),34,0,ON,MI
8,Football North (via Clarkson SS) (Mississauga),23,St Edward (Lakewood),42,0,ON,
8,Lathrop (Fairbanks),38,Palmer (Palmer),35,0,AK,AK
8,Spruce Creek (Port Orange),35,University (Orange City),0,0,FL,FL
8,Vincent Memorial,14,Palo Verde (Blythe),20,0,CA,CA
8,Charlotte Christian (Charlotte),28,Rabun Gap - Nacoochee (Rabun Gap),41,0,NC,GA
8,"Charlotte Amalie (Charlotte Amalie, St Thomas)",8,"St Croix Central (Kingshill, St Croix)",2,0,VI,VI
8,"Robert D. Edgren (Misawa, Aomori)",26,"Matthew C. Perry (Iwakuni, Yamaguchi)",47,0,JAPAN,JAPAN
8,AFNORTH (Brunssum),6,International School of Brussels (Watermael-Boitsfort),20,0,NETHERLANDS,BELGIUM
8,Allen East (Harrod),39,Jefferson (Delphos),6,0,,
8,Buchtel (Akron),12,Garfield (Akron),6,0,,
8,Catholic Central (Steubenville),20,Fairport Harding (Fairport Harbor),27,0,,
8,Canton Central Catholic (Canton),26,John F Kennedy (Warren),38,0,,
8,Dayton Christian (Miamisburg),47,Gamble Montessori (Cincinnati),6,0,,
8,East (Akron),43,Firestone (Akron),7,0,,
8,Euclid (Euclid),23,Cleveland Heights (Cleveland Heights),38,0,,
8,North College Hill (Cincinnati),27,Clark Montessori (Cincinnati),18,0,,
8,Stryker (Stryker),14,Danbury (Lakeside),52,0,,
8,Columbus Crusaders (club) (Columbus),25,C4 Lions (club) (Middletown),12,0,,
8,Jefferson,34,George Washington (Charleston),33,0,WV,WV
8,Oak Glen (New Cumberland),56,Bridgeport (Bridgeport),3,0,WV,
8,Holmes (Covington),12,Ohio County,34,0,KY,KY
8,Allen Park Cabrini (Allen Park),42,Marine City Cardinal Mooney,7,0,MI,MI
8,Erie Mason (Erie),0,Ottawa Lake Whiteford (Ottawa Lake),84,0,MI,MI
8,Warren De La Salle (Warren),17,Brother Rice (Bloomfield Hills),22,0,MI,MI
8,Noblesville Lions (club) (Noblesville),6,Landmark Eagles (club) (Cincinnati),56,0,IN,
8,Indianapolis Crimson Knights (club),22,Washtenaw Saints (club),42,0,IN,MI
8,Gilman School (Baltimore),9,Mount St Joseph (Baltimore),14,0,MD,MD
8,Archbishop Spalding (Severn),49,Concordia Prep (Towson),10,0,MD,MD
8,Hewlett Sports Academy (Waldorf),6,The St James Academy (Springfield),70,0,MD,VA
8,Gonzaga (Washington),0,Bishop McNamara (Forestville),21,0,DC,MD
8,Bishop Timon - St Jude (Buffalo),28,Eastridge,7,0,NY,NY
8,Lewis J Bennett (Buffalo),56,Lockport (Lockport),14,0,NY,NY
8,Holy Cross (Flushing),32,Holy Trinity - Long Island (Hicksville),6,0,NY,NY
8,Iona Prep (New Rochelle),33,Chaminade (Mineola),9,0,NY,NY
8,Archbishop Stepinac (White Plains),21,Xavier (New York),14,0,NY,NY
8,St Dominic (Oyster Bay),14,Xaverian (Brooklyn),31,0,NY,NY
8,Cardinal Spellman (Bronx),12,St John the Baptist (West Islip),63,0,NY,NY
8,Middletown (Middletown),42,William Penn (New Castle),0,0,DE,DE
8,Kenai-Central (Kenai),14,Barrow (Barrow),28,0,AK,AK
8,West Valley (Fairbanks),14,Soldotna (Soldotna),38,0,AK,AK
8,Redington (Wasilla),6,Homer (Homer),26,0,AK,AK
8,Leone (Vailoatai),10,Tafuna (Tafuna),24,0,AS,AS
8,Okkodo (Dededo),0,Guam High (Agana Heights),72,0,GU,GU
8,Simon Sanchez (Yigo),8,John F. Kennedy (Tamuning),30,0,GU,GU
8,Kennedy Catholic (Hermitage),0,St Joseph Central Catholic (Fremont),43,0,PA,
9,Shroder (Cincinnati),40,Stivers (Dayton),0,0,,
9,Bowsher (Toledo),3,Start (Toledo),21,0,,
9,Green (Franklin Furnace),0,Sciotoville Community (Portsmouth),46,0,,
9,Martins Ferry (Martins Ferry),20,Wheeling Central Catholic (Wheeling),28,0,,WV
9,Meadowdale (Dayton),36,Belmont (Dayton),6,0,,
9,North Royalton (North Royalton),7,Twinsburg (Twinsburg),21,0,,
9,Ponitz Tech (Dayton),16,East (Columbus),43,0,,
9,Dearborn Divine Child (Dearborn),42,Detroit Renaissance,8,0,MI,MI
9,Taylor Allderdice (Pittsburgh),6,Westinghouse (Pittsburgh),26,1,PA,PA
9,Sharon (Sharon),42,Titusville (Titusville),21,0,PA,PA
9,De Smet Jesuit (St Louis),47,Cardinal Ritter (St Louis),66,0,MO,MO
9,Essex (Essex),13,Holy Names (Windsor),35,0,ON,ON
9,Amanda-Clearcreek (Amanda),14,Fairfield Union (Lancaster),34,0,,
9,Anderson (Cincinnati),37,Winton Woods (Cincinnati),30,0,,
9,Ansonia (Ansonia),38,Arcanum (Arcanum),8,0,,
9,Anthony Wayne (Whitehouse),3,Perrysburg (Perrysburg),24,0,,
9,Archbishop Alter (Kettering),14,Badin (Hamilton),28,0,,
9,Archbold (Archbold),37,Bryan (Bryan),10,0,,
9,Arlington (Arlington),6,Leipsic (Leipsic),37,0,,
9,Athens (The Plains),47,River Valley (Bidwell),19,0,,
9,Austintown-Fitch (Austintown),31,Boardman (Youngstown),14,0,,
9,Avon Lake (Avon Lake),12,Avon (Avon),43,0,,
9,Ayersville (Defiance),20,Antwerp (Antwerp),15,0,,
9,Barberton (Barberton),14,Copley (Copley),42,0,,
9,Bath (Lima),39,Defiance (Defiance),21,0,,
9,Bay (Bay Village),42,Lakewood (Lakewood),7,0,,
9,Beachwood (Beachwood),0,Independence (Independence),37,0,,
9,Beaver Local (East Liverpool),42,Cambridge (Cambridge),0,0,,
9,Bedford (Bedford),18,Youngstown East (Youngstown),26,0,,
9,Bellaire (Bellaire),13,Union Local (Belmont),38,0,,
9,Bellevue (Bellevue),12,Port Clinton (Port Clinton),3,0,,
9,Belpre (Belpre),14,Eastern (Reedsville),55,0,,
9,Benjamin Logan (Bellefontaine),48,Northwestern (Springfield),0,0,,
9,Berne Union (Sugar Grove),12,Fairfield Christian Academy (Lancaster),32,0,,
9,Bethel (Tipp City),12,Northridge (Dayton),39,0,,
9,Bethel-Tate (Bethel),35,Blanchester (Blanchester),34,0,,
9,Bishop Hartley (Columbus),39,KIPP Columbus (Columbus),26,0,,
9,Bishop Ready (Columbus),19,Columbus Academy (Gahanna),29,0,,
9,Bishop Watterson (Columbus),49,Northwest (Cincinnati),12,0,,
9,Bloom-Carroll (Carroll),28,Hamilton Township (Columbus),17,0,,
9,Bluffton (Bluffton),45,Allen East (Harrod),13,0,,
9,Bowling Green (Bowling Green),7,Sylvania Southview (Sylvania),22,0,,
9,Bridgeport (Bridgeport),24,Shadyside (Shadyside),21,0,,
9,Brookville (Brookville),7,Valley View (Germantown),27,0,,
9,Brunswick (Brunswick),21,Cleveland Heights (Cleveland Heights),24,0,,
9,Buckeye (Medina),35,Rocky River (Rocky River),27,0,,
9,Buckeye Central (New Washington),8,Wynford (Bucyrus),55,0,,
9,Buckeye Local (Rayland),8,Toronto (Toronto),44,0,,
9,Buckeye Valley (Delaware),35,Whitehall-Yearling (Whitehall),3,0,,
9,Bucyrus (Bucyrus),14,Seneca East (Attica),62,0,,
9,Butler (Vandalia),23,Piqua (Piqua),28,0,,
9,Caldwell (Caldwell),40,River (Hannibal),7,0,,
9,Calvert (Tiffin),31,Woodmore (Elmore),38,0,,
9,Canfield (Canfield),44,Howland (Warren),3,0,,
9,Canton McKinley (Canton),40,Jackson (Massillon),9,0,,
9,Cardinal Mooney (Youngstown),38,South Range (Canfield),30,0,,
9,Carlisle (Carlisle),46,Madison (Middletown),8,0,,
9,Carrollton (Carrollton),7,West Branch (Beloit),48,0,,
9,Catholic Central (Springfield),28,Cedarville (Cedarville),36,0,,
9,Catholic Central (Steubenville),48,Conotton Valley (Bowerston),30,0,,
9,Centennial (Columbus),15,Beechcroft (Columbus),22,0,,
9,Centerburg (Centerburg),59,East Knox (Howard),6,0,,
9,Central Crossing (Grove City),0,Westerville Central (Westerville),30,0,,
9,Chagrin Falls (Chagrin Falls),31,Rootstown (Rootstown),24,0,,
9,Chaminade Julienne (Dayton),34,Archbishop Carroll (Dayton),14,0,,
9,Chardon (Chardon),41,South (Willoughby),23,0,,
9,Chippewa (Doylestown),6,Dalton (Dalton),51,0,,
9,Clear Fork (Bellville),44,River Valley (Caledonia),7,0,,
9,Clearview (Lorain),27,Columbia (Columbia Station),21,0,,
9,Cloverleaf (Seville),15,Woodridge (Peninsula),21,0,,
9,Clyde (Clyde),20,Tiffin Columbian (Tiffin),49,0,,
9,Colonel Crawford (North Robinson),46,Upper Sandusky (Upper Sandusky),24,0,,
9,Thurgood Marshall (Dayton),0,Dunbar (Dayton),42,0,,
9,Columbiana (Columbiana),40,East Palestine (East Palestine),7,0,,
9,Columbus Grove (Columbus Grove),33,Lima Central Catholic (Lima),25,0,,
9,Conneaut (Conneaut),50,Lakeside (Ashtabula),49,0,,
9,Cory-Rawson (Rawson),7,Ridgemont (Mt Victory),42,0,,
9,Coventry (Akron),0,Ravenna (Ravenna),41,0,,
9,Covington (Covington),35,Milton-Union (West Milton),21,0,,
9,Crestview (Columbiana),42,Garfield (Garrettsville),20,0,,
9,Crestwood (Mantua),0,Kirtland (Kirtland),40,0,,
9,Cuyahoga Valley Christian Academy (Cuyahoga Falls),42,Padua Franciscan (Parma),7,0,,
9,Danville (Danville),18,Fredericktown (Fredericktown),33,0,,
9,Lisbon David Anderson (Lisbon),41,Leetonia (Leetonia),21,0,,
9,Dixie (New Lebanon),7,Twin Valley South (West Alexandria),25,0,,
9,Dover (Dover),27,Linsly (Wheeling),35,0,,WV
9,Dublin Scioto (Dublin),6,Big Walnut (Sunbury),35,0,,
9,East Canton (East Canton),35,Buckeye Trail (Lore City),6,0,,
9,Edgerton (Edgerton),35,Hicksville (Hicksville),12,0,,
9,Edgewood (Ashtabula),49,Jefferson Area (Jefferson),7,0,,
9,Edgewood (Trenton),16,Franklin (Franklin),21,0,,
9,Edison (Milan),27,Vermilion (Vermilion),24,0,,
9,Edison (Richmond),35,Harrison Central (Cadiz),19,0,,
9,Elder (Cincinnati),28,Bishop Chatard (Indianapolis),7,0,,IN
9,Elida (Elida),10,Wapakoneta (Wapakoneta),41,0,,
9,Elyria (Elyria),15,Berea-Midpark (Berea),44,0,,
9,Evergreen (Metamora),6,Delta (Delta),50,0,,
9,Fairbanks (Milford Center),64,Triad (North Lewisburg),12,0,,
9,Fairland (Proctorville),0,Dawson-Bryant (Coal Grove),30,0,,
9,Fairview (Fairview Park),42,Brooklyn (Brooklyn),6,0,,
9,Fairview (Sherwood),37,Wayne Trace (Haviland),7,0,,
9,Fayetteville (Fayetteville),6,Clermont Northeastern (Batavia),49,0,,
9,Field (Mogadore),6,Streetsboro (Streetsboro),38,0,,
9,Finneytown (Cincinnati),7,Mariemont (Cincinnati),28,0,,
9,Firelands (Oberlin),24,Keystone (La Grange),33,0,,
9,Firestone (Akron),30,North (Akron),0,0,,
9,Fisher Catholic (Lancaster),0,Grove City Christian (Grove City),41,0,,
9,Fort Recovery (Fort Recovery),24,Anna (Anna),28,0,,
9,Fostoria (Fostoria),7,Genoa Area (Genoa),49,0,,
9,Franklin Heights (Columbus),35,Bexley (Columbus),7,0,,
9,Galion (Galion),28,Marion Harding (Marion),20,0,,
9,Geneva (Geneva),35,Madison (Madison),7,0,,
9,Girard (Girard),48,Hubbard (Hubbard),20,0,,
9,Goshen (Goshen),49,Wilmington (Wilmington),21,0,,
9,Green (Uniontown),28,Perry (Massillon),21,0,,
9,Greenon (Enon),12,Greeneview (Jamestown),28,0,,
9,Groveport Madison (Groveport),44,Logan (Logan),13,0,,
9,Hamilton (Hamilton),14,Middletown (Middletown),10,0,,
9,Warren G Harding (Warren),10,Massillon Washington (Massillon),42,0,,
9,Hardin Northern (Dola),6,Upper Scioto Valley (McGuffey),46,0,,
9,Hawken (Gates Mills),49,Harvey (Painesville),46,0,,
9,Highland (Medina),49,Revere (Richfield),7,0,,
9,Hilliard Bradley (Hilliard),14,Olentangy Orange (Lewis Center),38,0,,
9,Holy Name (Parma Heights),14,Lake Catholic (Mentor),35,0,,
9,Hoover (North Canton),14,Lake (Uniontown),20,0,,
9,Huntington (Chillicothe),40,Adena (Frankfort),14,0,,
9,Huron (Huron),6,Perkins (Sandusky),41,0,,
9,Independence (Columbus),52,Eastmoor Academy (Columbus),32,0,,
9,Indian Hill (Cincinnati),48,Deer Park (Cincinnati),6,0,,
9,Indian Lake (Lewistown),24,Graham Local (St Paris),21,0,,
9,Indian Valley (Gnadenhutten),54,Tuscarawas Valley (Zoarville),0,0,,
9,Ironton (Ironton),56,Gallia Academy (Gallipolis),7,0,,
9,Jackson (Jackson),41,Miami Trace (Washington Court House),27,0,,
9,Jackson-Milton (North Jackson),38,Campbell Memorial (Campbell),14,0,,
9,Jefferson (Delphos),0,Fort Loramie (Fort Loramie),40,0,,
9,John Adams (Cleveland),44,John Marshall (Cleveland),42,0,,
9,John F Kennedy (Cleveland),0,East Technical (Cleveland),36,0,,
9,John Hay (Cleveland),0,Glenville (Cleveland),41,0,,
9,Jonathan Alder (Plain City),35,Kenton Ridge (Springfield),33,0,,
9,Kenston (Chagrin Falls),14,Mayfield (Mayfield),7,0,,
9,Kings (Kings Mills),38,Turpin (Cincinnati),26,0,,
9,Lake (Millbury),7,Eastwood (Pemberville),42,0,,
9,Lakeview (Cortland),0,Poland Seminary (Poland),42,0,,
9,Lakota (Kansas),7,Margaretta (Castalia),38,0,,
9,Lakota East (Liberty Township),38,Sycamore (Cincinnati),0,0,,
9,Lancaster (Lancaster),0,Canal Winchester (Canal Winchester),42,0,,
9,La Salle (Cincinnati),35,Louisville (Louisville),24,0,,
9,Lebanon (Lebanon),42,Walnut Hills (Cincinnati),8,0,,
9,Lexington (Lexington),49,Madison Comprehensive (Mansfield),17,0,,
9,Liberty (Youngstown),63,Champion (Warren),7,0,,
9,Liberty-Benton (Findlay),44,Arcadia (Arcadia),6,0,,
9,Liberty Union (Baltimore),27,Circleville (Circleville),56,0,,
9,Lima Senior (Lima),44,Waite (Toledo),7,0,,
9,Gahanna Lincoln (Gahanna),44,Grove City (Grove City),20,0,,
9,Lincoln West (Cleveland),12,Collinwood (Cleveland),28,0,,
9,Logan Elm (Circleville),40,Alexander (Albany),7,0,,
9,London (London),37,Tecumseh (New Carlisle),0,0,,
9,Lowellville (Lowellville),40,Waterloo (Atwater),14,0,,
9,Lutheran East (Cleveland Heights),12,Lucas (Lucas),26,0,,
9,Lutheran West (Rocky River),7,Orange (Pepper Pike),21,0,,
9,Madeira (Cincinnati),19,Taylor (Cleves),20,0,,
9,Manchester (New Franklin),28,Orrville (Orrville),35,0,,
9,Manchester (Manchester),52,Vanlue (Vanlue),0,0,,
9,Mansfield Senior (Mansfield),12,GlenOak (Canton),44,0,,
9,Marietta (Marietta),34,Point Pleasant (Point Pleasant),16,0,,WV
9,Marion Local (Maria Stein),42,Minster (Minster),0,0,,
9,Marion-Franklin (Columbus),27,Briggs (Columbus),14,0,,
9,Marlington (Alliance),39,Salem (Salem),61,0,,
9,Marysville (Marysville),7,Olentangy Berlin (Delaware),41,0,,
9,Mason (Mason),38,Colerain (Cincinnati),21,0,,
9,Mathews (Vienna),20,Grand Valley (Orwell),42,0,,
9,Maumee (Maumee),36,Oak Harbor (Oak Harbor),60,0,,
9,Maysville (Zanesville),26,Meadowbrook (Byesville),34,0,,
9,McClain (Greenfield),14,Chillicothe (Chillicothe),36,0,,
9,McComb (McComb),47,Riverdale (Mt Blanchard),0,0,,
9,Niles McKinley (Niles),0,Struthers (Struthers),44,0,,
9,Archbishop McNicholas (Cincinnati),14,Bishop Fenwick (Franklin),16,0,,
9,Medina (Medina),14,Euclid (Euclid),32,0,,
9,Meigs (Pomeroy),33,Wellston (Wellston),8,0,,
9,St Marys Memorial (St Marys),35,Kenton (Kenton),26,0,,
9,Mentor (Mentor),38,Lorain (Lorain),6,0,,
9,Miamisburg (Miamisburg),28,Northmont (Clayton),14,0,,
9,Milford (Milford),14,Little Miami (Morrow),45,0,,
9,Millersport (Millersport),0,Bishop Rosecrans (Zanesville),37,0,,
9,Mineral Ridge (Mineral Ridge),51,Western Reserve (Berlin Center),20,0,,
9,Minerva (Minerva),0,Alliance (Alliance),35,0,,
9,Mohawk (Sycamore),29,Carey (Carey),28,0,,
9,Monroeville (Monroeville),28,Crestview (Ashland),26,0,,
9,Mount Gilead (Mount Gilead),28,Loudonville (Loudonville),21,0,,
9,Mount Healthy (Cincinnati),14,Talawanda (Oxford),35,0,,
9,Mount Vernon (Mount Vernon),13,Licking Valley (Newark),58,0,,
9,Napoleon (Napoleon),7,Fremont Ross (Fremont),0,0,,
9,National Trail (New Paris),55,Bradford (Bradford),0,0,,
9,New Albany (New Albany),7,Pickerington North (Pickerington),35,0,,
9,Newark Catholic (Newark),28,Lakewood (Hebron),14,0,,
9,New Bremen (New Bremen),0,St Henry (St Henry),20,0,,
9,Newcomerstown (Newcomerstown),38,Strasburg-Franklin (Strasburg),7,0,,
9,New Lexington (New Lexington),45,Crooksville (Crooksville),6,0,,
9,New Miami (Hamilton),24,Lockland (Lockland),14,0,,
9,New Richmond (New Richmond),34,Batavia (Batavia),41,0,,
9,Newton Falls (Newton Falls),20,Brookfield (Brookfield),52,0,,
9,Nordonia (Macedonia),35,Hudson (Hudson),42,0,,
9,Normandy (Parma),6,Westlake (Westlake),16,0,,
9,North Baltimore (North Baltimore),63,Crestline (Crestline),20,0,,
9,North Central (Pioneer),42,Montpelier (Montpelier),56,0,,
9,North College Hill (Cincinnati),14,Cincinnati Country Day (Cincinnati),46,0,,
9,Northeastern (South Vienna),52,Mechanicsburg (Mechanicsburg),26,0,,
9,Northland (Columbus),20,Linden McKinley (Columbus),14,0,,
9,Northmor (Galion),41,Cardington-Lincoln (Cardington),28,0,,
9,North Olmsted (North Olmsted),13,Valley Forge (Parma Heights),10,0,,
9,Northridge (Johnstown),3,Heath (Heath),40,0,,
9,Northwest (Canal Fulton),21,Fairless (Brewster),22,0,,
9,Northwest (McDermott),59,Waverly (Waverly),31,0,,
9,Northwood (Northwood),6,Hopewell-Loudon (Bascom),42,0,,
9,Norwayne (Creston),24,Smithville (Smithville),16,0,,
9,Notre Dame (Portsmouth),47,Symmes Valley (Willow Wood),63,0,,
9,Notre Dame-Cathedral Latin (Chardon),45,Elyria Catholic (Elyria),21,0,,
9,Oak Hill (Oak Hill),8,Portsmouth West (West Portsmouth),46,0,,
9,Oak Hills (Cincinnati),6,Lakota West (West Chester),38,0,,
9,Oakwood (Dayton),13,Bellbrook (Bellbrook),28,0,,
9,Oberlin (Oberlin),27,Brookside (Sheffield),28,0,,
9,Olentangy (Lewis Center),35,Dublin Jerome (Dublin),31,0,,
9,Olentangy Liberty (Powell),21,Hilliard Davidson (Hilliard),7,0,,
9,Olmsted Falls (Olmsted Falls),42,Midview (Grafton),7,0,,
9,Ontario (Ontario),35,Highland (Marengo),0,0,,
9,Ottawa-Glandorf (Ottawa),28,Celina (Celina),45,0,,
9,Paint Valley (Bainbridge),0,Zane Trace (Chillicothe),69,0,,
9,Pandora-Gilboa (Pandora),41,Ada (Ada),6,0,,
9,Parkway (Rockford),13,St John's (Delphos),48,0,,
9,Paulding (Paulding),36,Tinora (Defiance),10,0,,
9,Perry (Lima),6,Elgin (Marion),28,0,,
9,Perry (Perry),35,West Geauga (Chesterland),21,0,,
9,Philo (Duncan Falls),31,John Glenn (New Concord),13,0,,
9,Piketon (Piketon),21,Westfall (Williamsport),53,0,,
9,Pleasant (Marion),10,Shelby (Shelby),55,0,,
9,Princeton (Cincinnati),35,Fairfield (Fairfield),0,0,,
9,Pymatuning Valley (Andover),55,Cardinal (Middlefield),0,0,,
9,Reynoldsburg (Reynoldsburg),21,Newark (Newark),35,0,,
9,Rhodes (Cleveland),12,Gilmour Academy (Gates Mills),28,0,,
9,Richmond Heights (Richmond Heights),36,Windham (Windham),8,0,,
9,Ridgewood (West Lafayette),28,Claymont (Uhrichsville),7,0,,
9,Rittman (Rittman),13,Hillsdale (Jeromesville),49,0,,
9,Riverside (Painesville),42,North (Eastlake),21,0,,
9,River View (Warsaw),0,Morgan (McConnelsville),47,0,,
9,Rock Hill (Ironton),14,Chesapeake (Chesapeake),27,0,,
9,Roger Bacon (St Bernard),21,Cincinnati Hills Christian Academy (Cincinnati),36,0,,
9,Kent Roosevelt (Kent),14,Aurora (Aurora),42,0,,
9,Ross (Hamilton),9,Monroe (Monroe),0,0,,
9,Rossford (Rossford),6,Otsego (Tontogany),21,0,,
9,St Bernard-Elmwood Place (St Bernard),27,Miami Valley Christian Academy (Cincinnati),0,0,,
9,St Charles (Columbus),20,University School (Hunting Valley),21,0,,
9,St Clairsville (St Clairsville),28,Indian Creek (Wintersville),21,0,,
9,St Francis DeSales (Columbus),23,Harrison (Harrison),21,0,,
9,St Francis de Sales (Toledo),0,Central Catholic (Toledo),40,0,,
9,St John's Jesuit (Toledo),22,Warren De La Salle (Warren),48,0,,MI
9,Villa Angela-St Joseph (Cleveland),33,Benedictine (Cleveland),22,0,,
9,St Paul (Norwalk),50,Mapleton (Ashland),6,0,,
9,St Thomas Aquinas (Louisville),0,Mogadore (Mogadore),33,0,,
9,St Xavier (Cincinnati),41,St Ignatius (Cleveland),7,0,,
9,Sandusky (Sandusky),28,Norwalk (Norwalk),31,0,,
9,Sandy Valley (Magnolia),7,Garaway (Sugarcreek),49,0,,
9,Scott (Toledo),14,Rogers (Toledo),17,0,,
9,Shaker Heights (Shaker Heights),0,Strongsville (Strongsville),17,0,,
9,Shaw (East Cleveland),26,Warrensville Heights (Warrensville Heights),12,0,,
9,Shawnee (Springfield),14,North Union (Richwood),48,0,,
9,Shenandoah (Sarahsville),32,Frontier (New Matamoras),22,0,,
9,Solon (Solon),0,Brecksville-Broadview Heights (Broadview Heights),53,0,,
9,Canton South (Canton),28,Tuslaw (Massillon),21,0,,
9,South (Columbus),23,West (Columbus),25,0,,
9,South Central (Greenwich),32,New London (New London),0,0,,
9,Southeast (Ravenna),28,LaBrae (Leavittsburg),42,0,,
9,Southeastern Local (South Charleston),27,Madison-Plains (London),28,0,,
9,South Gallia (Crown City),52,Eastern (Beaver),71,0,,
9,Southern (Racine),40,Federal Hocking (Stewart),6,0,,
9,Southern (Salineville),44,Valley Christian School (Youngstown),35,0,,
9,South Point (South Point),13,Portsmouth (Portsmouth),41,0,,
9,Spencerville (Spencerville),27,Crestview (Convoy),33,0,,
9,Springboro (Springboro),30,Centerville (Centerville),20,0,,
9,Springfield (Akron),0,Norton (Norton),61,0,,
9,Springfield (New Middletown),6,McDonald (McDonald),7,0,,
9,Springfield (Springfield),7,Kettering Fairmont (Kettering),10,0,,
9,Stebbins (Riverside),34,Fairborn (Fairborn),21,0,,
9,Amherst Steele (Amherst),28,North Ridgeville (North Ridgeville),42,0,,
9,Stow-Munroe Falls (Stow),20,Wadsworth (Wadsworth),50,0,,
9,Summit Country Day (Cincinnati),7,Purcell Marian (Cincinnati),28,0,,
9,Swanton (Swanton),0,Patrick Henry (Hamler),47,0,,
9,Sylvania Northview (Sylvania),7,Findlay (Findlay),42,0,,
9,Taft (Cincinnati),45,Aiken (Cincinnati),0,0,,
9,Tallmadge (Tallmadge),42,Cuyahoga Falls (Cuyahoga Falls),7,0,,
9,Teays Valley (Ashville),17,Pickerington Central (Pickerington),49,0,,
9,Trimble (Glouster),0,Waterford (Waterford),47,0,,
9,Trinity (Garfield Heights),14,Cuyahoga Heights (Cuyahoga Heights),41,0,,
9,Tri-Valley (Dresden),35,Sheridan (Thornville),29,0,,
9,Tri-Village (New Madison),40,Preble Shawnee (Camden),7,0,,
9,Triway (Wooster),28,Canton Central Catholic (Canton),0,0,,
9,Troy (Troy),0,Tippecanoe (Tipp City),21,0,,
9,Troy Christian (Troy),14,Miami East (Casstown),42,0,,
9,Tuscarawas Central Catholic (New Philadelphia),16,Malvern (Malvern),56,0,,
9,Tri-County North (Lewisburg),27,Mississinawa Valley (Union City),20,0,,
9,Unioto (Chillicothe),57,Southeastern (Chillicothe),0,0,,
9,United (Hanoverton),42,Wellsville (Wellsville),7,0,,
9,Upper Arlington (Upper Arlington),42,Dublin Coffman (Dublin),7,0,,
9,Urbana (Urbana),16,Bellefontaine (Bellefontaine),23,0,,
9,Utica (Utica),20,Johnstown (Johnstown),56,0,,
9,Valley (Lucasville),41,Grandview Heights (Columbus),8,0,,
9,Van Buren (Van Buren),41,Elmwood (Bloomdale),0,0,,
9,Van Wert (Van Wert),24,Shawnee (Lima),45,0,,
9,Versailles (Versailles),14,Coldwater (Coldwater),44,0,,
9,Vinton County (McArthur),12,Nelsonville-York (Nelsonville),54,0,,
9,Walsh Jesuit (Cuyahoga Falls),51,St Vincent-St Mary (Akron),7,0,,
9,Warren (Vincent),8,Fort Frye (Beverly),46,0,,
9,Washington (Washington Court House),43,Hillsboro (Hillsboro),21,0,,
9,Watkins Memorial (Pataskala),42,Licking Heights (Pataskala),14,0,,
9,Wauseon (Wauseon),0,Liberty Center (Liberty Center),56,0,,
9,Wayne (Huber Heights),17,Beavercreek (Beavercreek),20,0,,
9,Waynedale (Apple Creek),44,Northwestern (West Salem),32,0,,
9,Waynesfield-Goshen (Waynesfield),0,Ridgedale (Morral),17,0,,
9,Waynesville (Waynesville),21,Eaton (Eaton),17,0,,
9,Wellington (Wellington),7,Black River (Sullivan),48,0,,
9,West Carrollton (West Carrollton),28,Sidney (Sidney),31,0,,
9,Western Brown (Mount Orab),0,Clinton-Massie (Clarksville),37,0,,
9,Western Hills (Cincinnati),48,Woodward (Cincinnati),0,0,,
9,Western Reserve (Collins),40,Plymouth (Plymouth),0,0,,
9,West Clermont (Cincinnati),21,Loveland (Loveland),56,0,,
9,West Holmes (Millersburg),21,New Philadelphia (New Philadelphia),26,0,,
9,Westland (Galloway),24,Delaware Hayes (Delaware),17,0,,
9,West Liberty-Salem (West Liberty),7,West Jefferson (West Jefferson),20,0,,
9,West Muskingum (Zanesville),54,Coshocton (Coshocton),14,0,,
9,Wheelersburg (Wheelersburg),56,Minford (Minford),6,0,,
9,Whetstone (Columbus),43,Mifflin (Columbus),0,0,,
9,Whitmer (Toledo),28,Clay (Oregon),29,0,,
9,Wickliffe (Wickliffe),21,Berkshire (Burton),33,0,,
9,Willard (Willard),7,Gibsonburg (Gibsonburg),69,0,,
9,Williamsburg (Williamsburg),49,East Clinton (Sabina),0,0,,
9,Withrow (Cincinnati),30,Hughes (Cincinnati),0,0,,
9,Woodward (Toledo),0,Springfield (Holland),45,0,,
9,Wooster (Wooster),7,Ashland (Ashland),52,0,,
9,Harvest Prep (Canal Winchester),28,Westerville South (Westerville),29,0,,
9,Thomas Worthington (Worthington),12,Hilliard Darby (Hilliard),29,0,,
9,Worthington Christian (Worthington),51,Dayton Christian (Miamisburg),38,0,,
9,Worthington Kilbourne (Columbus),34,Westerville North (Westerville),17,0,,
9,Wyoming (Cincinnati),49,Reading (Reading),13,0,,
9,Xenia (Xenia),44,Greenville (Greenville),7,0,,
9,Zanesville (Zanesville),8,Granville (Granville),52,0,,
9,Clark Montessori (Cincinnati),36,Norwood (Norwood),0,0,,
9,Brooke (Wellsburg),14,John Marshall (Glen Dale),35,0,WV,WV
9,Cabell Midland (Ona),20,Parkersburg (Parkersburg),27,0,WV,WV
9,Cameron (Cameron),6,Monroe Central (Woodsfield),28,0,WV,
9,Huntington (Huntington),30,George Washington (Charleston),10,0,WV,WV
9,Independence (Coal City),42,Barnesville (Barnesville),21,1,WV,
9,Magnolia (New Martinsville),14,St Marys (St Marys),44,0,WV,WV
9,Montcalm (Rock),6,Greenbrier West (Charmco),27,0,WV,WV
9,Oak Glen (New Cumberland),21,Tyler Consolidated,29,0,WV,WV
9,Parkersburg South (Parkersburg),10,Morgantown (Morgantown),45,0,WV,WV
9,Tucker County (Hambleton),14,Southern Garrett (Oakland),20,0,WV,MD
9,Valley (Wetzel) (Pine Grove),14,Calhoun County,65,0,WV,WV
9,Weir (Weirton),19,East Liverpool (East Liverpool),26,0,WV,
9,Wheeling Park (Wheeling),20,Butler,13,0,WV,PA
9,Williamstown (Williamstown),54,South Harrison (Lost Creek),36,0,WV,WV
9,River View (Bradshaw),18,Clay-Battelle (Blacksville),40,0,WV,WV
9,Beechwood (Fort Mitchell),56,Gallatin County,0,0,KY,KY
9,Belfry (Belfry),48,Betsy Lane,7,0,KY,KY
9,Bellevue (Bellevue),0,Newport (Newport),6,0,KY,KY
9,Bishop Brossart (Alexandria),21,Ludlow (Ludlow),20,0,KY,KY
9,Boyd County (Ashland),35,Rowan County,14,0,KY,KY
9,Campbell County (Alexandria),21,Simon Kenton (Independence),38,0,KY,KY
9,Clinton County (Albany),14,Green County,57,0,KY,KY
9,Dayton (Dayton),8,Newport Central Catholic,49,0,KY,KY
9,Dixie Heights (Edgewood),55,Boone County,0,0,KY,KY
9,DuPont Manual,54,Pleasure Ridge Park (Louisville),6,0,KY,KY
9,Eastern (Louisville),0,Trinity (Louisville),37,0,KY,KY
9,Harrison County (Cynthiana),0,Covington Catholic (Park Hills),56,0,KY,KY
9,Highlands (Fort Thomas),42,Mason County,6,0,KY,KY
9,Johnson Central,48,Greenup County (Greenup),14,0,KY,KY
9,Madison Central,49,George Rogers Clark (Winchester),0,0,KY,KY
9,Male (Louisville),49,Fern Creek,15,0,KY,KY
9,North Hardin (Radcliff),7,St Xavier (Louisville),40,0,KY,KY
9,Paintsville (Paintsville),0,Pikeville (Pikeville),38,0,KY,KY
9,Paris,7,Raceland (Raceland),55,0,KY,KY
9,Russell (Russell),42,Bath County,0,0,KY,KY
9,Ryle (Union),46,Great Crossing (Georgetown),20,0,KY,KY
9,Scott County (Georgetown),50,Woodford County (Versailles),57,0,KY,KY
9,Shelby Valley (Pikeville),40,East Ridge,32,0,KY,KY
9,Trimble County,0,Holy Cross (Covington),58,0,KY,KY
9,Warren Central,21,Cathedral (Indianapolis),28,0,KY,IN
9,Cooper (Union),42,Scott (Covington),6,0,KY,KY
9,Frederick Douglass (Lexington),27,Bryan Station,10,0,KY,KY
9,Brother Rice (Bloomfield Hills),43,Orchard Lake St Mary (Orchard Lake),31,0,MI,MI
9,Concord (Concord),28,Adrian Lenawee Christian,63,0,MI,MI
9,Detroit Denby (Detroit),20,Detroit Pershing,6,1,MI,MI
9,Detroit King (Detroit),19,Detroit Cass Tech (Detroit),35,1,MI,MI
9,DeWitt (DeWitt),51,Okemos,0,0,MI,MI
9,Erie Mason (Erie),8,Ottawa Hills (Toledo),56,0,MI,
9,Grand Ledge,14,Novi Detroit Catholic Central (Novi),36,0,MI,MI
9,Grosse Ile,24,Riverview (Riverview),68,0,MI,MI
9,Macomb Lutheran North,19,Ann Arbor Gabriel Richard (Ann Arbor),44,0,MI,MI
9,Muskegon (Muskegon),61,Muskegon Reeths-Puffer,7,0,MI,MI
9,North Adams-Jerome (North Adams),20,Camden-Frontier (Camden),62,0,MI,MI
9,Muskegon Mona Shores (Muskegon),47,Grand Rapids Union,21,0,MI,MI
9,Ottawa Lake Whiteford (Ottawa Lake),58,Petersburg Summerfield (Petersburg),6,0,MI,MI
9,Saginaw Heritage,42,U of D Jesuit (Detroit),14,0,MI,MI
9,Bedford (Temperance),0,Saline,51,0,MI,MI
9,Waldron (Waldron),44,Pittsford,52,0,MI,MI
9,Waterford Our Lady,6,Allen Park Cabrini (Allen Park),21,0,MI,MI
9,Central York (York),21,Archbishop Hoban (Akron),46,0,PA,
9,North Allegheny (Wexford),0,Pine-Richland (Gibsonia),67,0,PA,PA
9,McKeesport (McKeesport),74,Indiana,6,0,PA,PA
9,Albert Gallatin (Uniontown),62,Brownsville (Brownsville),21,0,PA,PA
9,Uniontown (Uniontown),12,Connellsville,56,0,PA,PA
9,Brashear (Pittsburgh),7,University Prep (USO co-op) (Pittsburgh),63,1,PA,PA
9,McDowell (Erie),13,Steubenville (Steubenville),36,0,PA,
9,Cathedral Prep (Erie),14,General McLane (Edinboro),28,0,PA,PA
9,Slippery Rock,14,Hickory (Hermitage),42,0,PA,PA
9,Greenville,49,Maplewood (Guys Mills),8,0,PA,PA
9,Reynolds (Greenville),0,Farrell (Farrell),74,0,PA,PA
9,Wilmington (New Wilmington),51,Sharpsville (Sharpsville),7,0,PA,PA
9,Union City,0,Northwestern (Albion),48,0,PA,PA
9,Lakeview,6,Cambridge Springs (Cambridge Springs),56,0,PA,PA
9,Erie (Erie),7,Brush (Lyndhurst),35,0,PA,
9,Central Clarion (co-op),35,DuBois,19,0,PA,PA
9,Bluffton (Bluffton),55,Blackhawk Christian (Fort Wayne),0,0,IN,IN
9,Carmel (Carmel),36,Lawrence Central,33,0,IN,IN
9,Center Grove (Greenwood),33,Bloomington South,12,0,IN,IN
9,Danville Community (Danville),49,Cardinal Ritter (Indianapolis),19,0,IN,IN
9,East Central (St Leon),16,Roncalli (Indianapolis),28,0,IN,IN
9,Fort Wayne South Side,12,Bishop Dwenger (Fort Wayne),28,0,IN,IN
9,Fremont (Fremont),40,Toledo Christian (Toledo),7,0,IN,
9,Jennings County (North Vernon),21,Jeffersonville (Jeffersonville),35,0,IN,IN
9,Northview,35,Linton-Stockton (Linton),14,0,IN,IN
9,Richmond (Richmond),14,Kokomo,50,0,IN,IN
9,South Dearborn (Aurora),20,Lawrenceburg (Lawrenceburg),27,0,IN,IN
9,Southern Wells,7,South Adams (Berne),42,0,IN,IN
9,Indianapolis Crimson Knights (club),6,South Decatur,41,0,IN,IN
9,Liberty Christian Academy (Lynchburg),65,Rustburg,0,0,VA,VA
9,Quantico (Quantico),38,Fuqua School (Farmville),52,0,VA,VA
9,Mount St Joseph (Baltimore),35,Loyola / Blakefield (Towson),28,0,MD,MD
9,St Mary's (Annapolis),14,Calvert Hall (Towson),13,0,MD,MD
9,St Frances Academy (Regional),0,Football North (via Clarkson SS) (Mississauga),34,1,MD,ON
9,Ballou (Washington),6,Eastern (Washington),50,0,DC,DC
9,St Francis (Hamburg),59,Bishop Timon - St Jude (Buffalo),35,0,NY,NY
9,Monsignor Farrell (Staten Island),28,Iona Prep (New Rochelle),21,0,NY,NY
9,Lancaster (Lancaster),7,Lewis J Bennett (Buffalo),36,0,NY,NY
9,Catholic Memorial (West Roxbury),22,Xaverian Brothers (Westwood),25,0,MA,MA
9,Saint John's (Shrewsbury),19,Saint John's Preparatory School (Danvers),53,0,MA,MA
9,Westwood Regional (Washington Twp),34,Ramsey (Ramsey),7,0,NJ,NJ
9,Caravel Academy (Bear),7,Middletown (Middletown),28,0,DE,DE
9,Fenwick (Oak Park),28,Mt Carmel (Chicago),35,0,IL,IL
9,Huron Heights (Newmarket),14,River Rouge (River Rouge),7,0,ON,MI
9,Spruce Creek (Port Orange),10,Seminole (Sanford),16,0,FL,FL
9,Palo Verde (Blythe),34,Calipatria,20,0,CA,CA
9,Christ School (Arden),0,Rabun Gap - Nacoochee (Rabun Gap),42,0,NC,GA
9,Nu'uuli Voc Tech (Pago Pago),0,Leone (Vailoatai),40,0,AS,AS
9,Guam High (Agana Heights),40,John F. Kennedy (Tamuning),0,0,GU,GU
9,Southern (Santa Rita),6,George Washington (Mangilao),20,0,GU,GU
9,"Ivanna Eudora Kean (Red Hook, St Thomas)",20,"Charlotte Amalie (Charlotte Amalie, St Thomas)",14,0,VI,VI
9,Osan (Pyeongtaek),20,"Yokota (Fussa, Tokyo)",44,0,SOUTH KOREA,JAPAN
9,"Matthew C. Perry (Iwakuni, Yamaguchi)",30,"Robert D. Edgren (Misawa, Aomori)",0,0,JAPAN,JAPAN
9,Naples (Campania),0,Stuttgart (Böblingen),32,0,ITALY,GERMANY
9,Wiesbaden (Wiesbaden),7,Ramstein (Ramstein-Miesenbach),49,0,GERMANY,GERMANY
9,Lakenheath (Brandon),14,Kaiserslautern (Kaiserslautern),27,0,UK,GERMANY
9,Alconbury (Huntingdon),55,Baumholder (Baumholder),6,0,UK,GERMANY
9,Africentric Early College (Columbus),6,Walnut Ridge (Columbus),26,0,,
9,Chalker (Southington),68,Holgate (Holgate),8,0,,
9,Danbury (Lakeside),8,St Joseph Central Catholic (Fremont),20,0,,
9,East (Akron),12,Buchtel (Akron),8,0,,
9,Ellet (Akron),13,Garfield (Akron),6,0,,
9,Fairport Harding (Fairport Harbor),21,St John School (Ashtabula),12,0,,
9,Garfield Heights (Garfield Heights),20,Maple Heights (Maple Heights),18,0,,
9,Hilltop (West Unity),14,Edon (Edon),48,0,,
9,John F Kennedy (Warren),32,Cleveland Central Catholic (Cleveland),12,0,,
9,Sebring McKinley (Sebring),6,Stryker (Stryker),14,0,,
9,Archbishop Moeller (Cincinnati),10,St Edward (Lakewood),35,0,,
9,Riverside (De Graff),31,Lehman Catholic (Sidney),38,0,,
9,Gamble Montessori (Cincinnati),0,Cincinnati College Prep (Cincinnati),46,0,,
9,West Union (club) (West Union),14,Peebles (club) (Peebles),58,0,,
9,C4 Lions (club) (Middletown),20,Landmark Eagles (club) (Cincinnati),34,0,,
9,Lumen Christi (Jackson),27,Traverse City St Francis,12,0,MI,MI
9,Morenci (Morenci),12,St Mary Central Catholic (Sandusky),38,0,MI,
9,Noblesville Lions (club) (Noblesville),0,Columbus Crusaders (club) (Columbus),51,0,IN,
9,DeMatha Catholic (Hyattsville),12,Bishop McNamara (Forestville),7,0,MD,MD
9,Coolidge (Washington),52,Howard D. Woodson (Washington),0,0,DC,DC
9,Jackson-Reed (Woodrow Wilson) (Washington),13,Roosevelt (Washington),35,0,DC,DC
9,Jamestown (Jamestown),49,Niagara Falls (Niagara Falls),6,0,NY,NY
9,Xavier (New York),28,Xaverian (Brooklyn),21,0,NY,NY
9,Christ the King Regional (Middle Village),6,St John the Baptist (West Islip),38,0,NY,NY
9,Nazareth Regional (Brooklyn),0,Holy Cross (Flushing),44,0,NY,NY
9,Delbarton School (Morristown),7,Bergen Catholic (Oradell),42,0,NJ,NJ
9,Rancocas Valley Regional (Mt Holly),14,St Augustine Prep (Richland),28,0,NJ,NJ
9,St Andrew's College (Aurora),20,Canisius (Buffalo),49,0,ON,NY
9,Bill Crothers SS (Unionville),7,St Joseph's Collegiate (Buffalo),35,0,ON,NY
9,Samoana (Utulei),30,Faga'itua (Faga'itua),42,0,AS,AS
9,"St Croix Educational Complex (Kingshill, St Croix)",6,"St Croix Central (Kingshill, St Croix)",0,0,VI,VI
9,Aviano (Aviano),20,Sigonella (Catania),16,0,ITALY,ITALY
9,Vicenza (Vicenza),20,Vilseck (Vilseck),21,0,ITALY,GERMANY
9,SHAPE (Mons),7,Rota (Cádiz),18,0,BELGIUM,SPAIN
10,Crossroads (Illinois) Crusaders (club) (Big Rock),30,Calumet Christian (Griffith),20,0,IL,IN
10,Claymont (Uhrichsville),7,Indian Valley (Gnadenhutten),42,0,,
10,Eastern (Beaver),56,Green (Franklin Furnace),0,0,,
10,Garfield Heights (Garfield Heights),32,Shaw (East Cleveland),0,0,,
10,Independence (Columbus),0,Walnut Ridge (Columbus),46,0,,
10,John Marshall (Cleveland),38,John F Kennedy (Cleveland),0,0,,
10,North Central (Pioneer),47,Hilltop (West Unity),14,0,,
10,Ponitz Tech (Dayton),22,Belmont (Dayton),38,0,,
10,Rogers (Toledo),13,Bowsher (Toledo),2,0,,
10,Gamble Montessori (Cincinnati),0,Shroder (Cincinnati),6,0,,
10,Newport Central Catholic,47,Bellevue (Bellevue),6,0,KY,KY
10,Reynolds (Greenville),14,Union / A-C Valley (co-op),22,0,PA,PA
10,Dunbar (Washington),46,Roosevelt (Washington),19,0,DC,DC
10,Eastern (Washington),30,Howard D. Woodson (Washington),0,0,DC,DC
10,Ada (Ada),14,Leipsic (Leipsic),47,0,,
10,Adena (Frankfort),8,Zane Trace (Chillicothe),39,0,,
10,Africentric Early College (Columbus),14,Eastmoor Academy (Columbus),28,0,,
10,Alexander (Albany),3,Meigs (Pomeroy),30,0,,
10,Allen East (Harrod),7,Fort Loramie (Fort Loramie),37,0,,
10,Alliance (Alliance),41,Marlington (Alliance),6,0,,
10,Amanda-Clearcreek (Amanda),60,Liberty Union (Baltimore),46,0,,
10,Anna (Anna),35,Parkway (Rockford),0,0,,
10,Anthony Wayne (Whitehouse),20,Findlay (Findlay),19,0,,
10,Antwerp (Antwerp),6,Paulding (Paulding),33,0,,
10,Arcanum (Arcanum),0,Tri-Village (New Madison),42,0,,
10,Archbishop Alter (Kettering),42,Chaminade Julienne (Dayton),0,0,,
10,Arlington (Arlington),33,Arcadia (Arcadia),8,0,,
10,Ashland (Ashland),35,Lexington (Lexington),43,0,,
10,Lakeside (Ashtabula),6,Edgewood (Ashtabula),50,0,,
10,Aurora (Aurora),35,Barberton (Barberton),0,0,,
10,Austintown-Fitch (Austintown),35,Warren G Harding (Warren),0,0,,
10,Avon (Avon),47,Elyria (Elyria),7,0,,
10,Barnesville (Barnesville),34,Union Local (Belmont),0,0,,
10,Bellbrook (Bellbrook),19,Ross (Hamilton),0,0,,
10,Bellefontaine (Bellefontaine),7,Jonathan Alder (Plain City),42,0,,
10,Berea-Midpark (Berea),34,Avon Lake (Avon Lake),33,0,,
10,Berkshire (Burton),34,Chagrin Falls (Chagrin Falls),0,0,,
10,Big Walnut (Sunbury),56,Westland (Galloway),0,0,,
10,Bishop Rosecrans (Zanesville),42,Berne Union (Sugar Grove),28,0,,
10,Bishop Watterson (Columbus),65,St Charles (Columbus),7,0,,
10,Black River (Sullivan),46,Oberlin (Oberlin),6,0,,
10,Bluffton (Bluffton),38,Columbus Grove (Columbus Grove),48,0,,
10,Bowling Green (Bowling Green),0,Fremont Ross (Fremont),28,0,,
10,Bradford (Bradford),6,Dixie (New Lebanon),48,0,,
10,Brecksville-Broadview Heights (Broadview Heights),17,Twinsburg (Twinsburg),14,0,,
10,Brookfield (Brookfield),14,Garfield (Garrettsville),49,0,,
10,Brooklyn (Brooklyn),6,Cuyahoga Heights (Cuyahoga Heights),39,0,,
10,Brookside (Sheffield),28,Wellington (Wellington),18,0,,
10,Brookville (Brookville),28,Franklin (Franklin),7,0,,
10,Buckeye Trail (Lore City),6,Newcomerstown (Newcomerstown),50,0,,
10,Buckeye Valley (Delaware),49,Bexley (Columbus),35,0,,
10,Bucyrus (Bucyrus),0,Carey (Carey),71,0,,
10,Harrison Central (Cadiz),41,Buckeye Local (Rayland),14,0,,
10,Cambridge (Cambridge),0,St Clairsville (St Clairsville),52,0,,
10,Canal Winchester (Canal Winchester),28,Groveport Madison (Groveport),21,0,,
10,Canfield (Canfield),21,Boardman (Youngstown),22,0,,
10,Archbishop Carroll (Dayton),8,Bishop Fenwick (Franklin),35,0,,
10,Carrollton (Carrollton),38,Minerva (Minerva),14,0,,
10,Cedarville (Cedarville),43,Southeastern Local (South Charleston),3,0,,
10,Centennial (Columbus),0,Whetstone (Columbus),16,0,,
10,Centerburg (Centerburg),34,Fredericktown (Fredericktown),0,0,,
10,Centerville (Centerville),27,Wayne (Huber Heights),47,0,,
10,Canton Central Catholic (Canton),54,St Thomas Aquinas (Louisville),0,0,,
10,Toledo Christian (Toledo),20,Cory-Rawson (Rawson),17,0,,
10,Chillicothe (Chillicothe),0,Jackson (Jackson),35,0,,
10,Cincinnati Country Day (Cincinnati),51,Clark Montessori (Cincinnati),20,0,,
10,Cincinnati Hills Christian Academy (Cincinnati),36,Summit Country Day (Cincinnati),7,0,,
10,Circleville (Circleville),26,Bloom-Carroll (Carroll),7,0,,
10,Clay (Oregon),48,Sylvania Northview (Sylvania),7,0,,
10,Clear Fork (Bellville),7,Galion (Galion),20,0,,
10,Cleveland Central Catholic (Cleveland),18,Brush (Lyndhurst),45,0,,
10,Cleveland Heights (Cleveland Heights),20,Shaker Heights (Shaker Heights),0,0,,
10,Clinton-Massie (Clarksville),56,Batavia (Batavia),14,0,,
10,Cloverleaf (Seville),7,Streetsboro (Streetsboro),35,0,,
10,Coldwater (Coldwater),6,Marion Local (Maria Stein),7,0,,
10,Colerain (Cincinnati),10,Hamilton (Hamilton),23,0,,
10,Thurgood Marshall (Dayton),0,Dayton Christian (Miamisburg),46,0,,
10,Columbia (Columbia Station),42,Firelands (Oberlin),15,0,,
10,Columbiana (Columbiana),52,Lisbon David Anderson (Lisbon),35,0,,
10,Conneaut (Conneaut),7,Madison (Madison),43,0,,
10,Conotton Valley (Bowerston),66,Mathews (Vienna),35,0,,
10,Copley (Copley),21,Revere (Richfield),24,0,,
10,Coshocton (Coshocton),61,River View (Warsaw),0,0,,
10,Crestline (Crestline),0,Lucas (Lucas),37,0,,
10,Crestview (Ashland),50,Mapleton (Ashland),8,0,,
10,Crestwood (Mantua),14,Wickliffe (Wickliffe),31,0,,
10,Crooksville (Crooksville),20,Maysville (Zanesville),40,0,,
10,Cuyahoga Falls (Cuyahoga Falls),0,Highland (Medina),62,0,,
10,Dalton (Dalton),56,Waynedale (Apple Creek),32,0,,
10,Dawson-Bryant (Coal Grove),26,Rock Hill (Ironton),7,0,,
10,Deer Park (Cincinnati),22,Wyoming (Cincinnati),42,0,,
10,Defiance (Defiance),14,Celina (Celina),17,0,,
10,Delta (Delta),49,Bryan (Bryan),7,0,,
10,Dublin Coffman (Dublin),3,Hilliard Bradley (Hilliard),29,0,,
10,Dunbar (Dayton),13,Meadowdale (Dayton),19,0,,
10,Dublin Jerome (Dublin),35,Thomas Worthington (Worthington),7,0,,
10,East Clinton (Sabina),7,Clermont Northeastern (Batavia),61,0,,
10,Eastern (Reedsville),42,Southern (Racine),6,0,,
10,East Knox (Howard),12,Danville (Danville),52,0,,
10,East Liverpool (East Liverpool),22,Oak Glen (New Cumberland),34,0,,WV
10,Eastwood (Pemberville),41,Maumee (Maumee),17,0,,
10,Eaton (Eaton),16,Carlisle (Carlisle),35,0,,
10,Elgin (Marion),30,Hardin Northern (Dola),8,0,,
10,Elida (Elida),7,St Marys Memorial (St Marys),29,0,,
10,Elmwood (Bloomdale),0,McComb (McComb),51,0,,
10,Elyria Catholic (Elyria),14,Cuyahoga Valley Christian Academy (Cuyahoga Falls),49,0,,
10,Euclid (Euclid),0,Mentor (Mentor),31,0,,
10,Fairborn (Fairborn),9,Butler (Vandalia),30,0,,
10,Fairfield (Fairfield),17,Oak Hills (Cincinnati),0,0,,
10,Fairfield Christian Academy (Lancaster),12,Grove City Christian (Grove City),47,0,,
10,Fairland (Proctorville),34,Chesapeake (Chesapeake),17,0,,
10,Fairview (Fairview Park),56,Cabell Midland (Ona),41,0,,WV
10,Fisher Catholic (Lancaster),25,Manchester (Manchester),0,0,,
10,Franklin Heights (Columbus),6,Bishop Ready (Columbus),17,0,,
10,Gallia Academy (Gallipolis),34,South Point (South Point),7,0,,
10,Garaway (Sugarcreek),14,Ridgewood (West Lafayette),0,0,,
10,Genoa Area (Genoa),35,Lake (Millbury),20,0,,
10,Gibsonburg (Gibsonburg),6,Margaretta (Castalia),9,0,,
10,Girard (Girard),56,Niles McKinley (Niles),8,0,,
10,GlenOak (Canton),0,Perry (Massillon),28,0,,
10,Goshen (Goshen),49,Western Brown (Mount Orab),42,0,,
10,Graham Local (St Paris),39,North Union (Richwood),35,0,,
10,Grand Valley (Orwell),0,Pymatuning Valley (Andover),38,0,,
10,Grandview Heights (Columbus),56,Mifflin (Columbus),0,0,,
10,Granville (Granville),35,Mount Vernon (Mount Vernon),13,0,,
10,Greeneview (Jamestown),39,Catholic Central (Springfield),7,0,,
10,Greenville (Greenville),6,Troy (Troy),40,0,,
10,Grove City (Grove City),63,Central Crossing (Grove City),3,0,,
10,Hamilton Township (Columbus),38,Logan Elm (Circleville),7,0,,
10,Harrison (Harrison),34,Northwest (Cincinnati),3,0,,
10,Delaware Hayes (Delaware),17,Villa Angela-St Joseph (Cleveland),48,0,,
10,Heath (Heath),46,Utica (Utica),7,0,,
10,Hicksville (Hicksville),22,Fairview (Sherwood),70,0,,
10,Highland (Marengo),7,Pleasant (Marion),21,0,,
10,Hilliard Davidson (Hilliard),0,Upper Arlington (Upper Arlington),31,0,,
10,Hilliard Darby (Hilliard),14,Marysville (Marysville),35,0,,
10,Hillsboro (Hillsboro),35,McClain (Greenfield),34,0,,
10,Hillsdale (Jeromesville),17,Norwayne (Creston),24,0,,
10,Hopewell-Loudon (Bascom),32,Woodmore (Elmore),6,0,,
10,Hubbard (Hubbard),31,South Range (Canfield),32,0,,
10,Hudson (Hudson),37,North Royalton (North Royalton),0,0,,
10,Huron (Huron),21,Edison (Milan),24,0,,
10,Indian Creek (Wintersville),21,Edison (Richmond),15,0,,
10,Jackson (Massillon),14,Hoover (North Canton),35,0,,
10,Jefferson (Delphos),18,Spencerville (Spencerville),46,0,,
10,Jefferson Area (Jefferson),0,Geneva (Geneva),56,0,,
10,John F Kennedy (Warren),19,Lutheran East (Cleveland Heights),7,0,,
10,John Glenn (New Concord),7,Tri-Valley (Dresden),42,0,,
10,John Hay (Cleveland),24,John Adams (Cleveland),12,0,,
10,Johnstown (Johnstown),52,Newark Catholic (Newark),7,0,,
10,Garfield (Akron),12,East (Akron),32,0,,
10,Kenston (Chagrin Falls),13,Chardon (Chardon),34,0,,
10,Kenton (Kenton),18,Van Wert (Van Wert),52,0,,
10,Kenton Ridge (Springfield),0,London (London),30,0,,
10,Kettering Fairmont (Kettering),14,Beavercreek (Beavercreek),7,0,,
10,Keystone (La Grange),19,Clearview (Lorain),20,0,,
10,Kirtland (Kirtland),42,Rootstown (Rootstown),7,0,,
10,River Valley (Bidwell),29,Fayetteville (Fayetteville),12,0,,
10,LaBrae (Leavittsburg),13,Crestview (Columbiana),49,0,,
10,Lake (Uniontown),27,Green (Uniontown),34,0,,
10,Lakeview (Cortland),20,Beaver Local (East Liverpool),42,0,,
10,Lakewood (Hebron),6,Northridge (Johnstown),31,0,,
10,Lakewood (Lakewood),14,Buckeye (Medina),42,0,,
10,Lakota (Kansas),24,Northwood (Northwood),26,0,,
10,Lakota West (West Chester),28,Lakota East (Liberty Township),42,0,,
10,La Salle (Cincinnati),54,Mount Healthy (Cincinnati),7,0,,
10,Leetonia (Leetonia),25,Wellsville (Wellsville),13,0,,
10,Lehman Catholic (Sidney),48,Covington (Covington),34,0,,
10,Liberty (Youngstown),55,Southeast (Ravenna),20,0,,
10,Liberty-Benton (Findlay),49,Van Buren (Van Buren),7,0,,
10,Liberty Center (Liberty Center),33,Archbold (Archbold),14,0,,
10,Licking Heights (Pataskala),30,Zanesville (Zanesville),14,0,,
10,Licking Valley (Newark),43,Watkins Memorial (Pataskala),21,0,,
10,Lima Central Catholic (Lima),21,Crestview (Convoy),13,0,,
10,Linden McKinley (Columbus),12,East (Columbus),14,0,,
10,Little Miami (Morrow),42,West Clermont (Cincinnati),0,0,,
10,Logan (Logan),0,Teays Valley (Ashville),34,0,,
10,Lorain (Lorain),30,Medina (Medina),33,0,,
10,Loudonville (Loudonville),19,Northmor (Galion),41,0,,
10,Loveland (Loveland),7,Anderson (Cincinnati),42,0,,
10,Lutheran West (Rocky River),22,Harvey (Painesville),60,0,,
10,Madison (Middletown),14,Oakwood (Dayton),49,0,,
10,Madison Comprehensive (Mansfield),21,Mansfield Senior (Mansfield),7,0,,
10,Madison-Plains (London),12,Greenon (Enon),42,0,,
10,Malvern (Malvern),6,East Canton (East Canton),7,0,,
10,Maple Heights (Maple Heights),52,Gilmour Academy (Gates Mills),24,0,,
10,Mariemont (Cincinnati),24,Madeira (Cincinnati),14,0,,
10,Marion-Franklin (Columbus),20,South (Columbus),7,0,,
10,Martins Ferry (Martins Ferry),40,Bellaire (Bellaire),12,0,,
10,Mayfield (Mayfield),14,North (Eastlake),19,0,,
10,McDonald (McDonald),20,Mineral Ridge (Mineral Ridge),14,0,,
10,Archbishop McNicholas (Cincinnati),17,Badin (Hamilton),10,0,,
10,Meadowbrook (Byesville),7,West Muskingum (Zanesville),21,0,,
10,Mechanicsburg (Mechanicsburg),49,West Liberty-Salem (West Liberty),7,0,,
10,Campbell Memorial (Campbell),22,Waterloo (Atwater),0,0,,
10,Miami East (Casstown),14,Riverside (De Graff),10,0,,
10,Miamisburg (Miamisburg),7,Springboro (Springboro),35,0,,
10,Miami Valley Christian Academy (Cincinnati),35,New Miami (Hamilton),6,0,,
10,Middletown (Middletown),14,Princeton (Cincinnati),6,0,,
10,Midview (Grafton),14,Amherst Steele (Amherst),7,0,,
10,Miller (Corning),24,Millersport (Millersport),6,0,,
10,Milton-Union (West Milton),35,Bethel (Tipp City),31,0,,
10,Minster (Minster),28,Fort Recovery (Fort Recovery),21,0,,
10,Mississinawa Valley (Union City),29,Ansonia (Ansonia),66,0,,
10,Monroe (Monroe),7,Edgewood (Trenton),42,0,,
10,Monroeville (Monroeville),33,St Paul (Norwalk),28,0,,
10,Montpelier (Montpelier),26,Edon (Edon),39,0,,
10,Morgan (McConnelsville),21,Philo (Duncan Falls),12,0,,
10,Mount Gilead (Mount Gilead),42,Cardington-Lincoln (Cardington),14,0,,
10,Nelsonville-York (Nelsonville),27,Athens (The Plains),12,0,,
10,Newark (Newark),17,Lancaster (Lancaster),16,0,,
10,New London (New London),0,Western Reserve (Collins),47,0,,
10,New Philadelphia (New Philadelphia),28,Dover (Dover),35,0,,
10,Newton Falls (Newton Falls),24,Champion (Warren),27,0,,
10,Northland (Columbus),1,Beechcroft (Columbus),0,0,,
10,Northmont (Clayton),7,Springfield (Springfield),56,0,,
10,North Ridgeville (North Ridgeville),36,Olmsted Falls (Olmsted Falls),34,0,,
10,Norton (Norton),56,Coventry (Akron),0,0,,
10,Norwalk (Norwalk),3,Clyde (Clyde),34,0,,
10,Northwest (Canal Fulton),7,Manchester (New Franklin),21,0,,
10,Northwest (McDermott),20,Oak Hill (Oak Hill),0,0,,
10,Northwestern (Springfield),6,Indian Lake (Lewistown),49,0,,
10,Northwestern (West Salem),6,Rittman (Rittman),21,0,,
10,Norwood (Norwood),6,North College Hill (Cincinnati),34,0,,
10,Notre Dame (Portsmouth),34,Sciotoville Community (Portsmouth),0,0,,
10,Oak Harbor (Oak Harbor),44,Rossford (Rossford),20,0,,
10,Olentangy Berlin (Delaware),14,Olentangy (Lewis Center),10,0,,
10,Olentangy Orange (Lewis Center),26,Olentangy Liberty (Powell),14,0,,
10,Otsego (Tontogany),42,Fostoria (Fostoria),0,0,,
10,Ottawa Hills (Toledo),8,Ottawa Lake Whiteford (Ottawa Lake),62,0,,MI
10,Padua Franciscan (Parma),3,Holy Name (Parma Heights),14,0,,
10,Pandora-Gilboa (Pandora),43,Riverdale (Mt Blanchard),7,0,,
10,Patrick Henry (Hamler),51,Evergreen (Metamora),3,0,,
10,Perkins (Sandusky),43,Tiffin Columbian (Tiffin),14,0,,
10,Perry (Perry),55,Hawken (Gates Mills),10,0,,
10,Perrysburg (Perrysburg),3,Whitmer (Toledo),35,0,,
10,Pickerington Central (Pickerington),35,Reynoldsburg (Reynoldsburg),14,0,,
10,Pickerington North (Pickerington),35,Gahanna Lincoln (Gahanna),0,0,,
10,Piketon (Piketon),36,Huntington (Chillicothe),30,0,,
10,Piqua (Piqua),28,Sidney (Sidney),20,0,,
10,Port Clinton (Port Clinton),43,Sandusky (Sandusky),8,0,,
10,Portsmouth (Portsmouth),1,Ironton (Ironton),0,0,,
10,Portsmouth West (West Portsmouth),12,Wheelersburg (Wheelersburg),49,0,,
10,Preble Shawnee (Camden),42,National Trail (New Paris),0,0,,
10,Purcell Marian (Cincinnati),19,Roger Bacon (St Bernard),21,0,,
10,Ravenna (Ravenna),13,Field (Mogadore),14,0,,
10,Reading (Reading),0,Indian Hill (Cincinnati),37,0,,
10,Rhodes (Cleveland),6,Glenville (Cleveland),38,0,,
10,Richmond Heights (Richmond Heights),22,Mogadore (Mogadore),42,0,,
10,Ridgedale (Morral),49,Perry (Lima),0,0,,
10,Ridgemont (Mt Victory),53,Waynesfield-Goshen (Waynesfield),36,0,,
10,River (Hannibal),21,Frontier (New Matamoras),32,0,,
10,River Valley (Caledonia),14,Ontario (Ontario),44,0,,
10,Rocky River (Rocky River),31,Bay (Bay Village),21,0,,
10,Kent Roosevelt (Kent),17,Tallmadge (Tallmadge),10,0,,
10,St Edward (Lakewood),20,Archbishop Hoban (Akron),24,0,,
10,St Francis DeSales (Columbus),23,Bishop Hartley (Columbus),21,0,,
10,St Francis de Sales (Toledo),44,Riverview (Riverview),6,0,,MI
10,St Henry (St Henry),26,Versailles (Versailles),20,0,,
10,St John's (Delphos),7,New Bremen (New Bremen),42,0,,
10,St John School (Ashtabula),48,Cardinal (Middlefield),0,0,,
10,St Joseph Central Catholic (Fremont),34,Cardinal Stritch Catholic (Oregon),14,0,,
10,St Mary Central Catholic (Sandusky),51,Holgate (Holgate),24,0,,
10,St Vincent-St Mary (Akron),13,Benedictine (Cleveland),24,0,,
10,Sandy Valley (Magnolia),20,Tuscarawas Valley (Zoarville),28,0,,
10,Scott (Toledo),6,Lima Senior (Lima),37,0,,
10,Seneca East (Attica),50,Mohawk (Sycamore),19,0,,
10,Shadyside (Shadyside),0,Monroe Central (Woodsfield),54,0,,
10,Shawnee (Lima),27,Ottawa-Glandorf (Ottawa),10,0,,
10,Shawnee (Springfield),13,Benjamin Logan (Bellefontaine),40,0,,
10,Shelby (Shelby),37,Marion Harding (Marion),6,0,,
10,Shenandoah (Sarahsville),14,Caldwell (Caldwell),19,0,,
10,Sheridan (Thornville),31,New Lexington (New Lexington),21,0,,
10,Smithville (Smithville),38,Chippewa (Doylestown),0,0,,
10,Canton South (Canton),56,West Holmes (Millersburg),48,0,,
10,South (Willoughby),20,Riverside (Painesville),43,0,,
10,South Central (Greenwich),20,Plymouth (Plymouth),6,0,,
10,Southeastern (Chillicothe),15,Paint Valley (Bainbridge),41,0,,
10,Southern (Salineville),15,United (Hanoverton),55,0,,
10,Springfield (New Middletown),33,Lowellville (Lowellville),19,0,,
10,Stebbins (Riverside),12,Xenia (Xenia),39,0,,
10,Stow-Munroe Falls (Stow),14,Nordonia (Macedonia),34,0,,
10,Strasburg-Franklin (Strasburg),51,Tuscarawas Central Catholic (New Philadelphia),0,0,,
10,Strongsville (Strongsville),24,Brunswick (Brunswick),7,0,,
10,Struthers (Struthers),8,Poland Seminary (Poland),52,0,,
10,Swanton (Swanton),0,Wauseon (Wauseon),56,0,,
10,Sycamore (Cincinnati),6,Mason (Mason),48,0,,
10,Sylvania Southview (Sylvania),48,Springfield (Holland),20,0,,
10,Talawanda (Oxford),37,Blanchester (Blanchester),7,0,,
10,Taylor (Cleves),32,Finneytown (Cincinnati),14,0,,
10,Tecumseh (New Carlisle),28,Urbana (Urbana),30,0,,
10,Tinora (Defiance),34,Edgerton (Edgerton),30,0,,
10,Tippecanoe (Tipp City),77,West Carrollton (West Carrollton),6,0,,
10,Toronto (Toronto),54,Brownsville (Brownsville),22,0,,PA
10,Triad (North Lewisburg),0,Northeastern (South Vienna),42,0,,
10,Trimble (Glouster),40,Federal Hocking (Stewart),6,0,,
10,Triway (Wooster),27,Orrville (Orrville),21,0,,
10,Trotwood-Madison (Trotwood),14,Walsh Jesuit (Cuyahoga Falls),31,0,,
10,Troy Christian (Troy),7,Northridge (Dayton),52,0,,
10,Turpin (Cincinnati),36,Milford (Milford),19,0,,
10,Tuslaw (Massillon),39,Fairless (Brewster),28,0,,
10,Twin Valley South (West Alexandria),8,Tri-County North (Lewisburg),47,0,,
10,University School (Hunting Valley),35,Howland (Warren),14,0,,
10,Upper Sandusky (Upper Sandusky),41,Buckeye Central (New Washington),6,0,,
10,Upper Scioto Valley (McGuffey),8,North Baltimore (North Baltimore),49,0,,
10,Valley (Lucasville),49,Minford (Minford),0,0,,
10,Valley Forge (Parma Heights),49,Normandy (Parma),20,0,,
10,Valley View (Germantown),48,Waynesville (Waynesville),0,0,,
10,Vanlue (Vanlue),0,Beachwood (Beachwood),41,0,,
10,Vermilion (Vermilion),6,Bellevue (Bellevue),16,0,,
10,Wadsworth (Wadsworth),50,Solon (Solon),21,0,,
10,Waite (Toledo),0,Napoleon (Napoleon),49,0,,
10,Walnut Hills (Cincinnati),14,Kings (Kings Mills),42,0,,
10,Wapakoneta (Wapakoneta),61,Bath (Lima),34,0,,
10,Warren (Vincent),14,Marietta (Marietta),42,0,,
10,Warrensville Heights (Warrensville Heights),3,Bedford (Bedford),38,0,,
10,Washington (Washington Court House),15,Miami Trace (Washington Court House),48,0,,
10,Waterford (Waterford),57,Belpre (Belpre),14,0,,
10,Waverly (Waverly),33,Worthington Christian (Worthington),36,0,,
10,Wayne Trace (Haviland),20,Ayersville (Defiance),12,0,,
10,Wellston (Wellston),7,Vinton County (McArthur),40,0,,
10,West (Columbus),31,Briggs (Columbus),6,0,,
10,West Branch (Beloit),27,Salem (Salem),13,0,,
10,Western Reserve (Berlin Center),33,Jackson-Milton (North Jackson),0,0,,
10,Westerville Central (Westerville),6,New Albany (New Albany),28,0,,
10,Westerville North (Westerville),16,Dublin Scioto (Dublin),7,0,,
10,Westerville South (Westerville),21,Worthington Kilbourne (Columbus),19,0,,
10,Westfall (Williamsport),13,Unioto (Chillicothe),35,0,,
10,West Geauga (Chesterland),47,Orange (Pepper Pike),15,0,,
10,West Jefferson (West Jefferson),49,Fairbanks (Milford Center),6,0,,
10,Westlake (Westlake),42,North Olmsted (North Olmsted),45,0,,
10,Whitehall-Yearling (Whitehall),6,Columbus Academy (Gahanna),20,0,,
10,Willard (Willard),18,Calvert (Tiffin),43,0,,
10,Williamsburg (Williamsburg),37,Bethel-Tate (Bethel),0,0,,
10,Wilmington (Wilmington),13,New Richmond (New Richmond),39,0,,
10,Windham (Windham),6,Fairport Harding (Fairport Harbor),42,0,,
10,Winton Woods (Cincinnati),31,Lebanon (Lebanon),10,0,,
10,Withrow (Cincinnati),48,Western Hills (Cincinnati),0,0,,
10,Woodridge (Peninsula),48,Springfield (Akron),0,0,,
10,Woodward (Cincinnati),0,Taft (Cincinnati),47,0,,
10,Wooster (Wooster),7,Louisville (Louisville),50,0,,
10,Wynford (Bucyrus),14,Colonel Crawford (North Robinson),50,0,,
10,Valley Christian School (Youngstown),55,East Palestine (East Palestine),54,0,,
10,KIPP Columbus (Columbus),14,Harvest Prep (Canal Winchester),47,0,,
10,Brooke (Wellsburg),7,Elkins,31,0,WV,WV
10,Cameron (Cameron),53,Bridgeport (Bridgeport),6,0,WV,
10,Doddridge County,40,Williamstown (Williamstown),26,0,WV,WV
10,George Washington (Charleston),30,Capital (Charleston),7,0,WV,WV
10,Independence (Coal City),30,Princeton Senior (Princeton),42,0,WV,WV
10,John Marshall (Glen Dale),14,Fairfield Union (Lancaster),50,0,WV,
10,Mount View,0,Magnolia (New Martinsville),22,0,WV,WV
10,Point Pleasant (Point Pleasant),14,Fort Frye (Beverly),46,0,WV,
10,St Marys (St Marys),51,Ritchie County (Ellenboro),16,0,WV,WV
10,Webster County,14,Wahama (Mason),63,0,WV,WV
10,Weir (Weirton),6,Albert Gallatin (Uniontown),34,0,WV,PA
10,Wheeling Park (Wheeling),7,Steubenville (Steubenville),38,0,WV,
10,Wirt County (Elizabeth),42,Valley (Wetzel) (Pine Grove),6,0,WV,WV
10,Linsly (Wheeling),31,Parkersburg South (Parkersburg),14,0,WV,WV
10,Ashland Blazer (Ashland),0,Johnson Central,35,0,KY,KY
10,Boone County,3,Cooper (Union),49,0,KY,KY
10,Bracken County,6,Beechwood (Fort Mitchell),49,0,KY,KY
10,Bullitt East,14,Male (Louisville),17,0,KY,KY
10,Covington Catholic (Park Hills),52,Mason County,0,0,KY,KY
10,East Carter,6,Russell (Russell),35,0,KY,KY
10,Fairview (Ashland),0,Paris,54,0,KY,KY
10,George Rogers Clark (Winchester),7,Frederick Douglass (Lexington),41,0,KY,KY
10,Holmes (Covington),44,Lewis County (Vanceburg),15,0,KY,KY
10,Holy Cross (Covington),43,Ludlow (Ludlow),6,0,KY,KY
10,Lloyd Memorial (Erlanger),42,Carroll County (Carrollton),6,0,KY,KY
10,Metcalfe County,60,Clinton County (Albany),28,0,KY,KY
10,Newport (Newport),52,Dayton (Dayton),14,0,KY,KY
10,Oldham County,3,Trinity (Louisville),52,0,KY,KY
10,Pikeville (Pikeville),24,Hazard,6,0,KY,KY
10,Raceland (Raceland),51,Nicholas County,14,0,KY,KY
10,Rowan County,13,Greenup County (Greenup),46,0,KY,KY
10,Scott (Covington),21,Conner (Hebron),52,0,KY,KY
10,Scott County (Georgetown),28,Highlands (Fort Thomas),42,0,KY,KY
10,Shelby Valley (Pikeville),7,Belfry (Belfry),47,0,KY,KY
10,Simon Kenton (Independence),13,Ryle (Union),41,0,KY,KY
10,St Xavier (Louisville),49,Pleasure Ridge Park (Louisville),0,0,KY,KY
10,Woodford County (Versailles),55,Anderson County,13,0,KY,KY
10,Belleville,10,Concord (Concord),50,0,MI,MI
10,Camden-Frontier (Camden),14,Britton-Deerfield (Britton),63,0,MI,MI
10,Detroit Cass Tech (Detroit),61,Bedford (Temperance),0,0,MI,MI
10,Detroit Southeastern,6,Dearborn Divine Child (Dearborn),56,0,MI,MI
10,U of D Jesuit (Detroit),28,St John's Jesuit (Toledo),52,0,MI,
10,DeWitt (DeWitt),63,Lansing Everett,7,0,MI,MI
10,Muskegon (Muskegon),13,Archbishop Moeller (Cincinnati),56,0,MI,
10,North Adams-Jerome (North Adams),20,Colon,71,0,MI,MI
10,Muskegon Mona Shores (Muskegon),13,Central Catholic (Toledo),35,0,MI,
10,River Rouge (River Rouge),3,Orchard Lake St Mary (Orchard Lake),20,0,MI,MI
10,Sterling Heights Stevenson,15,Brother Rice (Bloomfield Hills),24,0,MI,MI
10,Waldron (Waldron),56,Stryker (Stryker),22,0,MI,
10,Warren De La Salle (Warren),7,Elder (Cincinnati),35,0,MI,
10,Detroit University Prep,18,Detroit Denby (Detroit),34,0,MI,MI
10,Central York (York),56,William Penn,14,0,PA,PA
10,Butler,14,Central Clarion (co-op),21,0,PA,PA
10,Uniontown (Uniontown),13,Southern Garrett (Oakland),33,0,PA,MD
10,Pine-Richland (Gibsonia),49,Shaler,17,0,PA,PA
10,Knoch,0,McKeesport (McKeesport),57,0,PA,PA
10,Brashear (Pittsburgh),20,Wheeling Central Catholic (Wheeling),48,0,PA,WV
10,Carrick (Pittsburgh),62,Collinwood (Cleveland),0,0,PA,
10,Karns City,33,Wilmington (New Wilmington),28,0,PA,PA
10,McDowell (Erie),28,St Francis (Hamburg),35,0,PA,NY
10,Cathedral Prep (Erie),7,Farrell (Farrell),46,0,PA,PA
10,Northwestern (Albion),38,Saegertown,0,0,PA,PA
10,Greenville,41,Eisenhower,22,0,PA,PA
10,Mercer,17,Slippery Rock,42,0,PA,PA
10,Union City,7,Cambridge Springs (Cambridge Springs),46,0,PA,PA
10,Lakeview,12,Franklin,34,0,PA,PA
10,Sharpsville (Sharpsville),7,Punxsutawney,66,0,PA,PA
10,Erie (Erie),30,Meadville,43,0,PA,PA
10,Beech Grove,55,Richmond (Richmond),13,0,IN,IN
10,Bishop Dwenger (Fort Wayne),31,Leo,7,0,IN,IN
10,Blackhawk Christian (Fort Wayne),10,Fremont (Fremont),48,0,IN,IN
10,Bishop Chatard (Indianapolis),48,Mooresville,14,0,IN,IN
10,Madison-Grant,28,South Adams (Berne),45,0,IN,IN
10,Mitchell,12,Linton-Stockton (Linton),69,0,IN,IN
10,Roncalli (Indianapolis),54,Northview,32,0,IN,IN
10,Rushville Consolidated,0,South Dearborn (Aurora),49,0,IN,IN
10,Indianapolis Shortridge (Indianapolis),7,Danville Community (Danville),55,0,IN,IN
10,Indianapolis Crimson Knights (club),18,Phalen Academy,16,0,IN,IN
10,Christ Presbyterian Academy (Nashville),26,Knoxville Catholic,28,0,TN,TN
10,Brookville,19,Liberty Christian Academy (Lynchburg),33,0,VA,VA
10,Life Christian Academy (South Chesterfield),44,Faith Christian School,74,0,VA,VA
10,Archbishop Spalding (Severn),56,Loyola / Blakefield (Towson),6,0,MD,MD
10,Mt Zion Prep (Lanham),13,Cornerstone Christian (San Antonio),33,0,MD,TX
10,St Joseph's Collegiate (Buffalo),42,University Prep (Rochester),28,0,NY,NY
10,Orchard Park (Orchard Park),7,Lewis J Bennett (Buffalo),24,0,NY,NY
10,Lockport (Lockport),14,Jamestown (Jamestown),57,0,NY,NY
10,St Joseph by-the-Sea (Staten Island),6,Monsignor Farrell (Staten Island),28,0,NY,NY
10,Boston College High (Boston),7,Xaverian Brothers (Westwood),37,0,MA,MA
10,Saint John's Preparatory School (Danvers),37,Malden Catholic (Malden),15,0,MA,MA
10,St Augustine Prep (Richland),21,Millville (Millville),28,0,NJ,NJ
10,Ramsey (Ramsey),27,Dumont (Dumont),20,0,NJ,NJ
10,Middletown (Middletown),16,Salesianum (Wilmington),6,0,DE,DE
10,Mt Carmel (Chicago),35,Loyola Academy (Wilmette),24,0,IL,IL
10,Cardinal Ritter (St Louis),42,Lutheran North (St Louis),22,0,MO,MO
10,Football North (via Clarkson SS) (Mississauga),28,St Ignatius (Cleveland),13,0,ON,
10,Ben Lomond,14,Juab,65,0,UT,UT
10,Carbon,17,Grantsville,54,0,UT,UT
10,Judge Memorial,11,Providence Hall (Herriman),6,0,UT,UT
10,Logan,21,Richfield,41,0,UT,UT
10,North Sevier,12,Gunnison Valley,28,0,UT,UT
10,Ogden,14,Canyon View,12,0,UT,UT
10,Panguitch,6,Utah Military Academy - Camp Williams (Lehi),55,1,UT,UT
10,Saint Joseph,12,Water Canyon (Hildale),22,0,UT,UT
10,Union (Roosevelt),14,North Sanpete,30,0,UT,UT
10,Flagler Palm Coast (Bunnell),13,Spruce Creek (Port Orange),35,0,FL,FL
10,Southwest (El Centro),6,Palo Verde (Blythe),34,0,CA,CA
10,Rabun Gap - Nacoochee (Rabun Gap),56,Cabarrus (Cannon/Concord co-op),21,0,GA,NC
10,John F. Kennedy (Tamuning),0,George Washington (Mangilao),61,0,GU,GU
10,Humphreys (Pyeongtaek),9,Kubasaki (Okinawa),0,1,SOUTH KOREA,JAPAN
10,Sigonella (Catania),16,Rota (Cádiz),46,0,ITALY,SPAIN
10,Vicenza (Vicenza),0,Stuttgart (Böblingen),2,0,ITALY,GERMANY
10,Wiesbaden (Wiesbaden),0,Lakenheath (Brandon),41,0,GERMANY,UK
10,Ramstein (Ramstein-Miesenbach),17,Kaiserslautern (Kaiserslautern),0,0,GERMANY,GERMANY
10,Chalker (Southington),58,Danbury (Lakeside),34,0,,
10,Chaney (Youngstown),10,Youngstown East (Youngstown),6,0,,
10,East Technical (Cleveland),6,Catholic Central (Steubenville),37,0,,
10,Ellet (Akron),12,Firestone (Akron),6,0,,
10,Hughes (Cincinnati),28,Aiken (Cincinnati),30,0,,
10,Independence (Independence),28,Trinity (Garfield Heights),21,0,,
10,Lockland (Lockland),0,St Bernard-Elmwood Place (St Bernard),1,0,,
10,Sebring McKinley (Sebring),26,Kennedy Catholic (Hermitage),40,0,,PA
10,North (Akron),0,Buchtel (Akron),45,0,,
10,Notre Dame-Cathedral Latin (Chardon),14,Lake Catholic (Mentor),21,0,,
10,Start (Toledo),42,Woodward (Toledo),0,0,,
10,Symmes Valley (Willow Wood),36,South Gallia (Crown City),38,0,,
10,Massillon Washington (Massillon),21,Canton McKinley (Canton),14,0,,
10,Stivers (Dayton),0,Cincinnati College Prep (Cincinnati),58,0,,
10,Landmark Eagles (club) (Cincinnati),14,Columbus Crusaders (club) (Columbus),35,0,,
10,North Adams (club) (Seaman),8,Peebles (club) (Peebles),8,0,,
10,Sherman (Seth),14,Clay-Battelle (Blacksville),16,0,WV,WV
10,Ann Arbor Gabriel Richard (Ann Arbor),42,Allen Park Cabrini (Allen Park),7,1,MI,MI
10,Center Line,7,Lumen Christi (Jackson),42,0,MI,MI
10,Morenci (Morenci),36,Litchfield,14,0,MI,MI
10,Petersburg Summerfield (Petersburg),29,Erie Mason (Erie),0,0,MI,MI
10,Novi Detroit Catholic Central (Novi),26,Detroit King (Detroit),14,1,MI,MI
10,University Prep (USO co-op) (Pittsburgh),26,Westinghouse (Pittsburgh),0,1,PA,PA
10,Noblesville Lions (club) (Noblesville),0,C4 Lions (club) (Middletown),39,0,IN,
10,St Mary's (Annapolis),20,Mount St Joseph (Baltimore),7,0,MD,MD
10,Good Counsel (Wheaton),7,Gonzaga (Washington),13,0,MD,DC
10,Coolidge (Washington),41,Jackson-Reed (Woodrow Wilson) (Washington),0,0,DC,DC
10,Monroe (Rochester),36,Bishop Timon - St Jude (Buffalo),2,0,NY,NY
10,Iona Prep (New Rochelle),47,Kellenberg Memorial (Uniondale),13,0,NY,NY
10,Xaverian (Brooklyn),14,John F Kennedy Catholic (Somers),0,0,NY,NY
10,DePaul Catholic (Wayne),6,Delbarton School (Morristown),28,0,NJ,NJ
10,Huron Heights (Newmarket),21,Canisius (Buffalo),42,0,ON,NY
10,Bill Crothers SS (Unionville),0,St Andrew's College (Aurora),14,0,ON,ON
10,Tafuna (Tafuna),46,Nu'uuli Voc Tech (Pago Pago),12,0,AS,AS
10,Leone (Vailoatai),7,Samoana (Utulei),12,0,AS,AS
10,"Charlotte Amalie (Charlotte Amalie, St Thomas)",8,"St Croix Educational Complex (Kingshill, St Croix)",6,0,VI,VI
10,"St Croix Central (Kingshill, St Croix)",8,"Ivanna Eudora Kean (Red Hook, St Thomas)",40,0,VI,VI
10,Vilseck (Vilseck),2,Naples (Campania),35,0,GERMANY,ITALY
10,Spangdahlem (Spangdahlem),46,Alconbury (Huntingdon),12,0,GERMANY,UK
10,International School of Brussels (Watermael-Boitsfort),52,Aviano (Aviano),29,0,BELGIUM,ITALY
10,SHAPE (Mons),8,AFNORTH (Brunssum),32,0,BELGIUM,NETHERLANDS
10,Fordham Prep (Bronx),26,St John the Baptist (West Islip),27,0,NY,NY
10,Crossroads (Illinois) Crusaders (club) (Big Rock),24,Osceola Grace (club) (Elkhart),28,0,IL,IN
11,Brunswick (Brunswick),17,Jackson (Massillon),24,0,,
11,Cleveland Heights (Cleveland Heights),24,Berea-Midpark (Berea),48,0,,
11,Medina (Medina),28,Strongsville (Strongsville),25,0,,
11,St Ignatius (Cleveland),17,Perrysburg (Perrysburg),24,0,,
11,Dublin Jerome (Dublin),14,Hilliard Bradley (Hilliard),20,0,,
11,Kettering Fairmont (Kettering),21,Lebanon (Lebanon),22,0,,
11,Marysville (Marysville),6,Springfield (Springfield),35,0,,
11,Westland (Galloway),6,Wayne (Huber Heights),36,0,,
11,Grove City (Grove City),7,Olentangy Berlin (Delaware),12,0,,
11,Groveport Madison (Groveport),20,Gahanna Lincoln (Gahanna),13,0,,
11,Newark (Newark),14,Olentangy Liberty (Powell),35,0,,
11,Westerville Central (Westerville),0,Upper Arlington (Upper Arlington),37,0,,
11,Hamilton (Hamilton),0,Lakota West (West Chester),30,0,,
11,Little Miami (Morrow),6,Winton Woods (Cincinnati),39,0,,
11,Mason (Mason),41,Fairfield (Fairfield),46,0,,
11,Oak Hills (Cincinnati),47,Lakota East (Liberty Township),59,0,,
11,Boardman (Youngstown),38,Riverside (Painesville),28,0,,
11,Twinsburg (Twinsburg),24,Nordonia (Macedonia),27,0,,
11,Green (Uniontown),21,Garfield Heights (Garfield Heights),6,0,,
11,South (Willoughby),0,Hudson (Hudson),27,0,,
11,Clay (Oregon),14,Brecksville-Broadview Heights (Broadview Heights),34,0,,
11,Fremont Ross (Fremont),38,Olmsted Falls (Olmsted Falls),69,0,,
11,Start (Toledo),21,Anthony Wayne (Whitehouse),42,0,,
11,Valley Forge (Parma Heights),7,St Francis de Sales (Toledo),33,0,,
11,Louisville (Louisville),10,Westerville South (Westerville),14,0,,
11,Mount Vernon (Mount Vernon),21,Ashland (Ashland),56,0,,
11,Northland (Columbus),6,Hoover (North Canton),50,0,,
11,Worthington Kilbourne (Columbus),42,Walnut Ridge (Columbus),58,0,,
11,Aiken (Cincinnati),20,Lima Senior (Lima),62,0,,
11,Butler (Vandalia),7,Harrison (Harrison),40,0,,
11,Piqua (Piqua),0,Withrow (Cincinnati),45,0,,
11,Turpin (Cincinnati),27,La Salle (Cincinnati),28,0,,
11,Benedictine (Cleveland),7,East (Akron),19,0,,
11,Geneva (Geneva),46,Alliance (Alliance),12,0,,
11,Madison (Madison),8,Kenston (Chagrin Falls),34,0,,
11,Maple Heights (Maple Heights),42,Chardon (Chardon),33,0,,
11,Copley (Copley),34,St Marys Memorial (St Marys),36,0,,
11,Holy Name (Parma Heights),10,Shawnee (Lima),19,0,,
11,Midview (Grafton),15,Rocky River (Rocky River),20,0,,
11,Ontario (Ontario),0,Central Catholic (Toledo),35,0,,
11,Athens (The Plains),13,Buckeye Valley (Delaware),42,0,,
11,Independence (Columbus),12,Hamilton Township (Columbus),40,0,,
11,Linden McKinley (Columbus),14,Bloom-Carroll (Carroll),21,0,,
11,Sheridan (Thornville),28,Granville (Granville),30,0,,
11,Bellbrook (Bellbrook),7,Archbishop Alter (Kettering),35,0,,
11,Chillicothe (Chillicothe),14,Archbishop McNicholas (Cincinnati),35,0,,
11,Goshen (Goshen),28,Talawanda (Oxford),56,0,,
11,Hillsboro (Hillsboro),8,Miami Trace (Washington Court House),49,0,,
11,Edgewood (Ashtabula),13,Norton (Norton),63,0,,
11,Hubbard (Hubbard),13,Notre Dame-Cathedral Latin (Chardon),35,0,,
11,Salem (Salem),21,Northwest (Canal Fulton),15,0,,
11,West Geauga (Chesterland),21,Streetsboro (Streetsboro),35,0,,
11,Clearview (Lorain),7,Perkins (Sandusky),51,0,,
11,Cloverleaf (Seville),42,Bay (Bay Village),35,0,,
11,Clyde (Clyde),6,Bellevue (Bellevue),12,0,,
11,Orrville (Orrville),35,Clear Fork (Bellville),28,0,,
11,Heath (Heath),3,Fairfield Union (Lancaster),22,0,,
11,Johnstown (Johnstown),51,Indian Creek (Wintersville),37,0,,
11,Philo (Duncan Falls),14,Circleville (Circleville),31,0,,
11,Canton South (Canton),21,East (Columbus),43,0,,
11,Bishop Fenwick (Franklin),12,Brookville (Brookville),30,0,,
11,New Richmond (New Richmond),35,Washington (Washington Court House),56,0,,
11,Roger Bacon (St Bernard),13,Wyoming (Cincinnati),38,0,,
11,Taylor (Cleves),21,Clinton-Massie (Clarksville),51,0,,
11,Berkshire (Burton),7,South Range (Canfield),46,0,,
11,Claymont (Uhrichsville),7,Liberty (Youngstown),25,0,,
11,Edison (Richmond),14,Manchester (New Franklin),45,0,,
11,Pymatuning Valley (Andover),13,St Clairsville (St Clairsville),35,0,,
11,Delta (Delta),13,Liberty-Benton (Findlay),49,0,,
11,Fredericktown (Fredericktown),41,Fairview (Fairview Park),51,0,,
11,Oak Harbor (Oak Harbor),32,Eastwood (Pemberville),26,0,,
11,Port Clinton (Port Clinton),35,Edison (Milan),0,0,,
11,Amanda-Clearcreek (Amanda),13,Portsmouth (Portsmouth),32,0,,
11,Morgan (McConnelsville),43,Dawson-Bryant (Coal Grove),22,0,,
11,Union Local (Belmont),28,Africentric Early College (Columbus),12,0,,
11,Zane Trace (Chillicothe),48,Valley (Lucasville),0,0,,
11,Arcanum (Arcanum),26,Preble Shawnee (Camden),54,0,,
11,Greeneview (Jamestown),6,North Union (Richwood),21,0,,
11,Mariemont (Cincinnati),31,North College Hill (Cincinnati),12,0,,
11,West Liberty-Salem (West Liberty),0,Carlisle (Carlisle),35,0,,
11,Columbiana (Columbiana),7,Dalton (Dalton),43,0,,
11,Cuyahoga Heights (Cuyahoga Heights),24,Smithville (Smithville),28,0,,
11,Mineral Ridge (Mineral Ridge),7,Garaway (Sugarcreek),49,0,,
11,Springfield (New Middletown),15,Wickliffe (Wickliffe),17,0,,
11,Carey (Carey),16,Patrick Henry (Hamler),7,0,,
11,Tinora (Defiance),6,Fairview (Sherwood),42,0,,
11,Western Reserve (Collins),36,Bluffton (Bluffton),31,0,,
11,Woodmore (Elmore),13,Seneca East (Attica),15,0,,
11,Caldwell (Caldwell),42,Grove City Christian (Grove City),7,0,,
11,Eastern (Reedsville),7,Colonel Crawford (North Robinson),35,0,,
11,Grandview Heights (Columbus),0,Toronto (Toronto),41,0,,
11,Ridgewood (West Lafayette),28,Newcomerstown (Newcomerstown),6,0,,
11,Covington (Covington),0,Coldwater (Coldwater),48,0,,
11,Dayton Christian (Miamisburg),28,Rock Hill (Ironton),47,0,,
11,Deer Park (Cincinnati),15,Anna (Anna),54,0,,
11,Portsmouth West (West Portsmouth),30,Summit Country Day (Cincinnati),6,0,,
11,Lisbon David Anderson (Lisbon),21,East Canton (East Canton),28,0,,
11,St John School (Ashtabula),0,Malvern (Malvern),34,0,,
11,St Paul (Norwalk),27,John F Kennedy (Warren),42,0,,
11,Western Reserve (Berlin Center),35,East Palestine (East Palestine),36,0,,
11,Arlington (Arlington),20,Pandora-Gilboa (Pandora),42,0,,
11,Edgerton (Edgerton),21,Edon (Edon),28,0,,
11,Montpelier (Montpelier),6,Mohawk (Sycamore),41,0,,
11,Ridgedale (Morral),8,Gibsonburg (Gibsonburg),61,0,,
11,Bishop Rosecrans (Zanesville),46,Conotton Valley (Bowerston),78,0,,
11,Danville (Danville),54,Catholic Central (Steubenville),0,0,,
11,Lucas (Lucas),14,Strasburg-Franklin (Strasburg),28,0,,
11,Trimble (Glouster),28,South Gallia (Crown City),22,0,,
11,Cedarville (Cedarville),41,Notre Dame (Portsmouth),37,0,,
11,Fort Recovery (Fort Recovery),34,Cincinnati College Prep (Cincinnati),8,0,,
11,Minster (Minster),48,Lehman Catholic (Sidney),50,0,,
11,New Bremen (New Bremen),36,Ansonia (Ansonia),8,0,,
11,Boone County,7,Lloyd Memorial (Erlanger),45,0,KY,KY
11,Campbell County (Alexandria),7,Beechwood (Fort Mitchell),44,0,KY,KY
11,Holy Cross (Covington),29,Bellevue (Bellevue),6,0,KY,KY
11,Madison Central,6,St Xavier (Louisville),42,0,KY,KY
11,Mason County,21,Newport Central Catholic,42,0,KY,KY
11,Ryle (Union),63,Dixie Heights (Edgewood),20,0,KY,KY
11,Scott (Covington),54,Holmes (Covington),0,0,KY,KY
11,Woodford County (Versailles),20,Ballard,0,0,KY,KY
11,Cooper (Union),55,Simon Kenton (Independence),29,0,KY,KY
11,Howard D. Woodson (Washington),6,Dunbar (Washington),46,0,DC,DC
11,Niagara Falls (Niagara Falls),14,Lancaster (Lancaster),20,0,NY,NY
11,Xaverian Brothers (Westwood),27,Malden Catholic (Malden),6,0,MA,MA
11,Spruce Creek (Port Orange),56,Gulf Coast (Naples),35,0,FL,FL
11,"St Croix Central (Kingshill, St Croix)",0,"Charlotte Amalie (Charlotte Amalie, St Thomas)",32,0,VI,VI
11,Brooke (Wellsburg),46,Weir (Weirton),10,0,WV,WV
11,Cabell Midland (Ona),0,Huntington (Huntington),42,0,WV,WV
11,Cameron (Cameron),8,East Hardy (Baker),7,0,WV,WV
11,Gilmer County (Glenville),6,Wahama (Mason),68,0,WV,WV
11,Magnolia (New Martinsville),42,Valley (Wetzel) (Pine Grove),14,0,WV,WV
11,Midland Trail,55,Greenbrier West (Charmco),8,0,WV,WV
11,Nicholas County,27,Independence (Coal City),28,0,WV,WV
11,Oak Glen (New Cumberland),8,Clay-Battelle (Blacksville),16,0,WV,WV
11,Point Pleasant (Point Pleasant),21,John Marshall (Glen Dale),53,0,WV,WV
11,Tolsia,28,Wirt County (Elizabeth),31,0,WV,WV
11,Tyler Consolidated,18,St Marys (St Marys),21,0,WV,WV
11,Williamstown (Williamstown),46,Wayne,26,0,WV,WV
11,Spring Mills (Martinsburg),41,Parkersburg South (Parkersburg),0,0,WV,WV
11,Belfry (Belfry),42,Letcher County Central,14,0,KY,KY
11,Boyle County (Danville),20,Frederick Douglass (Lexington),13,0,KY,KY
11,Bracken County,7,Pikeville (Pikeville),42,0,KY,KY
11,Conner (Hebron),41,Henry Clay (Lexington),34,0,KY,KY
11,Greenup County (Greenup),33,Montgomery County,22,0,KY,KY
11,Lawrence County,40,Boyd County (Ashland),28,0,KY,KY
11,Lewis County (Vanceburg),7,Fairview (Ashland),48,0,KY,KY
11,Lexington Catholic (Lexington),24,Ashland Blazer (Ashland),6,0,KY,KY
11,Ludlow (Ludlow),32,St Henry (Erlanger),14,0,KY,KY
11,Male (Louisville),13,DuPont Manual,52,0,KY,KY
11,Newport (Newport),46,Harrison County (Cynthiana),7,0,KY,KY
11,Raceland (Raceland),20,East Carter,7,0,KY,KY
11,Russell (Russell),13,Breathitt County (Jackson),35,0,KY,KY
11,Harlan County,26,Shelby Valley (Pikeville),20,0,KY,KY
11,Brother Rice (Bloomfield Hills),28,Walled Lake Western,24,0,MI,MI
11,Hartland,7,Novi Detroit Catholic Central (Novi),35,0,MI,MI
11,Northville,3,Detroit Cass Tech (Detroit),46,0,MI,MI
11,Muskegon Mona Shores (Muskegon),34,Muskegon (Muskegon),39,0,MI,MI
11,Onsted,7,Lumen Christi (Jackson),56,0,MI,MI
11,Orchard Lake St Mary (Orchard Lake),35,North Farmington,7,0,MI,MI
11,Ottawa Lake Whiteford (Ottawa Lake),20,Clinton,36,0,MI,MI
11,Owosso,13,DeWitt (DeWitt),70,0,MI,MI
11,Riverview (Riverview),6,Detroit King (Detroit),36,0,MI,MI
11,Tecumseh,19,Dearborn Divine Child (Dearborn),55,0,MI,MI
11,Warren De La Salle (Warren),56,Warren Fitzgerald,34,0,MI,MI
11,North Hills,7,Bethel Park,38,0,PA,PA
11,Plum,8,Upper Saint Clair,46,0,PA,PA
11,Kiski Area,8,Shaler,28,0,PA,PA
11,Montour,13,New Castle (New Castle),14,0,PA,PA
11,Chartiers Valley,7,McKeesport (McKeesport),44,0,PA,PA
11,Mars,14,Thomas Jefferson,31,0,PA,PA
11,Aliquippa,21,Trinity (Washington),14,0,PA,PA
11,Taylor Allderdice (Pittsburgh),8,Hollidaysburg,69,0,PA,PA
11,Perry Traditional Academy (Pittsburgh),8,Central Clarion (co-op),56,1,PA,PA
11,Ridgway,19,Redbank Valley,51,0,PA,PA
11,Keystone (Knox),56,Kane,7,0,PA,PA
11,Cameron County,12,Union / A-C Valley (co-op),42,0,PA,PA
11,McDowell (Erie),1,Erie (Erie),0,1,PA,PA
11,Corry (Corry),12,Fort LeBoeuf,29,1,PA,PA
11,North East (North East),35,Grove City,7,1,PA,PA
11,Girard (Girard),0,Hickory (Hermitage),60,1,PA,PA
11,Mifflin County (Lewistown),21,DuBois,48,0,PA,PA
11,University Prep (USO co-op) (Pittsburgh),0,Clearfield,14,1,PA,PA
11,Armstrong (Kittaning),21,Moon,48,0,PA,PA
11,Conneaut Area (Linesville),0,Sharon (Sharon),52,1,PA,PA
11,Brebeuf Jesuit Preparatory,33,Bishop Chatard (Indianapolis),63,0,IN,IN
11,Columbia City,0,Bishop Dwenger (Fort Wayne),21,0,IN,IN
11,Danville Community (Danville),16,Roncalli (Indianapolis),49,0,IN,IN
11,Franklin Community,7,East Central (St Leon),21,0,IN,IN
11,Harrison (West Lafayette),7,Carmel (Carmel),56,0,IN,IN
11,Cathedral (Indianapolis),68,Anderson,0,0,IN,IN
11,Jeffersonville (Jeffersonville),0,Center Grove (Greenwood),48,0,IN,IN
11,Lawrenceburg (Lawrenceburg),48,Franklin County (Brookville),27,0,IN,IN
11,Linton-Stockton (Linton),46,Greencastle,10,0,IN,IN
11,South Adams (Berne),49,Tri,14,0,IN,IN
11,South Dearborn (Aurora),14,Greensburg,23,0,IN,IN
11,Triton,19,Fremont (Fremont),28,0,IN,IN
11,Christ Presbyterian Academy (Nashville),13,McCallie,34,0,TN,TN
11,Liberty Christian Academy (Lynchburg),33,Heritage (Lynchburg),35,0,VA,VA
11,Southern Garrett (Oakland),7,Northern Garrett (Accident),42,0,MD,MD
11,Mount St Joseph (Baltimore),20,Archbishop Spalding (Severn),56,0,MD,MD
11,Severn School (Severna Park),13,St Mary's (Annapolis),36,0,MD,MD
11,Riverdale Baptist (Upper Marlboro),7,Mt Zion Prep (Lanham),14,0,MD,MD
11,Gonzaga (Washington),14,DeMatha Catholic (Hyattsville),42,0,DC,MD
11,Lockport (Lockport),0,Jamestown (Jamestown),56,0,NY,NY
11,Christ the King Regional (Middle Village),0,Xavier (New York),28,0,NY,NY
11,Holy Spirit (Absecon),28,St Augustine Prep (Richland),27,0,NJ,NJ
11,McCluer,0,Cardinal Ritter (St Louis),78,0,MO,MO
11,Essex (Essex),7,Holy Names (Windsor),32,1,ON,ON
11,Delta,42,South Sevier,43,0,UT,UT
11,Emery,14,Summit Academy (Bluffdale),48,0,UT,UT
11,Enterprise,6,Duchesne,42,0,UT,UT
11,Grantsville,20,Juab,26,0,UT,UT
11,Gunnison Valley,0,Kanab,49,0,UT,UT
11,Judge Memorial,2,San Juan,77,0,UT,UT
11,Millard,14,North Summit,18,0,UT,UT
11,Monticello,43,Altamont,24,0,UT,UT
11,North Sanpete,10,Manti,55,0,UT,UT
11,Ogden,14,Cedar (Cedar City),49,0,UT,UT
11,Parowan,0,Beaver,49,0,UT,UT
11,Richfield,14,Morgan,49,0,UT,UT
11,Water Canyon (Hildale),14,Rich,55,0,UT,UT
11,Utah Military Academy - Hill Field (Riverdale),20,Whitehorse,38,0,UT,UT
11,Utah Military Academy - Camp Williams (Lehi),0,Milford,57,0,UT,UT
11,American Leadership Academy (Spanish Fork),20,South Summit,55,0,UT,UT
11,Bigfork (Bigfork),20,Hamilton (Hamilton),46,0,MT,MT
11,Billings Senior (Billings),7,Sentinel (Missoula),41,0,MT,MT
11,Butte Central Catholic (Butte),6,Whitefish (Whitefish),52,0,MT,MT
11,Butte (Butte),6,C M Russell (Great Falls),42,0,MT,MT
11,Conrad (Conrad),0,Florence-Carlton (Florence),49,0,MT,MT
11,Great Falls (Great Falls),21,Helena (Helena),14,0,MT,MT
11,Hellgate (Missoula),7,Bozeman (Bozeman),38,0,MT,MT
11,Fergus / Hobson / Moore (co-op),35,Sidney (Sidney),13,0,MT,MT
11,Dawson County / Wibaux (co-op),22,East Helena (East Helena),54,0,MT,MT
11,Legacy Sports Agency,14,Rabun Gap - Nacoochee (Rabun Gap),62,0,PR,GA
11,High Point Regional (Sussex),34,Ramsey (Ramsey),39,0,NJ,NJ
11,John F. Kennedy (Tamuning),0,Southern (Santa Rita),22,1,GU,GU
11,Danbury (Lakeside),8,Chalker (Southington),52,0,,
11,St Joseph Central Catholic (Fremont),18,St Mary Central Catholic (Sandusky),39,0,,
11,Landmark Eagles (club) (Cincinnati),47,Crossroads (Illinois) Crusaders (club) (Big Rock),14,1,,IL
11,C4 Lions (club) (Middletown),22,Calumet Christian (Griffith),6,1,,IN
11,Linsly (Wheeling),17,Kiski Prep (Saltsburg),21,0,WV,PA
11,Detroit Denby (Detroit),18,Detroit Southeastern,16,0,MI,MI
11,Saint Marys,26,Brockway,31,1,PA,PA
11,Oil City (Oil City),16,General McLane (Edinboro),14,1,PA,PA
11,Seneca,17,Mercyhurst Prep (Erie),21,1,PA,PA
11,Eisenhower,7,Farrell (Farrell),58,1,PA,PA
11,Cochranton,0,Cambridge Springs (Cambridge Springs),42,1,PA,PA
11,Indianapolis Crimson Knights (club),28,Grand Valley Patriots (club),14,0,IN,MI
11,Osceola Grace (club) (Elkhart),25,Columbus Crusaders (club) (Columbus),32,1,IN,
11,Pickett County,0,Clinton County (Albany),52,0,TN,KY
11,Bishop McNamara (Forestville),7,St John's College (Washington),28,0,MD,DC
11,Roosevelt (Washington),0,Coolidge (Washington),9,0,DC,DC
11,Bishop Timon - St Jude (Buffalo),7,St Joseph's Collegiate (Buffalo),21,0,NY,NY
11,Canisius (Buffalo),14,St Francis (Hamburg),29,0,NY,NY
11,Holy Cross (Flushing),18,Mount St Michael Academy (Bronx),13,0,NY,NY
11,St John the Baptist (West Islip),13,St Peter's (Staten Island),33,0,NY,NY
11,Hutchinson Central Technical (Buffalo),0,Orchard Park (Orchard Park),42,0,NY,NY
11,Archbishop Stepinac (White Plains),21,Iona Prep (New Rochelle),49,0,NY,NY
11,Cardinal Hayes (Bronx),13,Monsignor Farrell (Staten Island),38,0,NY,NY
11,Xaverian (Brooklyn),6,St Joseph by-the-Sea (Staten Island),20,0,NY,NY
11,Catholic Memorial (West Roxbury),28,Saint John's Preparatory School (Danvers),43,0,MA,MA
11,Paramus Catholic (Paramus),34,Delbarton School (Morristown),21,0,NJ,NJ
11,Middletown (Middletown),35,Paul M. Hodgson Vo-Tech (Newark),14,0,DE,DE
11,Loyola Academy (Wilmette),17,Mt Carmel (Chicago),21,0,IL,IL
11,Anaconda Senior (Anaconda),14,Malta / Whitewater / Saco / Dodson (co-op),32,0,MT,MT
11,Bainville (Bainville),7,Chester-Joplin-Inverness (Chester),53,0,MT,MT
11,Baker (Baker),22,Three Forks (Three Forks),60,0,MT,MT
11,Big Sandy (Big Sandy),16,Power / Dutton-Brady (co-op),30,0,MT,MT
11,Broadwater (Townsend),33,Red Lodge / Belfry / Roberts (co-op),34,0,MT,MT
11,Carter County (Ekalaka),6,Fort Benton (Fort Benton),58,0,MT,MT
11,Chinook (Chinook),28,Circle (Circle),30,0,MT,MT
11,Choteau (Choteau),20,Scobey / Opheim (co-op),48,0,MT,MT
11,Columbus (Columbus),21,Huntley Project (Worden),15,0,MT,MT
11,Culbertson (Culbertson),7,Belt (Belt),54,0,MT,MT
11,Darby (Darby),38,Ennis (Ennis),52,0,MT,MT
11,Fairfield (Fairfield),13,Lincoln County (Eureka),47,0,MT,MT
11,Gardiner (Gardiner),18,Denton / Geyser / Stanford / Geraldine (co-op),63,0,MT,MT
11,Highwood (Highwood),60,Garfield County (Jordan),91,0,MT,MT
11,Joliet (Joliet),22,Manhattan (Manhattan),49,0,MT,MT
11,Lone Peak (Big Sky),28,Seeley-Swan (Seeley Lake),56,0,MT,MT
11,Noxon (Noxon),20,Grass Range / Winnett (co-op),67,0,MT,MT
11,Sheridan (Sheridan),0,St Regis / Mullan (co-op),28,0,MT,MT
11,Shields Valley (Clyde Park),8,Richey / Lambert (co-op),58,0,MT,MT
11,Superior (Superior),12,Flint Creek (co-op),54,0,MT,MT
11,Terry (Terry),19,Absarokee (Absarokee),55,0,MT,MT
11,Loyola Sacred Heart / Valley Christian (co-op),6,Glasgow (Glasgow),22,0,MT,MT
11,Custer / Hysham / Melstone (co-op),47,Lincoln (Lincoln),60,0,MT,MT
11,Nu'uuli Voc Tech (Pago Pago),6,Samoana (Utulei),42,0,AS,AS
11,"Ivanna Eudora Kean (Red Hook, St Thomas)",24,"St Croix Educational Complex (Kingshill, St Croix)",0,0,VI,VI
11,Sigonella (Catania),26,AFNORTH (Brunssum),34,0,ITALY,NETHERLANDS
11,Naples (Campania),13,Ramstein (Ramstein-Miesenbach),28,0,ITALY,GERMANY
11,Kaiserslautern (Kaiserslautern),8,Stuttgart (Böblingen),28,0,GERMANY,GERMANY
11,Baumholder (Baumholder),38,Spangdahlem (Spangdahlem),12,0,GERMANY,GERMANY
11,SHAPE (Mons),13,International School of Brussels (Watermael-Boitsfort),30,0,BELGIUM,BELGIUM
11,Rota (Cádiz),36,Aviano (Aviano),45,0,SPAIN,ITALY
12,Berea-Midpark (Berea),14,St Edward (Lakewood),45,0,,
12,Jackson (Massillon),6,Mentor (Mentor),52,0,,
12,Medina (Medina),7,Canton McKinley (Canton),30,0,,
12,Perrysburg (Perrysburg),3,Whitmer (Toledo),17,0,,
12,Hilliard Bradley (Hilliard),22,Troy (Troy),23,0,,
12,Lebanon (Lebanon),0,Middletown (Middletown),31,0,,
12,Springfield (Springfield),21,Springboro (Springboro),3,0,,
12,Wayne (Huber Heights),34,Findlay (Findlay),10,0,,
12,Groveport Madison (Groveport),7,Pickerington Central (Pickerington),42,0,,
12,Olentangy Berlin (Delaware),14,Olentangy Orange (Lewis Center),43,0,,
12,Olentangy Liberty (Powell),17,Olentangy (Lewis Center),0,0,,
12,Upper Arlington (Upper Arlington),30,Pickerington North (Pickerington),27,0,,
12,Fairfield (Fairfield),7,Elder (Cincinnati),27,0,,
12,Lakota East (Liberty Township),7,St Xavier (Cincinnati),42,0,,
12,Lakota West (West Chester),14,Archbishop Moeller (Cincinnati),33,0,,
12,Winton Woods (Cincinnati),22,Princeton (Cincinnati),23,0,,
12,Boardman (Youngstown),0,Archbishop Hoban (Akron),38,0,,
12,Green (Uniontown),25,Austintown-Fitch (Austintown),28,0,,
12,Hudson (Hudson),14,Lake (Uniontown),12,0,,
12,Nordonia (Macedonia),18,Walsh Jesuit (Cuyahoga Falls),49,0,,
12,Anthony Wayne (Whitehouse),7,North Ridgeville (North Ridgeville),42,0,,
12,Brecksville-Broadview Heights (Broadview Heights),7,Highland (Medina),38,0,,
12,Olmsted Falls (Olmsted Falls),13,Avon (Avon),46,0,,
12,St Francis de Sales (Toledo),6,Wadsworth (Wadsworth),34,0,,
12,Ashland (Ashland),29,St Francis DeSales (Columbus),33,0,,
12,Hoover (North Canton),7,Massillon Washington (Massillon),62,0,,
12,Walnut Ridge (Columbus),0,Big Walnut (Sunbury),43,0,,
12,Westerville South (Westerville),21,Canal Winchester (Canal Winchester),28,0,,
12,Harrison (Harrison),35,Kings (Kings Mills),31,0,,
12,La Salle (Cincinnati),14,Xenia (Xenia),7,0,,
12,Lima Senior (Lima),12,Trotwood-Madison (Trotwood),55,0,,
12,Withrow (Cincinnati),6,Anderson (Cincinnati),29,0,,
12,East (Akron),36,Hawken (Gates Mills),16,0,,
12,Geneva (Geneva),7,Cuyahoga Valley Christian Academy (Cuyahoga Falls),42,0,,
12,Kenston (Chagrin Falls),12,Canfield (Canfield),27,0,,
12,Maple Heights (Maple Heights),32,Villa Angela-St Joseph (Cleveland),69,0,,
12,Central Catholic (Toledo),49,Lexington (Lexington),18,0,,
12,St Marys Memorial (St Marys),0,Buckeye (Medina),26,0,,
12,Rocky River (Rocky River),23,Revere (Richfield),14,0,,
12,Shawnee (Lima),16,Wapakoneta (Wapakoneta),41,0,,
12,Bloom-Carroll (Carroll),24,Licking Valley (Newark),31,0,,
12,Buckeye Valley (Delaware),21,Steubenville (Steubenville),51,0,,
12,Granville (Granville),0,Bishop Watterson (Columbus),56,0,,
12,Hamilton Township (Columbus),27,Tri-Valley (Dresden),41,0,,
12,Archbishop Alter (Kettering),28,Badin (Hamilton),35,0,,
12,Archbishop McNicholas (Cincinnati),14,London (London),17,0,,
12,Miami Trace (Washington Court House),21,Jackson (Jackson),24,0,,
12,Talawanda (Oxford),7,Tippecanoe (Tipp City),55,0,,
12,Norton (Norton),14,West Branch (Beloit),35,0,,
12,Notre Dame-Cathedral Latin (Chardon),6,Perry (Perry),26,0,,
12,Salem (Salem),0,Glenville (Cleveland),49,0,,
12,Streetsboro (Streetsboro),0,Lake Catholic (Mentor),16,0,,
12,Bellevue (Bellevue),0,Bath (Lima),21,0,,
12,Cloverleaf (Seville),10,Galion (Galion),41,0,,
12,Orrville (Orrville),0,Shelby (Shelby),42,0,,
12,Perkins (Sandusky),31,Napoleon (Napoleon),0,0,,
12,Circleville (Circleville),14,Indian Valley (Gnadenhutten),48,0,,
12,East (Columbus),12,Unioto (Chillicothe),21,0,,
12,Fairfield Union (Lancaster),0,New Lexington (New Lexington),39,0,,
12,Johnstown (Johnstown),21,Jonathan Alder (Plain City),42,0,,
12,Brookville (Brookville),21,Cincinnati Hills Christian Academy (Cincinnati),43,0,,
12,Clinton-Massie (Clarksville),7,Taft (Cincinnati),44,0,,
12,Washington (Washington Court House),14,Indian Hill (Cincinnati),57,0,,
12,Wyoming (Cincinnati),21,Valley View (Germantown),31,0,,
12,Liberty (Youngstown),14,Poland Seminary (Poland),35,0,,
12,Manchester (New Franklin),14,Girard (Girard),28,0,,
12,St Clairsville (St Clairsville),31,Garfield (Garrettsville),48,0,,
12,South Range (Canfield),12,Cardinal Mooney (Youngstown),48,0,,
12,Fairview (Fairview Park),13,Triway (Wooster),45,0,,
12,Liberty-Benton (Findlay),38,Norwayne (Creston),0,0,,
12,Oak Harbor (Oak Harbor),6,Liberty Center (Liberty Center),56,0,,
12,Port Clinton (Port Clinton),7,Genoa Area (Genoa),35,0,,
12,Morgan (McConnelsville),3,Wheelersburg (Wheelersburg),43,0,,
12,Portsmouth (Portsmouth),0,Barnesville (Barnesville),34,0,,
12,Union Local (Belmont),0,Nelsonville-York (Nelsonville),35,0,,
12,Zane Trace (Chillicothe),23,Columbus Academy (Gahanna),35,0,,
12,Carlisle (Carlisle),42,Graham Local (St Paris),41,0,,
12,Mariemont (Cincinnati),30,Miami East (Casstown),0,0,,
12,North Union (Richwood),47,Williamsburg (Williamsburg),14,0,,
12,Preble Shawnee (Camden),14,Indian Lake (Lewistown),17,0,,
12,Dalton (Dalton),34,Columbia (Columbia Station),15,0,,
12,Garaway (Sugarcreek),34,Crestview (Columbiana),0,0,,
12,Smithville (Smithville),27,United (Hanoverton),26,0,,
12,Wickliffe (Wickliffe),3,Kirtland (Kirtland),41,0,,
12,Carey (Carey),35,Margaretta (Castalia),7,0,,
12,Fairview (Sherwood),10,Paulding (Paulding),14,0,,
12,Seneca East (Attica),12,Archbold (Archbold),44,0,,
12,Western Reserve (Collins),6,Hopewell-Loudon (Bascom),42,0,,
12,Caldwell (Caldwell),14,Fort Frye (Beverly),28,0,,
12,Colonel Crawford (North Robinson),42,Mount Gilead (Mount Gilead),8,0,,
12,Ridgewood (West Lafayette),14,Centerburg (Centerburg),28,0,,
12,Toronto (Toronto),20,West Jefferson (West Jefferson),21,0,,
12,Anna (Anna),46,Mechanicsburg (Mechanicsburg),12,0,,
12,Coldwater (Coldwater),38,St Bernard-Elmwood Place (St Bernard),0,0,,
12,Portsmouth West (West Portsmouth),22,Tri-Village (New Madison),54,0,,
12,Rock Hill (Ironton),0,Northeastern (South Vienna),59,0,,
12,East Canton (East Canton),46,Fairport Harding (Fairport Harbor),26,0,,
12,East Palestine (East Palestine),7,Mogadore (Mogadore),54,0,,
12,John F Kennedy (Warren),13,McDonald (McDonald),28,0,,
12,Malvern (Malvern),14,Monroeville (Monroeville),34,0,,
12,Edon (Edon),7,Lima Central Catholic (Lima),49,0,,
12,Gibsonburg (Gibsonburg),8,Columbus Grove (Columbus Grove),28,0,,
12,Mohawk (Sycamore),7,Leipsic (Leipsic),36,0,,
12,Pandora-Gilboa (Pandora),63,North Baltimore (North Baltimore),42,0,,
12,Conotton Valley (Bowerston),6,Hillsdale (Jeromesville),63,0,,
12,Danville (Danville),59,Fisher Catholic (Lancaster),8,0,,
12,Strasburg-Franklin (Strasburg),7,Waterford (Waterford),42,0,,
12,Trimble (Glouster),12,Symmes Valley (Willow Wood),41,0,,
12,Cedarville (Cedarville),49,Cincinnati Country Day (Cincinnati),21,0,,
12,Fort Recovery (Fort Recovery),38,Eastern (Beaver),6,0,,
12,Lehman Catholic (Sidney),12,Marion Local (Maria Stein),42,0,,
12,New Bremen (New Bremen),7,St Henry (St Henry),14,0,,
12,DeLand (DeLand),41,Spruce Creek (Port Orange),0,0,FL,FL
12,Bath County,0,Lloyd Memorial (Erlanger),48,0,KY,KY
12,Carroll County (Carrollton),0,Russell (Russell),48,0,KY,KY
12,Harrison County (Cynthiana),16,Johnson Central,48,0,KY,KY
12,Knott County Central,30,Shelby Valley (Pikeville),20,0,KY,KY
12,Southern (Louisville),0,St Xavier (Louisville),49,0,KY,KY
12,Trimble County,0,Newport Central Catholic,42,0,KY,KY
12,Great Crossing (Georgetown),0,Trinity (Louisville),56,0,KY,KY
12,Memphis University School,14,Montgomery Bell Academy,44,0,TN,TN
12,Ballou (Washington),26,Roosevelt (Washington),39,0,DC,DC
12,Eastern (Washington),21,Dunbar (Washington),42,0,DC,DC
12,Christ School (Arden),7,Rabun Gap - Nacoochee (Rabun Gap),64,0,NC,GA
12,Cabell Midland (Ona),7,Parkersburg South (Parkersburg),28,0,WV,WV
12,Gilmer County (Glenville),6,Greenbrier West (Charmco),55,0,WV,WV
12,Independence (Coal City),56,Summers County,6,0,WV,WV
12,Magnolia (New Martinsville),0,Clay-Battelle (Blacksville),30,0,WV,WV
12,Man,0,Wahama (Mason),49,0,WV,WV
12,Pendleton County,36,Cameron (Cameron),28,0,WV,WV
12,Point Pleasant (Point Pleasant),12,Winfield,35,0,WV,WV
12,Scott,21,Williamstown (Williamstown),41,0,WV,WV
12,Valley (Wetzel) (Pine Grove),52,Richwood,42,0,WV,WV
12,Weir (Weirton),14,Herbert Hoover (Elkview),44,0,WV,WV
12,Wheeling Park (Wheeling),63,John Marshall (Glen Dale),40,0,WV,WV
12,Wirt County (Elizabeth),15,St Marys (St Marys),48,0,WV,WV
12,Woodrow Wilson (Beckley),0,George Washington (Charleston),42,0,WV,WV
12,Boone County,7,Woodford County (Versailles),54,0,KY,KY
12,Boyd County (Ashland),21,Covington Catholic (Park Hills),48,0,KY,KY
12,Dayton (Dayton),6,Holy Cross (Covington),54,0,KY,KY
12,Eastern (Louisville),0,Ryle (Union),48,0,KY,KY
12,George Rogers Clark (Winchester),33,Tates Creek,6,0,KY,KY
12,Greenup County (Greenup),7,Highlands (Fort Thomas),35,0,KY,KY
12,Leslie County,0,Belfry (Belfry),47,0,KY,KY
12,Ludlow (Ludlow),2,Newport (Newport),42,0,KY,KY
12,Lynn Camp,0,Pikeville (Pikeville),1,0,KY,KY
12,Mason County,8,Ashland Blazer (Ashland),48,0,KY,KY
12,Oldham County,9,Simon Kenton (Independence),31,0,KY,KY
12,South Oldham (Crestwood),14,Cooper (Union),28,0,KY,KY
12,Collins (Shelbyville),52,Dixie Heights (Edgewood),49,0,KY,KY
12,Brother Rice (Bloomfield Hills),14,Orchard Lake St Mary (Orchard Lake),35,0,MI,MI
12,Brighton,7,Novi Detroit Catholic Central (Novi),45,0,MI,MI
12,Dearborn Fordson,8,Detroit Cass Tech (Detroit),48,0,MI,MI
12,Detroit Denby (Detroit),0,Pontiac Notre Dame (Pontiac),49,0,MI,MI
12,Linden,0,DeWitt (DeWitt),45,0,MI,MI
12,Madison Heights Lamphere,7,Dearborn Divine Child (Dearborn),41,0,MI,MI
12,Napoleon,0,Lumen Christi (Jackson),44,0,MI,MI
12,Traverse City Central,16,Muskegon (Muskegon),14,0,MI,MI
12,Trenton,22,Detroit King (Detroit),38,0,MI,MI
12,Warren De La Salle (Warren),34,Port Huron,6,0,MI,MI
12,Cedar Cliff,7,Central York (York),42,0,PA,PA
12,State College,41,McDowell (Erie),7,0,PA,PA
12,Shaler,10,Pine-Richland (Gibsonia),42,0,PA,PA
12,Bethel Park,14,Peters Township,42,0,PA,PA
12,Norwin,17,North Allegheny (Wexford),35,0,PA,PA
12,Upper Saint Clair,36,Woodland Hills,26,0,PA,PA
12,Canon McMillan,7,Central Catholic (Pittsburgh),44,1,PA,PA
12,Moon,20,Penn Trafford,13,0,PA,PA
12,Thomas Jefferson,3,McKeesport (McKeesport),28,1,PA,PA
12,Aliquippa,14,New Castle (New Castle),0,1,PA,PA
12,DuBois,24,Hollidaysburg,25,0,PA,PA
12,Clearfield,8,Punxsutawney,28,1,PA,PA
12,Fort LeBoeuf,17,Hickory (Hermitage),34,1,PA,PA
12,North East (North East),21,Sharon (Sharon),49,1,PA,PA
12,Central Clarion (co-op),14,Karns City,42,1,PA,PA
12,Center Grove (Greenwood),30,Franklin Central,27,0,IN,IN
12,East Central (St Leon),35,Whiteland Community,0,0,IN,IN
12,East Noble,0,Bishop Dwenger (Fort Wayne),32,0,IN,IN
12,Fremont (Fremont),7,North Miami,51,0,IN,IN
12,Hagerstown,14,South Adams (Berne),42,0,IN,IN
12,Cathedral (Indianapolis),15,New Palestine,20,0,IN,IN
12,Lawrenceburg (Lawrenceburg),41,Greensburg,3,0,IN,IN
12,Roncalli (Indianapolis),26,Bishop Chatard (Indianapolis),6,0,IN,IN
12,Sullivan,27,Linton-Stockton (Linton),58,0,IN,IN
12,Westfield,23,Carmel (Carmel),20,0,IN,IN
12,Christ Presbyterian Academy (Nashville),35,Lipscomb Academy (Nashville),24,0,TN,TN
12,Father Ryan (Nashville),20,McCallie,59,0,TN,TN
12,Knoxville Catholic,21,Christian Brothers (Memphis),18,0,TN,TN
12,Liberty (Bedford),20,Liberty Christian Academy (Lynchburg),50,0,VA,VA
12,Gilman School (Baltimore),8,Archbishop Spalding (Severn),35,0,MD,MD
12,St Mary's (Annapolis),14,McDonogh School (Owings Mills),24,0,MD,MD
12,Boys' Latin School (Baltimore),3,St Vincent Pallotti (Laurel),44,0,MD,MD
12,Bishop McNamara (Forestville),20,Good Counsel (Wheaton),34,0,MD,MD
12,Howard D. Woodson (Washington),14,Jackson-Reed (Woodrow Wilson) (Washington),6,0,DC,DC
12,Jamestown (Jamestown),18,Orchard Park (Orchard Park),13,0,NY,NY
12,Lancaster (Lancaster),13,Lewis J Bennett (Buffalo),52,0,NY,NY
12,Cardinal Hayes (Bronx),28,Long Island St Anthony's (South Huntington),40,0,NY,NY
12,Andover (Andover),29,Wachusett Regional (Holden),9,0,MA,MA
12,Brockton (Brockton),0,Xaverian Brothers (Westwood),33,0,MA,MA
12,Framingham (Framingham),0,Saint John's Preparatory School (Danvers),38,0,MA,MA
12,Franklin (Franklin),21,Leominster (Leominster),42,0,MA,MA
12,Lowell (Lowell),29,Methuen (Methuen),21,0,MA,MA
12,Saint John's (Shrewsbury),7,Central Catholic (Lawrence),39,0,MA,MA
12,Taunton (Taunton),15,Springfield Central (Springfield),28,0,MA,MA
12,Weymouth (Weymouth),14,Natick (Natick),35,0,MA,MA
12,Ramsey (Ramsey),41,Glen Rock (Glen Rock),7,0,NJ,NJ
12,Appoquinimink (Middletown),7,Middletown (Middletown),32,0,DE,DE
12,Bend,17,Thurston,34,0,OR,OR
12,Hillsboro,0,Mountain View (Bend),41,0,OR,OR
12,Churchill,21,Lebanon,8,0,OR,OR
12,North Bend,12,Tillamook,48,0,OR,OR
12,Gresham,10,Summit (Bend),57,0,OR,OR
12,Roosevelt,7,West Linn (West Linn),56,0,OR,OR
12,Tualatin,33,Jesuit,34,0,OR,OR
12,Newberg,14,Central Catholic,42,0,OR,OR
12,Crater,12,Silverton,49,0,OR,OR
12,Grants Pass,35,Sherwood,32,0,OR,OR
12,Lakeridge,35,Glencoe,21,0,OR,OR
12,Milwaukie,6,Dallas,45,0,OR,OR
12,Crescent Valley,14,Marshfield,49,0,OR,OR
12,West Albany,48,Hood River Valley,14,0,OR,OR
12,Sprague,14,Lake Oswego (Lake Oswego),49,0,OR,OR
12,Sweet Home,17,La Grande,20,0,OR,OR
12,Stayton,21,Junction City,31,0,OR,OR
12,Seaside,13,Henley (Klamath Falls),49,0,OR,OR
12,Myrtle Point,12,Knappa,6,0,OR,OR
12,Douglas,21,Dayton,18,0,OR,OR
12,Baker,0,Scappoose,49,0,OR,OR
12,Pleasant Hill,0,Cascade Christian,68,0,OR,OR
12,Sutherlin,8,Banks,39,0,OR,OR
12,Marist Catholic (Eugene),22,Estacada,42,0,OR,OR
12,North Valley,17,Sisters,7,0,OR,OR
12,Oakland (Oakland),14,Lowell,34,0,OR,OR
12,Gold Beach,12,St Paul (St Paul),52,0,OR,OR
12,Culver,34,Santiam,22,0,OR,OR
12,Colton,20,Clatskanie,22,0,OR,OR
12,Gervais,48,Siuslaw,28,0,OR,OR
12,Harrisburg,27,Bandon,47,0,OR,OR
12,Santiam Christian,19,Kennedy,28,0,OR,OR
12,Powder Valley,20,Perrydale,22,0,OR,OR
12,Camas Valley,8,Elgin,52,0,OR,OR
12,Powers (Powers),6,Jordan Valley,49,0,OR,OR
12,North Lake,12,Sherman,52,0,OR,OR
12,West Salem,12,Adrienne C. Nelson (Happy Valley),35,0,OR,OR
12,Ridgeview (Redmond),42,Wilsonville (Wilsonville),45,0,OR,OR
12,Mountainside (Beaverton),20,Willamette,42,0,OR,OR
12,Pendleton/Nixya'awii (co-op) (Pendleton),14,Cascade,42,0,OR,OR
12,Spray / Mitchell / Wheeler (co-op),6,Joseph,53,0,OR,OR
12,Lyle / Wishram / Klickitat / Glenwood (co-op),30,North Douglas (Drain),36,0,WA,OR
12,Cornerstone Christian (San Antonio),16,Legacy Sport Sciences (Spring),28,0,TX,TX
12,Chaminade College Prep (St Louis),7,Cardinal Ritter (St Louis),44,0,MO,MO
12,Holy Names (Windsor),31,W.F. Herman (Windsor),9,1,ON,ON
12,Eureka County (Eureka),36,Mineral County (Hawthorne),39,0,NV,NV
12,Incline (Incline Village),22,Battle Mountain (Battle Mountain),48,0,NV,NV
12,Indian Springs (Indian Springs),12,Tonopah (Tonopah),90,0,NV,NV
12,Lake Mead Christian Academy (Henderson),21,Lincoln County (Panaca),58,0,NV,NV
12,Spring Mountain (Las Vegas),0,Pahranagat Valley (Alamo),48,0,NV,NV
12,White Pine (Ely),0,Needles (Needles),54,0,NV,CA
12,Juab,16,Cedar (Cedar City),23,1,UT,UT
12,Manti,42,Morgan,28,1,UT,UT
12,Monticello,24,Milford,83,1,UT,UT
12,Whitehorse,8,Rich,50,1,UT,UT
12,Mogollon,38,Hayden,48,1,AZ,AZ
12,North Tahoe (Tahoe City),7,Pershing County (Lovelock),52,0,CA,NV
12,O'Farrell Charter (San Diego),0,Palo Verde (Blythe),52,0,CA,CA
12,Bozeman (Bozeman),7,Glacier (Kalispell),42,0,MT,MT
12,C M Russell (Great Falls),13,Big Sky (Missoula),32,0,MT,MT
12,East Helena (East Helena),27,Columbia Falls (Columbia Falls),20,0,MT,MT
12,Great Falls (Great Falls),0,Billings West (Billings),35,0,MT,MT
12,Hamilton (Hamilton),7,Billings Central Catholic (Billings),27,0,MT,MT
12,Sentinel (Missoula),16,Gallatin (Bozeman),34,0,MT,MT
12,Whitefish (Whitefish),27,Laurel (Laurel),20,0,MT,MT
12,Fergus / Hobson / Moore (co-op),21,Frenchtown (Frenchtown),25,0,MT,MT
12,"Charlotte Amalie (Charlotte Amalie, St Thomas)",12,"Ivanna Eudora Kean (Red Hook, St Thomas)",20,0,VI,VI
12,Stuttgart (Böblingen),35,Ramstein (Ramstein-Miesenbach),0,0,GERMANY,GERMANY
12,AFNORTH (Brunssum),8,International School of Brussels (Watermael-Boitsfort),34,0,NETHERLANDS,BELGIUM
12,Alconbury (Huntingdon),13,Spangdahlem (Spangdahlem),28,0,UK,GERMANY
12,St Mary Central Catholic (Sandusky),34,Chalker (Southington),20,1,,
12,Huntington (Huntington),28,Linsly (Wheeling),14,0,WV,WV
12,Redbank Valley,35,Union / A-C Valley (co-op),21,1,PA,PA
12,Keystone (Knox),23,Port Allegany (Port Allegany),53,1,PA,PA
12,Mercyhurst Prep (Erie),0,Farrell (Farrell),52,1,PA,PA
12,Reynolds (Greenville),14,Greenville,27,1,PA,PA
12,Cambridge Springs (Cambridge Springs),7,Wilmington (New Wilmington),42,1,PA,PA
12,John Carroll School (Bel Air),15,St Paul's School (Brooklandville),27,0,MD,MD
12,St Frances Academy (Regional),14,Football North (via Clarkson SS) (Mississauga),41,1,MD,ON
12,St John's College (Washington),21,Gonzaga (Washington),24,0,DC,DC
12,St John the Baptist (West Islip),0,St Peter's (Staten Island),14,0,NY,NY
12,Kellenberg Memorial (Uniondale),7,Xavier (New York),14,0,NY,NY
12,St Dominic (Oyster Bay),0,Holy Cross (Flushing),42,0,NY,NY
12,Cardinal Spellman (Bronx),6,Xaverian (Brooklyn),48,0,NY,NY
12,Phoenix,7,Burns (Burns),54,0,OR,OR
12,Riddle,0,Imbler,44,0,OR,OR
12,Weston-McEwen,0,Lost River,49,0,OR,OR
12,Warrenton,7,Vale (Vale),56,0,OR,OR
12,Crow,52,Dayville / Monument / Long Creek (co-op),12,0,OR,OR
12,Nestucca,0,Heppner,54,0,OR,OR
12,Mt Carmel (Chicago),48,Belleville East (Belleville),29,0,IL,IL
12,Crossroads (Illinois) Crusaders (club) (Big Rock),50,Indianapolis Crimson Knights (club),22,0,IL,IN
12,Huron Heights (Newmarket),27,Long Island Lutheran (Brookville),0,0,ON,NY
12,Wells (Wells),12,Carlin (Carlin),42,0,NV,NV
12,Duchesne,14,Beaver,24,1,UT,UT
12,North Summit,19,Kanab,43,1,UT,UT
12,South Summit,34,South Sevier,0,1,UT,UT
12,Summit Academy (Bluffdale),27,San Juan,51,1,UT,UT
12,Belt (Belt),32,Flint Creek (co-op),44,0,MT,MT
12,Circle (Circle),38,Seeley-Swan (Seeley Lake),36,0,MT,MT
12,Columbus (Columbus),44,Glasgow (Glasgow),62,0,MT,MT
12,Ennis (Ennis),6,Fort Benton (Fort Benton),44,0,MT,MT
12,Lincoln County (Eureka),28,Red Lodge / Belfry / Roberts (co-op),13,0,MT,MT
12,Three Forks (Three Forks),28,Florence-Carlton (Florence),20,0,MT,MT
12,Malta / Whitewater / Saco / Dodson (co-op),7,Manhattan (Manhattan),12,0,MT,MT
12,St Regis / Mullan (co-op),24,Scobey / Opheim (co-op),66,0,MT,MT
12,Grass Range / Winnett (co-op),56,Garfield County (Jordan),13,0,MT,MT
12,Power / Dutton-Brady (co-op),28,Absarokee (Absarokee),27,0,MT,MT
12,Richey / Lambert (co-op),40,Lincoln (Lincoln),45,0,MT,MT
12,Denton / Geyser / Stanford / Geraldine (co-op),22,Chester-Joplin-Inverness (Chester),48,0,MT,MT
12,Williams,18,Bagdad,19,1,AZ,AZ
13,Canton McKinley (Canton),24,Mentor (Mentor),25,0,,
13,Whitmer (Toledo),6,St Edward (Lakewood),38,0,,
13,Springfield (Springfield),0,Middletown (Middletown),14,0,,
13,Wayne (Huber Heights),20,Troy (Troy),14,0,,
13,Olentangy Liberty (Powell),17,Olentangy Orange (Lewis Center),21,0,,
13,Upper Arlington (Upper Arlington),16,Pickerington Central (Pickerington),17,0,,
13,Princeton (Cincinnati),30,Elder (Cincinnati),32,0,,
13,St Xavier (Cincinnati),17,Archbishop Moeller (Cincinnati),13,0,,
13,Austintown-Fitch (Austintown),21,Walsh Jesuit (Cuyahoga Falls),42,0,,
13,Hudson (Hudson),3,Archbishop Hoban (Akron),35,0,,
13,Avon (Avon),42,Wadsworth (Wadsworth),21,0,,
13,North Ridgeville (North Ridgeville),0,Highland (Medina),48,0,,
13,Canal Winchester (Canal Winchester),0,Big Walnut (Sunbury),35,0,,
13,Massillon Washington (Massillon),48,St Francis DeSales (Columbus),14,0,,
13,Harrison (Harrison),0,Trotwood-Madison (Trotwood),49,0,,
13,La Salle (Cincinnati),28,Anderson (Cincinnati),35,0,,
13,East (Akron),0,Cuyahoga Valley Christian Academy (Cuyahoga Falls),30,0,,
13,Villa Angela-St Joseph (Cleveland),32,Canfield (Canfield),0,0,,
13,Central Catholic (Toledo),41,Wapakoneta (Wapakoneta),7,0,,
13,Rocky River (Rocky River),48,Buckeye (Medina),41,0,,
13,Steubenville (Steubenville),17,Licking Valley (Newark),14,0,,
13,Tri-Valley (Dresden),6,Bishop Watterson (Columbus),48,0,,
13,Badin (Hamilton),16,Tippecanoe (Tipp City),23,0,,
13,Jackson (Jackson),24,London (London),28,0,,
13,Lake Catholic (Mentor),3,Glenville (Cleveland),14,0,,
13,West Branch (Beloit),0,Perry (Perry),21,0,,
13,Bath (Lima),7,Shelby (Shelby),49,0,,
13,Perkins (Sandusky),14,Galion (Galion),17,0,,
13,Jonathan Alder (Plain City),28,Indian Valley (Gnadenhutten),47,0,,
13,Unioto (Chillicothe),14,New Lexington (New Lexington),47,0,,
13,Cincinnati Hills Christian Academy (Cincinnati),15,Valley View (Germantown),31,0,,
13,Taft (Cincinnati),19,Indian Hill (Cincinnati),25,0,,
13,Garfield (Garrettsville),14,Cardinal Mooney (Youngstown),56,0,,
13,Poland Seminary (Poland),27,Girard (Girard),28,0,,
13,Genoa Area (Genoa),34,Triway (Wooster),33,0,,
13,Liberty-Benton (Findlay),10,Liberty Center (Liberty Center),42,0,,
13,Barnesville (Barnesville),13,Wheelersburg (Wheelersburg),36,0,,
13,Nelsonville-York (Nelsonville),10,Columbus Academy (Gahanna),7,0,,
13,Mariemont (Cincinnati),14,Indian Lake (Lewistown),31,0,,
13,North Union (Richwood),40,Carlisle (Carlisle),36,0,,
13,Garaway (Sugarcreek),25,Dalton (Dalton),16,0,,
13,Smithville (Smithville),7,Kirtland (Kirtland),35,0,,
13,Archbold (Archbold),14,Hopewell-Loudon (Bascom),30,0,,
13,Carey (Carey),41,Paulding (Paulding),6,0,,
13,Colonel Crawford (North Robinson),42,Centerburg (Centerburg),13,0,,
13,West Jefferson (West Jefferson),34,Fort Frye (Beverly),32,0,,
13,Anna (Anna),28,Northeastern (South Vienna),8,0,,
13,Coldwater (Coldwater),48,Tri-Village (New Madison),29,0,,
13,East Canton (East Canton),14,Mogadore (Mogadore),47,0,,
13,Monroeville (Monroeville),13,McDonald (McDonald),40,0,,
13,Columbus Grove (Columbus Grove),28,Lima Central Catholic (Lima),6,0,,
13,Pandora-Gilboa (Pandora),28,Leipsic (Leipsic),36,0,,
13,Danville (Danville),19,Waterford (Waterford),14,0,,
13,Symmes Valley (Willow Wood),7,Hillsdale (Jeromesville),48,0,,
13,Cedarville (Cedarville),12,St Henry (St Henry),49,0,,
13,Fort Recovery (Fort Recovery),0,Marion Local (Maria Stein),35,0,,
13,Audubon,36,Bishop Garrigan (Algona),60,1,IA,IA
13,Gladbrook-Reinbeck,30,Woodbine,38,1,IA,IA
13,Northern Garrett (Accident),0,Fort Hill (Cumberland),42,0,MD,MD
13,Brighton,24,Springville,30,1,UT,UT
13,Orem,34,West (Salt Lake City),7,1,UT,UT
13,Provo,22,Ridgeline (Millville),48,1,UT,UT
13,Newton,24,Xavier (Cedar Rapids),31,1,IA,IA
13,Pella,35,Sergeant Bluff-Luton,14,1,IA,IA
13,Wapsie Valley (Fairbank),7,Saint Ansgar,31,1,IA,IA
13,West Sioux (Hawarden),0,MMCRU (Marcus),28,1,IA,IA
13,Greenbrier West (Charmco),7,Pendleton County,60,0,WV,WV
13,Lincoln,17,Independence (Coal City),42,0,WV,WV
13,Oak Hill,14,George Washington (Charleston),58,0,WV,WV
13,Parkersburg (Parkersburg),14,University (Morgantown),62,0,WV,WV
13,Parkersburg South (Parkersburg),0,Martinsburg (Martinsburg),58,0,WV,WV
13,Williamstown (Williamstown),7,Frankfort (Ridgeley),49,0,WV,WV
13,Woodrow Wilson (Beckley),14,Wheeling Park (Wheeling),27,0,WV,WV
13,Ashland Blazer (Ashland),7,Highlands (Fort Thomas),45,0,KY,KY
13,Ballard,20,Ryle (Union),41,0,KY,KY
13,Bishop Brossart (Alexandria),21,Newport Central Catholic,42,0,KY,KY
13,Bourbon County (Paris),7,Russell (Russell),14,0,KY,KY
13,Bullitt East,20,St Xavier (Louisville),50,0,KY,KY
13,Covington Catholic (Park Hills),36,Johnson Central,29,0,KY,KY
13,George Rogers Clark (Winchester),7,Madison Central,45,0,KY,KY
13,Henry County,20,Lloyd Memorial (Erlanger),48,0,KY,KY
13,Newport (Newport),18,Holy Cross (Covington),3,0,KY,KY
13,Nicholas County,22,Raceland (Raceland),49,0,KY,KY
13,Scott County (Georgetown),55,Cooper (Union),34,0,KY,KY
13,Simon Kenton (Independence),0,Trinity (Louisville),50,0,KY,KY
13,Walton-Verona (Walton),7,Beechwood (Fort Mitchell),42,0,KY,KY
13,Williamsburg,18,Pikeville (Pikeville),56,0,KY,KY
13,Collins (Shelbyville),33,Woodford County (Versailles),55,0,KY,KY
13,Martin County (Inez),7,Belfry (Belfry),63,0,KY,KY
13,Detroit Cass Tech (Detroit),42,Saline,28,0,MI,MI
13,Fenton,26,DeWitt (DeWitt),70,0,MI,MI
13,Ida,7,Lumen Christi (Jackson),21,0,MI,MI
13,Orchard Lake St Mary (Orchard Lake),42,Midland Dow,7,0,MI,MI
13,Novi Detroit Catholic Central (Novi),42,Clarkston,13,0,MI,MI
13,Warren De La Salle (Warren),38,Detroit King (Detroit),20,0,MI,MI
13,Wilson (West Lawn),7,Central York (York),42,0,PA,PA
13,Penn Cambria,27,Brockway,0,0,PA,PA
13,Upper Saint Clair,6,Peters Township,31,1,PA,PA
13,Moon,24,Pine-Richland (Gibsonia),34,1,PA,PA
13,Farrell (Farrell),48,Karns City,20,0,PA,PA
13,Westinghouse (Pittsburgh),44,Meyersdale,0,0,PA,PA
13,Punxsutawney,14,Oil City (Oil City),47,0,PA,PA
13,Redbank Valley,19,Port Allegany (Port Allegany),41,1,PA,PA
13,Sharon (Sharon),20,Hickory (Hermitage),17,1,PA,PA
13,Angola,21,Knox,28,0,IN,IN
13,Brownsburg,47,Decatur Central,23,0,IN,IN
13,Brownstown Central,43,Linton-Stockton (Linton),18,0,IN,IN
13,Carroll (Fort Wayne),41,Penn (Mishawaka),30,0,IN,IN
13,Cascade,37,Lawrenceburg (Lawrenceburg),33,0,IN,IN
13,Eastbrook,28,Adams Central,42,0,IN,IN
13,Floyd Central,7,Bloomington South,55,0,IN,IN
13,Bishop Dwenger (Fort Wayne),39,Lebanon,27,0,IN,IN
13,Bishop Luers (Fort Wayne),14,Twin Lakes,7,0,IN,IN
13,Hobart,7,South Bend St. Joseph,10,0,IN,IN
13,Indian Creek,14,Gibson Southern,42,0,IN,IN
13,Lafayette Jefferson,45,Concord,47,0,IN,IN
13,Lapel,38,Indianapolis Lutheran (Indianapolis),7,0,IN,IN
13,LaVille,14,Pioneer,34,0,IN,IN
13,Martinsville,19,Heritage Hills,35,0,IN,IN
13,Merrillville,34,Michigan City,14,0,IN,IN
13,Milan,22,Providence,7,0,IN,IN
13,New Palestine,20,East Central (St Leon),6,0,IN,IN
13,Roncalli (Indianapolis),31,Yorktown,27,0,IN,IN
13,Sheridan,6,South Putnam,26,0,IN,IN
13,South Adams (Berne),25,North Miami,22,0,IN,IN
13,Southmont,32,Andrean,52,0,IN,IN
13,Warren Central (Indianapolis),24,Center Grove (Greenwood),21,0,IN,IN
13,Fishers (Fishers),10,Westfield,20,0,IN,IN
13,Christ Presbyterian Academy (Nashville),17,Ensworth (Nashville),15,0,TN,TN
13,Knoxville Catholic,7,Baylor (Chattanooga),35,0,TN,TN
13,McCallie,41,Briarcrest Christian (Memphis),14,0,TN,TN
13,Montgomery Bell Academy,14,Brentwood Academy (Brentwood),42,0,TN,TN
13,Liberty Christian Academy (Lynchburg),14,Broadway (Broadway),12,0,VA,VA
13,Jamestown (Jamestown),14,Lewis J Bennett (Buffalo),32,1,NY,NY
13,Chaminade (Mineola),3,Monsignor Farrell (Staten Island),34,0,NY,NY
13,Andover (Andover),17,Xaverian Brothers (Westwood),49,0,MA,MA
13,Central Catholic (Lawrence),20,Natick (Natick),17,0,MA,MA
13,Leominster (Leominster),32,Saint John's Preparatory School (Danvers),48,0,MA,MA
13,Lowell (Lowell),14,Springfield Central (Springfield),49,0,MA,MA
13,St Augustine Prep (Richland),17,St Peter's Prep,31,0,NJ,NJ
13,Seton Hall Prep (West Orange),7,Don Bosco Prep (Ramsey),42,0,NJ,NJ
13,Ramsey (Ramsey),6,Westwood Regional (Washington Twp),32,0,NJ,NJ
13,Caravel Academy (Bear),21,Appoquinimink (Middletown),28,0,DE,DE
13,St Georges Tech (Middletown),6,Middletown (Middletown),42,0,DE,DE
13,Jesuit,28,West Linn (West Linn),42,0,OR,OR
13,Churchill,33,Thurston,23,0,OR,OR
13,Central Catholic,27,Willamette,20,0,OR,OR
13,Dallas,0,Mountain View (Bend),14,0,OR,OR
13,Grants Pass,10,Lake Oswego (Lake Oswego),51,0,OR,OR
13,Lakeridge,7,Adrienne C. Nelson (Happy Valley),21,0,OR,OR
13,West Albany,13,Summit (Bend),14,0,OR,OR
13,Clatskanie,16,St Paul (St Paul),36,0,OR,OR
13,Douglas,29,Gervais,44,0,OR,OR
13,La Grande,21,Marshfield,33,0,OR,OR
13,Junction City,20,Cascade,28,0,OR,OR
13,North Valley,0,Cascade Christian,48,0,OR,OR
13,Estacada,0,Henley (Klamath Falls),42,0,OR,OR
13,Wilsonville (Wilsonville),32,Silverton,35,0,OR,OR
13,Tillamook,7,Scappoose,46,0,OR,OR
13,Kennedy,0,Banks,29,0,OR,OR
13,Perrydale,6,Dufur,36,0,OR,OR
13,Jordan Valley,0,Harper Charter (Harper),71,0,OR,OR
13,Ladue Horton Watkins,3,Cardinal Ritter (St Louis),36,0,MO,MO
13,Ursuline College (The Pines) (Chatham),33,St Patrick's (Sarnia),13,1,ON,ON
13,Foothill (Henderson),6,Bishop Gorman (Las Vegas),56,0,NV,NV
13,Arbor View (Las Vegas),41,Liberty (Henderson),28,0,NV,NV
13,Centennial (Las Vegas),28,Faith Lutheran (Las Vegas),31,0,NV,NV
13,Bishop Manogue Catholic (Reno),7,Spanish Springs (Sparks),48,0,NV,NV
13,Carlin (Carlin),6,Tonopah (Tonopah),59,0,NV,NV
13,Pahranagat Valley (Alamo),60,Mineral County (Hawthorne),34,0,NV,NV
13,Reno (Reno),16,Robert McQueen (Reno),31,0,NV,NV
13,Sports Leadership and Management Academy (Henderson),10,Pinecrest Academy of Nevada Sloan Canyon (Henderson),47,0,NV,NV
13,Beaver,13,Kanab,24,1,UT,UT
13,Lone Peak,13,Skyridge (Lehi),7,1,UT,UT
13,Green Canyon (North Logan),24,Crimson Cliffs (Washington),21,1,UT,UT
13,Mountain Ridge (Herriman),20,Corner Canyon (Draper),59,1,UT,UT
13,Logan (Logan),32,Grady (Grady),31,0,NM,NM
13,Centennial (Peoria),14,Mountain View (Mesa),22,0,AZ,AZ
13,Salpointe Catholic,23,Queen Creek,8,0,AZ,AZ
13,Highland (Gilbert),24,Mesa,27,0,AZ,AZ
13,ALA - QC,21,Red Mountain (Mesa),28,0,AZ,AZ
13,Casteel,42,Brophy College Preparatory,51,0,AZ,AZ
13,Seminole (Sanford),20,Spruce Creek (Port Orange),23,0,FL,FL
13,Mountain Empire,8,Palo Verde (Blythe),46,0,CA,CA
13,Orange Lutheran (Orange),20,St John Bosco (Bellflower),19,0,CA,CA
13,Charlotte Christian (Charlotte),55,Rabun Gap - Nacoochee (Rabun Gap),48,0,NC,GA
13,Iowa City Liberty (North Liberty),31,Waukee Northwest (Waukee),15,1,IA,IA
13,Regina (Iowa City),31,Grundy Center,12,1,IA,IA
13,South Hardin,7,West Lyon (Inwood),21,1,IA,IA
13,Valley (West Des Moines),10,Dowling Catholic (West Des Moines),14,1,IA,IA
13,Big Sky (Missoula),17,Billings West (Billings),20,0,MT,MT
13,East Helena (East Helena),7,Billings Central Catholic (Billings),42,0,MT,MT
13,Gallatin (Bozeman),0,Glacier (Kalispell),35,0,MT,MT
13,Whitefish (Whitefish),20,Frenchtown (Frenchtown),23,0,MT,MT
13,Sandra Day O'Connor,17,Higley,26,0,AZ,AZ
13,Westwood,23,Perry,43,0,AZ,AZ
13,Williams Field,39,Pinnacle,36,0,AZ,AZ
13,Tafuna (Tafuna),14,Samoana (Utulei),20,0,AS,AS
13,Man,22,Wahama (Mason),48,0,WV,WV
13,Meadow Bridge,8,Cameron (Cameron),46,0,WV,WV
13,Oak Glen (New Cumberland),7,Bluefield,54,0,WV,WV
13,Ritchie County (Ellenboro),8,Clay-Battelle (Blacksville),44,0,WV,WV
13,Tolsia,8,Wheeling Central Catholic (Wheeling),51,0,WV,WV
13,Wirt County (Elizabeth),27,St Marys (St Marys),14,0,WV,WV
13,Dearborn Divine Child (Dearborn),10,Harper Woods (Harper Woods),6,1,MI,MI
13,North Allegheny (Wexford),7,Central Catholic (Pittsburgh),42,1,PA,PA
13,Aliquippa,21,McKeesport (McKeesport),12,1,PA,PA
13,Greenville,25,Wilmington (New Wilmington),22,1,PA,PA
13,Wilkes-Barre Area (Wilkes-Barre),0,State College,52,1,PA,PA
13,McDonogh School (Owings Mills),22,Archbishop Spalding (Severn),30,0,MD,MD
13,St Vincent Pallotti (Laurel),0,St Paul's School (Brooklandville),14,0,MD,MD
13,Coolidge (Washington),13,Eastern (Washington),7,0,DC,DC
13,Roosevelt (Washington),19,Dunbar (Washington),25,1,DC,DC
13,Bishop Timon - St Jude (Buffalo),0,St Francis (Hamburg),35,1,NY,NY
13,St Joseph's Collegiate (Buffalo),14,Canisius (Buffalo),35,1,NY,NY
13,Long Island St Anthony's (South Huntington),0,Iona Prep (New Rochelle),42,0,NY,NY
13,Holy Cross (Flushing),14,Christ the King Regional (Middle Village),8,1,NY,NY
13,Holy Trinity - Long Island (Hicksville),20,Xaverian (Brooklyn),33,0,NY,NY
13,St Peter's (Staten Island),13,Xavier (New York),30,0,NY,NY
13,Fordham Prep (Bronx),6,St Joseph by-the-Sea (Staten Island),20,0,NY,NY
13,Delbarton School (Morristown),0,Saint Joseph Regional (Montvale),35,0,NJ,NJ
13,St Joseph (Metuchen),14,Bergen Catholic (Oradell),56,0,NJ,NJ
13,Myrtle Point,20,Lost River,30,0,OR,OR
13,Vale (Vale),20,Burns (Burns),32,0,OR,OR
13,North Douglas (Drain),0,Adrian (Adrian),49,0,OR,OR
13,Sherman,26,Eddyville,19,0,OR,OR
13,Culver,7,Bandon,34,0,OR,OR
13,Crow,32,Triangle Lake,20,0,OR,OR
13,Lowell,0,Heppner,46,0,OR,OR
13,Imbler,24,Union,36,0,OR,OR
13,Joseph,26,Elkton,34,0,OR,OR
13,Elgin,20,Crosspoint Christian School (Pendleton),22,0,OR,OR
13,Lincoln-Way East (Frankfort),7,Mt Carmel (Chicago),48,0,IL,IL
13,Battle Mountain (Battle Mountain),12,Needles (Needles),18,0,NV,CA
13,Churchill County (Fallon),31,Virgin Valley (Mesquite),19,0,NV,NV
13,Lincoln County (Panaca),36,Pershing County (Lovelock),42,0,NV,NV
13,Moapa Valley (Overton),43,Elko (Elko),27,0,NV,NV
13,Manti,35,Cedar (Cedar City),41,1,UT,UT
13,Milford,12,Rich,21,1,UT,UT
13,South Summit,10,San Juan,57,1,UT,UT
13,Bagdad,20,Hayden,66,1,AZ,AZ
13,Nevada,29,Solon,10,1,IA,IA
13,Van Meter (Van Meter),14,Osage,6,1,IA,IA
13,Wahlert Catholic,21,Bishop Heelan Catholic (Sioux City),34,1,IA,IA
13,Wilton,21,Kuemper Catholic (Carroll),49,1,IA,IA
13,Chester-Joplin-Inverness (Chester),61,Lincoln (Lincoln),22,0,MT,MT
13,Circle (Circle),32,Flint Creek (co-op),36,0,MT,MT
13,Fort Benton (Fort Benton),14,Scobey / Opheim (co-op),46,0,MT,MT
13,Lincoln County (Eureka),12,Manhattan (Manhattan),14,0,MT,MT
13,Three Forks (Three Forks),32,Glasgow (Glasgow),30,0,MT,MT
13,Power / Dutton-Brady (co-op),20,Grass Range / Winnett (co-op),72,0,MT,MT
13,Faga'itua (Faga'itua),28,Leone (Vailoatai),7,0,AS,AS
14,Mentor (Mentor),7,St Edward (Lakewood),27,1,,
14,Wayne (Huber Heights),14,Middletown (Middletown),21,1,,
14,Pickerington Central (Pickerington),7,Olentangy Orange (Lewis Center),39,1,,
14,St Xavier (Cincinnati),42,Elder (Cincinnati),34,1,,
14,Walsh Jesuit (Cuyahoga Falls),35,Archbishop Hoban (Akron),7,1,,
14,Avon (Avon),36,Highland (Medina),19,1,,
14,Massillon Washington (Massillon),21,Big Walnut (Sunbury),27,1,,
14,Trotwood-Madison (Trotwood),7,Anderson (Cincinnati),38,1,,
14,Villa Angela-St Joseph (Cleveland),7,Cuyahoga Valley Christian Academy (Cuyahoga Falls),42,1,,
14,Central Catholic (Toledo),57,Rocky River (Rocky River),28,1,,
14,Steubenville (Steubenville),0,Bishop Watterson (Columbus),43,1,,
14,Tippecanoe (Tipp City),33,London (London),16,1,,
14,Glenville (Cleveland),35,Perry (Perry),7,1,,
14,Galion (Galion),7,Shelby (Shelby),41,1,,
14,Indian Valley (Gnadenhutten),34,New Lexington (New Lexington),0,1,,
14,Valley View (Germantown),14,Indian Hill (Cincinnati),41,1,,
14,Girard (Girard),14,Cardinal Mooney (Youngstown),48,1,,
14,Genoa Area (Genoa),0,Liberty Center (Liberty Center),38,1,,
14,Nelsonville-York (Nelsonville),0,Wheelersburg (Wheelersburg),41,1,,
14,North Union (Richwood),21,Indian Lake (Lewistown),35,1,,
14,Garaway (Sugarcreek),7,Kirtland (Kirtland),21,1,,
14,Carey (Carey),0,Hopewell-Loudon (Bascom),35,1,,
14,Colonel Crawford (North Robinson),35,West Jefferson (West Jefferson),7,1,,
14,Anna (Anna),12,Coldwater (Coldwater),14,1,,
14,Mogadore (Mogadore),21,McDonald (McDonald),42,1,,
14,Columbus Grove (Columbus Grove),31,Leipsic (Leipsic),6,1,,
14,Danville (Danville),20,Hillsdale (Jeromesville),25,1,,
14,St Henry (St Henry),24,Marion Local (Maria Stein),7,1,,
14,Anacostia (Washington),6,Ron Brown (Washington),38,1,DC,DC
14,McKinley (Washington),0,Bell (CHEC) (Washington),44,1,DC,DC
14,Ursuline College (The Pines) (Chatham),28,Holy Names (Windsor),42,1,ON,ON
14,Lambton Central (Petrolia),3,W.F. Herman (Windsor),55,1,ON,ON
14,Central Maryland Christian Crusaders (club) (Sykesville),14,Oklahoma City Patriots (club) (Oklahoma City),25,1,MD,OK
14,Atlas Rattlers (club),6,Christ Prep Academy (Lenexa),48,1,TX,KS
14,Tomball Christian (club) (Tomball),38,Columbus Crusaders (club) (Columbus),12,1,TX,
14,Tulsa NOAH Jaguars (club) (Tulsa),54,Landmark Eagles (club) (Cincinnati),0,1,OK,
14,Noblesville Lions (club) (Noblesville),8,Crossroads (Illinois) Crusaders (club) (Big Rock),48,1,IN,IL
14,Indianapolis Crimson Knights (club),0,Northside Lions (club) (Houston),14,1,IN,TX
14,Logos,26,Kendrick,54,1,ID,ID
14,Lone Peak,20,Corner Canyon (Draper),35,1,UT,UT
14,Orem,42,Springville,7,1,UT,UT
14,Green Canyon (North Logan),0,Ridgeline (Millville),56,1,UT,UT
14,Pella,6,Xavier (Cedar Rapids),31,1,IA,IA
14,Regina (Iowa City),27,West Lyon (Inwood),34,1,IA,IA
14,Saint Ansgar,17,MMCRU (Marcus),30,1,IA,IA
14,Woodbine,42,Bishop Garrigan (Algona),44,1,IA,IA
14,Cameron (Cameron),42,Wahama (Mason),16,0,WV,WV
14,Doddridge County,38,Independence (Coal City),27,0,WV,WV
14,Jefferson,28,George Washington (Charleston),21,0,WV,WV
14,Tucker County (Hambleton),8,Wheeling Central Catholic (Wheeling),41,0,WV,WV
14,Breathitt County (Jackson),14,Belfry (Belfry),41,0,KY,KY
14,Corbin,35,Highlands (Fort Thomas),21,0,KY,KY
14,Covington Catholic (Park Hills),14,Boyle County (Danville),49,0,KY,KY
14,Madison Central,27,Trinity (Louisville),64,0,KY,KY
14,Male (Louisville),14,St Xavier (Louisville),31,0,KY,KY
14,Middlesboro,14,Pikeville (Pikeville),42,0,KY,KY
14,Newport (Newport),6,Kentucky Country Day (Louisville),37,0,KY,KY
14,Newport Central Catholic,0,Campbellsville,28,0,KY,KY
14,Paris,5,Raceland (Raceland),27,0,KY,KY
14,Prestonsburg,0,Beechwood (Fort Mitchell),42,0,KY,KY
14,Russell (Russell),13,Lloyd Memorial (Erlanger),28,0,KY,KY
14,Ryle (Union),28,Frederick Douglass (Lexington),27,0,KY,KY
14,Scott County (Georgetown),31,Woodford County (Versailles),45,0,KY,KY
14,Harrisburg,38,Central York (York),10,1,PA,PA
14,State College,21,Central Catholic (Pittsburgh),42,1,PA,PA
14,Penn Cambria,12,Sharon (Sharon),7,1,PA,PA
14,Farrell (Farrell),32,Richland,14,1,PA,PA
14,Westinghouse (Pittsburgh),6,Bishop Guilfoyle (Altoona),7,1,PA,PA
14,Port Allegany (Port Allegany),28,Greenville,36,1,PA,PA
14,Oil City (Oil City),6,Aliquippa,28,1,PA,PA
14,Adams Central,19,Andrean,24,0,IN,IN
14,Bloomington South,0,New Palestine,42,0,IN,IN
14,Brownstown Central,31,Lapel,21,0,IN,IN
14,Concord,14,Merrillville,41,0,IN,IN
14,Heritage Hills,14,Roncalli (Indianapolis),42,0,IN,IN
14,Knox,0,Bishop Luers (Fort Wayne),35,0,IN,IN
14,Pioneer,31,South Adams (Berne),14,0,IN,IN
14,South Bend St. Joseph,7,Bishop Dwenger (Fort Wayne),28,0,IN,IN
14,South Putnam,40,Milan,7,0,IN,IN
14,Warren Central (Indianapolis),0,Brownsburg,35,0,IN,IN
14,Westfield,35,Carroll (Fort Wayne),14,0,IN,IN
14,Battle Ground Academy (Franklin),49,Boyd Buchanan (Chattanooga),3,0,TN,TN
14,Christ Presbyterian Academy (Nashville),7,Brentwood Academy (Brentwood),38,0,TN,TN
14,Lausanne Collegiate School,21,Franklin Road Academy,49,0,TN,TN
14,McCallie,35,Baylor (Chattanooga),56,0,TN,TN
14,Trinity Christian Academy,7,Nashville Christian School,41,0,TN,TN
14,Providence Christian Academy (Murfreesboro),12,University School of Jackson,21,0,TN,TN
14,Liberty Christian Academy (Lynchburg),22,Wilson Memorial,3,0,VA,VA
14,Green Street Academy (Baltimore),12,Fort Hill (Cumberland),77,0,MD,MD
14,Central Catholic (Lawrence),7,Saint John's Preparatory School (Danvers),48,1,MA,MA
14,Saint Joseph Regional (Montvale),25,St Peter's Prep,21,0,NJ,NJ
14,Bergen Catholic (Oradell),17,Don Bosco Prep (Ramsey),31,0,NJ,NJ
14,Appoquinimink (Middletown),20,Middletown (Middletown),28,0,DE,DE
14,Mountain View (Bend),21,Silverton,35,1,OR,OR
14,Churchill,14,Summit (Bend),28,1,OR,OR
14,Central Catholic,21,West Linn (West Linn),14,1,OR,OR
14,Lake Oswego (Lake Oswego),31,Adrienne C. Nelson (Happy Valley),12,1,OR,OR
14,Melrose (Melrose),14,Fort Sumner/House (co-op),28,0,NM,NM
14,Brophy College Preparatory,34,Chandler (Chandler),45,0,AZ,AZ
14,Higley,34,Casteel,39,0,AZ,AZ
14,Mesa,39,Centennial (Peoria),41,0,AZ,AZ
14,Mountain View (Mesa),27,Hamilton (Chandler),35,0,AZ,AZ
14,Salpointe Catholic,10,Pinnacle,7,0,AZ,AZ
14,Red Mountain (Mesa),23,Liberty (Peoria),48,0,AZ,AZ
14,Spruce Creek (Port Orange),20,Lake Mary (Lake Mary),50,0,FL,FL
14,Iowa City Liberty (North Liberty),10,Dowling Catholic (West Des Moines),27,1,IA,IA
14,Nevada,27,Bishop Heelan Catholic (Sioux City),6,1,IA,IA
14,Van Meter (Van Meter),7,Kuemper Catholic (Carroll),28,1,IA,IA
14,Billings Central Catholic (Billings),21,Frenchtown (Frenchtown),31,0,MT,MT
14,Billings West (Billings),3,Glacier (Kalispell),16,0,MT,MT
14,Perry,13,ALA - QC,21,0,AZ,AZ
14,Williams Field,10,Basha (Chandler),33,0,AZ,AZ
14,Nu'uuli Voc Tech (Pago Pago),0,Faga'itua (Faga'itua),24,0,AS,AS
14,Martinsburg (Martinsburg),55,Wheeling Park (Wheeling),35,0,WV,WV
14,Wirt County (Elizabeth),14,Clay-Battelle (Blacksville),46,0,WV,WV
14,Almont,19,Lumen Christi (Jackson),25,1,MI,MI
14,Blanchard Montabella (Blanchard),8,Martin (Martin),52,1,MI,MI
14,Dearborn Divine Child (Dearborn),10,Goodrich,7,1,MI,MI
14,Detroit Cass Tech (Detroit),48,Rochester Adams,22,1,MI,MI
14,Iron Mountain North Dickinson,0,Portland St Patrick,53,1,MI,MI
14,East Kentwood,6,Novi Detroit Catholic Central (Novi),46,1,MI,MI
14,Orchard Lake St Mary (Orchard Lake),42,Portage Central,7,1,MI,MI
14,Warren De La Salle (Warren),20,DeWitt (DeWitt),41,1,MI,MI
14,Peters Township,20,Pine-Richland (Gibsonia),19,1,PA,PA
14,Steel Valley,14,Seton LaSalle,21,1,PA,PA
14,Laurel,6,Clairton (Clairton),8,1,PA,PA
14,Imani Christian Academy (Pittsburgh),6,Avonworth (Pittsburgh),30,1,PA,PA
14,Gibson Southern,34,Cascade,49,0,IN,IN
14,Noblesville Lions (club) (Noblesville),6,Northern Virginia Homeschool,48,1,IN,VA
14,Central Maryland Christian Crusaders (club) (Sykesville),15,Landmark Eagles (club) (Cincinnati),14,1,MD,
14,Ron Brown (Washington),0,Bell (CHEC) (Washington),54,1,DC,DC
14,Digital Pioneers Academy (Washington),14,Saint Albans School (Washington),7,0,DC,DC
14,Canisius (Buffalo),34,St Francis (Hamburg),41,1,NY,NY
14,Xavier (New York),28,St Joseph by-the-Sea (Staten Island),7,1,NY,NY
14,Iona Prep (New Rochelle),42,Monsignor Farrell (Staten Island),20,1,NY,NY
14,Xaverian (Brooklyn),21,Holy Cross (Flushing),8,1,NY,NY
14,Penfield (Penfield),14,Lewis J Bennett (Buffalo),26,1,NY,NY
14,Xaverian Brothers (Westwood),36,Springfield Central (Springfield),22,1,MA,MA
14,Scappoose,19,Cascade,55,1,OR,OR
14,Bandon,13,Lost River,33,1,OR,OR
14,Burns (Burns),36,Banks,31,1,OR,OR
14,Henley (Klamath Falls),26,Marshfield,14,1,OR,OR
14,Sherman,6,Harper Charter (Harper),27,1,OR,OR
14,Gervais,0,Cascade Christian,36,1,OR,OR
14,Crow,45,Elkton,39,1,OR,OR
14,Union,14,Adrian (Adrian),56,1,OR,OR
14,St Paul (St Paul),16,Heppner,56,1,OR,OR
14,Crosspoint Christian School (Pendleton),44,Dufur,8,1,OR,OR
14,Batavia (Batavia),34,St Rita (Chicago),54,0,IL,IL
14,Downers Grove North (Downers Grove),17,Brother Rice (Chicago),45,0,IL,IL
14,East St Louis Senior (East St Louis),50,St Laurence (Burbank),7,0,IL,IL
14,Morris (Morris),27,Montini (Lombard),47,0,IL,IL
14,Fremd (Palatine),21,Mt Carmel (Chicago),42,0,IL,IL
14,Atlas Rattlers (club),14,Columbus Crusaders (club) (Columbus),6,1,TX,
14,Tomball Christian (club) (Tomball),7,Christ Prep Academy (Lenexa),22,1,TX,KS
14,Tulsa NOAH Jaguars (club) (Tulsa),34,Oklahoma City Patriots (club) (Oklahoma City),0,1,OK,OK
14,Ft Zumwalt North (O'Fallon),13,Cardinal Ritter (St Louis),38,0,MO,MO
14,Carey,40,Tri-Valley (co-op),20,1,ID,ID
14,Homedale,29,Kimberly,21,1,ID,ID
14,Ririe,30,Nampa Christian,36,1,ID,ID
14,Timberline (Boise),6,Rigby,41,1,ID,ID
14,Churchill County (Fallon),21,Moapa Valley (Overton),14,1,NV,NV
14,Tonopah (Tonopah),6,Pahranagat Valley (Alamo),32,1,NV,NV
14,Pusch Ridge Christian Academy,14,Benjamin Franklin,47,1,AZ,AZ
14,Round Valley,42,Valley Christian,28,0,AZ,AZ
14,Palo Verde (Blythe),12,Maranatha Christian (Del Sur),24,1,CA,CA
14,Chester-Joplin-Inverness (Chester),46,Grass Range / Winnett (co-op),38,0,MT,MT
14,Three Forks (Three Forks),7,Manhattan (Manhattan),28,0,MT,MT
14,Flint Creek (co-op),16,Scobey / Opheim (co-op),48,0,MT,MT
14,Tanque Verde,16,St. Johns,29,1,AZ,AZ
14,Willcox,25,Scottsdale Christian,28,1,AZ,AZ
14,Tafuna (Tafuna),26,Leone (Vailoatai),6,0,AS,AS
15,Olentangy Orange (Lewis Center),28,St Edward (Lakewood),0,1,,
15,St Xavier (Cincinnati),21,Middletown (Middletown),6,1,,
15,Walsh Jesuit (Cuyahoga Falls),7,Avon (Avon),38,1,,
15,Big Walnut (Sunbury),22,Anderson (Cincinnati),29,1,,
15,Cuyahoga Valley Christian Academy (Cuyahoga Falls),20,Central Catholic (Toledo),21,1,,
15,Bishop Watterson (Columbus),41,Tippecanoe (Tipp City),9,1,,
15,Indian Hill (Cincinnati),7,Shelby (Shelby),42,1,,
15,Glenville (Cleveland),26,Indian Valley (Gnadenhutten),21,1,,
15,Indian Lake (Lewistown),10,Liberty Center (Liberty Center),42,1,,
15,Cardinal Mooney (Youngstown),10,Wheelersburg (Wheelersburg),24,1,,
15,Coldwater (Coldwater),18,Hopewell-Loudon (Bascom),20,1,,
15,Kirtland (Kirtland),49,Colonel Crawford (North Robinson),22,1,,
15,Hillsdale (Jeromesville),41,McDonald (McDonald),14,1,,
15,St Henry (St Henry),13,Columbus Grove (Columbus Grove),10,1,,
15,Bishop Ryan (Hamilton),0,London Catholic Central (London),25,1,ON,ON
15,Holy Cross (Peterborough),36,Chaminade College School (North York),0,1,ON,ON
15,Confederation SS (Val Caron),21,Elmira District SS (Elmira),28,1,ON,ON
15,Hillcrest (Ammon),14,Bishop Kelly,31,1,ID,ID
15,St Joan of Arc (Barrie),13,Robert F. Hall (Caledon East),25,1,ON,ON
15,Frontenac (Kingston),15,Huron Heights (Newmarket),27,1,ON,ON
15,St Ignatius (Thunder Bay),33,Western Tech (Toronto),0,1,ON,ON
15,Arbor View (Las Vegas),7,Bishop Gorman (Las Vegas),44,1,NV,NV
15,Pershing County (Lovelock),12,Needles (Needles),22,1,NV,CA
15,Robert McQueen (Reno),27,Pinecrest Academy of Nevada Sloan Canyon (Henderson),20,1,NV,NV
15,Spanish Springs (Sparks),42,Faith Lutheran (Las Vegas),23,1,NV,NV
15,Holy Names (Windsor),23,St James (Guelph),0,1,ON,ON
15,Paul Dwyer (Oshawa),17,St Mark (Manotick),22,1,ON,ON
15,Korah (Sault Ste. Marie),38,A.N. Myer (Niagara Falls),31,1,ON,ON
15,Calvert Hall (Towson),28,Loyola / Blakefield (Towson),24,0,MD,MD
15,Dunbar (Washington),14,Coolidge (Washington),15,1,DC,DC
15,Xavier (New York),22,Fordham Prep (Bronx),21,0,NY,NY
15,Cardinal Hayes (Bronx),38,Mount St Michael Academy (Bronx),7,0,NY,NY
15,Saint John's Preparatory School (Danvers),18,Xaverian Brothers (Westwood),21,0,MA,MA
15,Doddridge County,7,Frankfort (Ridgeley),28,0,WV,WV
15,Pendleton County,20,Wheeling Central Catholic (Wheeling),43,0,WV,WV
15,Atherton,0,Pulaski County,17,0,KY,KY
15,Beechwood (Fort Mitchell),40,Owensboro Catholic (Owensboro),41,0,KY,KY
15,Belfry (Belfry),29,Lexington Christian (Lexington),34,0,KY,KY
15,Bell County,20,Christian Academy-Louisville (Louisville),56,0,KY,KY
15,Campbellsville,13,Kentucky Country Day (Louisville),31,0,KY,KY
15,Corbin,33,Boyle County (Danville),34,0,KY,KY
15,Murray (Murray),27,Lloyd Memorial (Erlanger),20,0,KY,KY
15,Paducah Tilghman (Paducah),14,Franklin County (Frankfort),21,0,KY,KY
15,Pikeville (Pikeville),10,Raceland (Raceland),17,0,KY,KY
15,Ryle (Union),20,South Warren (Bowling Green),36,0,KY,KY
15,Trinity (Louisville),50,St Xavier (Louisville),7,0,KY,KY
15,Woodford County (Versailles),6,Owensboro (Owensboro),49,0,KY,KY
15,Dearborn Divine Child (Dearborn),23,Hudsonville Unity Christian,22,1,MI,MI
15,Harbor Beach,31,Hudson,20,1,MI,MI
15,Kingsley,14,Lumen Christi (Jackson),28,1,MI,MI
15,Orchard Lake St Mary (Orchard Lake),51,Dexter,14,1,MI,MI
15,Penn Cambria,15,Avonworth (Pittsburgh),31,1,PA,PA
15,Aliquippa,24,Twin Valley,28,1,PA,PA
15,Greenville,0,Clairton (Clairton),57,1,PA,PA
15,Bishop Luers (Fort Wayne),14,Cascade,29,1,IN,IN
15,Merrillville,17,New Palestine,38,1,IN,IN
15,South Putnam,55,Pioneer,29,1,IN,IN
15,Blackman (Murfreesboro),14,Oakland (Murfreesboro),42,0,TN,TN
15,Centennial (Franklin),21,Page,43,0,TN,TN
15,Covington (Covington),34,Westview,40,0,TN,TN
15,Greeneville,7,Alcoa (Alcoa),35,0,TN,TN
15,Huntingdon,35,Milan,34,0,TN,TN
15,Knoxville Halls (Knoxville),13,Sevier County,49,0,TN,TN
15,Marion County,33,Eagleton College and Career Academy (Maryville),14,0,TN,TN
15,South Pittsburg,35,Coalfield (Coalfield),7,0,TN,TN
15,Tyner Academy,20,Gatlinburg-Pittman,23,0,TN,TN
15,Southwind (Memphis),25,Ravenwood (Brentwood),28,0,TN,TN
15,South Gibson County (Memphis),28,Pearl Cohn,42,0,TN,TN
15,Fayetteville (Fayetteville),0,McKenzie,39,0,TN,TN
15,Liberty Christian Academy (Lynchburg),14,Heritage (Lynchburg),7,0,VA,VA
15,Broadneck (Annapolis),0,Quince Orchard (Gaithersburg),35,0,MD,MD
15,Old Mill (Millersville),7,Mergenthaler (Baltimore),42,0,MD,MD
15,Dunbar (Baltimore),32,Elkton (Elkton),16,0,MD,MD
15,Milford Mill Academy (Baltimore),12,Linganore (Frederick),41,0,MD,MD
15,Perry Hall (Baltimore),14,Sherwood (Sandy Spring),42,0,MD,MD
15,Northern (Owings),21,Glenelg (Glenelg),14,0,MD,MD
15,Perryville (Perryville),19,Fort Hill (Cumberland),56,0,MD,MD
15,Lackey (Indian Head),20,Liberty (Sykesville),6,0,MD,MD
15,Boonsboro (Boonsboro),27,Patuxent (Lusby),35,0,MD,MD
15,Wicomico (Salisbury),20,Huntingtown (Huntingtown),50,0,MD,MD
15,Dr. Henry A. Wise Jr. (Upper Marlboro),45,Winston Churchill (Potomac),7,0,MD,MD
15,Oakdale (New Market),42,Westminster (Westminster),21,0,MD,MD
15,Rye (Rye),35,Cornwall,7,1,NY,NY
15,Tuckahoe (Eastchester),13,Greenwich (Greenwich),7,1,NY,NY
15,Salesianum (Wilmington),14,Middletown (Middletown),28,1,DE,DE
15,Central Catholic,6,Lake Oswego (Lake Oswego),35,1,OR,OR
15,Silverton,24,Summit (Bend),14,1,OR,OR
15,Maroa-Forsyth (Marao),6,Wilmington (Wilmington),42,1,IL,IL
15,Brown County (Mt Sterling),13,Lena-Winslow (Lena),58,1,IL,IL
15,Rochester (Rochester),33,Montini (Lombard),47,1,IL,IL
15,Unity (Tolono),50,Byron (Byron),56,1,IL,IL
15,Platte County,64,Kirkwood,35,0,MO,MO
15,Haxtun (Haxtun),54,Akron (Akron),28,1,CO,CO
15,Desert Mountain,20,Horizon,17,0,AZ,AZ
15,Salpointe Catholic,28,Casteel,37,0,AZ,AZ
15,ALA - QC,23,Centennial (Peoria),35,0,AZ,AZ
15,ALA - West Foothills,12,Arcadia,21,0,AZ,AZ
15,Canyon View,34,ALA - Gilbert North,24,0,AZ,AZ
15,Mica Mountain,31,Gila Ridge,3,0,AZ,AZ
15,Stratton (Stratton),8,Idalia (Idalia),38,1,CO,CO
15,Bluefield,56,Philip Barbour (Philippi),27,0,WV,WV
15,Cameron (Cameron),12,Clay-Battelle (Blacksville),24,0,WV,WV
15,Chapmanville,13,Nitro,36,0,WV,WV
15,Jefferson,21,Morgantown (Morgantown),52,0,WV,WV
15,Spring Valley (Huntington),0,Princeton Senior (Princeton),27,0,WV,WV
15,University (Morgantown),13,Martinsburg (Martinsburg),44,0,WV,WV
15,Bishop McDevitt (Harrisburg),31,Peters Township,28,1,PA,PA
15,Central Catholic (Pittsburgh),32,Harrisburg,14,1,PA,PA
15,Seton LaSalle,19,Farrell (Farrell),40,1,PA,PA
15,Andrean,7,Brownstown Central,0,1,IN,IN
15,Bishop Dwenger (Fort Wayne),36,Roncalli (Indianapolis),29,1,IN,IN
15,Westfield,31,Brownsburg,38,1,IN,IN
15,Eastern (Washington),14,Friendship Collegiate (Washington),12,1,DC,DC
15,Digital Pioneers Academy (Washington),20,Bell (CHEC) (Washington),28,1,DC,DC
15,St Francis (Hamburg),21,Iona Prep (New Rochelle),42,1,NY,NY
15,Lewis J Bennett (Buffalo),14,Christian Brothers Academy - Syracuse (Syracuse),34,1,NY,NY
15,Monroe (Rochester),48,Owego,7,1,NY,NY
15,Bronxville (Bronxville),49,Schuylerville (Schuylerville),16,1,NY,NY
15,Mamaroneck (Mamaroneck),14,Saratoga Springs (Saratoga Springs),28,1,NY,NY
15,Sleepy Hollow (Sleepy Hollow),42,Glens Falls (Glens Falls),20,1,NY,NY
15,Frank J. Macchiarola Educational Complex (Brooklyn),46,James Madison (Brooklyn),6,1,NY,NY
15,East Harlem (co-op) (New York),6,The Michael J. Petrides School (Staten Island),14,1,NY,NY
15,Chautauqua Lake/Westfield/Brocton (co-op),7,Chenango Forks,34,1,NY,NY
15,Burns (Burns),28,Cascade Christian,35,1,OR,OR
15,Henley (Klamath Falls),0,Cascade,52,1,OR,OR
15,Lost River,24,Heppner,22,1,OR,OR
15,Crow,0,Harper Charter (Harper),81,1,OR,OR
15,Crosspoint Christian School (Pendleton),8,Adrian (Adrian),44,1,OR,OR
15,Jackson,28,Lee's Summit,35,0,MO,MO
15,Nixa,45,Pattonville,0,0,MO,MO
15,Cardinal Ritter (St Louis),8,Carthage,20,0,MO,MO
15,Elizabeth (Elizabeth),0,Wellington (Wellington),35,1,CO,CO
15,Heritage (Littleton),14,Dakota Ridge (Littleton),31,0,CO,CO
15,Holy Family (Broomfield),14,Windsor (Windsor),21,0,CO,CO
15,Limon (Limon),14,Buena Vista (Buena Vista),10,1,CO,CO
15,Mountain Vista (Highlands Ranch),28,Ralston Valley (Arvada),31,0,CO,CO
15,Palisade (Palisade),29,Pomona (Arvada),42,0,CO,CO
15,Palmer Ridge (Monument),31,Montrose (Montrose),29,0,CO,CO
15,Eunice (Eunice),7,Texico (Texico),42,0,NM,NM
15,St Michael's (Santa Fe),28,Dexter (Dexter),21,0,NM,NM
15,St Pius X (Albuquerque),27,Bloomfield (Bloomfield),58,0,NM,NM
15,Roswell (Roswell),24,Artesia (Artesia),25,0,NM,NM
15,Las Cruces (Las Cruces),28,V. Sue Cleveland (Rio Rancho),35,0,NM,NM
15,Chandler (Chandler),30,Hamilton (Chandler),17,1,AZ,AZ
15,Round Valley,13,Benjamin Franklin,10,1,AZ,AZ
15,Liberty (Peoria),16,Basha (Chandler),19,1,AZ,AZ
15,San Mateo (San Mateo),21,Menlo-Atherton (Atherton),31,1,CA,CA
15,Foothill (Palo Cedro),20,Chico (Chico),28,1,CA,CA
15,Granite Hills (El Cajon),41,Lincoln (San Diego),29,1,CA,CA
15,St Mary's (Stockton),38,Granite Bay,24,1,CA,CA
15,St. Johns,22,Scottsdale Christian,27,1,AZ,AZ
15,Valor Christian (Highlands Ranch),13,Cherry Creek (Greenwood Village),21,0,CO,CO
15,Tafuna (Tafuna),44,Faga'itua (Faga'itua),28,0,AS,AS
15,Detroit Cass Tech (Detroit),19,Novi Detroit Catholic Central (Novi),42,1,MI,MI
15,Grand Rapids West Catholic (Grand Rapids),42,Pontiac Notre Dame (Pontiac),14,1,MI,MI
15,Mt Pleasant,20,DeWitt (DeWitt),54,1,MI,MI
15,Schoolcraft,6,Menominee,34,1,MI,MI
15,Brighton,47,Union-Endicott (Endicott),14,1,NY,NY
15,Newfane (Newfane),16,Tioga (Tioga Center),20,1,NY,NY
15,Erasmus Hall Campus (Brooklyn),34,Tottenville (Staten Island),27,1,NY,NY
15,Morrisville-Eaton,40,Eldred,12,1,NY,NY
15,William C Bryant (Astoria),28,Boys and Girls Campus (Brooklyn),16,1,NY,NY
16,Olentangy Orange (Lewis Center),28,St Xavier (Cincinnati),14,1,,
16,Anderson (Cincinnati),20,Avon (Avon),37,1,,
16,Bishop Watterson (Columbus),30,Central Catholic (Toledo),0,1,,
16,Shelby (Shelby),7,Glenville (Cleveland),45,1,,
16,Liberty Center (Liberty Center),35,Wheelersburg (Wheelersburg),3,1,,
16,Hopewell-Loudon (Bascom),6,Kirtland (Kirtland),41,1,,
16,Hillsdale (Jeromesville),3,St Henry (St Henry),37,1,,
16,Fenwick (Oak Park),38,East St Louis Senior (East St Louis),28,1,IL,IL
16,St Francis (Wheaton),39,Providence Catholic (New Lenox),35,1,IL,IL
16,Ansonia (Ansonia),34,Seymour (Seymour),14,0,CT,CT
16,Bloomfield (Bloomfield),14,Woodland Regional (Beacon Falls),42,0,CT,CT
16,Brookfield (Brookfield),24,Guilford (Guilford),17,0,CT,CT
16,Danbury (Danbury),17,Fairfield Collep Prep (Fairfield),31,0,CT,CT
16,Darien (Darien),7,New Canaan (New Canaan),42,0,CT,CT
16,Ellington (Ellington),20,Killingly (Killingly),56,0,CT,CT
16,Glastonbury (Glastonbury),30,Southington (Southington),35,0,CT,CT
16,Fitch (Groton),6,Bunnell (Stratford),42,0,CT,CT
16,Ledyard (Ledyard),32,Jonathan Law (Milford),29,0,CT,CT
16,Middletown (Middletown),0,Newington (Newington),12,0,CT,CT
16,Platt RVT (Milford),0,Berlin (Berlin),42,0,CT,CT
16,New Fairfield (New Fairfield),36,Nonnewaug Chiefs (co-op),38,0,CT,CT
16,Norwich Free Academy (Norwich),35,New Britain (New Britain),0,0,CT,CT
16,Ridgefield (Ridgefield),24,Newtown (Newtown),13,0,CT,CT
16,Torrington (Torrington),6,Wilton (Wilton),48,0,CT,CT
16,Sheehan (Wallingford),42,North Branford (North Branford),0,0,CT,CT
16,Holy Cross (Waterbury),51,Rockville (Vernon),21,0,CT,CT
16,Waterford (Waterford),19,Daniel Hand (Madison),43,0,CT,CT
16,Northwest Catholic (West Hartford),31,Cromwell/Portland (co-op),21,0,CT,CT
16,Staples (Westport),7,Greenwich (Greenwich),41,0,CT,CT
16,Waterbury Career Academy (Waterbury),0,St. Joseph (Trumbull),37,0,CT,CT
16,Valley Panthers (co-op),0,Windsor (Windsor),61,0,CT,CT
16,Fairfield Ludlowe (Fairfield),29,Cheshire (Cheshire),32,0,CT,CT
16,ATI United (co-op),28,Weaver/Hartford Public/Classical (co-op),63,0,CT,CT
16,St Rita (Chicago),0,Brother Rice (Chicago),16,1,IL,IL
16,Oswego (Oswego),3,Mt Carmel (Chicago),20,1,IL,IL
16,Thompson (Alabaster),48,Opelika (Opelika),10,1,AL,AL
16,Twin Valley,21,Southern Lehigh,43,1,PA,PA
16,Clairton (Clairton),35,Bishop Guilfoyle (Altoona),3,1,PA,PA
16,Battle Ground Academy (Franklin),61,Franklin Road Academy,27,1,TN,TN
16,Brentwood Academy (Brentwood),24,Baylor (Chattanooga),28,1,TN,TN
16,Nashville Christian School,59,University School of Jackson,7,1,TN,TN
16,Mergenthaler (Baltimore),40,Sherwood (Sandy Spring),20,1,MD,MD
16,Amesbury (Amesbury),14,Cohasset (Cohasset),22,1,MA,MA
16,Fairhaven (Fairhaven),28,Norwell (Norwell),14,1,MA,MA
16,Covenant Classical (Fort Worth),56,Alpha Omega Academy (Huntsville),101,1,TX,TX
16,Valor Prep (Waco),51,Brazosport Christian (Lake Jackson),6,1,TX,TX
16,Vanguard (Waco),18,First Baptist Christian Academy (Pasadena),54,1,TX,TX
16,Woodlawn (Rison),38,Cedar Ridge (Newark),74,1,AR,AR
16,Dewar,14,Laverne,6,1,OK,OK
16,Weleetka,12,Seiling,60,1,OK,OK
16,Worth County/Northeast Nodaway (co-op),56,Rock Port,46,1,MO,MO
16,Dunnellon (Dunnellon),13,North Miami Beach (North Miami Beach),7,1,FL,FL
16,Tate (Cantonment),0,Dr. Joaquin Garcia (Lake Worth),10,1,FL,FL
16,Maplesville (Maplesville),42,Wadley (Wadley),22,1,AL,AL
16,Mars Hill Bible School (Florence),38,Bayside Academy (Daphne),21,1,AL,AL
16,Vigor (Prichard),0,Moody (Moody),25,1,AL,AL
16,Calhoun City (Calhoun City),14,Simmons (Hollandale),8,1,MS,MS
16,West Point (West Point),19,Brookhaven (Brookhaven),31,1,MS,MS
16,Clay-Battelle (Blacksville),34,Wheeling Central Catholic (Wheeling),56,1,WV,WV
16,Martinsburg (Martinsburg),21,Morgantown (Morgantown),28,1,WV,WV
16,Franklin County (Frankfort),0,Boyle County (Danville),34,1,KY,KY
16,Kentucky Country Day (Louisville),20,Raceland (Raceland),16,1,KY,KY
16,Owensboro Catholic (Owensboro),28,Lexington Christian (Lexington),33,1,KY,KY
16,Farrell (Farrell),22,Southern Columbia,43,1,PA,PA
16,Roman Catholic (Philadelphia),28,Bishop McDevitt (Harrisburg),6,1,PA,PA
16,McKenzie,14,South Pittsburg,42,1,TN,TN
16,Page,21,Sevier County,14,1,TN,TN
16,Westview,62,Gatlinburg-Pittman,21,1,TN,TN
16,Lackey (Indian Head),26,Dunbar (Baltimore),50,1,MD,MD
16,Dr. Henry A. Wise Jr. (Upper Marlboro),21,Quince Orchard (Gaithersburg),26,1,MD,MD
16,Rye (Rye),28,Brighton,14,1,NY,NY
16,Tuckahoe (Eastchester),31,Tioga (Tioga Center),42,1,NY,NY
16,Belton-Honea Path (Honea Path),7,Oceanside Collegiate (Mount Pleasant),28,1,SC,SC
16,Northwestern (Rock Hill),55,Irmo (Columbia),13,1,SC,SC
16,Lamar (Lamar),21,Bamberg-Ehrhardt (Bamberg),35,1,SC,SC
16,Foxborough (Foxborough),7,Shawsheen Valley Tech School (Billerica),14,1,MA,MA
16,North Attleborough (North Attleboro),10,King Philip Regional (Wrentham),21,1,MA,MA
16,Liberty Christian School,14,DeSales,26,1,WA,WA
16,Cashmere,20,Royal (Royal City),21,1,WA,WA
16,Mt Tahoma,14,O'Dea (Seattle),21,1,WA,WA
16,All Saints' (Fort Worth),34,Second Baptist (Houston),16,1,TX,TX
16,Parish Episcopal (Dallas),14,Prestonwood (Plano),7,1,TX,TX
16,Bryant (Bryant),27,Bentonville (Bentonville),7,1,AR,AR
16,Elkins (Elkins),55,Stuttgart (Stuttgart),21,0,AR,AR
16,Salem (Salem),22,Mansfield (Mansfield),48,0,AR,AR
16,Booneville (Booneville),13,Fordyce (Fordyce),18,0,AR,AR
16,Cross County (Cherry Valley),20,East Poinsett County (Lepanto),14,1,AR,AR
16,Warren (Warren),36,Dardanelle (Dardanelle),56,0,AR,AR
16,Choctaw (Choctaw),27,Sand Springs,32,1,OK,OK
16,Ryan,60,Medford,30,1,OK,OK
16,Platte County,34,Carthage,28,1,MO,MO
16,Putnam County,14,Tipton,39,1,MO,MO
16,Lift for Life Academy (St Louis),26,Seneca,33,1,MO,MO
16,Desert Mountain,21,Canyon View,7,1,AZ,AZ
16,Mica Mountain,42,Arcadia,17,1,AZ,AZ
16,Hawthorne (Hawthorne),24,Blountstown (Blountstown),8,1,FL,FL
16,Port St. Joe (Port St. Joe),29,Fort White (Fort White),32,1,FL,FL
16,Monte Vista (Danville),13,St Ignatius (San Francisco),17,0,CA,CA
16,Jackson (Jackson),52,Anniston (Anniston),0,1,AL,AL
16,Lanett (Lanett),22,Coosa Christian (Gadsden),29,1,AL,AL
16,Saraland (Saraland),21,Clay-Chalkville (Pinson),38,1,AL,AL
16,Kosciusko Senior (Kosciusko),0,Columbia (Columbia),6,1,MS,MS
16,Warren Central (Vicksburg),56,Hattiesburg (Hattiesburg),34,1,MS,MS
16,Bluefield,42,Frankfort (Ridgeley),49,1,WV,WV
16,Nitro,35,Princeton Senior (Princeton),36,1,WV,WV
16,Murray (Murray),7,Christian Academy-Louisville (Louisville),42,1,KY,KY
16,Owensboro (Owensboro),35,Pulaski County,7,1,KY,KY
16,Trinity (Louisville),28,South Warren (Bowling Green),14,1,KY,KY
16,Avonworth (Pittsburgh),31,Northwestern Lehigh (New Tripoli),7,1,PA,PA
16,La Salle College (Wyndmoor),34,Central Catholic (Pittsburgh),20,1,PA,PA
16,Huntingdon,20,Marion County,7,1,TN,TN
16,Pearl Cohn,27,Alcoa (Alcoa),47,1,TN,TN
16,Ravenwood (Brentwood),21,Oakland (Murfreesboro),62,1,TN,TN
16,Buffalo Gap,32,Rappahannock,38,0,VA,VA
16,Glenvar,21,Union (Big Stone Gap),20,0,VA,VA
16,Grayson County,6,Rye Cove,7,1,VA,VA
16,Indian River,8,Highland Springs,35,0,VA,VA
16,Jefferson Forest,21,Varina (Henrico),49,0,VA,VA
16,Lafayette,23,Loudoun County,25,0,VA,VA
16,Magna Vista,21,Lake Taylor,27,0,VA,VA
16,Maury,48,Stone Bridge,27,0,VA,VA
16,Oscar Smith (Chesapeake),34,James Madison (Vienna),28,0,VA,VA
16,Strasburg (Strasburg),31,Poquoson,10,0,VA,VA
16,West Springfield,7,North Stafford,19,0,VA,VA
16,Liberty Christian Academy (Lynchburg),28,Kettle Run (Nokesville),29,0,VA,VA
16,Fort Hill (Cumberland),28,Patuxent (Lusby),35,1,MD,MD
16,Northern (Owings),21,Huntingtown (Huntingtown),24,1,MD,MD
16,Oakdale (New Market),17,Linganore (Frederick),56,1,MD,MD
16,Eastern (Washington),19,Coolidge (Washington),8,1,DC,DC
16,Saratoga Springs (Saratoga Springs),12,Christian Brothers Academy - Syracuse (Syracuse),41,1,NY,NY
16,Bronxville (Bronxville),42,Chenango Forks,25,1,NY,NY
16,Sleepy Hollow (Sleepy Hollow),0,Monroe (Rochester),34,1,NY,NY
16,Dutch Fork (Irmo),40,Summerville (Summerville),20,1,SC,SC
16,South Pointe (Rock Hill),35,South Florence (Florence),14,1,SC,SC
16,Strom Thurmond (Johnston),26,Hampton County (Varnville),7,1,SC,SC
16,Bishop Feehan (Attleboro),14,Catholic Memorial (West Roxbury),41,1,MA,MA
16,Randolph (Randolph),21,West Boylston (West Boylston),0,1,MA,MA
16,Tewksbury Memorial (Tewksbury),41,Scituate (Scituate),42,1,MA,MA
16,Xaverian Brothers (Westwood),41,Saint John's Preparatory School (Danvers),35,1,MA,MA
16,Tri-Cities Prep,47,Toledo,34,1,WA,WA
16,Tumwater (Tumwater),20,Archbishop Murphy,35,1,WA,WA
16,Sumner (Sumner),41,Lake Stevens,35,1,WA,WA
16,Lubbock Christian,36,Dallas Christian (Mesquite),30,1,TX,TX
16,Brazos Christian (Bryan),44,First Baptist (Dallas),62,1,TX,TX
16,Lakeside (Hot Springs),19,Joe T Robinson (Little Rock),34,1,AR,AR
16,Shiloh Christian (Little Rock),70,Greenwood (Greenwood),50,1,AR,AR
16,Bishop McGuinness,7,Carl Albert (Midwest City),48,1,OK,OK
16,Bixby,31,Owasso,17,1,OK,OK
16,Lee's Summit,41,Nixa,37,1,MO,MO
16,Kearney,21,Hannibal,14,1,MO,MO
16,St Pius X (Festus),0,Blair Oaks,59,1,MO,MO
16,Ralston Valley (Arvada),28,Cherry Creek (Greenwood Village),56,1,CO,CO
16,Palmer Ridge (Monument),14,Dakota Ridge (Littleton),38,1,CO,CO
16,Pomona (Arvada),17,Windsor (Windsor),14,1,CO,CO
16,Chandler (Chandler),7,Basha (Chandler),34,1,AZ,AZ
16,Casteel,42,Centennial (Peoria),27,1,AZ,AZ
16,Tupelo (Tupelo),20,Gulfport (Gulfport),21,1,MS,MS
16,East Webster (Maben),28,Heidelberg (Heidelberg),16,1,MS,MS
16,Noxubee County (Macon),6,Raleigh (Raleigh),12,1,MS,MS
16,Samoana (Utulei),36,Faga'itua (Faga'itua),28,1,AS,AS
16,Ansonia (Ansonia),0,Northwest Catholic (West Hartford),21,0,CT,CT
16,Brookfield (Brookfield),6,St. Joseph (Trumbull),3,0,CT,CT
16,Greenwich (Greenwich),31,Fairfield Collep Prep (Fairfield),10,0,CT,CT
16,Ledyard (Ledyard),15,Killingly (Killingly),44,0,CT,CT
16,Newington (Newington),0,Windsor (Windsor),42,0,CT,CT
16,Norwich Free Academy (Norwich),7,Southington (Southington),42,0,CT,CT
16,Ridgefield (Ridgefield),0,Cheshire (Cheshire),21,0,CT,CT
16,Bunnell (Stratford),21,Wilton (Wilton),20,0,CT,CT
16,Sheehan (Wallingford),41,Woodland Regional (Beacon Falls),20,0,CT,CT
16,Holy Cross (Waterbury),7,Berlin (Berlin),49,0,CT,CT
16,Nonnewaug Chiefs (co-op),0,Daniel Hand (Madison),42,0,CT,CT
16,Weaver/Hartford Public/Classical (co-op),6,New Canaan (New Canaan),43,0,CT,CT
16,Corner Canyon (Draper),20,Saint Frances Academy (Baltimore),37,1,UT,MD
16,Bolles School (Jacksonville),28,Cardinal Mooney (Sarasota),52,1,FL,FL
16,Newton (Newton),74,East Bernard (East Bernard),20,1,TX,TX
16,West Texas (Stinnett),12,Hamilton (Hamilton),29,1,TX,TX
16,Joaquin (Joaquin),37,Refugio (Refugio),28,1,TX,TX
16,Gruver (Gruver),18,Muenster (Muenster),21,1,TX,TX
16,Hominy,20,Talihina,26,1,OK,OK
16,Rejoice Christian School,34,Tonkawa,13,1,OK,OK
16,Mangham,37,Haynesville,39,1,LA,LA
16,Ascension Catholic,21,Riverside Academy,31,1,LA,LA
16,Calvary Baptist Academy (Shreveport),17,Dunham,34,1,LA,LA
16,Cardinal Newman (West Palm Beach),17,Chaminade-Madonna College Prep (Hollywood),14,1,FL,FL
16,Lakeland (Lakeland),0,St. Thomas Aquinas (Fort Lauderdale),29,1,FL,FL
16,Gainesville (Gainesville),37,Rome (Rome),6,0,GA,GA
16,Roswell (Roswell),28,Thomas County Central (Thomasville),49,0,GA,GA
16,Millbrook (Raleigh),0,W. A. Hough (Cornelius),21,1,NC,NC
16,Wilson Preparatory Academy (Wilson),9,Robbinsville (Robbinsville),8,1,NC,NC
16,Port Arthur Memorial (Port Arthur),28,Smithson Valley (Spring Branch),31,1,TX,TX
16,Aledo (Aledo),52,Lone Star (Frisco),56,1,TX,TX
16,Melissa (Melissa),17,South Oak Cliff (Dallas),35,1,TX,TX
16,Randle (Richmond),40,Boerne (Boerne),16,1,TX,TX
16,Stephenville (Stephenville),24,Celina (Celina),21,1,TX,TX
16,Kilgore (Kilgore),49,La Vernia (La Vernia),0,1,TX,TX
16,Brock (Brock),21,Carthage (Carthage),49,1,TX,TX
16,West Orange-Stark (Orange),28,Sinton (Sinton),3,1,TX,TX
16,Peaster (Peaster),18,Grandview (Grandview),21,1,TX,TX
16,Yoakum (Yoakum),71,Llano (Llano),27,1,TX,TX
16,Wall (Wall),28,Gunter (Gunter),25,1,TX,TX
16,Mt Enterprise (Mt Enterprise),8,Shiner (Shiner),28,1,TX,TX
16,Vian,29,Adair,34,1,OK,OK
16,Washington,14,Jones,20,1,OK,OK
16,Archbishop Shaw,21,St Charles Catholic (LaPlace),23,1,LA,LA
16,Iowa,50,North DeSoto,43,1,LA,LA
16,Sterlington,34,Jena (Jena),20,1,LA,LA
16,Raines (Jacksonville),23,Miami Northwestern (Miami),22,1,FL,FL
16,West Broward (Pembroke Pines),0,West Boca Raton (Boca Raton),31,1,FL,FL
16,Bishop O'Dowd (Oakland),37,Christian (El Cajon),0,1,CA,CA
16,Abraham Lincoln (San Jose),35,Valley Center,36,1,CA,CA
16,St Ignatius (San Francisco),42,Ventura (Ventura),35,1,CA,CA
16,Sutter (Sutter),7,Barstow (Barstow),17,1,CA,CA
16,Folsom,42,Cathedral Catholic (San Diego),28,1,CA,CA
16,St Mary's (Stockton),27,Bakersfield Christian (Bakersifeld),24,1,CA,CA
16,Clayton (Clayton),14,Grimsley Senior (Greensboro),24,1,NC,NC
16,Middle Creek (Apex),25,Watauga (Boone),47,1,NC,NC
16,Glenvar,27,Strasburg (Strasburg),49,1,VA,VA
16,Highland Springs,7,Maury,25,1,VA,VA
16,Lake Taylor,48,Kettle Run (Nokesville),42,1,VA,VA
16,Rye Cove,14,Rappahannock,49,1,VA,VA
16,Oscar Smith (Chesapeake),44,North Stafford,0,1,VA,VA
16,Varina (Henrico),47,Loudoun County,0,1,VA,VA
16,Brookfield (Brookfield),15,Berlin (Berlin),20,1,CT,CT
16,Killingly (Killingly),13,Daniel Hand (Madison),37,1,CT,CT
16,New Canaan (New Canaan),34,Cheshire (Cheshire),13,1,CT,CT
16,Southington (Southington),6,Greenwich (Greenwich),45,1,CT,CT
16,Sheehan (Wallingford),21,Northwest Catholic (West Hartford),7,1,CT,CT
16,Windsor (Windsor),23,Bunnell (Stratford),13,1,CT,CT
16,Carroll (Southlake),44,DeSoto (DeSoto),57,1,TX,TX
16,North Shore (Houston),28,Lake Travis (Austin),6,1,TX,TX
16,Allen (Allen),9,Duncanville (Duncanville),31,1,TX,TX
16,C. E. King (Houston),58,Vandegrift (Austin),41,1,TX,TX
16,Dardanelle (Dardanelle),14,Elkins (Elkins),31,1,AR,AR
16,Fordyce (Fordyce),30,Mansfield (Mansfield),40,1,AR,AR
16,Tuttle (Tuttle),23,Elgin (Elgin),20,1,OK,OK
16,Sulphur,21,Lincoln Christian,24,1,OK,OK
16,Ouachita Parish,21,Ruston (Ruston),20,1,LA,LA
16,St Augustine,14,Edna Karr (New Orleans),49,1,LA,LA
16,American Heritage School (Plantation),33,Jones (Orlando),28,1,FL,FL
16,Lake Mary (Lake Mary),28,Vero Beach (Vero Beach),27,1,FL,FL
16,El Cerrito,35,Beckman (Irvine),12,1,CA,CA
16,De La Salle (Concord),13,Santa Margarita (Rancho Santa Margarita),47,1,CA,CA
16,Central East (Fresno),42,Pacifica (Oxnard),28,1,CA,CA
16,Winters (Winters),28,Morse (San Diego),7,1,CA,CA
16,Balboa (San Francisco),42,South El Monte (South El Monte),8,1,CA,CA
16,Sonora,35,Rio Hondo Prep (Arcadia),10,1,CA,CA
16,Calaveras,42,Bishop Union (Bishop),21,1,CA,CA
16,McClymonds (Oakland),25,Robert F. Kennedy (Delano),42,1,CA,CA
16,Redding Christian (Palo Cedro),16,Woodbridge (Irvine),0,1,CA,CA
16,James B. Hunt (Wilson),14,Crest (Shelby),31,1,NC,NC
16,Kinston (Kinston),41,Shelby (Shelby),84,1,NC,NC
16,Reidsville (Reidsville),50,Brevard (Brevard),20,1,NC,NC
16,Tarboro (Tarboro),22,Murphy (Murphy),0,1,NC,NC
16,Faga'itua (Faga'itua),6,Tafuna (Tafuna),46,1,AS,AS
16,Bowdon (Bowdon),35,Lincoln County (Lincolnton),31,1,GA,GA
16,Creekside (Fairburn),42,Benedictine Military School (Savannah),39,1,GA,GA
16,Carrollton (Carrollton),21,Buford (Buford),28,1,GA,GA
16,Toombs County (Lyons),13,Worth County (Sylvester),17,1,GA,GA
16,Hapeville Charter (Atlanta),7,Carver (Columbus),24,1,GA,GA
16,Rankin (Rankin),22,Gordon (Gordon),69,1,TX,TX
16,Jayton (Jayton),99,Richland Springs (Richland Springs),54,1,TX,TX
16,Hamilton (Hamilton),21,Joaquin (Joaquin),7,1,TX,TX
16,Calvary Day (Savannah),21,Hebron Christian Academy (Dacula),28,1,GA,GA
16,Jefferson (Jefferson),7,Sandy Creek (Tyrone),27,1,GA,GA
16,Thomas County Central (Thomasville),62,Gainesville (Gainesville),21,1,GA,GA
16,Grandview (Grandview),29,Yoakum (Yoakum),45,1,TX,TX
16,Wall (Wall),25,Newton (Newton),24,1,TX,TX
16,Muenster (Muenster),28,Shiner (Shiner),0,1,TX,TX
16,Lone Star (Frisco),6,Smithson Valley (Spring Branch),28,1,TX,TX
16,Stephenville (Stephenville),10,Kilgore (Kilgore),0,1,TX,TX
16,Carthage (Carthage),49,West Orange-Stark (Orange),21,1,TX,TX
16,Duncanville (Duncanville),7,North Shore (Houston),10,1,TX,TX
16,DeSoto (DeSoto),55,C. E. King (Houston),27,1,TX,TX
16,South Oak Cliff (Dallas),35,Randle (Richmond),19,1,TX,TX
