week,date,away,away_score,home,home_score,neutral,away_state,home_state
1,2026-08-20,Antwerp (Antwerp),14,Montpelier (Montpelier),21,0,,
1,2026-08-20,Archbishop Alter (Kettering),14,Kettering Fairmont (Kettering),7,0,,
1,2026-08-20,Avon (Avon),22,St Ignatius (Cleveland),21,0,,
1,2026-08-20,Cambridge (Cambridge),36,Indian Creek (Wintersville),49,0,,
1,2026-08-20,Cardinal (Middlefield),0,LaBrae (Leavittsburg),49,0,,
1,2026-08-20,Conotton Valley (Bowerston),46,Tuscarawas Central Catholic (New Philadelphia),12,0,,
1,2026-08-20,Fairbanks (Milford Center),21,Colonel Crawford (North Robinson),45,0,,
1,2026-08-20,Fairless (Brewster),44,Sandy Valley (Magnolia),6,0,,
1,2026-08-20,Frontier (New Matamoras),50,Bridgeport (Bridgeport),14,0,,
1,2026-08-20,Archbishop Hoban (Akron),24,West Orange (Winter Garden),28,0,,FL
1,2026-08-20,Ironton (Ironton),42,Williamsburg (Williamsburg),0,0,,
1,2026-08-20,Jackson (Jackson),21,Unioto (Chillicothe),35,0,,
1,2026-08-20,Jackson (Massillon),34,Chardon (Chardon),13,0,,
1,2026-08-20,Jackson-Milton (North Jackson),27,Mathews (Vienna),34,0,,
1,2026-08-20,John F Kennedy (Warren),28,Garfield (Garrettsville),37,0,,
1,2026-08-20,Garfield (Akron),7,Norton (Norton),49,0,,
1,2026-08-20,Leetonia (Leetonia),0,Lisbon David Anderson (Lisbon),14,0,,
1,2026-08-20,Lehman Catholic (Sidney),6,St John's (Delphos),40,0,,
1,2026-08-20,Leipsic (Leipsic),40,Calvert (Tiffin),3,0,,
1,2026-08-20,Campbell Memorial (Campbell),2,Liberty (Youngstown),45,0,,
1,2026-08-20,Archbishop Moeller (Cincinnati),24,Princeton (Cincinnati),31,0,,
1,2026-08-20,Northwest (McDermott),0,Piketon (Piketon),41,0,,
1,2026-08-20,Pandora-Gilboa (Pandora),12,Columbus Grove (Columbus Grove),42,0,,
1,2026-08-20,River (Hannibal),41,Notre Dame (Portsmouth),6,0,,
1,2026-08-20,Rootstown (Rootstown),14,Southeast (Ravenna),13,0,,
1,2026-08-20,St John's Jesuit (Toledo),44,Scott (Toledo),8,0,,
1,2026-08-20,Shawnee (Lima),20,Lima Central Catholic (Lima),51,0,,
1,2026-08-20,Harvest Prep (Canal Winchester),18,Versailles (Versailles),21,0,,
1,2026-08-20,Gamble Montessori (Cincinnati),50,Stivers (Dayton),6,0,,
1,2026-08-20,Brentwood Academy (Brentwood),20,Baylor (Chattanooga),38,0,TN,TN
1,2026-08-20,Marietta (Marietta),24,NFL Academy (Loughborough),44,0,GA,UK
1,2026-08-21,Ada (Ada),30,Upper Scioto Valley (McGuffey),0,0,,
1,2026-08-21,Africentric Early College (Columbus),6,Groveport Madison (Groveport),14,0,,
1,2026-08-21,Alexander (Albany),47,Miller (Corning),14,0,,
1,2026-08-21,Allen East (Harrod),49,Perry (Lima),0,0,,
1,2026-08-21,Alliance (Alliance),0,Northwest (Canal Fulton),16,0,,
1,2026-08-21,Amanda-Clearcreek (Amanda),12,West Jefferson (West Jefferson),29,0,,
1,2026-08-21,Anna (Anna),60,Spencerville (Spencerville),0,0,,
1,2026-08-21,Ansonia (Ansonia),32,Riverside (De Graff),8,0,,
1,2026-08-21,Arcadia (Arcadia),40,Cory-Rawson (Rawson),14,0,,
1,2026-08-21,Arcanum (Arcanum),7,Covington (Covington),31,0,,
1,2026-08-21,Ashland (Ashland),28,Bay (Bay Village),7,0,,
1,2026-08-21,Athens (The Plains),49,Logan (Logan),21,0,,
1,2026-08-21,Barnesville (Barnesville),34,John Glenn (New Concord),19,0,,
1,2026-08-21,Bath (Lima),43,Indian Lake (Lewistown),54,0,,
1,2026-08-21,Bedford (Bedford),7,East (Akron),12,0,,
1,2026-08-21,Bellbrook (Bellbrook),27,Tippecanoe (Tipp City),14,0,,
1,2026-08-21,Bellefontaine (Bellefontaine),35,Sidney (Sidney),14,0,,
1,2026-08-21,Belmont (Dayton),29,Woodward (Cincinnati),0,0,,
1,2026-08-21,Benedictine (Cleveland),32,Gilmour Academy (Gates Mills),14,0,,
1,2026-08-21,Berkshire (Burton),22,Harvey (Painesville),27,0,,
1,2026-08-21,Berne Union (Sugar Grove),40,River Valley (Bidwell),6,0,,
1,2026-08-21,Bethel-Tate (Bethel),18,New Richmond (New Richmond),49,0,,
1,2026-08-21,Bishop Rosecrans (Zanesville),0,Shenandoah (Sarahsville),46,0,,
1,2026-08-21,Bishop Watterson (Columbus),35,Anthony Wayne (Whitehouse),0,0,,
1,2026-08-21,Black River (Sullivan),20,Hillsdale (Jeromesville),34,0,,
1,2026-08-21,Bloom-Carroll (Carroll),21,River Valley (Caledonia),9,0,,
1,2026-08-21,Bluffton (Bluffton),42,Benjamin Logan (Bellefontaine),28,0,,
1,2026-08-21,Bowsher (Toledo),13,Otsego (Tontogany),47,0,,
1,2026-08-21,Brooklyn (Brooklyn),14,Grand Valley (Orwell),47,0,,
1,2026-08-21,Brookside (Sheffield),42,University School (Hunting Valley),64,0,,
1,2026-08-21,Brookville (Brookville),14,Parkway (Rockford),27,0,,
1,2026-08-21,Brunswick (Brunswick),47,Berea-Midpark (Berea),42,0,,
1,2026-08-21,Bryan (Bryan),6,Van Wert (Van Wert),41,0,,
1,2026-08-21,Buchtel (Akron),8,Hoover (North Canton),35,0,,
1,2026-08-21,Buckeye Local (Rayland),13,Bellaire (Bellaire),43,0,,
1,2026-08-21,Butler (Vandalia),41,Franklin (Franklin),7,0,,
1,2026-08-21,Harrison Central (Cadiz),0,Claymont (Uhrichsville),43,0,,
1,2026-08-21,Caldwell (Caldwell),28,Buckeye Trail (Lore City),0,0,,
1,2026-08-21,Canal Winchester (Canal Winchester),27,Grove City (Grove City),28,0,,
1,2026-08-21,Carey (Carey),7,Marion Local (Maria Stein),34,0,,
1,2026-08-21,Archbishop Carroll (Dayton),6,Stebbins (Riverside),41,0,,
1,2026-08-21,Carrollton (Carrollton),10,East Liverpool (East Liverpool),19,0,,
1,2026-08-21,Catholic Central (Springfield),8,National Trail (New Paris),53,0,,
1,2026-08-21,Cedarville (Cedarville),0,Cincinnati College Prep (Cincinnati),30,0,,
1,2026-08-21,Centennial (Columbus),18,Grandview Heights (Columbus),26,0,,
1,2026-08-21,Centerburg (Centerburg),35,Utica (Utica),14,0,,
1,2026-08-21,Centerville (Centerville),14,Lakota East (Liberty Township),41,0,,
1,2026-08-21,Canton Central Catholic (Canton),7,Perry (Massillon),42,0,,
1,2026-08-21,Toledo Christian (Toledo),26,Hardin Northern (Dola),6,0,,
1,2026-08-21,Chagrin Falls (Chagrin Falls),14,Jefferson Area (Jefferson),7,0,,
1,2026-08-21,Chaminade Julienne (Dayton),14,Miamisburg (Miamisburg),44,0,,
1,2026-08-21,Cincinnati Country Day (Cincinnati),30,Summit Country Day (Cincinnati),26,0,,
1,2026-08-21,Cincinnati Hills Christian Academy (Cincinnati),28,Bishop Fenwick (Franklin),26,0,,
1,2026-08-21,Circleville (Circleville),0,Chillicothe (Chillicothe),34,0,,
1,2026-08-21,Clear Fork (Bellville),28,Granville (Granville),14,0,,
1,2026-08-21,Cleveland Central Catholic (Cleveland),24,Hawken (Gates Mills),29,0,,
1,2026-08-21,Clinton-Massie (Clarksville),17,Waynesville (Waynesville),20,0,,
1,2026-08-21,Cloverleaf (Seville),10,Buckeye (Medina),6,0,,
1,2026-08-21,Clyde (Clyde),0,Bellevue (Bellevue),42,0,,
1,2026-08-21,Columbiana (Columbiana),27,Lowellville (Lowellville),24,0,,
1,2026-08-21,Conneaut (Conneaut),20,Cuyahoga Heights (Cuyahoga Heights),13,0,,
1,2026-08-21,Coventry (Coventry Twp),0,Girard (Girard),47,0,,
1,2026-08-21,Crestline (Crestline),7,Buckeye Central (New Washington),35,0,,
1,2026-08-21,Crestview (Columbiana),14,Beaver Local (East Liverpool),35,0,,
1,2026-08-21,Crestwood (Mantua),8,Mogadore (Mogadore),31,0,,
1,2026-08-21,Cuyahoga Valley Christian Academy (Cuyahoga Falls),7,Brecksville-Broadview Heights (Broadview Heights),16,0,,
1,2026-08-21,Dalton (Dalton),12,Danville (Danville),48,0,,
1,2026-08-21,Defiance (Defiance),9,Napoleon (Napoleon),8,0,,
1,2026-08-21,Delta (Delta),47,Ayersville (Defiance),0,0,,
1,2026-08-21,Dublin Coffman (Dublin),51,Bishop Hartley (Columbus),27,0,,
1,2026-08-21,Dublin Scioto (Dublin),28,Thomas Worthington (Worthington),30,0,,
1,2026-08-21,Dunbar (Dayton),32,Briggs (Columbus),23,0,,
1,2026-08-21,Youngstown (Youngstown),13,Boardman (Youngstown),10,0,,
1,2026-08-21,East Canton (East Canton),6,Chippewa (Doylestown),23,0,,
1,2026-08-21,East Knox (Howard),19,Northridge (Johnstown),14,0,,
1,2026-08-21,Eastmoor Academy (Columbus),0,Bishop Ready (Columbus),41,0,,
1,2026-08-21,Eastwood (Pemberville),28,Kenton (Kenton),20,0,,
1,2026-08-21,Edgerton (Edgerton),7,Edon (Edon),40,0,,
1,2026-08-21,Edgewood (Trenton),20,Oak Hills (Cincinnati),49,0,,
1,2026-08-21,Edison (Milan),21,Patrick Henry (Hamler),42,0,,
1,2026-08-21,Edison (Richmond),21,Coshocton (Coshocton),24,0,,
1,2026-08-21,Elgin (Marion),29,Arlington (Arlington),8,0,,
1,2026-08-21,Elida (Elida),48,Rogers (Toledo),6,0,,
1,2026-08-21,Ellet (Akron),0,Tallmadge (Tallmadge),21,0,,
1,2026-08-21,Elmwood (Bloomdale),41,Lakota (Kansas),30,0,,
1,2026-08-21,Elyria (Elyria),10,Mayfield (Mayfield),55,0,,
1,2026-08-21,Euclid (Euclid),14,Brush (Lyndhurst),6,0,,
1,2026-08-21,Evergreen (Metamora),6,Jefferson (Delphos),34,0,,
1,2026-08-21,Fairview (Fairview Park),0,West Geauga (Chesterland),27,0,,
1,2026-08-21,Federal Hocking (Stewart),32,Green (Franklin Furnace),38,0,,
1,2026-08-21,Firestone (Akron),6,Barberton (Barberton),41,0,,
1,2026-08-21,Fisher Catholic (Lancaster),28,Belpre (Belpre),19,0,,
1,2026-08-21,Fort Recovery (Fort Recovery),35,Ponitz Tech (Dayton),14,0,,
1,2026-08-21,Franklin Heights (Columbus),9,West (Columbus),14,0,,
1,2026-08-21,Fredericktown (Fredericktown),7,Highland (Marengo),28,0,,
1,2026-08-21,Fremont Ross (Fremont),0,Tiffin Columbian (Tiffin),1,0,,
1,2026-08-21,Galion (Galion),12,St Marys Memorial (St Marys),36,0,,
1,2026-08-21,Gallia Academy (Gallipolis),7,Boyd County (Ashland),46,0,,KY
1,2026-08-21,Garfield Heights (Garfield Heights),27,Canfield (Canfield),24,0,,
1,2026-08-21,Geneva (Geneva),21,Shaker Heights (Shaker Heights),28,0,,
1,2026-08-21,Genoa Area (Genoa),7,Archbold (Archbold),38,0,,
1,2026-08-21,GlenOak (Canton),21,Dover (Dover),36,0,,
1,2026-08-21,Glenville (Cleveland),18,Massillon Washington (Massillon),31,0,,
1,2026-08-21,Goshen (Goshen),40,Reading (Reading),0,0,,
1,2026-08-21,Green (Uniontown),13,Indian Valley (Gnadenhutten),42,0,,
1,2026-08-21,Greeneview (Jamestown),35,Blanchester (Blanchester),28,0,,
1,2026-08-21,Greenville (Greenville),7,Eaton (Eaton),21,0,,
1,2026-08-21,Hamilton (Hamilton),7,Badin (Hamilton),33,0,,
1,2026-08-21,Hamilton Township (Columbus),14,Whitehall-Yearling (Whitehall),13,0,,
1,2026-08-21,Warren G Harding (Warren),0,Canton McKinley (Canton),33,0,,
1,2026-08-21,Harrison (Harrison),35,Milford (Milford),0,0,,
1,2026-08-21,Delaware Hayes (Delaware),21,Buckeye Valley (Delaware),7,0,,
1,2026-08-21,Heath (Heath),21,Philo (Duncan Falls),50,0,,
1,2026-08-21,Hicksville (Hicksville),7,Hilltop (West Unity),12,0,,
1,2026-08-21,Hilliard Bradley (Hilliard),7,Big Walnut (Sunbury),32,0,,
1,2026-08-21,Hilliard Darby (Hilliard),20,Lancaster (Lancaster),15,0,,
1,2026-08-21,Hillsboro (Hillsboro),13,Western Brown (Mount Orab),49,0,,
1,2026-08-21,Holy Name (Parma Heights),52,Normandy (Parma),6,0,,
1,2026-08-21,Hubbard (Hubbard),7,Brookfield (Brookfield),14,0,,
1,2026-08-21,Hudson (Hudson),24,Austintown-Fitch (Austintown),19,0,,
1,2026-08-21,Hughes (Cincinnati),53,Batavia (Batavia),38,0,,
1,2026-08-21,Huntington (Chillicothe),27,Newark Catholic (Newark),28,0,,
1,2026-08-21,Huron (Huron),7,Oak Harbor (Oak Harbor),42,0,,
1,2026-08-21,Independence (Independence),7,Columbia (Columbia Station),56,0,,
1,2026-08-21,Indian Hill (Cincinnati),35,Roger Bacon (St Bernard),14,0,,
1,2026-08-21,John Adams (Cleveland),42,Woodward (Toledo),8,0,,
1,2026-08-21,John F Kennedy (Cleveland),0,Rittman (Rittman),52,0,,
1,2026-08-21,John Hay (Cleveland),6,Orange (Pepper Pike),26,0,,
1,2026-08-21,Kenston (Chagrin Falls),26,Solon (Solon),9,0,,
1,2026-08-21,Kenton Ridge (Springfield),24,Graham Local (St Paris),34,0,,
1,2026-08-21,Lake (Millbury),13,Hopewell-Loudon (Bascom),49,0,,
1,2026-08-21,Lake Catholic (Mentor),7,Cardinal Mooney (Youngstown),41,0,,
1,2026-08-21,La Salle (Cincinnati),30,Colerain (Cincinnati),21,0,,
1,2026-08-21,Lexington (Lexington),7,Ontario (Ontario),35,0,,
1,2026-08-21,Liberty-Benton (Findlay),7,Ottawa-Glandorf (Ottawa),52,0,,
1,2026-08-21,Liberty Union (Baltimore),12,Monroe Central (Woodsfield),33,0,,
1,2026-08-21,Licking Heights (Pataskala),12,Newark (Newark),16,0,,
1,2026-08-21,Linden McKinley (Columbus),20,Bexley (Columbus),0,0,,
1,2026-08-21,Logan Elm (Circleville),27,Zane Trace (Chillicothe),46,0,,
1,2026-08-21,Lorain (Lorain),28,Maple Heights (Maple Heights),48,0,,
1,2026-08-21,Loudonville (Loudonville),41,Mapleton (Ashland),14,0,,
1,2026-08-21,Lutheran West (Rocky River),13,Elyria Catholic (Elyria),47,0,,
1,2026-08-21,Madeira (Cincinnati),47,Shroder (Cincinnati),8,0,,
1,2026-08-21,Madison (Middletown),13,Preble Shawnee (Camden),20,0,,
1,2026-08-21,Madison Comprehensive (Mansfield),0,Shelby (Shelby),54,0,,
1,2026-08-21,Madison-Plains (London),39,Westfall (Williamsport),6,0,,
1,2026-08-21,Manchester (Manchester),0,Fayetteville (Fayetteville),36,0,,
1,2026-08-21,Mansfield Senior (Mansfield),6,Hilliard Davidson (Hilliard),30,0,,
1,2026-08-21,Mariemont (Cincinnati),33,Clermont Northeastern (Batavia),0,0,,
1,2026-08-21,Marietta (Marietta),32,Morgan (McConnelsville),35,0,,
1,2026-08-21,Marlington (Alliance),31,Warrensville Heights (Warrensville Heights),6,0,,
1,2026-08-21,Martins Ferry (Martins Ferry),42,Mount Gilead (Mount Gilead),19,0,,
1,2026-08-21,Marysville (Marysville),9,Westerville North (Westerville),31,0,,
1,2026-08-21,Mason (Mason),0,Springboro (Springboro),33,0,,
1,2026-08-21,Maumee (Maumee),14,Springfield (Holland),20,0,,
1,2026-08-21,Maysville (Zanesville),13,Zanesville (Zanesville),30,0,,
1,2026-08-21,McClain (Greenfield),37,Adena (Frankfort),8,0,,
1,2026-08-21,Niles McKinley (Niles),12,Howland (Warren),26,0,,
1,2026-08-21,Meadowbrook (Byesville),22,Tri-Valley (Dresden),56,0,,
1,2026-08-21,Medina (Medina),7,Findlay (Findlay),27,0,,
1,2026-08-21,Miami East (Casstown),48,Dayton Christian (Miamisburg),13,0,,
1,2026-08-21,Miami Valley Christian Academy (Cincinnati),40,East Clinton (Sabina),0,0,,
1,2026-08-21,Middletown (Middletown),3,Elder (Cincinnati),35,0,,
1,2026-08-21,Millersport (Millersport),14,Sciotoville Community (Portsmouth),0,0,,
1,2026-08-21,Milton-Union (West Milton),12,Carlisle (Carlisle),43,0,,
1,2026-08-21,Mineral Ridge (Mineral Ridge),49,Pymatuning Valley (Andover),7,0,,
1,2026-08-21,Minford (Minford),20,Rock Hill (Ironton),49,0,,
1,2026-08-21,Minster (Minster),27,Fort Loramie (Fort Loramie),17,0,,
1,2026-08-21,Mississinawa Valley (Union City),0,Waynesfield-Goshen (Waynesfield),32,0,,
1,2026-08-21,Mohawk (Sycamore),20,Margaretta (Castalia),30,0,,
1,2026-08-21,Monroe (Monroe),39,Loveland (Loveland),6,0,,
1,2026-08-21,Monroeville (Monroeville),14,McComb (McComb),48,0,,
1,2026-08-21,Mount Vernon (Mount Vernon),17,Marion Harding (Marion),21,0,,
1,2026-08-21,New Albany (New Albany),17,London (London),14,0,,
1,2026-08-21,Newcomerstown (Newcomerstown),32,Crooksville (Crooksville),20,0,,
1,2026-08-21,New Lexington (New Lexington),33,Fairfield Union (Lancaster),14,0,,
1,2026-08-21,New London (New London),7,Woodmore (Elmore),61,0,,
1,2026-08-21,New Miami (Hamilton),0,Dixie (New Lebanon),28,0,,
1,2026-08-21,New Philadelphia (New Philadelphia),10,Louisville (Louisville),20,0,,
1,2026-08-21,Newton Falls (Newton Falls),56,Wellsville (Wellsville),13,0,,
1,2026-08-21,Nordonia (Macedonia),49,St Vincent-St Mary (Akron),7,0,,
1,2026-08-21,North (Akron),12,Champion (Warren),39,0,,
1,2026-08-21,North (Eastlake),51,North Olmsted (North Olmsted),17,0,,
1,2026-08-21,North Baltimore (North Baltimore),44,Bucyrus (Bucyrus),12,0,,
1,2026-08-21,Northeastern (South Vienna),0,Urbana (Urbana),49,0,,
1,2026-08-21,Northland (Columbus),6,Columbus Academy (Gahanna),36,0,,
1,2026-08-21,Northmont (Clayton),17,Lebanon (Lebanon),38,0,,
1,2026-08-21,North Ridgeville (North Ridgeville),14,Lake (Uniontown),20,0,,
1,2026-08-21,Northwestern (West Salem),54,Crestview (Ashland),14,0,,
1,2026-08-21,Norwayne (Creston),21,Keystone (La Grange),36,0,,
1,2026-08-21,Notre Dame-Cathedral Latin (Chardon),42,Struthers (Struthers),16,0,,
1,2026-08-21,Olentangy Liberty (Powell),12,St Edward (Lakewood),15,0,,
1,2026-08-21,Olmsted Falls (Olmsted Falls),17,Mentor (Mentor),38,0,,
1,2026-08-21,Orrville (Orrville),14,Wooster (Wooster),7,0,,
1,2026-08-21,Olentangy Orange (Lewis Center),6,Olentangy Berlin (Delaware),21,0,,
1,2026-08-21,Ottawa Hills (Toledo),62,Vanlue (Vanlue),8,0,,
1,2026-08-21,Paint Valley (Bainbridge),0,Valley (Lucasville),41,0,,
1,2026-08-21,Paulding (Paulding),18,Crestview (Convoy),6,0,,
1,2026-08-21,Perry (Perry),39,Madison (Madison),7,0,,
1,2026-08-21,Perrysburg (Perrysburg),42,Bowling Green (Bowling Green),0,0,,
1,2026-08-21,Pickerington Central (Pickerington),3,Gahanna Lincoln (Gahanna),35,0,,
1,2026-08-21,Pickerington North (Pickerington),31,Troy (Troy),14,0,,
1,2026-08-21,Piqua (Piqua),13,Lima Senior (Lima),42,0,,
1,2026-08-21,Pleasant (Marion),7,North Union (Richwood),49,0,,
1,2026-08-21,Plymouth (Plymouth),29,Windham (Windham),20,0,,
1,2026-08-21,Portsmouth (Portsmouth),0,Wheelersburg (Wheelersburg),63,0,,
1,2026-08-21,Portsmouth West (West Portsmouth),19,Fairland (Proctorville),13,0,,
1,2026-08-21,Ravenna (Ravenna),28,Field (Mogadore),7,0,,
1,2026-08-21,Reynoldsburg (Reynoldsburg),23,Whitmer (Toledo),42,0,,
1,2026-08-21,Rhodes (Cleveland),7,Firelands (Oberlin),21,0,,
1,2026-08-21,Richmond Heights (Richmond Heights),44,Beachwood (Beachwood),8,0,,
1,2026-08-21,Ridgedale (Morral),2,Triad (North Lewisburg),40,0,,
1,2026-08-21,Ridgemont (Mt Victory),6,Riverdale (Mt Blanchard),30,0,,
1,2026-08-21,Ridgewood (West Lafayette),14,Fort Frye (Beverly),19,0,,
1,2026-08-21,Riverside (Painesville),14,Steubenville (Steubenville),35,0,,
1,2026-08-21,River View (Warsaw),0,Tri-County North (Lewisburg),62,0,,
1,2026-08-21,Rocky River (Rocky River),28,Manchester (New Franklin),7,0,,
1,2026-08-21,Kent Roosevelt (Kent),22,Twinsburg (Twinsburg),19,0,,
1,2026-08-21,Ross (Hamilton),3,Wyoming (Cincinnati),28,0,,
1,2026-08-21,Rossford (Rossford),24,Northwood (Northwood),27,0,,
1,2026-08-21,St Bernard-Elmwood Place (St Bernard),18,Northridge (Dayton),13,0,,
1,2026-08-21,St Charles (Columbus),42,Central Crossing (Grove City),7,0,,
1,2026-08-21,St Francis de Sales (Toledo),46,Waite (Toledo),21,0,,
1,2026-08-21,St Henry (St Henry),35,Celina (Celina),38,0,,
1,2026-08-21,St John School (Ashtabula),0,Edgewood (Ashtabula),33,0,,
1,2026-08-21,Villa Angela-St Joseph (Cleveland),41,Perkins (Sandusky),44,0,,
1,2026-08-21,St Paul (Norwalk),0,Port Clinton (Port Clinton),35,0,,
1,2026-08-21,St Thomas Aquinas (Louisville),14,Strasburg-Franklin (Strasburg),43,0,,
1,2026-08-21,St Xavier (Cincinnati),7,Lakota West (West Chester),20,0,,
1,2026-08-21,Salem (Salem),21,Poland Seminary (Poland),17,0,,
1,2026-08-21,Seneca East (Attica),44,Gibsonburg (Gibsonburg),26,0,,
1,2026-08-21,Shadyside (Shadyside),49,East Palestine (East Palestine),13,0,,
1,2026-08-21,Shaw (East Cleveland),40,Clearview (Lorain),30,0,,
1,2026-08-21,Shawnee (Springfield),12,Greenon (Enon),13,0,,
1,2026-08-21,Sheridan (Thornville),13,Licking Valley (Newark),28,0,,
1,2026-08-21,Smithville (Smithville),21,Tuslaw (Massillon),14,0,,
1,2026-08-21,Canton South (Canton),6,Garaway (Sugarcreek),20,0,,
1,2026-08-21,South (Columbus),42,Mifflin (Columbus),6,0,,
1,2026-08-21,South (Willoughby),34,Cuyahoga Falls (Cuyahoga Falls),0,0,,
1,2026-08-21,South Central (Greenwich),12,Willard (Willard),16,0,,
1,2026-08-21,Southeastern (Chillicothe),28,Fairfield Christian Academy (Lancaster),0,0,,
1,2026-08-21,South Gallia (Crown City),32,Southern (Racine),30,0,,
1,2026-08-21,South Point (South Point),30,Eastern (Beaver),27,0,,
1,2026-08-21,South Range (Canfield),46,Padua Franciscan (Parma),7,0,,
1,2026-08-21,Springfield (Akron),3,Waterloo (Atwater),8,0,,
1,2026-08-21,Springfield (New Middletown),33,Lakeview (Cortland),10,0,,
1,2026-08-21,Start (Toledo),34,Norwalk (Norwalk),17,0,,
1,2026-08-21,Amherst Steele (Amherst),42,Sandusky (Sandusky),16,0,,
1,2026-08-21,Stow-Munroe Falls (Stow),34,Aurora (Aurora),36,0,,
1,2026-08-21,Streetsboro (Streetsboro),20,Copley (Copley),28,0,,
1,2026-08-21,Strongsville (Strongsville),24,Avon Lake (Avon Lake),22,0,,
1,2026-08-21,Swanton (Swanton),13,North Central (Pioneer),12,0,,
1,2026-08-21,Sycamore (Cincinnati),6,Kings (Kings Mills),34,0,,
1,2026-08-21,Sylvania Southview (Sylvania),35,Sylvania Northview (Sylvania),13,0,,
1,2026-08-21,Symmes Valley (Willow Wood),55,Chesapeake (Chesapeake),13,0,,
1,2026-08-21,Talawanda (Oxford),33,Taylor (Cleves),6,0,,
1,2026-08-21,Tinora (Defiance),0,Liberty Center (Liberty Center),61,0,,
1,2026-08-21,Toronto (Toronto),33,Southern (Salineville),0,0,,
1,2026-08-21,Trimble (Glouster),6,Nelsonville-York (Nelsonville),40,0,,
1,2026-08-21,Trinity (Garfield Heights),20,Malvern (Malvern),24,0,,
1,2026-08-21,Tri-Village (New Madison),21,Bethel (Tipp City),3,0,,
1,2026-08-21,Trotwood-Madison (Trotwood),9,Central Catholic (Toledo),27,0,,
1,2026-08-21,Turpin (Cincinnati),10,Archbishop McNicholas (Cincinnati),31,0,,
1,2026-08-21,Twin Valley South (West Alexandria),0,Troy Christian (Troy),41,0,,
1,2026-08-21,Union Local (Belmont),34,Warren (Vincent),0,0,,
1,2026-08-21,United (Hanoverton),42,Minerva (Minerva),7,0,,
1,2026-08-21,Upper Arlington (Upper Arlington),40,Olentangy (Lewis Center),7,0,,
1,2026-08-21,Upper Sandusky (Upper Sandusky),30,Northmor (Galion),21,0,,
1,2026-08-21,Ursuline (Youngstown),7,St Francis DeSales (Columbus),31,0,,
1,2026-08-21,Valley Forge (Parma Heights),0,North Royalton (North Royalton),33,0,,
1,2026-08-21,Valley View (Germantown),21,Coldwater (Coldwater),37,0,,
1,2026-08-21,Van Buren (Van Buren),23,Fostoria (Fostoria),14,0,,
1,2026-08-21,Vermilion (Vermilion),14,Johnstown (Johnstown),34,0,,
1,2026-08-21,Wadsworth (Wadsworth),28,Cleveland Heights (Cleveland Heights),6,0,,
1,2026-08-21,Walnut Hills (Cincinnati),13,Withrow (Cincinnati),50,0,,
1,2026-08-21,Walnut Ridge (Columbus),0,East (Columbus),14,0,,
1,2026-08-21,Walsh Jesuit (Cuyahoga Falls),34,Highland (Medina),0,0,,
1,2026-08-21,Wapakoneta (Wapakoneta),21,Clay (Oregon),27,0,,
1,2026-08-21,Washington (Washington Court House),20,Mechanicsburg (Mechanicsburg),32,0,,
1,2026-08-21,Waterford (Waterford),36,Vinton County (McArthur),0,0,,
1,2026-08-21,Watkins Memorial (Pataskala),7,Worthington Kilbourne (Columbus),49,0,,
1,2026-08-21,Wauseon (Wauseon),26,Fairview (Sherwood),56,0,,
1,2026-08-21,Waverly (Waverly),14,Miami Trace (Washington Court House),48,0,,
1,2026-08-21,Wayne (Huber Heights),25,Fairfield (Fairfield),35,0,,
1,2026-08-21,Waynedale (Apple Creek),0,Tuscarawas Valley (Zoarville),35,0,,
1,2026-08-21,Wayne Trace (Haviland),0,New Bremen (New Bremen),35,0,,
1,2026-08-21,Wellington (Wellington),7,Western Reserve (Collins),45,0,,
1,2026-08-21,Wellston (Wellston),35,Oak Hill (Oak Hill),6,0,,
1,2026-08-21,West Branch (Beloit),37,St Clairsville (St Clairsville),6,0,,
1,2026-08-21,Western Hills (Cincinnati),14,Corbin (Corbin),38,0,,KY
1,2026-08-21,Western Reserve (Berlin Center),48,Whetstone (Columbus),14,0,,
1,2026-08-21,Westerville Central (Westerville),21,Marion-Franklin (Columbus),0,0,,
1,2026-08-21,Westerville South (Westerville),20,Dublin Jerome (Dublin),13,0,,
1,2026-08-21,West Clermont (Cincinnati),42,Mount Healthy (Cincinnati),12,0,,
1,2026-08-21,West Holmes (Millersburg),14,Triway (Wooster),21,0,,
1,2026-08-21,Westlake (Westlake),14,Midview (Grafton),34,0,,
1,2026-08-21,Westland (Galloway),33,Teays Valley (Ashville),28,0,,
1,2026-08-21,West Liberty-Salem (West Liberty),10,Jonathan Alder (Plain City),41,0,,
1,2026-08-21,Wickliffe (Wickliffe),41,Bradford (Bradford),7,0,,
1,2026-08-21,Wilmington (Wilmington),20,Northwest (Cincinnati),21,0,,
1,2026-08-21,Woodridge (Peninsula),25,Revere (Richfield),14,0,,
1,2026-08-21,Worthington Christian (Worthington),30,Grove City Christian (Grove City),3,0,,
1,2026-08-21,Wynford (Bucyrus),34,Cardington-Lincoln (Cardington),20,0,,
1,2026-08-21,KIPP Columbus (Columbus),21,Beechcroft (Columbus),27,0,,
1,2026-08-21,Ashland Blazer (Ashland),28,Raceland (Raceland),21,0,KY,KY
1,2026-08-21,Berea,0,Jackson County,46,0,KY,KY
1,2026-08-21,Christian Academy-Louisville (Louisville),41,Pikeville (Pikeville),0,0,KY,KY
1,2026-08-21,Covington Catholic (Park Hills),50,Ryle (Union),6,0,KY,KY
1,2026-08-21,East Carter,12,Belfry (Belfry),57,0,KY,KY
1,2026-08-21,Fairview (Ashland),34,Bath County,13,0,KY,KY
1,2026-08-21,Greenup County (Greenup),49,Pike County Central,8,0,KY,KY
1,2026-08-21,Highlands (Fort Thomas),20,Frederick Douglass (Lexington),41,0,KY,KY
1,2026-08-21,Lewis County (Vanceburg),20,West Carter,18,0,KY,KY
1,2026-08-21,Lloyd Memorial (Erlanger),21,Newport Central Catholic,3,0,KY,KY
1,2026-08-21,Russell (Russell),34,Dawson-Bryant (Coal Grove),0,0,KY,
1,2026-08-21,Simon Kenton (Independence),42,Dixie Heights (Edgewood),13,0,KY,KY
1,2026-08-21,St Henry (Erlanger),7,Holy Cross (Covington),33,0,KY,KY
1,2026-08-21,St Xavier (Louisville),7,Owensboro (Owensboro),24,0,KY,KY
1,2026-08-21,Trinity (Louisville),59,Anderson (Cincinnati),13,0,KY,
1,2026-08-21,Harlan County,27,Clay County,20,1,KY,KY
1,2026-08-21,Kennedy Catholic (Hermitage),38,Sebring McKinley (Sebring),22,0,PA,
1,2026-08-21,Bloomington South (Bloomington),44,Bloomington North,6,0,IN,IN
1,2026-08-21,Franklin Community,35,Southport (Indianapolis),0,0,IN,IN
1,2026-08-21,Fremont (Fremont),46,Blackhawk Christian (Fort Wayne),7,0,IN,IN
1,2026-08-21,Hamilton Heights (Arcadia),19,Lapel,49,0,IN,IN
1,2026-08-21,Bishop Chatard (Indianapolis),35,Lafayette Jefferson,7,0,IN,IN
1,2026-08-21,Cardinal Ritter (Indianapolis),6,Danville Community (Danville),42,0,IN,IN
1,2026-08-21,Cathedral (Indianapolis),27,Ben Davis,33,0,IN,IN
1,2026-08-21,Lawrenceburg (Lawrenceburg),0,East Central (St Leon),21,0,IN,IN
1,2026-08-21,Richmond (Richmond),20,Connersville,50,0,IN,IN
1,2026-08-21,Roncalli (Indianapolis),14,Bishop Dwenger (Fort Wayne),15,0,IN,IN
1,2026-08-21,South Dearborn (Aurora),0,Little Miami (Morrow),28,0,IN,
1,2026-08-21,Indianapolis Crimson Knights (club),50,Cambridge City Lincoln,14,0,IN,IN
1,2026-08-21,Middle Tennessee Christian School (Murfreesboro),47,Ezell-Harding Christian Academy (Antioch),12,0,TN,TN
1,2026-08-21,Hewlett Sports Academy (Waldorf),14,Legacy Sports Agency,9,0,MD,PR
1,2026-08-21,MU Sports Academy (Delson),8,The Hun School (Princeton),55,0,QB,NJ
1,2026-08-21,Venice (Venice),42,Rabun Gap - Nacoochee (Rabun Gap),40,0,FL,GA
1,2026-08-21,IMG Academy (Bradenton),59,Lone Peak,3,0,FL,UT
1,2026-08-21,St John Bosco (Bellflower),28,Bishop Gorman (Las Vegas),38,0,CA,NV
1,2026-08-21,Tafuna (Tafuna),38,Mojave (North Las Vegas),0,0,AS,NV
1,2026-08-22,Aiken (Cincinnati),18,Clark Montessori (Cincinnati),12,0,,
1,2026-08-22,Lakeside (Ashtabula),14,Lutheran East (Cleveland Heights),7,0,,
1,2026-08-22,Chalker (Southington),22,Stryker (Stryker),24,0,,
1,2026-08-22,Danbury (Lakeside),14,St Mary Central Catholic (Sandusky),49,0,,
1,2026-08-22,Fairborn (Fairborn),31,Tecumseh (New Carlisle),7,0,,
1,2026-08-22,Independence (Columbus),6,Meadowdale (Dayton),8,0,,
1,2026-08-22,Lakewood (Lakewood),36,John Marshall (Cleveland),0,0,,
1,2026-08-22,Lucas (Lucas),29,Catholic Central (Steubenville),13,0,,
1,2026-08-22,McDonald (McDonald),44,Valley Christian School (Youngstown),0,0,,
1,2026-08-22,Meigs (Pomeroy),21,Eastern (Reedsville),13,0,,
1,2026-08-22,Norwood (Norwood),0,Deer Park (Cincinnati),43,0,,
1,2026-08-22,Oakwood (Dayton),43,West Carrollton (West Carrollton),6,0,,
1,2026-08-22,Purcell Marian (Cincinnati),51,Thurgood Marshall (Dayton),0,0,,
1,2026-08-22,St Joseph Central Catholic (Fremont),44,Holgate (Holgate),20,0,,
1,2026-08-22,Southeastern Local (South Charleston),20,Northwestern (Springfield),6,0,,
1,2026-08-22,Taft (Cincinnati),6,Kirtland (Kirtland),51,1,,
1,2026-08-22,West Muskingum (Zanesville),51,Lakewood (Hebron),0,0,,
1,2026-08-22,Winton Woods (Cincinnati),13,Springfield (Springfield),14,0,,
1,2026-08-22,Xenia (Xenia),16,Beavercreek (Beavercreek),17,0,,
1,2026-08-22,Landmark Eagles (club) (Cincinnati),14,West Union (club) (West Union),0,0,,
1,2026-08-22,Peebles (club) (Peebles),14,North Adams (club) (Seaman),12,0,,
1,2026-08-22,Johnson Central,30,Letcher County Central,6,0,KY,KY
1,2026-08-22,Pleasure Ridge Park (Louisville),28,Shelby Valley (Pikeville),13,0,KY,KY
1,2026-08-22,Wayne County,7,Somerset (Somerset),42,0,KY,KY
1,2026-08-22,Washtenaw Saints (club),27,Noblesville Lions (club) (Noblesville),46,0,MI,IN
1,2026-08-22,North Oakland Bucks (club) (Auburn Hills),20,C4 Lions (club) (Middletown),0,0,MI,
1,2026-08-22,Fort Wayne King's Crusaders (club) (Harlan),58,Kosciusko Thunder (club),12,0,IN,IN
1,2026-08-22,Oakland (Murfreesboro),56,Christ Presbyterian Academy (Nashville),7,0,TN,TN
1,2026-08-22,Orem,14,Skyridge (Lehi),21,0,UT,UT
1,2026-08-22,James B. Dudley (Greensboro),6,Cardinal Gibbons (Raleigh),45,0,NC,NC
2,2026-08-27,Deer Park (Cincinnati),50,Shroder (Cincinnati),8,0,,
2,2026-08-27,Perkins (Sandusky),58,Scott (Toledo),6,0,,
2,2026-08-27,Cameron (Cameron),42,Clay-Battelle (Blacksville),0,0,WV,WV
2,2026-08-27,Weir (Weirton),0,Oak Glen (New Cumberland),35,0,WV,WV
2,2026-08-27,Flint Beecher,0,Petersburg Summerfield (Petersburg),42,0,MI,MI
2,2026-08-27,Hamtramck,6,Warren De La Salle (Warren),71,0,MI,MI
2,2026-08-27,Manchester,42,Sand Creek (Sand Creek),6,0,MI,MI
2,2026-08-27,North Adams-Jerome (North Adams),0,Stryker (Stryker),54,0,MI,
2,2026-08-27,Muskegon Mona Shores (Muskegon),27,Orchard Lake St Mary (Orchard Lake),35,0,MI,MI
2,2026-08-27,Portage Central (Portage),14,Central Catholic (Toledo),24,0,MI,
2,2026-08-27,Novi Detroit Catholic Central (Novi),55,Clinton Township Chippewa Valley,0,0,MI,MI
2,2026-08-27,Walled Lake Western,35,River Rouge (River Rouge),31,0,MI,MI
2,2026-08-27,Christ Presbyterian Academy (Nashville),13,Pearl Cohn,18,0,TN,TN
2,2026-08-27,King's Academy,44,Tri-Cities Christian Academy (Kingsport),14,0,TN,TN
2,2026-08-27,Jenks,33,Carroll (Southlake),34,0,OK,TX
2,2026-08-27,MU Sports Academy (Delson),7,Malvern Prep (Malvern),42,0,QB,PA
2,2026-08-27,Bear River,49,Thunder Ridge,35,0,UT,ID
2,2026-08-27,Riverton,0,Madison,27,0,UT,ID
2,2026-08-27,Higley,31,Queen Creek,35,0,AZ,AZ
2,2026-08-27,McClintock,42,Camelback,6,0,AZ,AZ
2,2026-08-27,Red Mountain (Mesa),35,Casteel,34,0,AZ,AZ
2,2026-08-27,Hamilton (Chandler),25,Brophy College Preparatory,6,0,AZ,AZ
2,2026-08-27,Desert Edge,20,Cactus Shadows,0,0,AZ,AZ
2,2026-08-27,Mt Pleasant (San Jose),33,Cupertino (Cupertino),27,0,CA,CA
2,2026-08-27,Sierra Canyon (Sierra Canyon),24,Chaminade-Madonna College Prep (Hollywood),7,0,CA,FL
2,2026-08-27,Robert F. Kennedy (Delano),36,Tulare Union (Tulare),35,0,CA,CA
2,2026-08-27,Marina (Marina),12,Independence (San Jose),21,0,CA,CA
2,2026-08-27,El Toro (Lake Forest),42,Marina (Huntington Beach),21,0,CA,CA
2,2026-08-27,Los Osos (Rancho Cucamonga),14,Citrus Valley (Redlands),42,0,CA,CA
2,2026-08-28,Ada (Ada),38,Arcadia (Arcadia),28,0,,
2,2026-08-28,Aiken (Cincinnati),14,Northland (Columbus),18,0,,
2,2026-08-28,Allen East (Harrod),28,Fort Recovery (Fort Recovery),21,0,,
2,2026-08-28,Anderson (Cincinnati),70,West Clermont (Cincinnati),19,0,,
2,2026-08-28,Anthony Wayne (Whitehouse),0,St John's Jesuit (Toledo),25,0,,
2,2026-08-28,Archbold (Archbold),41,St Henry (St Henry),15,0,,
2,2026-08-28,Arlington (Arlington),12,Van Buren (Van Buren),55,0,,
2,2026-08-28,Ashland (Ashland),27,Marion Harding (Marion),13,0,,
2,2026-08-28,Athens (The Plains),14,Unioto (Chillicothe),33,0,,
2,2026-08-28,Aurora (Aurora),13,Riverside (Painesville),40,0,,
2,2026-08-28,Barberton (Barberton),13,Stow-Munroe Falls (Stow),44,0,,
2,2026-08-28,Barnesville (Barnesville),47,Meadowbrook (Byesville),14,0,,
2,2026-08-28,Batavia (Batavia),0,Taylor (Cleves),27,0,,
2,2026-08-28,Beaver Local (East Liverpool),29,Western Beaver (Industry),13,0,,PA
2,2026-08-28,Beavercreek (Beavercreek),42,Woodward (Cincinnati),0,0,,
2,2026-08-28,Bellbrook (Bellbrook),49,Bellefontaine (Bellefontaine),17,0,,
2,2026-08-28,Beechcroft (Columbus),15,Independence (Columbus),18,0,,
2,2026-08-28,Bellevue (Bellevue),42,Wauseon (Wauseon),21,0,,
2,2026-08-28,Belmont (Dayton),38,New Miami (Hamilton),0,0,,
2,2026-08-28,Benjamin Logan (Bellefontaine),41,West Liberty-Salem (West Liberty),13,0,,
2,2026-08-28,Berea-Midpark (Berea),43,Euclid (Euclid),33,0,,
2,2026-08-28,Berne Union (Sugar Grove),7,Huntington (Chillicothe),34,0,,
2,2026-08-28,Bethel (Tipp City),14,Oakwood (Dayton),42,0,,
2,2026-08-28,Bexley (Columbus),12,Worthington Christian (Worthington),31,0,,
2,2026-08-28,Bishop Hartley (Columbus),28,Marion-Franklin (Columbus),27,0,,
2,2026-08-28,Bishop Ready (Columbus),34,Licking Heights (Pataskala),21,0,,
2,2026-08-28,Black River (Sullivan),7,Northwestern (West Salem),9,0,,
2,2026-08-28,Blanchester (Blanchester),41,Cincinnati Country Day (Cincinnati),20,0,,
2,2026-08-28,Bluffton (Bluffton),42,Edison (Milan),7,0,,
2,2026-08-28,Boardman (Youngstown),0,Lake (Uniontown),27,0,,
2,2026-08-28,Bowling Green (Bowling Green),28,Bryan (Bryan),22,0,,
2,2026-08-28,Bowsher (Toledo),7,Genoa Area (Genoa),56,0,,
2,2026-08-28,Bradford (Bradford),28,Twin Valley South (West Alexandria),8,0,,
2,2026-08-28,Brecksville-Broadview Heights (Broadview Heights),6,North Royalton (North Royalton),10,0,,
2,2026-08-28,Briggs (Columbus),36,Dublin Scioto (Dublin),42,0,,
2,2026-08-28,Brookfield (Brookfield),35,Springfield (New Middletown),18,0,,
2,2026-08-28,Brooklyn (Brooklyn),0,Willard (Willard),41,0,,
2,2026-08-28,Brookside (Sheffield),20,Woodridge (Peninsula),55,0,,
2,2026-08-28,Buchtel (Akron),12,Indian Valley (Gnadenhutten),42,0,,
2,2026-08-28,Buckeye (Medina),21,Amherst Steele (Amherst),38,0,,
2,2026-08-28,Buckeye Central (New Washington),14,South Central (Greenwich),20,0,,
2,2026-08-28,Buckeye Trail (Lore City),6,Crooksville (Crooksville),35,0,,
2,2026-08-28,Buckeye Valley (Delaware),26,Africentric Early College (Columbus),0,0,,
2,2026-08-28,Bucyrus (Bucyrus),27,Riverdale (Mt Blanchard),20,0,,
2,2026-08-28,Calvert (Tiffin),10,St Paul (Norwalk),14,0,,
2,2026-08-28,Canal Winchester (Canal Winchester),35,New Albany (New Albany),28,0,,
2,2026-08-28,Canfield (Canfield),17,Salem (Salem),21,0,,
2,2026-08-28,Canton McKinley (Canton),8,St Edward (Lakewood),22,0,,
2,2026-08-28,Cardinal Mooney (Youngstown),37,Garfield Heights (Garfield Heights),39,0,,
2,2026-08-28,Cardington-Lincoln (Cardington),14,Mohawk (Sycamore),56,0,,
2,2026-08-28,Carlisle (Carlisle),7,Miami East (Casstown),20,0,,
2,2026-08-28,Archbishop Carroll (Dayton),32,Tecumseh (New Carlisle),23,0,,
2,2026-08-28,Catholic Central (Steubenville),0,Strasburg-Franklin (Strasburg),28,0,,
2,2026-08-28,Centerburg (Centerburg),0,Johnstown (Johnstown),50,0,,
2,2026-08-28,Chalker (Southington),38,Windham (Windham),54,0,,
2,2026-08-28,Twinsburg (Twinsburg),20,Bedford (Bedford),23,0,,
2,2026-08-28,Champion (Warren),42,Cardinal (Middlefield),0,0,,
2,2026-08-28,Chesapeake (Chesapeake),13,Minford (Minford),28,0,,
2,2026-08-28,Circleville (Circleville),28,Washington (Washington Court House),26,0,,
2,2026-08-28,Clay (Oregon),35,Sylvania Southview (Sylvania),14,0,,
2,2026-08-28,Claymont (Uhrichsville),54,River View (Warsaw),0,0,,
2,2026-08-28,Clear Fork (Bellville),38,Zanesville (Zanesville),12,0,,
2,2026-08-28,Clearview (Lorain),18,Westlake (Westlake),57,0,,
2,2026-08-28,Cleveland Central Catholic (Cleveland),49,John Hay (Cleveland),18,0,,
2,2026-08-28,Cleveland Heights (Cleveland Heights),7,Chardon (Chardon),25,0,,
2,2026-08-28,Coldwater (Coldwater),14,Clinton-Massie (Clarksville),6,0,,
2,2026-08-28,Colonel Crawford (North Robinson),14,Fairfield Union (Lancaster),20,0,,
2,2026-08-28,Thurgood Marshall (Dayton),0,Ross (Hamilton),57,0,,
2,2026-08-28,Columbia (Columbia Station),42,Fairview (Fairview Park),6,0,,
2,2026-08-28,Tiffin Columbian (Tiffin),35,Mansfield Senior (Mansfield),7,0,,
2,2026-08-28,Columbiana (Columbiana),20,Mathews (Vienna),6,0,,
2,2026-08-28,Columbus Grove (Columbus Grove),40,Liberty-Benton (Findlay),20,0,,
2,2026-08-28,Conotton Valley (Bowerston),62,Bishop Rosecrans (Zanesville),13,0,,
2,2026-08-28,Cory-Rawson (Rawson),0,Upper Scioto Valley (McGuffey),36,0,,
2,2026-08-28,Coshocton (Coshocton),13,Tuscarawas Valley (Zoarville),35,0,,
2,2026-08-28,Coventry (Coventry Twp),0,Rittman (Rittman),35,0,,
2,2026-08-28,Covington (Covington),7,New Bremen (New Bremen),40,0,,
2,2026-08-28,Crestline (Crestline),28,Crestview (Ashland),16,0,,
2,2026-08-28,Crestview (Convoy),0,Minster (Minster),37,0,,
2,2026-08-28,Cuyahoga Heights (Cuyahoga Heights),31,Berkshire (Burton),7,0,,
2,2026-08-28,Danbury (Lakeside),18,Waldron (Waldron),30,0,,MI
2,2026-08-28,Danville (Danville),39,Utica (Utica),13,0,,
2,2026-08-28,Lisbon David Anderson (Lisbon),21,Lowellville (Lowellville),50,0,,
2,2026-08-28,Dawson-Bryant (Coal Grove),8,Adena (Frankfort),12,0,,
2,2026-08-28,Dayton Christian (Miamisburg),36,Bethel-Tate (Bethel),6,0,,
2,2026-08-28,Dixie (New Lebanon),27,Mississinawa Valley (Union City),26,0,,
2,2026-08-28,Dover (Dover),14,Steubenville (Steubenville),44,0,,
2,2026-08-28,Dublin Coffman (Dublin),7,Big Walnut (Sunbury),39,0,,
2,2026-08-28,East (Akron),12,Nordonia (Macedonia),46,0,,
2,2026-08-28,East (Columbus),25,Whitehall-Yearling (Whitehall),14,0,,
2,2026-08-28,Youngstown (Youngstown),12,Warren G Harding (Warren),20,0,,
2,2026-08-28,Sciotoville Community (Portsmouth),0,Belpre (Belpre),49,0,,
2,2026-08-28,East Canton (East Canton),36,Western Reserve (Berlin Center),20,0,,
2,2026-08-28,East Clinton (Sabina),12,Cedarville (Cedarville),55,0,,
2,2026-08-28,Eastern (Beaver),49,Oak Hill (Oak Hill),7,0,,
2,2026-08-28,East Liverpool (East Liverpool),48,Indian Creek (Wintersville),14,0,,
2,2026-08-28,East Palestine (East Palestine),14,Harrison Central (Cadiz),47,0,,
2,2026-08-28,Edgewood (Ashtabula),52,Harvey (Painesville),41,0,,
2,2026-08-28,Edison (Richmond),6,Carrollton (Carrollton),23,0,,
2,2026-08-28,Edon (Edon),35,Antwerp (Antwerp),12,0,,
2,2026-08-28,Elder (Cincinnati),56,Covington Catholic (Park Hills),20,0,,KY
2,2026-08-28,Elida (Elida),21,Van Wert (Van Wert),31,0,,
2,2026-08-28,Evergreen (Metamora),15,Ottawa Hills (Toledo),20,0,,
2,2026-08-28,Fairborn (Fairborn),49,Sidney (Sidney),6,0,,
2,2026-08-28,Fairland (Proctorville),33,Point Pleasant (Point Pleasant),7,0,,WV
2,2026-08-28,Fairview (Sherwood),30,Delta (Delta),43,0,,
2,2026-08-28,Federal Hocking (Stewart),18,Alexander (Albany),49,0,,
2,2026-08-28,Bishop Fenwick (Franklin),41,Monroe (Monroe),20,0,,
2,2026-08-28,Field (Mogadore),30,Ellet (Akron),20,0,,
2,2026-08-28,Findlay (Findlay),31,Lima Senior (Lima),6,0,,
2,2026-08-28,Finneytown (Cincinnati),8,St Bernard-Elmwood Place (St Bernard),39,0,,
2,2026-08-28,Firelands (Oberlin),7,Vermilion (Vermilion),41,0,,
2,2026-08-28,Firestone (Akron),6,Copley (Copley),56,0,,
2,2026-08-28,Fort Loramie (Fort Loramie),13,Anna (Anna),12,0,,
2,2026-08-28,Fostoria (Fostoria),0,Port Clinton (Port Clinton),42,0,,
2,2026-08-28,Franklin (Franklin),0,Valley View (Germantown),37,0,,
2,2026-08-28,Franklin Heights (Columbus),2,Linden McKinley (Columbus),20,0,,
2,2026-08-28,Fredericktown (Fredericktown),21,Northridge (Johnstown),0,0,,
2,2026-08-28,Frontier (New Matamoras),45,Magnolia (New Martinsville),14,0,,WV
2,2026-08-28,Galion (Galion),21,Carey (Carey),17,0,,
2,2026-08-28,Garaway (Sugarcreek),40,Dalton (Dalton),16,0,,
2,2026-08-28,Garfield (Garrettsville),48,Crestwood (Mantua),13,0,,
2,2026-08-28,Geneva (Geneva),41,Lakeside (Ashtabula),6,0,,
2,2026-08-28,Gibsonburg (Gibsonburg),0,Rogers (Toledo),1,0,,
2,2026-08-28,Glenville (Cleveland),34,Olentangy Liberty (Powell),13,0,,
2,2026-08-28,Granville (Granville),24,Tri-Valley (Dresden),21,0,,
2,2026-08-28,Green (Franklin Furnace),13,Southeastern (Chillicothe),44,0,,
2,2026-08-28,Greenville (Greenville),36,West Carrollton (West Carrollton),14,0,,
2,2026-08-28,Grove City (Grove City),48,Westland (Galloway),47,0,,
2,2026-08-28,Grove City Christian (Grove City),7,Madison-Plains (London),71,0,,
2,2026-08-28,Groveport Madison (Groveport),7,Archbishop Moeller (Cincinnati),45,0,,
2,2026-08-28,Hamilton (Hamilton),7,Colerain (Cincinnati),41,0,,
2,2026-08-28,Hamilton Township (Columbus),26,St Charles (Columbus),28,0,,
2,2026-08-28,Hardin Northern (Dola),18,North Baltimore (North Baltimore),56,0,,
2,2026-08-28,Harrison (Harrison),28,Archbishop McNicholas (Cincinnati),0,0,,
2,2026-08-28,Hawken (Gates Mills),36,Lutheran West (Rocky River),6,0,,
2,2026-08-28,Highland (Medina),31,Strongsville (Strongsville),27,0,,
2,2026-08-28,Highland (Marengo),6,Heath (Heath),14,0,,
2,2026-08-28,Hilliard Darby (Hilliard),19,Hilliard Bradley (Hilliard),25,0,,
2,2026-08-28,Hillsboro (Hillsboro),7,Goshen (Goshen),49,0,,
2,2026-08-28,Hillsdale (Jeromesville),28,Lucas (Lucas),7,0,,
2,2026-08-28,Hilltop (West Unity),36,Edgerton (Edgerton),28,0,,
2,2026-08-28,Holgate (Holgate),62,Camden-Frontier (Camden),26,0,,MI
2,2026-08-28,Holy Name (Parma Heights),0,Gilmour Academy (Gates Mills),7,0,,
2,2026-08-28,Hoover (North Canton),18,Medina (Medina),14,0,,
2,2026-08-28,Hopewell-Loudon (Bascom),37,Huron (Huron),0,0,,
2,2026-08-28,Hubbard (Hubbard),26,Howland (Warren),34,0,,
2,2026-08-28,Hudson (Hudson),55,Jackson (Massillon),35,0,,
2,2026-08-28,Indian Hill (Cincinnati),0,Beechwood (Fort Mitchell),42,0,,KY
2,2026-08-28,Indian Lake (Lewistown),40,Fairbanks (Milford Center),7,0,,
2,2026-08-28,Jackson (Jackson),55,Gallia Academy (Gallipolis),0,0,,
2,2026-08-28,Jefferson (Delphos),13,Parkway (Rockford),6,0,,
2,2026-08-28,Jefferson Area (Jefferson),6,Conneaut (Conneaut),50,0,,
2,2026-08-28,John Adams (Cleveland),0,West Holmes (Millersburg),49,0,,
2,2026-08-28,John Glenn (New Concord),41,Cambridge (Cambridge),13,0,,
2,2026-08-28,Jonathan Alder (Plain City),36,Columbus Academy (Gahanna),12,0,,
2,2026-08-28,Kenton (Kenton),6,Shawnee (Lima),30,0,,
2,2026-08-28,Kenton Ridge (Springfield),41,Northridge (Dayton),6,0,,
2,2026-08-28,Kettering Fairmont (Kettering),7,Trotwood-Madison (Trotwood),20,0,,
2,2026-08-28,Keystone (La Grange),12,Cloverleaf (Seville),10,0,,
2,2026-08-28,Kings (Kings Mills),0,Winton Woods (Cincinnati),35,0,,
2,2026-08-28,Kirtland (Kirtland),36,Poland Seminary (Poland),34,0,,
2,2026-08-28,River Valley (Bidwell),6,South Gallia (Crown City),12,0,,
2,2026-08-28,LaBrae (Leavittsburg),40,Pymatuning Valley (Andover),30,0,,
2,2026-08-28,Lake Catholic (Mentor),14,Avon Lake (Avon Lake),13,0,,
2,2026-08-28,Lakeview (Cortland),14,Crestview (Columbiana),34,0,,
2,2026-08-28,Lakewood (Hebron),0,Maysville (Zanesville),53,0,,
2,2026-08-28,Lakota (Kansas),39,Hicksville (Hicksville),0,0,,
2,2026-08-28,Lakota East (Liberty Township),18,Lakota West (West Chester),48,0,,
2,2026-08-28,Lancaster (Lancaster),13,Delaware Hayes (Delaware),28,0,,
2,2026-08-28,Lebanon (Lebanon),42,Loveland (Loveland),7,0,,
2,2026-08-28,Lehman Catholic (Sidney),8,Southeastern Local (South Charleston),14,0,,
2,2026-08-28,Liberty (Youngstown),34,Niles McKinley (Niles),7,0,,
2,2026-08-28,Liberty Center (Liberty Center),41,Eastwood (Pemberville),14,0,,
2,2026-08-28,Licking Valley (Newark),40,Amanda-Clearcreek (Amanda),7,0,,
2,2026-08-28,Little Miami (Morrow),27,Turpin (Cincinnati),24,0,,
2,2026-08-28,Logan (Logan),6,Nelsonville-York (Nelsonville),48,0,,
2,2026-08-28,London (London),37,Hamilton Heights (Arcadia),0,0,,IN
2,2026-08-28,Loudonville (Loudonville),55,New London (New London),13,0,,
2,2026-08-28,Madeira (Cincinnati),27,Madison (Middletown),0,0,,
2,2026-08-28,Madison (Madison),36,Maple Heights (Maple Heights),24,0,,
2,2026-08-28,Manchester (New Franklin),35,Streetsboro (Streetsboro),36,0,,
2,2026-08-28,Margaretta (Castalia),7,Western Reserve (Collins),26,0,,
2,2026-08-28,Marion Local (Maria Stein),54,Harvest Prep (Canal Winchester),28,0,,
2,2026-08-28,Marlington (Alliance),21,Northwest (Canal Fulton),36,0,,
2,2026-08-28,Marysville (Marysville),35,KIPP Columbus (Columbus),21,0,,
2,2026-08-28,Mason (Mason),43,Sycamore (Cincinnati),24,0,,
2,2026-08-28,Mayfield (Mayfield),31,Elyria Catholic (Elyria),13,0,,
2,2026-08-28,McComb (McComb),7,Leipsic (Leipsic),26,0,,
2,2026-08-28,McDonald (McDonald),54,Malvern (Malvern),28,0,,
2,2026-08-28,Meadowdale (Dayton),0,Talawanda (Oxford),49,0,,
2,2026-08-28,Meigs (Pomeroy),14,Symmes Valley (Willow Wood),55,0,,
2,2026-08-28,St Marys Memorial (St Marys),35,Bath (Lima),14,0,,
2,2026-08-28,Miamisburg (Miamisburg),28,Edgewood (Trenton),32,0,,
2,2026-08-28,Miami Trace (Washington Court House),7,Wilmington (Wilmington),35,0,,
2,2026-08-28,Miami Valley Christian Academy (Cincinnati),49,Clermont Northeastern (Batavia),28,0,,
2,2026-08-28,Mifflin (Columbus),6,Martins Ferry (Martins Ferry),60,0,,
2,2026-08-28,Milford (Milford),47,Walnut Hills (Cincinnati),7,0,,
2,2026-08-28,Miller (Corning),8,Eastern (Reedsville),34,0,,
2,2026-08-28,Milton-Union (West Milton),14,Graham Local (St Paris),44,0,,
2,2026-08-28,Mineral Ridge (Mineral Ridge),31,United (Hanoverton),28,0,,
2,2026-08-28,Minerva (Minerva),40,Springfield (Akron),7,0,,
2,2026-08-28,Mogadore (Mogadore),8,Canton Central Catholic (Canton),19,0,,
2,2026-08-28,Monroe Central (Woodsfield),29,Bellaire (Bellaire),14,0,,
2,2026-08-28,Monroeville (Monroeville),12,Seneca East (Attica),28,0,,
2,2026-08-28,Montpelier (Montpelier),25,Swanton (Swanton),7,0,,
2,2026-08-28,Morgan (McConnelsville),21,Warren (Vincent),28,0,,
2,2026-08-28,Mount Gilead (Mount Gilead),27,Upper Sandusky (Upper Sandusky),25,0,,
2,2026-08-28,Mount Healthy (Cincinnati),18,Hughes (Cincinnati),28,0,,
2,2026-08-28,Napoleon (Napoleon),21,Maumee (Maumee),24,0,,
2,2026-08-28,National Trail (New Paris),7,Tri-Village (New Madison),38,0,,
2,2026-08-28,Newark (Newark),34,Mount Vernon (Mount Vernon),14,0,,
2,2026-08-28,Newton Falls (Newton Falls),35,Jackson-Milton (North Jackson),0,0,,
2,2026-08-28,Normandy (Parma),0,Ravenna (Ravenna),55,0,,
2,2026-08-28,North (Akron),0,Cuyahoga Falls (Cuyahoga Falls),50,0,,
2,2026-08-28,North (Eastlake),42,Valley Forge (Parma Heights),0,0,,
2,2026-08-28,North Central (Pioneer),0,Paulding (Paulding),46,0,,
2,2026-08-28,North College Hill (Cincinnati),46,Ponitz Tech (Dayton),0,0,,
2,2026-08-28,Northmont (Clayton),6,La Salle (Cincinnati),38,0,,
2,2026-08-28,Northmor (Galion),15,Smithville (Smithville),59,0,,
2,2026-08-28,North Olmsted (North Olmsted),26,Midview (Grafton),28,0,,
2,2026-08-28,North Ridgeville (North Ridgeville),14,Brush (Lyndhurst),21,0,,
2,2026-08-28,Norwalk (Norwalk),0,Ontario (Ontario),58,0,,
2,2026-08-28,Northwest (McDermott),7,McClain (Greenfield),34,0,,
2,2026-08-28,Northwestern (Springfield),6,Greenon (Enon),43,0,,
2,2026-08-28,Northwood (Northwood),35,Lake (Millbury),36,0,,
2,2026-08-28,Norwood (Norwood),6,Mariemont (Cincinnati),49,0,,
2,2026-08-28,Notre Dame (Portsmouth),27,Fayetteville (Fayetteville),6,0,,
2,2026-08-28,Oak Hills (Cincinnati),21,Fairfield (Fairfield),0,0,,
2,2026-08-28,Olentangy Berlin (Delaware),0,Upper Arlington (Upper Arlington),24,0,,
2,2026-08-28,Olentangy (Lewis Center),7,Perrysburg (Perrysburg),45,0,,
2,2026-08-28,Olmsted Falls (Olmsted Falls),42,Brunswick (Brunswick),7,0,,
2,2026-08-28,Orange (Pepper Pike),12,Chagrin Falls (Chagrin Falls),26,0,,
2,2026-08-28,Orrville (Orrville),43,Trinity (Garfield Heights),0,0,,
2,2026-08-28,Olentangy Orange (Lewis Center),33,Westerville North (Westerville),0,0,,
2,2026-08-28,Otsego (Tontogany),21,Tinora (Defiance),14,0,,
2,2026-08-28,Ottawa-Glandorf (Ottawa),42,Defiance (Defiance),21,0,,
2,2026-08-28,Padua Franciscan (Parma),3,Benedictine (Cleveland),7,0,,
2,2026-08-28,Pandora-Gilboa (Pandora),37,Elmwood (Bloomdale),19,0,,
2,2026-08-28,Patrick Henry (Hamler),33,Ayersville (Defiance),14,0,,
2,2026-08-28,Perry (Lima),42,Ridgemont (Mt Victory),0,0,,
2,2026-08-28,Perry (Massillon),41,St Vincent-St Mary (Akron),0,0,,
2,2026-08-28,Perry (Perry),45,Kenston (Chagrin Falls),12,0,,
2,2026-08-28,Philo (Duncan Falls),14,New Lexington (New Lexington),36,0,,
2,2026-08-28,Pickerington Central (Pickerington),0,Bishop Watterson (Columbus),28,0,,
2,2026-08-28,Piketon (Piketon),43,Wellston (Wellston),8,0,,
2,2026-08-28,Portsmouth West (West Portsmouth),42,Portsmouth (Portsmouth),0,0,,
2,2026-08-28,Preble Shawnee (Camden),8,Ansonia (Ansonia),40,0,,
2,2026-08-28,Princeton (Cincinnati),28,Middletown (Middletown),7,0,,
2,2026-08-28,Purcell Marian (Cincinnati),8,Wyoming (Cincinnati),48,0,,
2,2026-08-28,Reading (Reading),0,Northwest (Cincinnati),32,0,,
2,2026-08-28,Reynoldsburg (Reynoldsburg),42,Dublin Jerome (Dublin),31,0,,
2,2026-08-28,Rhodes (Cleveland),26,Lakewood (Lakewood),27,0,,
2,2026-08-28,Richmond Heights (Richmond Heights),8,Wickliffe (Wickliffe),28,0,,
2,2026-08-28,Ridgedale (Morral),6,Elgin (Marion),54,0,,
2,2026-08-28,River (Hannibal),40,Buckeye Local (Rayland),8,0,,
2,2026-08-28,Riverside (De Graff),47,Northeastern (South Vienna),21,0,,
2,2026-08-28,River Valley (Caledonia),12,Madison Comprehensive (Mansfield),41,0,,
2,2026-08-28,Rock Hill (Ironton),36,Boyd County (Ashland),39,0,,KY
2,2026-08-28,Roger Bacon (St Bernard),41,Western Hills (Cincinnati),28,0,,
2,2026-08-28,Rootstown (Rootstown),14,Independence (Independence),31,0,,
2,2026-08-28,Rossford (Rossford),21,Waite (Toledo),28,0,,
2,2026-08-28,St Ignatius (Cleveland),24,Pickerington North (Pickerington),21,0,,
2,2026-08-28,St Mary Central Catholic (Sandusky),47,Adrian Lenawee Christian (Adrian),14,0,,MI
2,2026-08-28,St Xavier (Cincinnati),35,Wayne (Huber Heights),7,0,,
2,2026-08-28,Sandusky (Sandusky),6,Fremont Ross (Fremont),51,0,,
2,2026-08-28,Sandy Valley (Magnolia),7,Norton (Norton),41,0,,
2,2026-08-28,Shaker Heights (Shaker Heights),9,Solon (Solon),19,0,,
2,2026-08-28,Shaw (East Cleveland),16,Ridgewood (West Lafayette),34,0,,
2,2026-08-28,Shawnee (Springfield),6,Brookville (Brookville),38,0,,
2,2026-08-28,Shelby (Shelby),48,Lexington (Lexington),6,0,,
2,2026-08-28,Shenandoah (Sarahsville),49,Bridgeport (Bridgeport),18,0,,
2,2026-08-28,Canton South (Canton),7,Cuyahoga Valley Christian Academy (Cuyahoga Falls),49,0,,
2,2026-08-28,South (Columbus),29,Centennial (Columbus),0,0,,
2,2026-08-28,South (Willoughby),34,Kent Roosevelt (Kent),13,0,,
2,2026-08-28,Southeast (Ravenna),14,Grand Valley (Orwell),28,0,,
2,2026-08-28,Southern (Racine),0,South Point (South Point),38,0,,
2,2026-08-28,Southern (Salineville),0,Shadyside (Shadyside),49,0,,
2,2026-08-28,South Range (Canfield),49,Jeannette (Jeannette),21,0,,PA
2,2026-08-28,Spencerville (Spencerville),0,Wayne Trace (Haviland),55,0,,
2,2026-08-28,Springboro (Springboro),7,Gahanna Lincoln (Gahanna),24,0,,
2,2026-08-28,Springfield (Springfield),0,Walsh Jesuit (Cuyahoga Falls),1,0,,
2,2026-08-28,Start (Toledo),6,Clyde (Clyde),33,0,,
2,2026-08-28,Stebbins (Riverside),28,Butler (Vandalia),42,0,,
2,2026-08-28,Struthers (Struthers),6,John F Kennedy (Warren),18,0,,
2,2026-08-28,Summit Country Day (Cincinnati),17,Clark Montessori (Cincinnati),8,0,,
2,2026-08-28,Sylvania Northview (Sylvania),7,Springfield (Holland),41,0,,
2,2026-08-28,Taft (Cincinnati),6,Villa Angela-St Joseph (Cleveland),47,0,,
2,2026-08-28,Tallmadge (Tallmadge),7,Green (Uniontown),28,0,,
2,2026-08-28,Teays Valley (Ashville),35,Bloom-Carroll (Carroll),14,0,,
2,2026-08-28,Tippecanoe (Tipp City),49,Piqua (Piqua),0,0,,
2,2026-08-28,Toronto (Toronto),27,Newcomerstown (Newcomerstown),20,0,,
2,2026-08-28,Triad (North Lewisburg),14,Pleasant (Marion),51,0,,
2,2026-08-28,Trimble (Glouster),42,Fairfield Christian Academy (Lancaster),0,0,,
2,2026-08-28,Triway (Wooster),38,Norwayne (Creston),13,0,,
2,2026-08-28,Troy (Troy),10,Xenia (Xenia),6,0,,
2,2026-08-28,Troy Christian (Troy),42,Catholic Central (Springfield),0,0,,
2,2026-08-28,Tuscarawas Central Catholic (New Philadelphia),22,Fisher Catholic (Lancaster),28,0,,
2,2026-08-28,Tuslaw (Massillon),14,Chippewa (Doylestown),13,0,,
2,2026-08-28,Tri-County North (Lewisburg),12,Arcanum (Arcanum),43,0,,
2,2026-08-28,Union Local (Belmont),40,St Clairsville (St Clairsville),21,0,,
2,2026-08-28,University School (Hunting Valley),35,Bay (Bay Village),14,0,,
2,2026-08-28,Urbana (Urbana),35,Mechanicsburg (Mechanicsburg),12,0,,
2,2026-08-28,Ursuline (Youngstown),43,Louisville (Louisville),10,0,,
2,2026-08-28,Valley (Lucasville),30,Liberty Union (Baltimore),24,0,,
2,2026-08-28,Vanlue (Vanlue),12,Leetonia (Leetonia),42,0,,
2,2026-08-28,Versailles (Versailles),20,Cincinnati Hills Christian Academy (Cincinnati),10,0,,
2,2026-08-28,Vinton County (McArthur),60,Paint Valley (Bainbridge),33,0,,
2,2026-08-28,Wadsworth (Wadsworth),33,Hilliard Davidson (Hilliard),8,0,,
2,2026-08-28,Walnut Ridge (Columbus),6,St Francis DeSales (Columbus),41,0,,
2,2026-08-28,Wapakoneta (Wapakoneta),6,Celina (Celina),7,0,,
2,2026-08-28,Massillon Washington (Massillon),54,GlenOak (Canton),7,0,,
2,2026-08-28,Waterford (Waterford),15,Caldwell (Caldwell),8,0,,
2,2026-08-28,Waterloo (Atwater),38,Beachwood (Beachwood),44,0,,
2,2026-08-28,Watkins Memorial (Pataskala),14,Sheridan (Thornville),21,0,,
2,2026-08-28,Waynedale (Apple Creek),6,Fairless (Brewster),48,0,,
2,2026-08-28,Waynesfield-Goshen (Waynesfield),0,North Union (Richwood),48,0,,
2,2026-08-28,Waynesville (Waynesville),28,Greeneview (Jamestown),14,0,,
2,2026-08-28,Wellington (Wellington),22,Mapleton (Ashland),40,0,,
2,2026-08-28,Wellsville (Wellsville),8,St Thomas Aquinas (Louisville),19,0,,
2,2026-08-28,West (Columbus),12,Central Crossing (Grove City),3,0,,
2,2026-08-28,West Branch (Beloit),35,New Philadelphia (New Philadelphia),7,0,,
2,2026-08-28,Western Brown (Mount Orab),27,Simon Kenton (Independence),34,0,,KY
2,2026-08-28,Westerville Central (Westerville),17,Westerville South (Westerville),0,0,,
2,2026-08-28,Westfall (Williamsport),20,Logan Elm (Circleville),54,0,,
2,2026-08-28,West Geauga (Chesterland),7,Notre Dame-Cathedral Latin (Chardon),0,0,,
2,2026-08-28,West Jefferson (West Jefferson),14,Newark Catholic (Newark),16,0,,
2,2026-08-28,West Muskingum (Zanesville),20,Fort Frye (Beverly),42,0,,
2,2026-08-28,Wheelersburg (Wheelersburg),18,Chillicothe (Chillicothe),26,0,,
2,2026-08-28,Whetstone (Columbus),0,Grandview Heights (Columbus),53,0,,
2,2026-08-28,Whitmer (Toledo),7,Detroit King (Detroit),27,0,,MI
2,2026-08-28,Williamsburg (Williamsburg),34,New Richmond (New Richmond),14,0,,
2,2026-08-28,Withrow (Cincinnati),45,Chaminade Julienne (Dayton),12,0,,
2,2026-08-28,Woodmore (Elmore),49,Toledo Christian (Toledo),6,0,,
2,2026-08-28,Woodward (Toledo),16,Oak Harbor (Oak Harbor),49,0,,
2,2026-08-28,Wooster (Wooster),29,Alliance (Alliance),32,0,,
2,2026-08-28,Thomas Worthington (Worthington),20,Worthington Kilbourne (Columbus),52,0,,
2,2026-08-28,Wynford (Bucyrus),0,East Knox (Howard),34,0,,
2,2026-08-28,Valley Christian School (Youngstown),7,Campbell Memorial (Campbell),14,0,,
2,2026-08-28,Zane Trace (Chillicothe),27,Waverly (Waverly),7,0,,
2,2026-08-28,Brooke (Wellsburg),46,Lincoln County (Hamlin),6,0,WV,WV
2,2026-08-28,John Marshall (Glen Dale),37,Marietta (Marietta),28,0,WV,
2,2026-08-28,Madonna (Weirton),12,East Hardy (Baker),66,0,WV,WV
2,2026-08-28,Ritchie County (Ellenboro),16,Wahama (Mason),57,0,WV,WV
2,2026-08-28,Tygarts Valley,8,Valley (Wetzel) (Pine Grove),20,0,WV,WV
2,2026-08-28,Wheeling Park (Wheeling),28,Parkersburg South (Parkersburg),21,0,WV,WV
2,2026-08-28,Williamstown (Williamstown),42,Ravenswood,7,0,WV,WV
2,2026-08-28,Linsly (Wheeling),14,Girard (Girard),56,0,WV,
2,2026-08-28,Bowling Green (Bowling Green),10,St Xavier (Louisville),39,0,KY,KY
2,2026-08-28,Central (Louisville),14,Belfry (Belfry),28,0,KY,KY
2,2026-08-28,Dixie Heights (Edgewood),13,Badin (Hamilton),42,0,KY,
2,2026-08-28,East Carter,28,Rowan County,21,0,KY,KY
2,2026-08-28,Greenup County (Greenup),22,Russell (Russell),28,0,KY,KY
2,2026-08-28,Holy Cross (Covington),41,Bracken County,6,0,KY,KY
2,2026-08-28,Johnson Central,6,Madison Central,38,0,KY,KY
2,2026-08-28,Lewis County (Vanceburg),28,Morgan County (West Liberty),21,0,KY,KY
2,2026-08-28,Newport (Newport),0,Lloyd Memorial (Erlanger),43,0,KY,KY
2,2026-08-28,Newport Central Catholic,7,Paintsville (Paintsville),22,0,KY,KY
2,2026-08-28,North Laurel,14,Corbin (Corbin),42,0,KY,KY
2,2026-08-28,Pleasure Ridge Park (Louisville),18,Raceland (Raceland),56,0,KY,KY
2,2026-08-28,Somerset (Somerset),42,South Laurel,21,0,KY,KY
2,2026-08-28,Tates Creek,27,Ashland Blazer (Ashland),49,0,KY,KY
2,2026-08-28,Trinity (Louisville),52,Christian Brothers,21,0,KY,MO
2,2026-08-28,West Carter,34,Fairview (Ashland),6,0,KY,KY
2,2026-08-28,Cooper (Union),6,Highlands (Fort Thomas),45,0,KY,KY
2,2026-08-28,Birmingham Groves,13,North Farmington,14,1,MI,MI
2,2026-08-28,Blissfield,48,Erie Mason (Erie),6,0,MI,MI
2,2026-08-28,Goodrich,10,Frankenmuth,7,1,MI,MI
2,2026-08-28,Hudsonville Unity Christian,28,Dearborn Divine Child (Dearborn),56,0,MI,MI
2,2026-08-28,Lumen Christi (Jackson),39,Detroit Edison PSA Early College (Detroit),21,0,MI,MI
2,2026-08-28,Litchfield,38,Plymouth (Plymouth),22,0,MI,
2,2026-08-28,Macomb Dakota,20,Brother Rice (Bloomfield Hills),30,0,MI,MI
2,2026-08-28,Monroe Jefferson,44,Flint Elite (co-op) (Flint),6,1,MI,MI
2,2026-08-28,Monroe St Mary Catholic Central (Monroe),37,Ottawa Lake Whiteford (Ottawa Lake),28,0,MI,MI
2,2026-08-28,Roseville,8,Davison,28,1,MI,MI
2,2026-08-28,South Lyon,16,Clarkston,37,1,MI,MI
2,2026-08-28,Sterling Heights Stevenson,13,Bedford (Temperance),20,0,MI,MI
2,2026-08-28,Detroit East English (Detroit),65,Flint Southwestern Academy,0,1,MI,MI
2,2026-08-28,Southern Huntingdon County,47,Everett (Everett),7,0,PA,PA
2,2026-08-28,Shaler,14,Butler (Butler),17,0,PA,PA
2,2026-08-28,Pine-Richland (Gibsonia),48,Avon (Avon),18,0,PA,
2,2026-08-28,Canevin Catholic,40,University Prep (USO co-op) (Pittsburgh),0,1,PA,PA
2,2026-08-28,Taylor Allderdice (Pittsburgh),24,Fox Chapel,27,0,PA,PA
2,2026-08-28,Brashear (Pittsburgh),0,McKeesport (McKeesport),61,0,PA,PA
2,2026-08-28,Carrick (Pittsburgh),18,Carlynton,20,0,PA,PA
2,2026-08-28,Perry Traditional Academy (Pittsburgh),8,Wheeling Central Catholic (Wheeling),50,0,PA,WV
2,2026-08-28,McDowell (Erie),30,Mentor (Mentor),31,0,PA,
2,2026-08-28,Cathedral Prep (Erie),15,Sharon (Sharon),13,0,PA,PA
2,2026-08-28,Bloomington South (Bloomington),48,Martinsville,14,0,IN,IN
2,2026-08-28,East Central (St Leon),14,New Palestine,6,0,IN,IN
2,2026-08-28,Bishop Dwenger (Fort Wayne),35,St Francis de Sales (Toledo),0,0,IN,
2,2026-08-28,Blackhawk Christian (Fort Wayne),44,Southern Wells,13,0,IN,IN
2,2026-08-28,Greenfield-Central,13,Lawrenceburg (Lawrenceburg),31,0,IN,IN
2,2026-08-28,Cardinal Ritter (Indianapolis),6,Archbishop Alter (Kettering),47,0,IN,
2,2026-08-28,Leo,7,Bishop Chatard (Indianapolis),42,0,IN,IN
2,2026-08-28,Michigan City,0,Detroit Cass Tech (Detroit),62,0,IN,MI
2,2026-08-28,Richmond (Richmond),8,Eaton (Eaton),39,0,IN,
2,2026-08-28,South Dearborn (Aurora),28,Switzerland County,12,0,IN,IN
2,2026-08-28,Southport (Indianapolis),14,Perry Meridian,45,0,IN,IN
2,2026-08-28,Indianapolis Crimson Knights (club),22,Phalen Academy,24,0,IN,IN
2,2026-08-28,Middle Tennessee Christian School (Murfreesboro),7,Grace Christian Academy (Franklin),16,0,TN,TN
2,2026-08-28,Oakland (Murfreesboro),50,Centerville (Centerville),20,0,TN,
2,2026-08-28,Loudoun Sports Academy (Leesburg),12,Baylor (Chattanooga),37,0,VA,TN
2,2026-08-28,Saint Frances Academy (Baltimore),49,DeLand (DeLand),35,0,MD,FL
2,2026-08-28,McDonogh School (Owings Mills),22,Riverdale Baptist (Upper Marlboro),14,0,MD,MD
2,2026-08-28,Archbishop Spalding (Severn),14,DeMatha Catholic (Hyattsville),35,0,MD,MD
2,2026-08-28,Good Counsel (Wheaton),21,Bishop McDevitt (Philadelphia),35,0,MD,PA
2,2026-08-28,St Mary's Ryken (Leonardtown),17,McCallie,67,0,MD,TN
2,2026-08-28,Anacostia (Washington),6,Digital Pioneers Academy (Washington),38,0,DC,DC
2,2026-08-28,Friendship Collegiate (Washington),12,Eagle Academy for Young Men II (Brooklyn),14,0,DC,NY
2,2026-08-28,Gonzaga (Washington),22,Calvert Hall (Towson),21,0,DC,MD
2,2026-08-28,Saint Joseph Regional (Montvale),44,Mt Carmel (Chicago),48,0,NJ,IL
2,2026-08-28,Bergen Catholic (Oradell),30,Central Catholic (Pittsburgh),45,1,NJ,PA
2,2026-08-28,East St Louis Senior (East St Louis),28,American Heritage School (Plantation),35,0,IL,FL
2,2026-08-28,Loyola Academy (Wilmette),33,Cathedral (Indianapolis),19,0,IL,IN
2,2026-08-28,Legacy Sport Sciences (Spring),19,Celina (Celina),21,0,TX,TX
2,2026-08-28,Lutheran North (St Louis),18,Cardinal Ritter (St Louis),30,0,MO,MO
2,2026-08-28,Panguitch,52,Monument Valley,14,0,UT,UT
2,2026-08-28,Horizon (Winter Garden),0,West Orange (Winter Garden),53,0,FL,FL
2,2026-08-28,Rabun Gap - Nacoochee (Rabun Gap),15,Brownsburg,31,0,GA,IN
2,2026-08-28,Tafuna (Tafuna),0,Liberty (Henderson),42,0,AS,NV
2,2026-08-28,Kubasaki (Okinawa),7,Kinnick (Yokosuka),54,0,JAPAN,JAPAN
2,2026-08-28,NFL Academy (Loughborough),28,Archbishop Hoban (Akron),13,0,UK,
2,2026-08-29,Eastmoor Academy (Columbus),12,Cincinnati College Prep (Cincinnati),38,0,,
2,2026-08-29,Fairport Harding (Fairport Harbor),0,St John School (Ashtabula),33,0,,
2,2026-08-29,Lorain (Lorain),42,Elyria (Elyria),22,0,,
2,2026-08-29,Millersport (Millersport),13,Gamble Montessori (Cincinnati),46,0,,
2,2026-08-29,Revere (Richfield),28,Garfield (Akron),12,0,,
2,2026-08-29,Rocky River (Rocky River),63,John Marshall (Cleveland),0,0,,
2,2026-08-29,St John's (Delphos),0,Lima Central Catholic (Lima),41,0,,
2,2026-08-29,Warrensville Heights (Warrensville Heights),57,John F Kennedy (Cleveland),0,0,,
2,2026-08-29,Expression Prep Academy (Huntington),48,North Adams (club) (Seaman),7,0,WV,
2,2026-08-29,Phelps,12,Shelby Valley (Pikeville),49,0,KY,KY
2,2026-08-29,Prestonsburg,0,Pikeville (Pikeville),30,0,KY,KY
2,2026-08-29,North Oakland Bucks (club) (Auburn Hills),25,Washtenaw Saints (club),34,0,MI,MI
2,2026-08-29,Farrell (Farrell),33,Clairton (Clairton),6,1,PA,PA
2,2026-08-29,DuBois,12,Erie (Erie),14,0,PA,PA
2,2026-08-29,Hickory (Hermitage),6,Westinghouse (Pittsburgh),20,1,PA,PA
2,2026-08-29,Kennedy Catholic (Hermitage),16,Coventry Christian (Pottstown),8,0,PA,PA
2,2026-08-29,Imani Christian Academy (Pittsburgh),20,Football North (via Clarkson SS) (Mississauga),44,1,PA,ON
2,2026-08-29,South Newton,14,Greenwood Christian,24,0,IN,IN
2,2026-08-29,Noblesville Lions (club) (Noblesville),42,Foxfire (Zanesville),0,0,IN,
2,2026-08-29,Fort Wayne King's Crusaders (club) (Harlan),32,St Joseph Central Catholic (Fremont),47,0,IN,
2,2026-08-29,Kosciusko Thunder (club),28,Wabash,36,0,IN,IN
2,2026-08-29,The St James Performance Academy (Springfield),66,Lehi,0,1,VA,UT
2,2026-08-29,Our Lady of Mount Carmel (Essex),42,Lutheran East (Cleveland Heights),14,0,MD,
2,2026-08-29,Mt Zion Prep (Lanham),8,St John's College (Washington),45,0,MD,DC
2,2026-08-29,Model Secondary School f/t Deaf (Washington),20,Indiana School for the Deaf,57,0,DC,IN
2,2026-08-29,Monsignor Farrell (Staten Island),28,Holy Spirit (Absecon),14,1,NY,NJ
2,2026-08-29,Mount St Michael Academy (Bronx),12,St Francis Prep (Fresh Meadows),26,0,NY,NY
2,2026-08-29,Erasmus Hall Campus (Brooklyn),20,Millville (Millville),29,1,NY,NJ
2,2026-08-29,The Hun School (Princeton),24,Skyridge (Lehi),31,1,NJ,UT
2,2026-08-29,Camden (Camden),8,Imhotep Charter (Philadelphia),29,0,NJ,PA
2,2026-08-29,Salem (Salem),14,Ironton (Ironton),55,0,NJ,
2,2026-08-29,DeSoto (DeSoto),14,St. Thomas Aquinas (Fort Lauderdale),38,0,TX,FL
2,2026-08-29,Cornerstone Christian (San Antonio),10,IMG Academy (Bradenton),59,0,TX,FL
2,2026-08-29,Bishop Gorman (Las Vegas),28,Christopher Columbus (Miami),33,0,NV,FL
2,2026-08-29,Chandler (Chandler),26,Basha (Chandler),37,0,AZ,AZ
2,2026-08-29,Mater Dei (Santa Ana),32,Orem,26,1,CA,UT
2,2026-08-29,Cardinal Gibbons (Raleigh),10,W. A. Hough (Cornelius),35,1,NC,NC
2,2026-08-29,Vail Christian (Edwards),48,Gilpin County (Black Hawk),15,0,CO,CO
2,2026-08-30,Landmark Eagles (club) (Cincinnati),8,HSAA Angels (club) (Dallas),67,1,,TX
2,2026-08-30,Xaverian (Brooklyn),23,St John Catholic Prep (Buckeystown),14,0,NY,MD
3,2026-09-03,Africentric Early College (Columbus),8,Northland (Columbus),12,0,,
3,2026-09-03,Belmont (Dayton),34,South (Columbus),35,0,,
3,2026-09-03,Monroe Central (Woodsfield),13,Edison (Richmond),14,0,,
3,2026-09-03,Preble Shawnee (Camden),52,New Miami (Hamilton),0,0,,
3,2026-09-03,Roger Bacon (St Bernard),27,Hughes (Cincinnati),30,0,,
3,2026-09-03,West Union (club) (West Union),0,Sciotoville Community (Portsmouth),36,0,,
3,2026-09-03,Adrian Lenawee Christian (Adrian),35,Colon,40,0,MI,MI
3,2026-09-03,Camden-Frontier (Camden),50,Tekonsha,14,0,MI,MI
3,2026-09-03,Dearborn Divine Child (Dearborn),42,Lake Fenton,7,0,MI,MI
3,2026-09-03,Detroit Cass Tech (Detroit),48,Grandville (Grandville),21,0,MI,MI
3,2026-09-03,Grand Rapids Forest Hills Central,21,Portage Central (Portage),42,0,MI,MI
3,2026-09-03,North Adams-Jerome (North Adams),1,Athens,0,0,MI,MI
3,2026-09-03,Portage Northern,0,Muskegon Mona Shores (Muskegon),33,0,MI,MI
3,2026-09-03,Sand Creek (Sand Creek),50,Carson City-Crystal,8,0,MI,MI
3,2026-09-03,Bedford (Temperance),31,Ann Arbor Pioneer (Ann Arbor),7,0,MI,MI
3,2026-09-03,Waldron (Waldron),24,Litchfield,36,0,MI,MI
3,2026-09-03,Melvindale Academy for Business and Tech (Melvindale),26,Erie Mason (Erie),76,0,MI,MI
3,2026-09-03,Coolidge (Washington),0,Gonzaga (Washington),33,0,DC,DC
3,2026-09-03,Iona Prep (New Rochelle),38,Christian Brothers Academy - Syracuse (Syracuse),18,0,NY,NY
3,2026-09-03,Tottenville (Staten Island),27,Middletown (Middletown),41,0,NY,DE
3,2026-09-03,Holy Names (Windsor),7,Caledonia (Caledonia),57,0,ON,MI
3,2026-09-04,Aiken (Cincinnati),12,Goshen (Goshen),34,0,,
3,2026-09-04,Anna (Anna),43,Parkway (Rockford),6,0,,
3,2026-09-04,Ansonia (Ansonia),48,National Trail (New Paris),13,0,,
3,2026-09-04,Arcanum (Arcanum),47,Dixie (New Lebanon),7,0,,
3,2026-09-04,Archbishop Alter (Kettering),44,Taft (Cincinnati),12,0,,
3,2026-09-04,Arlington (Arlington),28,Ada (Ada),41,0,,
3,2026-09-04,Austintown-Fitch (Austintown),42,Riverside (Painesville),10,0,,
3,2026-09-04,Avon (Avon),22,Upper Arlington (Upper Arlington),43,0,,
3,2026-09-04,Avon Lake (Avon Lake),20,Highland (Medina),55,0,,
3,2026-09-04,Ayersville (Defiance),26,Toledo Christian (Toledo),20,0,,
3,2026-09-04,Badin (Hamilton),31,Edgewood (Trenton),7,0,,
3,2026-09-04,Batavia (Batavia),6,Kenton Ridge (Springfield),46,0,,
3,2026-09-04,Bay (Bay Village),0,Firelands (Oberlin),30,0,,
3,2026-09-04,Beachwood (Beachwood),41,Vanlue (Vanlue),6,0,,
3,2026-09-04,Beaver Local (East Liverpool),35,St Clairsville (St Clairsville),21,0,,
3,2026-09-04,Bedford (Bedford),6,Padua Franciscan (Parma),35,0,,
3,2026-09-04,Bellaire (Bellaire),0,Barnesville (Barnesville),33,0,,
3,2026-09-04,Beechcroft (Columbus),18,Maple Heights (Maple Heights),52,0,,
3,2026-09-04,Bellevue (Bellevue),7,Shelby (Shelby),27,0,,
3,2026-09-04,Belpre (Belpre),6,Frontier (New Matamoras),41,0,,
3,2026-09-04,Benedictine (Cleveland),41,Lutheran West (Rocky River),0,0,,
3,2026-09-04,Berkshire (Burton),56,Cardinal (Middlefield),0,0,,
3,2026-09-04,Berne Union (Sugar Grove),7,Symmes Valley (Willow Wood),56,0,,
3,2026-09-04,Bexley (Columbus),33,Mifflin (Columbus),0,0,,
3,2026-09-04,Big Walnut (Sunbury),44,Reynoldsburg (Reynoldsburg),7,0,,
3,2026-09-04,Bishop Hartley (Columbus),0,Chaminade Julienne (Dayton),28,0,,
3,2026-09-04,Bishop Ready (Columbus),24,Galion (Galion),28,0,,
3,2026-09-04,Blanchester (Blanchester),36,Madison (Middletown),26,0,,
3,2026-09-04,Boardman (Youngstown),14,Liberty (Youngstown),27,0,,
3,2026-09-04,Bowling Green (Bowling Green),0,Clay (Oregon),62,0,,
3,2026-09-04,Bowsher (Toledo),12,Bluffton (Bluffton),56,0,,
3,2026-09-04,Brecksville-Broadview Heights (Broadview Heights),13,Berea-Midpark (Berea),26,0,,
3,2026-09-04,Bridgeport (Bridgeport),36,Southern (Salineville),34,0,,
3,2026-09-04,Brookfield (Brookfield),6,Toronto (Toronto),7,0,,
3,2026-09-04,Brookville (Brookville),35,Northridge (Dayton),8,0,,
3,2026-09-04,Brush (Lyndhurst),21,South (Willoughby),45,0,,
3,2026-09-04,Buckeye (Medina),29,Keystone (La Grange),40,0,,
3,2026-09-04,Buckeye Central (New Washington),0,Mohawk (Sycamore),48,0,,
3,2026-09-04,Buckeye Local (Rayland),6,Shadyside (Shadyside),61,0,,
3,2026-09-04,Buckeye Trail (Lore City),0,Newark Catholic (Newark),31,0,,
3,2026-09-04,Bucyrus (Bucyrus),19,Willard (Willard),14,0,,
3,2026-09-04,Butler (Vandalia),31,Xenia (Xenia),16,0,,
3,2026-09-04,Canfield (Canfield),7,Cardinal Mooney (Youngstown),19,0,,
3,2026-09-04,Carey (Carey),41,Lucas (Lucas),7,0,,
3,2026-09-04,Carlisle (Carlisle),20,Bethel (Tipp City),12,0,,
3,2026-09-04,Catholic Central (Springfield),0,Triad (North Lewisburg),48,0,,
3,2026-09-04,Catholic Central (Steubenville),41,Bishop Rosecrans (Zanesville),7,0,,
3,2026-09-04,Cedarville (Cedarville),0,West Liberty-Salem (West Liberty),31,0,,
3,2026-09-04,Celina (Celina),30,St Marys Memorial (St Marys),28,0,,
3,2026-09-04,Centennial (Columbus),0,West (Columbus),36,0,,
3,2026-09-04,Central Catholic (Toledo),25,Walsh Jesuit (Cuyahoga Falls),38,0,,
3,2026-09-04,Chagrin Falls (Chagrin Falls),0,West Geauga (Chesterland),40,0,,
3,2026-09-04,Champion (Warren),0,Campbell Memorial (Campbell),42,0,,
3,2026-09-04,Chardon (Chardon),31,McDowell (Erie),38,0,,PA
3,2026-09-04,Chillicothe (Chillicothe),56,Western Brown (Mount Orab),21,0,,
3,2026-09-04,Cincinnati Hills Christian Academy (Cincinnati),24,Madeira (Cincinnati),12,0,,
3,2026-09-04,Claymont (Uhrichsville),27,Fairless (Brewster),10,0,,
3,2026-09-04,Clermont Northeastern (Batavia),8,Holy Cross (Covington),21,0,,KY
3,2026-09-04,Cloverleaf (Seville),14,Carrollton (Carrollton),7,0,,
3,2026-09-04,Clyde (Clyde),19,Ashland (Ashland),21,0,,
3,2026-09-04,Coldwater (Coldwater),35,Fort Recovery (Fort Recovery),9,0,,
3,2026-09-04,Colerain (Cincinnati),6,Princeton (Cincinnati),49,0,,
3,2026-09-04,Thurgood Marshall (Dayton),0,Washington (Washington Court House),46,0,,
3,2026-09-04,Columbia (Columbia Station),32,Manchester (New Franklin),31,0,,
3,2026-09-04,Columbus Academy (Gahanna),18,Heath (Heath),24,0,,
3,2026-09-04,Conneaut (Conneaut),20,Edgewood (Ashtabula),17,0,,
3,2026-09-04,Conotton Valley (Bowerston),14,Newcomerstown (Newcomerstown),58,0,,
3,2026-09-04,Crestview (Ashland),7,Independence (Independence),24,0,,
3,2026-09-04,Crestwood (Mantua),14,Mineral Ridge (Mineral Ridge),31,0,,
3,2026-09-04,Crooksville (Crooksville),42,Alexander (Albany),20,0,,
3,2026-09-04,Cuyahoga Falls (Cuyahoga Falls),28,Southeast (Ravenna),21,0,,
3,2026-09-04,Cuyahoga Valley Christian Academy (Cuyahoga Falls),14,Woodridge (Peninsula),20,0,,
3,2026-09-04,Dalton (Dalton),21,Mogadore (Mogadore),30,0,,
3,2026-09-04,Danville (Danville),38,Monroeville (Monroeville),0,0,,
3,2026-09-04,Dayton Christian (Miamisburg),35,Troy Christian (Troy),0,0,,
3,2026-09-04,Deer Park (Cincinnati),48,Miami Valley Christian Academy (Cincinnati),6,0,,
3,2026-09-04,Defiance (Defiance),0,Wapakoneta (Wapakoneta),29,0,,
3,2026-09-04,Delta (Delta),50,Gibsonburg (Gibsonburg),6,0,,
3,2026-09-04,East (Akron),34,Canton South (Canton),7,0,,
3,2026-09-04,Youngstown (Youngstown),28,South Range (Canfield),48,0,,
3,2026-09-04,Dublin Jerome (Dublin),45,Dublin Coffman (Dublin),28,0,,
3,2026-09-04,East Clinton (Sabina),16,Fairfield Christian Academy (Lancaster),25,0,,
3,2026-09-04,East Liverpool (East Liverpool),21,Salem (Salem),52,0,,
3,2026-09-04,Eastwood (Pemberville),12,Wauseon (Wauseon),7,0,,
3,2026-09-04,Eaton (Eaton),6,Talawanda (Oxford),38,0,,
3,2026-09-04,Edison (Milan),22,Start (Toledo),6,0,,
3,2026-09-04,Elyria (Elyria),0,Barberton (Barberton),35,0,,
3,2026-09-04,Euclid (Euclid),6,St John's Jesuit (Toledo),32,0,,
3,2026-09-04,Fairbanks (Milford Center),20,Madison-Plains (London),30,0,,
3,2026-09-04,Fairland (Proctorville),35,Tri-Cities Christian Academy (Kingsport),6,1,,TN
3,2026-09-04,Fairport Harding (Fairport Harbor),0,Grand Valley (Orwell),1,0,,
3,2026-09-04,Fairview (Fairview Park),31,Orange (Pepper Pike),35,0,,
3,2026-09-04,Fairview (Sherwood),32,Bryan (Bryan),29,0,,
3,2026-09-04,Fayetteville (Fayetteville),22,Southeastern (Chillicothe),28,0,,
3,2026-09-04,Federal Hocking (Stewart),14,Millersport (Millersport),44,0,,
3,2026-09-04,Bishop Fenwick (Franklin),39,Franklin (Franklin),14,0,,
3,2026-09-04,Fisher Catholic (Lancaster),0,Notre Dame (Portsmouth),7,0,,
3,2026-09-04,Fort Frye (Beverly),29,Wheeling Central Catholic (Wheeling),27,0,,WV
3,2026-09-04,Fort Loramie (Fort Loramie),49,Lehman Catholic (Sidney),0,0,,
3,2026-09-04,Garaway (Sugarcreek),39,Norwayne (Creston),29,0,,
3,2026-09-04,Garfield (Garrettsville),40,Springfield (New Middletown),14,0,,
3,2026-09-04,Garfield Heights (Garfield Heights),22,Hoover (North Canton),15,0,,
3,2026-09-04,Gilmour Academy (Gates Mills),26,Hawken (Gates Mills),21,0,,
3,2026-09-04,Graham Local (St Paris),27,Covington (Covington),0,0,,
3,2026-09-04,Green (Franklin Furnace),24,Manchester (Manchester),36,0,,
3,2026-09-04,Greenon (Enon),28,West Jefferson (West Jefferson),62,0,,
3,2026-09-04,Grove City (Grove City),21,Hilliard Bradley (Hilliard),56,0,,
3,2026-09-04,Grove City Christian (Grove City),7,Mount Gilead (Mount Gilead),42,0,,
3,2026-09-04,Marion Harding (Marion),14,Bellefontaine (Bellefontaine),7,0,,
3,2026-09-04,Warren G Harding (Warren),34,Perry (Massillon),7,0,,
3,2026-09-04,Harrison (Harrison),33,Beavercreek (Beavercreek),28,0,,
3,2026-09-04,Delaware Hayes (Delaware),16,Thomas Worthington (Worthington),20,0,,
3,2026-09-04,Hicksville (Hicksville),6,Edon (Edon),50,0,,
3,2026-09-04,Highland (Marengo),0,Mount Vernon (Mount Vernon),12,0,,
3,2026-09-04,Hillsboro (Hillsboro),13,Waynesville (Waynesville),52,0,,
3,2026-09-04,Hillsdale (Jeromesville),55,Loudonville (Loudonville),6,0,,
3,2026-09-04,Hilltop (West Unity),12,Antwerp (Antwerp),48,0,,
3,2026-09-04,Holy Name (Parma Heights),16,Madison (Madison),13,0,,
3,2026-09-04,Hopewell-Loudon (Bascom),38,Colonel Crawford (North Robinson),22,0,,
3,2026-09-04,Huron (Huron),20,Genoa Area (Genoa),48,0,,
3,2026-09-04,Independence (Columbus),0,Hamilton Township (Columbus),41,0,,
3,2026-09-04,Indian Creek (Wintersville),7,Union Local (Belmont),48,0,,
3,2026-09-04,Indian Lake (Lewistown),14,Allen East (Harrod),32,0,,
3,2026-09-04,Indian Valley (Gnadenhutten),37,New Philadelphia (New Philadelphia),14,0,,
3,2026-09-04,Jackson (Jackson),14,Wheelersburg (Wheelersburg),3,0,,
3,2026-09-04,Jefferson (Delphos),21,Paulding (Paulding),20,0,,
3,2026-09-04,John F Kennedy (Warren),35,Hubbard (Hubbard),47,0,,
3,2026-09-04,Johnstown (Johnstown),12,Granville (Granville),35,0,,
3,2026-09-04,Jonathan Alder (Plain City),35,Bloom-Carroll (Carroll),14,0,,
3,2026-09-04,Garfield (Akron),6,Copley (Copley),43,0,,
3,2026-09-04,Kenston (Chagrin Falls),7,Notre Dame-Cathedral Latin (Chardon),28,0,,
3,2026-09-04,Kenton (Kenton),7,Ottawa-Glandorf (Ottawa),45,0,,
3,2026-09-04,Kings (Kings Mills),41,Loveland (Loveland),14,0,,
3,2026-09-04,Kirtland (Kirtland),10,Perry (Perry),31,0,,
3,2026-09-04,LaBrae (Leavittsburg),0,McDonald (McDonald),28,0,,
3,2026-09-04,Lake (Millbury),26,Evergreen (Metamora),8,0,,
3,2026-09-04,Lake (Uniontown),16,Rocky River (Rocky River),20,0,,
3,2026-09-04,Lakeview (Cortland),21,Jefferson Area (Jefferson),10,0,,
3,2026-09-04,Lakewood (Hebron),13,Fairfield Union (Lancaster),47,0,,
3,2026-09-04,Lakewood (Lakewood),42,Harvey (Painesville),36,0,,
3,2026-09-04,Lakota (Kansas),28,Arcadia (Arcadia),21,0,,
3,2026-09-04,Lakota East (Liberty Township),31,Oak Hills (Cincinnati),28,0,,
3,2026-09-04,Lakota West (West Chester),35,Mason (Mason),10,0,,
3,2026-09-04,Lancaster (Lancaster),10,Marysville (Marysville),15,0,,
3,2026-09-04,La Salle (Cincinnati),21,Kettering Fairmont (Kettering),24,0,,
3,2026-09-04,Lebanon (Lebanon),34,West Clermont (Cincinnati),20,0,,
3,2026-09-04,Leipsic (Leipsic),51,Riverdale (Mt Blanchard),0,0,,
3,2026-09-04,Lexington (Lexington),7,Clear Fork (Bellville),17,0,,
3,2026-09-04,Liberty-Benton (Findlay),49,Sylvania Northview (Sylvania),13,0,,
3,2026-09-04,Liberty Center (Liberty Center),53,Otsego (Tontogany),17,0,,
3,2026-09-04,Liberty Union (Baltimore),7,Meigs (Pomeroy),39,0,,
3,2026-09-04,Licking Heights (Pataskala),7,Sheridan (Thornville),32,0,,
3,2026-09-04,Lima Senior (Lima),18,Benjamin Logan (Bellefontaine),10,0,,
3,2026-09-04,Lima Central Catholic (Lima),37,Urbana (Urbana),34,0,,
3,2026-09-04,Gahanna Lincoln (Gahanna),14,Olentangy Liberty (Powell),13,0,,
3,2026-09-04,Linden McKinley (Columbus),38,Eastmoor Academy (Columbus),0,0,,
3,2026-09-04,Little Miami (Morrow),14,Anderson (Cincinnati),51,0,,
3,2026-09-04,London (London),37,Franklin Heights (Columbus),7,0,,
3,2026-09-04,Lorain (Lorain),16,Amherst Steele (Amherst),56,0,,
3,2026-09-04,Louisville (Louisville),15,Dover (Dover),14,0,,
3,2026-09-04,Lowellville (Lowellville),14,East Canton (East Canton),23,0,,
3,2026-09-04,Malvern (Malvern),26,East Palestine (East Palestine),43,0,,
3,2026-09-04,Margaretta (Castalia),58,Brookside (Sheffield),48,0,,
3,2026-09-04,Mariemont (Cincinnati),14,Williamsburg (Williamsburg),27,0,,
3,2026-09-04,Marietta (Marietta),10,Athens (The Plains),38,0,,
3,2026-09-04,Marion-Franklin (Columbus),7,Groveport Madison (Groveport),42,0,,
3,2026-09-04,Mathews (Vienna),28,Newton Falls (Newton Falls),7,0,,
3,2026-09-04,Maumee (Maumee),29,Waite (Toledo),12,0,,
3,2026-09-04,Mayfield (Mayfield),43,Shaker Heights (Shaker Heights),13,0,,
3,2026-09-04,Maysville (Zanesville),7,West Muskingum (Zanesville),44,0,,
3,2026-09-04,McComb (McComb),41,Elmwood (Bloomdale),26,0,,
3,2026-09-04,Niles McKinley (Niles),33,Ravenna (Ravenna),26,0,,
3,2026-09-04,Archbishop McNicholas (Cincinnati),10,Ironton (Ironton),17,0,,
3,2026-09-04,Meadowbrook (Byesville),40,Cambridge (Cambridge),7,0,,
3,2026-09-04,Meadowdale (Dayton),6,Purcell Marian (Cincinnati),18,0,,
3,2026-09-04,Mechanicsburg (Mechanicsburg),34,Southeastern Local (South Charleston),8,0,,
3,2026-09-04,Medina (Medina),36,Brunswick (Brunswick),44,0,,
3,2026-09-04,Mentor (Mentor),7,St Ignatius (Cleveland),51,0,,
3,2026-09-04,Miami East (Casstown),48,Northwestern (Springfield),7,0,,
3,2026-09-04,Miamisburg (Miamisburg),21,Hilliard Davidson (Hilliard),14,0,,
3,2026-09-04,Miami Trace (Washington Court House),38,Logan Elm (Circleville),7,0,,
3,2026-09-04,Middletown (Middletown),27,Fairfield (Fairfield),20,0,,
3,2026-09-04,Midview (Grafton),28,Elyria Catholic (Elyria),14,0,,
3,2026-09-04,Milford (Milford),28,Winton Woods (Cincinnati),50,0,,
3,2026-09-04,Miller (Corning),8,Southern (Racine),44,0,,
3,2026-09-04,Minford (Minford),6,Eastern (Beaver),31,0,,
3,2026-09-04,Minster (Minster),28,New Bremen (New Bremen),21,0,,
3,2026-09-04,Mississinawa Valley (Union City),12,Bradford (Bradford),34,0,,
3,2026-09-04,Archbishop Moeller (Cincinnati),14,Trinity (Louisville),31,0,,KY
3,2026-09-04,Montpelier (Montpelier),33,Edgerton (Edgerton),14,0,,
3,2026-09-04,Napoleon (Napoleon),12,Anthony Wayne (Whitehouse),33,0,,
3,2026-09-04,Nelsonville-York (Nelsonville),49,Dawson-Bryant (Coal Grove),14,0,,
3,2026-09-04,New Albany (New Albany),56,Dublin Scioto (Dublin),7,0,,
3,2026-09-04,New Lexington (New Lexington),29,John Glenn (New Concord),14,0,,
3,2026-09-04,New London (New London),29,Waynedale (Apple Creek),48,0,,
3,2026-09-04,New Richmond (New Richmond),14,Indian Hill (Cincinnati),56,0,,
3,2026-09-04,Normandy (Parma),0,Geneva (Geneva),42,0,,
3,2026-09-04,North Central (Pioneer),7,Cuyahoga Heights (Cuyahoga Heights),36,0,,
3,2026-09-04,North College Hill (Cincinnati),53,Bethel-Tate (Bethel),0,0,,
3,2026-09-04,Northeastern (South Vienna),7,Greeneview (Jamestown),41,0,,
3,2026-09-04,North Olmsted (North Olmsted),14,Green (Uniontown),42,0,,
3,2026-09-04,Northridge (Johnstown),49,Grandview Heights (Columbus),14,0,,
3,2026-09-04,North Royalton (North Royalton),49,North Ridgeville (North Ridgeville),42,0,,
3,2026-09-04,North Union (Richwood),41,Northmor (Galion),14,0,,
3,2026-09-04,Norton (Norton),35,Marlington (Alliance),10,0,,
3,2026-09-04,Norwalk (Norwalk),7,Madison Comprehensive (Mansfield),42,0,,
3,2026-09-04,Northwest (Canal Fulton),30,Canton Central Catholic (Canton),21,0,,
3,2026-09-04,Northwest (McDermott),6,Chesapeake (Chesapeake),35,0,,
3,2026-09-04,Northwood (Northwood),28,St Paul (Norwalk),0,0,,
3,2026-09-04,Oak Harbor (Oak Harbor),13,Port Clinton (Port Clinton),29,0,,
3,2026-09-04,Oak Hill (Oak Hill),12,River Valley (Bidwell),38,0,,
3,2026-09-04,Oakwood (Dayton),42,Milton-Union (West Milton),0,0,,
3,2026-09-04,Olentangy Berlin (Delaware),20,Centerville (Centerville),6,0,,
3,2026-09-04,Ontario (Ontario),49,Tiffin Columbian (Tiffin),28,0,,
3,2026-09-04,Olentangy Orange (Lewis Center),28,Olentangy (Lewis Center),7,0,,
3,2026-09-04,Paint Valley (Bainbridge),0,McClain (Greenfield),56,0,,
3,2026-09-04,Pandora-Gilboa (Pandora),13,Van Buren (Van Buren),28,0,,
3,2026-09-04,Patrick Henry (Hamler),14,Columbus Grove (Columbus Grove),21,0,,
3,2026-09-04,Ponitz Tech (Dayton),14,Archbishop Carroll (Dayton),15,0,,
3,2026-09-04,Perry (Lima),28,Cory-Rawson (Rawson),14,0,,
3,2026-09-04,Perrysburg (Perrysburg),40,Fremont Ross (Fremont),7,0,,
3,2026-09-04,Philo (Duncan Falls),35,Morgan (McConnelsville),6,0,,
3,2026-09-04,Pickerington North (Pickerington),27,Pickerington Central (Pickerington),0,0,,
3,2026-09-04,Piqua (Piqua),26,Greenville (Greenville),21,0,,
3,2026-09-04,Poland Seminary (Poland),49,Field (Mogadore),0,0,,
3,2026-09-04,Portsmouth (Portsmouth),8,Greenup County (Greenup),54,0,,KY
3,2026-09-04,Portsmouth West (West Portsmouth),28,Huntington (Chillicothe),7,0,,
3,2026-09-04,Rhodes (Cleveland),21,Lakeside (Ashtabula),6,0,,
3,2026-09-04,Richmond Heights (Richmond Heights),40,Brooklyn (Brooklyn),8,0,,
3,2026-09-04,Ridgedale (Morral),19,North Baltimore (North Baltimore),42,0,,
3,2026-09-04,Ridgemont (Mt Victory),21,Hardin Northern (Dola),20,0,,
3,2026-09-04,Ridgewood (West Lafayette),38,Coshocton (Coshocton),0,0,,
3,2026-09-04,River Valley (Caledonia),21,Buckeye Valley (Delaware),35,0,,
3,2026-09-04,River View (Warsaw),0,Chippewa (Doylestown),66,0,,
3,2026-09-04,Rogers (Toledo),14,Rossford (Rossford),35,0,,
3,2026-09-04,Kent Roosevelt (Kent),29,Ellet (Akron),7,0,,
3,2026-09-04,Ross (Hamilton),12,Northwest (Cincinnati),14,0,,
3,2026-09-04,St Bernard-Elmwood Place (St Bernard),54,Shroder (Cincinnati),0,0,,
3,2026-09-04,St Charles (Columbus),13,Westerville South (Westerville),7,0,,
3,2026-09-04,St Edward (Lakewood),48,Wayne (Huber Heights),21,0,,
3,2026-09-04,St Francis DeSales (Columbus),35,East (Columbus),14,0,,
3,2026-09-04,St Francis de Sales (Toledo),0,Perkins (Sandusky),23,0,,
3,2026-09-04,St John's (Delphos),7,Marion Local (Maria Stein),57,0,,
3,2026-09-04,Villa Angela-St Joseph (Cleveland),39,Nordonia (Macedonia),41,0,,
3,2026-09-04,St Vincent-St Mary (Akron),13,Hudson (Hudson),54,0,,
3,2026-09-04,Sandusky (Sandusky),7,Canton McKinley (Canton),53,0,,
3,2026-09-04,Sandy Valley (Magnolia),27,Minerva (Minerva),35,0,,
3,2026-09-04,Scott (Toledo),22,John Hay (Cleveland),35,0,,
3,2026-09-04,Seneca East (Attica),41,Calvert (Tiffin),7,0,,
3,2026-09-04,Shaw (East Cleveland),12,Howland (Warren),37,0,,
3,2026-09-04,Shawnee (Lima),28,Elida (Elida),7,0,,
3,2026-09-04,Shenandoah (Sarahsville),0,Waterford (Waterford),35,0,,
3,2026-09-04,Sidney (Sidney),49,Stebbins (Riverside),42,0,,
3,2026-09-04,Smithville (Smithville),42,Black River (Sullivan),12,0,,
3,2026-09-04,Solon (Solon),24,Twinsburg (Twinsburg),12,0,,
3,2026-09-04,South Central (Greenwich),13,Rittman (Rittman),49,0,,
3,2026-09-04,South Gallia (Crown City),6,Eastern (Reedsville),42,0,,
3,2026-09-04,South Point (South Point),49,Wellston (Wellston),6,0,,
3,2026-09-04,Spencerville (Spencerville),0,Riverside (De Graff),35,0,,
3,2026-09-04,Springboro (Springboro),23,Withrow (Cincinnati),13,0,,
3,2026-09-04,Springfield (Akron),2,Coventry (Coventry Twp),20,0,,
3,2026-09-04,Springfield (Holland),20,Findlay (Findlay),37,0,,
3,2026-09-04,Strasburg-Franklin (Strasburg),54,Harrison Central (Cadiz),7,0,,
3,2026-09-04,Streetsboro (Streetsboro),37,Alliance (Alliance),26,0,,
3,2026-09-04,Strongsville (Strongsville),21,Olmsted Falls (Olmsted Falls),38,0,,
3,2026-09-04,Struthers (Struthers),8,West Branch (Beloit),34,0,,
3,2026-09-04,Swanton (Swanton),7,Ottawa Hills (Toledo),14,0,,
3,2026-09-04,Sycamore (Cincinnati),21,Hamilton (Hamilton),31,0,,
3,2026-09-04,Tallmadge (Tallmadge),24,Aurora (Aurora),14,0,,
3,2026-09-04,Taylor (Cleves),14,Lawrenceburg (Lawrenceburg),48,0,,IN
3,2026-09-04,Teays Valley (Ashville),20,Licking Valley (Newark),21,0,,
3,2026-09-04,Tecumseh (New Carlisle),30,Shawnee (Springfield),34,0,,
3,2026-09-04,Tinora (Defiance),7,Archbold (Archbold),38,0,,
3,2026-09-04,Tippecanoe (Tipp City),41,Fairborn (Fairborn),14,0,,
3,2026-09-04,Trimble (Glouster),28,Vinton County (McArthur),49,0,,
3,2026-09-04,Trinity (Garfield Heights),0,Rootstown (Rootstown),35,0,,
3,2026-09-04,Tri-Valley (Dresden),57,Clinton-Massie (Clarksville),28,0,,
3,2026-09-04,Tri-Village (New Madison),49,Tri-County North (Lewisburg),13,0,,
3,2026-09-04,Trotwood-Madison (Trotwood),25,Springfield (Springfield),9,0,,
3,2026-09-04,Turpin (Cincinnati),43,Walnut Hills (Cincinnati),19,0,,
3,2026-09-04,Tuscarawas Central Catholic (New Philadelphia),28,St Thomas Aquinas (Louisville),27,0,,
3,2026-09-04,Tuscarawas Valley (Zoarville),0,East Knox (Howard),33,0,,
3,2026-09-04,Tuslaw (Massillon),49,Caldwell (Caldwell),14,0,,
3,2026-09-04,Unioto (Chillicothe),27,Waverly (Waverly),31,0,,
3,2026-09-04,United (Hanoverton),31,Crestview (Columbiana),14,0,,
3,2026-09-04,University School (Hunting Valley),8,North (Eastlake),27,0,,
3,2026-09-04,Upper Scioto Valley (McGuffey),14,Cardington-Lincoln (Cardington),13,0,,
3,2026-09-04,Utica (Utica),27,Fredericktown (Fredericktown),30,0,,
3,2026-09-04,Valley (Lucasville),28,Piketon (Piketon),7,0,,
3,2026-09-04,Valley Forge (Parma Heights),8,Revere (Richfield),46,0,,
3,2026-09-04,Valley View (Germantown),0,Bellbrook (Bellbrook),22,0,,
3,2026-09-04,Van Wert (Van Wert),43,Bath (Lima),20,0,,
3,2026-09-04,Vermilion (Vermilion),42,Clearview (Lorain),0,0,,
3,2026-09-04,Versailles (Versailles),21,St Henry (St Henry),34,0,,
3,2026-09-04,Wadsworth (Wadsworth),19,Jackson (Massillon),17,0,,
3,2026-09-04,Walnut Ridge (Columbus),0,Hilliard Darby (Hilliard),34,0,,
3,2026-09-04,Warren (Vincent),6,Logan (Logan),17,0,,
3,2026-09-04,Warrensville Heights (Warrensville Heights),24,Westlake (Westlake),8,0,,
3,2026-09-04,Waterloo (Atwater),19,Lisbon David Anderson (Lisbon),50,0,,
3,2026-09-04,Watkins Memorial (Pataskala),41,Mansfield Senior (Mansfield),7,0,,
3,2026-09-04,Waynesfield-Goshen (Waynesfield),28,Elgin (Marion),59,0,,
3,2026-09-04,Wayne Trace (Haviland),35,Crestview (Convoy),21,0,,
3,2026-09-04,Wellsville (Wellsville),35,Leetonia (Leetonia),28,0,,
3,2026-09-04,West Carrollton (West Carrollton),6,Troy (Troy),57,0,,
3,2026-09-04,Western Hills (Cincinnati),66,Cincinnati Country Day (Cincinnati),48,0,,
3,2026-09-04,Western Reserve (Berlin Center),37,Columbiana (Columbiana),38,0,,
3,2026-09-04,Western Reserve (Collins),38,Northwestern (West Salem),21,0,,
3,2026-09-04,Westerville North (Westerville),14,Westerville Central (Westerville),6,0,,
3,2026-09-04,Westfall (Williamsport),15,Circleville (Circleville),49,0,,
3,2026-09-04,West Holmes (Millersburg),50,Orrville (Orrville),39,0,,
3,2026-09-04,Westland (Galloway),40,Central Crossing (Grove City),7,0,,
3,2026-09-04,Whetstone (Columbus),6,Briggs (Columbus),52,0,,
3,2026-09-04,Whitehall-Yearling (Whitehall),39,Pleasant (Marion),14,0,,
3,2026-09-04,Whitmer (Toledo),37,Sylvania Southview (Sylvania),6,0,,
3,2026-09-04,Wickliffe (Wickliffe),41,Woodward (Toledo),0,0,,
3,2026-09-04,Wilmington (Wilmington),27,Mount Healthy (Cincinnati),36,0,,
3,2026-09-04,Woodmore (Elmore),46,Fostoria (Fostoria),13,0,,
3,2026-09-04,Woodward (Cincinnati),0,Reading (Reading),48,0,,
3,2026-09-04,Wooster (Wooster),7,Triway (Wooster),31,0,,
3,2026-09-04,Worthington Christian (Worthington),31,Centerburg (Centerburg),13,0,,
3,2026-09-04,Worthington Kilbourne (Columbus),56,Canal Winchester (Canal Winchester),35,0,,
3,2026-09-04,Wynford (Bucyrus),7,Upper Sandusky (Upper Sandusky),48,0,,
3,2026-09-04,Wyoming (Cincinnati),42,Monroe (Monroe),21,0,,
3,2026-09-04,Zanesville (Zanesville),32,Newark (Newark),14,0,,
3,2026-09-04,Zane Trace (Chillicothe),21,Amanda-Clearcreek (Amanda),14,0,,
3,2026-09-04,Clark Montessori (Cincinnati),39,Finneytown (Cincinnati),0,0,,
3,2026-09-04,Cincinnati College Prep (Cincinnati),42,Dunbar (Dayton),26,0,,
3,2026-09-04,Gamble Montessori (Cincinnati),20,Norwood (Norwood),6,0,,
3,2026-09-04,KIPP Columbus (Columbus),0,Northmont (Clayton),38,0,,
3,2026-09-04,Oak Glen (New Cumberland),14,River (Hannibal),49,0,WV,
3,2026-09-04,Point Pleasant (Point Pleasant),35,Gallia Academy (Gallipolis),17,0,WV,
3,2026-09-04,St Marys (St Marys),40,Webster County,6,0,WV,WV
3,2026-09-04,Sissonville,29,Tolsia,20,0,WV,WV
3,2026-09-04,Valley (Wetzel) (Pine Grove),6,Cameron (Cameron),48,0,WV,WV
3,2026-09-04,Van (Van),0,Madonna (Weirton),41,0,WV,WV
3,2026-09-04,Wahama (Mason),62,Midland Trail,21,0,WV,WV
3,2026-09-04,Weir (Weirton),7,John Marshall (Glen Dale),42,0,WV,WV
3,2026-09-04,Williamstown (Williamstown),30,Tyler Consolidated,7,0,WV,WV
3,2026-09-04,Wirt County (Elizabeth),34,Magnolia (New Martinsville),12,0,WV,WV
3,2026-09-04,Spring Mills (Martinsburg),46,Wheeling Park (Wheeling),28,0,WV,WV
3,2026-09-04,Linsly (Wheeling),7,Steubenville (Steubenville),48,0,WV,
3,2026-09-04,Expression Prep Academy (Huntington),60,Greater Beckley Christian,24,0,WV,WV
3,2026-09-04,Belfry (Belfry),12,Johnson Central,6,0,KY,KY
3,2026-09-04,Boyd County (Ashland),28,East Carter,25,0,KY,KY
3,2026-09-04,Bryan Station,18,Corbin (Corbin),26,0,KY,KY
3,2026-09-04,Conner (Hebron),19,Lloyd Memorial (Erlanger),48,0,KY,KY
3,2026-09-04,Dixie Heights (Edgewood),3,Beechwood (Fort Mitchell),41,0,KY,KY
3,2026-09-04,Fairview (Ashland),1,Berea,0,0,KY,KY
3,2026-09-04,Highlands (Fort Thomas),55,Campbell County (Alexandria),14,0,KY,KY
3,2026-09-04,Lawrence County,14,Ashland Blazer (Ashland),19,0,KY,KY
3,2026-09-04,Newport Central Catholic,55,Boone County,21,0,KY,KY
3,2026-09-04,Nicholas County,20,Lewis County (Vanceburg),6,0,KY,KY
3,2026-09-04,Pikeville (Pikeville),37,Raceland (Raceland),30,0,KY,KY
3,2026-09-04,Ryle (Union),0,Cooper (Union),11,0,KY,KY
3,2026-09-04,Simon Kenton (Independence),7,Covington Catholic (Park Hills),42,0,KY,KY
3,2026-09-04,Somerset (Somerset),21,Pulaski Southwestern,3,0,KY,KY
3,2026-09-04,St Xavier (Louisville),37,Male (Louisville),7,0,KY,KY
3,2026-09-04,West Carter,6,Russell (Russell),35,0,KY,KY
3,2026-09-04,Davison,14,Novi Detroit Catholic Central (Novi),56,0,MI,MI
3,2026-09-04,Detroit King (Detroit),44,Orchard Lake St Mary (Orchard Lake),42,0,MI,MI
3,2026-09-04,Lumen Christi (Jackson),43,Harvest Prep (Canal Winchester),22,0,MI,
3,2026-09-04,Petersburg Summerfield (Petersburg),40,Detroit Northwestern,0,0,MI,MI
3,2026-09-04,Pewamo-Westphalia,35,Ottawa Lake Whiteford (Ottawa Lake),0,0,MI,MI
3,2026-09-04,River Rouge (River Rouge),6,Brother Rice (Bloomfield Hills),42,0,MI,MI
3,2026-09-04,Steelton Highspire,6,Westinghouse (Pittsburgh),33,0,PA,PA
3,2026-09-04,Everett (Everett),0,Mount Union,43,0,PA,PA
3,2026-09-04,New Castle (New Castle),28,Imani Christian Academy (Pittsburgh),48,0,PA,PA
3,2026-09-04,West Allegheny,20,Pine-Richland (Gibsonia),59,0,PA,PA
3,2026-09-04,Seton LaSalle,55,Western Beaver (Industry),7,0,PA,PA
3,2026-09-04,Jeannette (Jeannette),33,Southmoreland,0,0,PA,PA
3,2026-09-04,Taylor Allderdice (Pittsburgh),0,Butler (Butler),36,0,PA,PA
3,2026-09-04,Brashear (Pittsburgh),15,Martins Ferry (Martins Ferry),53,0,PA,
3,2026-09-04,Carrick (Pittsburgh),12,Baldwin,29,0,PA,PA
3,2026-09-04,Meadville,9,Erie (Erie),14,0,PA,PA
3,2026-09-04,Lakeview,0,Farrell (Farrell),61,0,PA,PA
3,2026-09-04,University Prep (USO co-op) (Pittsburgh),6,Girard (Girard),39,0,PA,
3,2026-09-04,Saint Joseph's Prep (Philadelphia),31,Brentwood Academy (Brentwood),23,0,PA,TN
3,2026-09-04,East Central (St Leon),7,Elder (Cincinnati),42,0,IN,
3,2026-09-04,Fort Wayne Wayne,0,Bishop Dwenger (Fort Wayne),27,0,IN,IN
3,2026-09-04,Hamilton Heights (Arcadia),20,Logansport,49,0,IN,IN
3,2026-09-04,Indianapolis Arsenal Technical (Indianapolis),6,Southport (Indianapolis),36,0,IN,IN
3,2026-09-04,Bishop Chatard (Indianapolis),42,Roncalli (Indianapolis),14,0,IN,IN
3,2026-09-04,Cardinal Ritter (Indianapolis),39,Providence,36,0,IN,IN
3,2026-09-04,Cathedral (Indianapolis),30,St Xavier (Cincinnati),21,0,IN,
3,2026-09-04,Richmond (Richmond),24,Crispus Attucks (Indianapolis),8,0,IN,IN
3,2026-09-04,South Dearborn (Aurora),0,Batesville,48,0,IN,IN
3,2026-09-04,South Newton,40,Indiana School for the Deaf,46,0,IN,IN
3,2026-09-04,Terre Haute North Vigo,0,Bloomington South (Bloomington),77,0,IN,IN
3,2026-09-04,Wes-Del (Gaston),32,Blackhawk Christian (Fort Wayne),7,0,IN,IN
3,2026-09-04,Indianapolis Crimson Knights (club),50,Christel House - Manual (Indianapolis),30,0,IN,IN
3,2026-09-04,Baylor (Chattanooga),51,Rabun Gap - Nacoochee (Rabun Gap),33,0,TN,GA
3,2026-09-04,Christ Presbyterian Academy (Nashville),7,Tupelo (Tupelo),49,0,TN,MS
3,2026-09-04,Middle Tennessee Christian School (Murfreesboro),47,Rock Hill (Ironton),7,0,TN,
3,2026-09-04,Smyrna,22,Oakland (Murfreesboro),21,0,TN,TN
3,2026-09-04,Castlewood,10,Phelps,46,0,VA,KY
3,2026-09-04,Bishop Ireton (Alexandria),0,Our Lady of Mount Carmel (Essex),42,0,VA,MD
3,2026-09-04,Loudoun Sports Academy (Leesburg),6,The Hun School (Princeton),37,0,VA,NJ
3,2026-09-04,The St James Performance Academy (Springfield),54,Paramus Catholic (Paramus),14,0,VA,NJ
3,2026-09-04,Dunbar (Baltimore),42,Milford Mill Academy (Baltimore),7,1,MD,MD
3,2026-09-04,Saint Frances Academy (Baltimore),38,Vero Beach (Vero Beach),6,0,MD,FL
3,2026-09-04,Riverdale Baptist (Upper Marlboro),54,North East (North East),6,0,MD,MD
3,2026-09-04,Annapolis Area Christian (Annapolis),12,John Carroll School (Bel Air),56,1,MD,MD
3,2026-09-04,Mt Zion Prep (Lanham),14,Hewlett Sports Academy (Waldorf),6,0,MD,MD
3,2026-09-04,Archbishop Carroll (Washington),6,Friendship Collegiate (Washington),24,0,DC,DC
3,2026-09-04,St Francis (Hamburg),53,Lewis J Bennett (Buffalo),20,1,NY,NY
3,2026-09-04,Long Island St Anthony's (South Huntington),41,Red Bank Catholic (Red Bank),62,0,NY,NJ
3,2026-09-04,Eagle Academy for Young Men II (Brooklyn),24,Archbishop Hoban (Akron),20,0,NY,
3,2026-09-04,Bergen Catholic (Oradell),39,Good Counsel (Wheaton),41,0,NJ,MD
3,2026-09-04,Cornerstone Christian (San Antonio),51,Center (Center),14,0,TX,TX
3,2026-09-04,Legacy Sport Sciences (Spring),28,St Charles Catholic (LaPlace),34,0,TX,LA
3,2026-09-04,De Smet Jesuit (St Louis),49,Cardinal Ritter (St Louis),48,0,MO,MO
3,2026-09-04,Football North (via Clarkson SS) (Mississauga),21,Glenville (Cleveland),37,0,ON,
3,2026-09-04,Bishop Gorman (Las Vegas),38,Lone Peak,14,0,NV,UT
3,2026-09-04,Wekiva (Apopka),6,West Orange (Winter Garden),59,0,FL,FL
3,2026-09-04,Cardinal Gibbons (Raleigh),31,Southern Durham (Durham),20,0,NC,NC
3,2026-09-04,"American School in Japan (Chōfu, Tokyo)",26,Humphreys (Pyeongtaek),23,0,JAPAN,SOUTH KOREA
3,2026-09-04,NFL Academy (Loughborough),16,Massillon Washington (Massillon),21,0,UK,
3,2026-09-05,Adena (Frankfort),54,Landmark Eagles (club) (Cincinnati),8,0,,
3,2026-09-05,Bishop Watterson (Columbus),41,Ursuline (Youngstown),10,0,,
3,2026-09-05,Cleveland Central Catholic (Cleveland),50,John Marshall (Cleveland),0,0,,
3,2026-09-05,Cleveland Heights (Cleveland Heights),6,GlenOak (Canton),20,1,,
3,2026-09-05,Firestone (Akron),12,Lutheran East (Cleveland Heights),33,0,,
3,2026-09-05,Holgate (Holgate),36,Kennedy Catholic (Hermitage),6,0,,PA
3,2026-09-05,Jackson-Milton (North Jackson),0,St John School (Ashtabula),33,0,,
3,2026-09-05,Lake Catholic (Mentor),13,Buchtel (Akron),14,0,,
3,2026-09-05,Mapleton (Ashland),36,Crestline (Crestline),43,0,,
3,2026-09-05,Sebring McKinley (Sebring),7,Danbury (Lakeside),46,0,,
3,2026-09-05,North (Akron),8,East Technical (Cleveland),6,0,,
3,2026-09-05,Plymouth (Plymouth),6,St Mary Central Catholic (Sandusky),42,0,,
3,2026-09-05,Pymatuning Valley (Andover),40,Valley Christian School (Youngstown),0,0,,
3,2026-09-05,St Joseph Central Catholic (Fremont),34,Chalker (Southington),30,0,,
3,2026-09-05,Stryker (Stryker),20,Windham (Windham),54,0,,
3,2026-09-05,Perry Traditional Academy (Pittsburgh),6,Shady Side Academy,30,0,PA,PA
3,2026-09-05,The Haverford School (Haverford),25,McDonogh School (Owings Mills),35,1,PA,MD
3,2026-09-05,Morristown,6,Fort Wayne King's Crusaders (club) (Harlan),36,0,IN,IN
3,2026-09-05,Trinity Episcopal School (Richmond),7,Benedictine Military School (Savannah),0,0,VA,GA
3,2026-09-05,Oakland Mills (Columbia),30,Polytechnic (Baltimore),6,1,MD,MD
3,2026-09-05,Eleanor Roosevelt (Greenbelt),8,Digital Pioneers Academy (Washington),32,0,MD,DC
3,2026-09-05,DeMatha Catholic (Hyattsville),21,Imhotep Charter (Philadelphia),20,0,MD,PA
3,2026-09-05,St John's College (Washington),21,Archbishop Spalding (Severn),18,1,DC,MD
3,2026-09-05,St Joseph's Collegiate (Buffalo),14,Cathedral Prep (Erie),20,0,NY,PA
3,2026-09-05,University Prep (Rochester),22,Bishop Timon - St Jude (Buffalo),3,0,NY,NY
3,2026-09-05,St Francis Prep (Fresh Meadows),6,Stow-Munroe Falls (Stow),35,1,NY,
3,2026-09-05,Health Sciences (Buffalo),14,Canisius (Buffalo),41,1,NY,NY
3,2026-09-05,Eagle Academy for Young Men III (Jamaica),14,St John the Baptist (West Islip),42,0,NY,NY
3,2026-09-05,St Thomas More (Oakdale),27,St Peter's Prep,30,0,CT,NJ
3,2026-09-05,Paulsboro (Paulsboro),8,Salem (Salem),6,0,NJ,NJ
3,2026-09-05,IMG Academy (Bradenton),41,Saint Louis School,0,1,FL,HI
4,2026-09-10,Aurora (Aurora),0,Mayfield (Mayfield),40,0,,
4,2026-09-10,Beachwood (Beachwood),12,Fairport Harding (Fairport Harbor),22,0,,
4,2026-09-10,Chagrin Falls (Chagrin Falls),17,Fairview (Fairview Park),16,0,,
4,2026-09-10,Twinsburg (Twinsburg),26,Revere (Richfield),28,0,,
4,2026-09-10,Copley (Copley),42,Kenston (Chagrin Falls),45,0,,
4,2026-09-10,Sciotoville Community (Portsmouth),0,Manchester (Manchester),14,0,,
4,2026-09-10,Grandview Heights (Columbus),3,Bexley (Columbus),14,0,,
4,2026-09-10,Granville (Granville),14,Columbus Academy (Gahanna),36,0,,
4,2026-09-10,Lutheran West (Rocky River),24,Orange (Pepper Pike),32,0,,
4,2026-09-10,Riverside (Painesville),33,Shaker Heights (Shaker Heights),3,0,,
4,2026-09-10,St Thomas Aquinas (Louisville),7,North (Akron),6,0,,
4,2026-09-10,Scott (Toledo),6,Start (Toledo),28,0,,
4,2026-09-10,Solon (Solon),8,Wadsworth (Wadsworth),42,0,,
4,2026-09-10,University School (Hunting Valley),33,Grand Valley (Orwell),21,0,,
4,2026-09-10,West Geauga (Chesterland),26,Hawken (Gates Mills),27,0,,
4,2026-09-10,Whetstone (Columbus),0,Beechcroft (Columbus),52,0,,
4,2026-09-10,Cincinnati College Prep (Cincinnati),1,Cincinnati Country Day (Cincinnati),0,0,,
4,2026-09-10,Taylor Allderdice (Pittsburgh),6,Clairton (Clairton),26,0,PA,PA
4,2026-09-10,Dundalk (Baltimore),8,Our Lady of Mount Carmel (Essex),48,0,MD,MD
4,2026-09-10,Mt Zion Prep (Lanham),6,McDonogh School (Owings Mills),38,0,MD,MD
4,2026-09-10,Dunbar (Washington),6,Dunbar (Baltimore),34,1,DC,MD
4,2026-09-10,Cornerstone Christian (San Antonio),42,Parish Episcopal (Dallas),16,0,TX,TX
4,2026-09-10,Ocoee (Ocoee),12,West Orange (Winter Garden),13,0,FL,FL
4,2026-09-10,Southeast Raleigh (Raleigh),21,Cardinal Gibbons (Raleigh),23,0,NC,NC
4,2026-09-11,Adena (Frankfort),41,Paint Valley (Bainbridge),7,0,,
4,2026-09-11,Africentric Early College (Columbus),36,Briggs (Columbus),6,0,,
4,2026-09-11,Allen East (Harrod),13,Bluffton (Bluffton),35,0,,
4,2026-09-11,Alliance (Alliance),25,Salem (Salem),49,0,,
4,2026-09-11,Anderson (Cincinnati),52,Lebanon (Lebanon),13,0,,
4,2026-09-11,Anthony Wayne (Whitehouse),34,Liberty-Benton (Findlay),14,0,,
4,2026-09-11,Archbishop Alter (Kettering),0,Trotwood-Madison (Trotwood),34,0,,
4,2026-09-11,Lakeside (Ashtabula),7,South (Willoughby),41,0,,
4,2026-09-11,Athens (The Plains),47,Alexander (Albany),6,0,,
4,2026-09-11,Ayersville (Defiance),15,Wayne Trace (Haviland),57,0,,
4,2026-09-11,Badin (Hamilton),46,Bishop Hartley (Columbus),13,0,,
4,2026-09-11,Barnesville (Barnesville),48,Buckeye Local (Rayland),7,0,,
4,2026-09-11,Batavia (Batavia),13,Miami Trace (Washington Court House),42,0,,
4,2026-09-11,Bath (Lima),34,Shawnee (Lima),28,0,,
4,2026-09-11,Bay (Bay Village),14,Buckeye (Medina),33,0,,
4,2026-09-11,Beaver Local (East Liverpool),28,East Liverpool (East Liverpool),7,0,,
4,2026-09-11,Bellevue (Bellevue),55,Norwalk (Norwalk),0,0,,
4,2026-09-11,Belmont (Dayton),8,Tri-Village (New Madison),47,0,,
4,2026-09-11,Belpre (Belpre),34,St Marys (St Marys),24,0,,WV
4,2026-09-11,Benjamin Logan (Bellefontaine),45,Bellefontaine (Bellefontaine),0,0,,
4,2026-09-11,Berkshire (Burton),12,Conneaut (Conneaut),21,0,,
4,2026-09-11,Berne Union (Sugar Grove),41,Miller (Corning),8,0,,
4,2026-09-11,Bishop Ready (Columbus),2,St Charles (Columbus),44,0,,
4,2026-09-11,Bishop Rosecrans (Zanesville),0,Grove City Christian (Grove City),49,0,,
4,2026-09-11,Bloom-Carroll (Carroll),42,Liberty Union (Baltimore),13,0,,
4,2026-09-11,Bradford (Bradford),0,Arcanum (Arcanum),48,0,,
4,2026-09-11,Brecksville-Broadview Heights (Broadview Heights),25,Barberton (Barberton),12,0,,
4,2026-09-11,Bridgeport (Bridgeport),46,Federal Hocking (Stewart),6,0,,
4,2026-09-11,Brookfield (Brookfield),40,Champion (Warren),7,0,,
4,2026-09-11,Brooklyn (Brooklyn),0,Cuyahoga Heights (Cuyahoga Heights),29,0,,
4,2026-09-11,Brookville (Brookville),0,Waynesville (Waynesville),31,0,,
4,2026-09-11,Brunswick (Brunswick),18,Mentor (Mentor),63,0,,
4,2026-09-11,Brush (Lyndhurst),27,Bedford (Bedford),20,0,,
4,2026-09-11,Buckeye Central (New Washington),6,Wynford (Bucyrus),41,0,,
4,2026-09-11,Buckeye Valley (Delaware),27,Licking Heights (Pataskala),12,0,,
4,2026-09-11,Harrison Central (Cadiz),7,Union Local (Belmont),48,0,,
4,2026-09-11,Caldwell (Caldwell),0,Monroe Central (Woodsfield),40,0,,
4,2026-09-11,Calvert (Tiffin),12,Colonel Crawford (North Robinson),44,0,,
4,2026-09-11,Cambridge (Cambridge),6,Brooke (Wellsburg),56,0,,WV
4,2026-09-11,Canton McKinley (Canton),48,GlenOak (Canton),14,0,,
4,2026-09-11,Cardinal (Middlefield),0,Leetonia (Leetonia),36,0,,
4,2026-09-11,Cardington-Lincoln (Cardington),8,Northmor (Galion),41,0,,
4,2026-09-11,Carlisle (Carlisle),0,Valley View (Germantown),42,0,,
4,2026-09-11,Carrollton (Carrollton),6,Claymont (Uhrichsville),49,0,,
4,2026-09-11,Catholic Central (Steubenville),6,Toronto (Toronto),33,0,,
4,2026-09-11,Centennial (Columbus),6,Linden McKinley (Columbus),28,0,,
4,2026-09-11,Centerville (Centerville),7,Kettering Fairmont (Kettering),22,0,,
4,2026-09-11,Canton Central Catholic (Canton),20,Ellet (Akron),21,0,,
4,2026-09-11,Central Catholic (Toledo),47,St Francis de Sales (Toledo),7,0,,
4,2026-09-11,Toledo Christian (Toledo),38,Vanlue (Vanlue),0,0,,
4,2026-09-11,Central Crossing (Grove City),0,Olentangy (Lewis Center),42,0,,
4,2026-09-11,Chaminade Julienne (Dayton),7,Bellbrook (Bellbrook),29,0,,
4,2026-09-11,Chardon (Chardon),20,Madison (Madison),16,0,,
4,2026-09-11,Chillicothe (Chillicothe),14,Hamilton Township (Columbus),13,0,,
4,2026-09-11,Chippewa (Doylestown),30,Northwestern (West Salem),27,0,,
4,2026-09-11,Circleville (Circleville),21,Amanda-Clearcreek (Amanda),0,0,,
4,2026-09-11,Clay (Oregon),52,Napoleon (Napoleon),13,0,,
4,2026-09-11,Clear Fork (Bellville),7,Ontario (Ontario),17,0,,
4,2026-09-11,Clearview (Lorain),28,Black River (Sullivan),41,0,,
4,2026-09-11,Cleveland Heights (Cleveland Heights),18,Strongsville (Strongsville),45,0,,
4,2026-09-11,Clinton-Massie (Clarksville),40,Blanchester (Blanchester),18,0,,
4,2026-09-11,Thurgood Marshall (Dayton),0,Woodward (Cincinnati),8,0,,
4,2026-09-11,Columbia (Columbia Station),49,Wellington (Wellington),18,0,,
4,2026-09-11,Columbiana (Columbiana),7,United (Hanoverton),56,0,,
4,2026-09-11,Conotton Valley (Bowerston),22,Strasburg-Franklin (Strasburg),29,0,,
4,2026-09-11,Cory-Rawson (Rawson),14,Waynesfield-Goshen (Waynesfield),35,0,,
4,2026-09-11,Coshocton (Coshocton),14,Meadowbrook (Byesville),26,0,,
4,2026-09-11,Crestview (Ashland),13,New London (New London),48,0,,
4,2026-09-11,Crestview (Convoy),41,Spencerville (Spencerville),8,0,,
4,2026-09-11,Crooksville (Crooksville),20,New Lexington (New Lexington),58,0,,
4,2026-09-11,Cuyahoga Falls (Cuyahoga Falls),7,Cloverleaf (Seville),51,0,,
4,2026-09-11,Dalton (Dalton),16,Hillsdale (Jeromesville),21,0,,
4,2026-09-11,Dawson-Bryant (Coal Grove),16,Chesapeake (Chesapeake),0,0,,
4,2026-09-11,Deer Park (Cincinnati),34,Reading (Reading),7,0,,
4,2026-09-11,Delta (Delta),7,Archbold (Archbold),38,0,,
4,2026-09-11,Dixie (New Lebanon),19,Preble Shawnee (Camden),60,0,,
4,2026-09-11,Dover (Dover),43,Lexington (Lexington),7,0,,
4,2026-09-11,Dublin Coffman (Dublin),0,Pickerington North (Pickerington),35,0,,
4,2026-09-11,Dunbar (Dayton),20,St Bernard-Elmwood Place (St Bernard),21,0,,
4,2026-09-11,East (Akron),46,Coventry (Coventry Twp),0,0,,
4,2026-09-11,East (Columbus),54,Mifflin (Columbus),0,0,,
4,2026-09-11,Eastern (Beaver),20,Eastern (Reedsville),42,0,,
4,2026-09-11,East Knox (Howard),9,Centerburg (Centerburg),21,0,,
4,2026-09-11,East Palestine (East Palestine),27,Lisbon David Anderson (Lisbon),13,0,,
4,2026-09-11,East Technical (Cleveland),12,John Hay (Cleveland),44,0,,
4,2026-09-11,Eastwood (Pemberville),42,Rossford (Rossford),34,0,,
4,2026-09-11,Edgerton (Edgerton),0,Tinora (Defiance),52,0,,
4,2026-09-11,Edon (Edon),42,Petersburg Summerfield (Petersburg),0,0,,MI
4,2026-09-11,Elgin (Marion),24,Woodmore (Elmore),41,0,,
4,2026-09-11,Elida (Elida),20,Kenton (Kenton),35,0,,
4,2026-09-11,Elmwood (Bloomdale),36,Arcadia (Arcadia),34,0,,
4,2026-09-11,Elyria Catholic (Elyria),17,Vermilion (Vermilion),20,0,,
4,2026-09-11,Euclid (Euclid),56,Lorain (Lorain),21,0,,
4,2026-09-11,Evergreen (Metamora),14,Wauseon (Wauseon),45,0,,
4,2026-09-11,Fairfield (Fairfield),28,Colerain (Cincinnati),34,0,,
4,2026-09-11,Fairfield Christian Academy (Lancaster),21,Fisher Catholic (Lancaster),32,0,,
4,2026-09-11,Fairfield Union (Lancaster),42,Logan Elm (Circleville),0,0,,
4,2026-09-11,Fairland (Proctorville),39,Rock Hill (Ironton),17,0,,
4,2026-09-11,Fairview (Sherwood),55,Hicksville (Hicksville),0,0,,
4,2026-09-11,Fayetteville (Fayetteville),36,New Miami (Hamilton),0,0,,
4,2026-09-11,Bishop Fenwick (Franklin),27,Edgewood (Trenton),28,0,,
4,2026-09-11,Field (Mogadore),7,Woodridge (Peninsula),62,0,,
4,2026-09-11,Finneytown (Cincinnati),6,Madeira (Cincinnati),55,0,,
4,2026-09-11,Firelands (Oberlin),40,Brookside (Sheffield),37,0,,
4,2026-09-11,Firestone (Akron),6,St Vincent-St Mary (Akron),38,0,,
4,2026-09-11,Fort Recovery (Fort Recovery),37,St John's (Delphos),20,0,,
4,2026-09-11,Franklin Heights (Columbus),6,KIPP Columbus (Columbus),20,0,,
4,2026-09-11,Fredericktown (Fredericktown),7,Danville (Danville),52,0,,
4,2026-09-11,Fremont Ross (Fremont),2,Whitmer (Toledo),49,0,,
4,2026-09-11,Gallia Academy (Gallipolis),0,Portsmouth (Portsmouth),34,0,,
4,2026-09-11,Geneva (Geneva),10,Edgewood (Ashtabula),13,0,,
4,2026-09-11,Gibsonburg (Gibsonburg),0,McComb (McComb),17,0,,
4,2026-09-11,Girard (Girard),49,Struthers (Struthers),12,0,,
4,2026-09-11,Glenville (Cleveland),13,Bishop Watterson (Columbus),35,0,,
4,2026-09-11,Goshen (Goshen),42,Bethel-Tate (Bethel),7,0,,
4,2026-09-11,Graham Local (St Paris),34,Urbana (Urbana),42,0,,
4,2026-09-11,Green (Uniontown),24,Hoover (North Canton),20,0,,
4,2026-09-11,Greeneview (Jamestown),21,Fairbanks (Milford Center),14,0,,
4,2026-09-11,Greenville (Greenville),0,Fairborn (Fairborn),42,0,,
4,2026-09-11,Hamilton (Hamilton),7,Lakota West (West Chester),42,0,,
4,2026-09-11,Hardin Northern (Dola),18,Ridgedale (Morral),7,0,,
4,2026-09-11,Harvey (Painesville),0,North (Eastlake),21,0,,
4,2026-09-11,Delaware Hayes (Delaware),0,Big Walnut (Sunbury),46,0,,
4,2026-09-11,Heath (Heath),58,Washington (Washington Court House),28,0,,
4,2026-09-11,Highland (Marengo),22,Marion Harding (Marion),26,0,,
4,2026-09-11,Hilliard Davidson (Hilliard),7,Hilliard Darby (Hilliard),41,0,,
4,2026-09-11,Archbishop Hoban (Akron),14,St Edward (Lakewood),17,0,,
4,2026-09-11,Howland (Warren),0,West Branch (Beloit),34,0,,
4,2026-09-11,Hughes (Cincinnati),16,Purcell Marian (Cincinnati),8,0,,
4,2026-09-11,Huntington (Chillicothe),27,Zane Trace (Chillicothe),22,0,,
4,2026-09-11,Huron (Huron),7,Margaretta (Castalia),26,0,,
4,2026-09-11,Independence (Independence),8,Crestwood (Mantua),53,0,,
4,2026-09-11,Indian Lake (Lewistown),7,London (London),29,0,,
4,2026-09-11,Ironton (Ironton),35,Somerset (Somerset),9,0,,KY
4,2026-09-11,Jackson (Massillon),44,Warren G Harding (Warren),37,0,,
4,2026-09-11,John Glenn (New Concord),55,River View (Warsaw),0,0,,
4,2026-09-11,Kirtland (Kirtland),50,Rootstown (Rootstown),7,0,,
4,2026-09-11,LaBrae (Leavittsburg),0,Garfield (Garrettsville),49,0,,
4,2026-09-11,Lake (Uniontown),15,Perry (Massillon),9,0,,
4,2026-09-11,Lakeview (Cortland),9,South Range (Canfield),56,0,,
4,2026-09-11,Lakewood (Lakewood),7,Rocky River (Rocky River),49,0,,
4,2026-09-11,Lancaster (Lancaster),6,Teays Valley (Ashville),0,0,,
4,2026-09-11,La Salle (Cincinnati),0,Elder (Cincinnati),35,0,,
4,2026-09-11,Lehman Catholic (Sidney),6,Northridge (Dayton),21,0,,
4,2026-09-11,Leipsic (Leipsic),55,Arlington (Arlington),0,0,,
4,2026-09-11,Liberty (Youngstown),27,Crestview (Columbiana),7,0,,
4,2026-09-11,Licking Valley (Newark),54,Lakewood (Hebron),7,0,,
4,2026-09-11,Lima Senior (Lima),42,Tiffin Columbian (Tiffin),33,0,,
4,2026-09-11,Lima Central Catholic (Lima),13,Columbus Grove (Columbus Grove),6,0,,
4,2026-09-11,Loudonville (Loudonville),18,Mount Gilead (Mount Gilead),46,0,,
4,2026-09-11,Louisville (Louisville),34,Boardman (Youngstown),7,0,,
4,2026-09-11,Loveland (Loveland),36,Milford (Milford),35,0,,
4,2026-09-11,Lowellville (Lowellville),40,Jackson-Milton (North Jackson),0,0,,
4,2026-09-11,Lucas (Lucas),28,Willard (Willard),22,0,,
4,2026-09-11,Madison (Middletown),7,Dayton Christian (Miamisburg),40,0,,
4,2026-09-11,Madison Comprehensive (Mansfield),13,Wooster (Wooster),34,0,,
4,2026-09-11,Madison-Plains (London),0,Mechanicsburg (Mechanicsburg),41,0,,
4,2026-09-11,Malvern (Malvern),16,Mogadore (Mogadore),46,0,,
4,2026-09-11,Manchester (New Franklin),37,Canton South (Canton),13,0,,
4,2026-09-11,Mansfield Senior (Mansfield),7,West Holmes (Millersburg),47,0,,
4,2026-09-11,Maple Heights (Maple Heights),20,Austintown-Fitch (Austintown),38,0,,
4,2026-09-11,Marietta (Marietta),13,Watkins Memorial (Pataskala),42,0,,
4,2026-09-11,Marion Local (Maria Stein),27,Versailles (Versailles),3,0,,
4,2026-09-11,Marion-Franklin (Columbus),49,Independence (Columbus),14,0,,
4,2026-09-11,Martins Ferry (Martins Ferry),34,Edison (Richmond),0,0,,
4,2026-09-11,Marysville (Marysville),7,Hilliard Bradley (Hilliard),41,0,,
4,2026-09-11,Mason (Mason),20,Lakota East (Liberty Township),24,0,,
4,2026-09-11,Maumee (Maumee),40,Lake (Millbury),17,0,,
4,2026-09-11,McClain (Greenfield),49,East Clinton (Sabina),8,0,,
4,2026-09-11,McDonald (McDonald),54,Campbell Memorial (Campbell),16,0,,
4,2026-09-11,Niles McKinley (Niles),20,Hubbard (Hubbard),51,0,,
4,2026-09-11,Sebring McKinley (Sebring),16,Chalker (Southington),56,0,,
4,2026-09-11,Archbishop McNicholas (Cincinnati),42,Roger Bacon (St Bernard),6,0,,
4,2026-09-11,Meadowdale (Dayton),0,North College Hill (Cincinnati),43,0,,
4,2026-09-11,Meigs (Pomeroy),35,Vinton County (McArthur),24,0,,
4,2026-09-11,St Marys Memorial (St Marys),35,Defiance (Defiance),21,0,,
4,2026-09-11,Miami East (Casstown),13,Covington (Covington),14,0,,
4,2026-09-11,Miamisburg (Miamisburg),14,Springfield (Springfield),41,0,,
4,2026-09-11,Miami Valley Christian Academy (Cincinnati),21,Western Hills (Cincinnati),20,0,,
4,2026-09-11,Midview (Grafton),7,Avon Lake (Avon Lake),31,0,,
4,2026-09-11,Minerva (Minerva),13,Marlington (Alliance),27,0,,
4,2026-09-11,Mohawk (Sycamore),56,Bucyrus (Bucyrus),7,0,,
4,2026-09-11,Monroe (Monroe),48,Ponitz Tech (Dayton),0,0,,
4,2026-09-11,Morgan (McConnelsville),0,West Muskingum (Zanesville),44,0,,
4,2026-09-11,Mount Vernon (Mount Vernon),30,Johnstown (Johnstown),37,0,,
4,2026-09-11,National Trail (New Paris),40,Mississinawa Valley (Union City),0,0,,
4,2026-09-11,Nelsonville-York (Nelsonville),47,River Valley (Bidwell),0,0,,
4,2026-09-11,New Albany (New Albany),28,Upper Arlington (Upper Arlington),21,0,,
4,2026-09-11,Newark (Newark),14,Groveport Madison (Groveport),35,0,,
4,2026-09-11,Newark Catholic (Newark),15,Worthington Christian (Worthington),6,0,,
4,2026-09-11,New Bremen (New Bremen),22,Coldwater (Coldwater),37,0,,
4,2026-09-11,Newcomerstown (Newcomerstown),34,Utica (Utica),48,0,,
4,2026-09-11,New Philadelphia (New Philadelphia),35,Ashland (Ashland),10,0,,
4,2026-09-11,New Richmond (New Richmond),19,Cincinnati Hills Christian Academy (Cincinnati),36,0,,
4,2026-09-11,Nordonia (Macedonia),21,Highland (Medina),23,0,,
4,2026-09-11,North Baltimore (North Baltimore),50,Perry (Lima),20,0,,
4,2026-09-11,Northmont (Clayton),10,Beavercreek (Beavercreek),37,0,,
4,2026-09-11,Northridge (Johnstown),23,Lakota (Kansas),22,0,,
4,2026-09-11,North Ridgeville (North Ridgeville),21,Avon (Avon),62,0,,
4,2026-09-11,North Royalton (North Royalton),7,Hudson (Hudson),42,0,,
4,2026-09-11,North Union (Richwood),14,Jonathan Alder (Plain City),26,0,,
4,2026-09-11,Norton (Norton),35,Streetsboro (Streetsboro),42,0,,
4,2026-09-11,Northwest (Canal Fulton),21,Triway (Wooster),18,0,,
4,2026-09-11,Northwest (Cincinnati),26,Archbishop Carroll (Dayton),0,0,,
4,2026-09-11,Northwestern (Springfield),13,Tecumseh (New Carlisle),41,0,,
4,2026-09-11,Northwood (Northwood),34,Edison (Milan),31,0,,
4,2026-09-11,Norwayne (Creston),34,Rittman (Rittman),7,0,,
4,2026-09-11,Norwood (Norwood),6,Summit Country Day (Cincinnati),47,0,,
4,2026-09-11,Notre Dame-Cathedral Latin (Chardon),31,Benedictine (Cleveland),13,0,,
4,2026-09-11,Oak Harbor (Oak Harbor),35,Fostoria (Fostoria),7,0,,
4,2026-09-11,Oak Hill (Oak Hill),6,Minford (Minford),26,0,,
4,2026-09-11,Oak Hills (Cincinnati),14,Middletown (Middletown),21,0,,
4,2026-09-11,Oakwood (Dayton),42,Eaton (Eaton),14,0,,
4,2026-09-11,Olentangy Liberty (Powell),27,Olentangy Berlin (Delaware),17,0,,
4,2026-09-11,Olmsted Falls (Olmsted Falls),35,Elyria (Elyria),13,0,,
4,2026-09-11,Olentangy Orange (Lewis Center),9,Gahanna Lincoln (Gahanna),34,0,,
4,2026-09-11,Otsego (Tontogany),35,Genoa Area (Genoa),14,0,,
4,2026-09-11,Ottawa-Glandorf (Ottawa),27,Wapakoneta (Wapakoneta),24,0,,
4,2026-09-11,Padua Franciscan (Parma),23,Sandusky (Sandusky),21,0,,
4,2026-09-11,Parkway (Rockford),19,Minster (Minster),48,0,,
4,2026-09-11,Patrick Henry (Hamler),22,Bryan (Bryan),16,0,,
4,2026-09-11,Paulding (Paulding),52,Antwerp (Antwerp),6,0,,
4,2026-09-11,Perry (Perry),62,Jefferson Area (Jefferson),0,0,,
4,2026-09-11,Pickerington Central (Pickerington),55,Logan (Logan),6,0,,
4,2026-09-11,Poland Seminary (Poland),24,Canfield (Canfield),21,0,,
4,2026-09-11,Port Clinton (Port Clinton),45,Ottawa Hills (Toledo),13,0,,
4,2026-09-11,Pymatuning Valley (Andover),31,Mathews (Vienna),14,0,,
4,2026-09-11,Reynoldsburg (Reynoldsburg),20,Canal Winchester (Canal Winchester),21,0,,
4,2026-09-11,Richmond Heights (Richmond Heights),26,Shaw (East Cleveland),14,0,,
4,2026-09-11,Ridgewood (West Lafayette),14,Wheeling Central Catholic (Wheeling),12,0,,WV
4,2026-09-11,Riverdale (Mt Blanchard),0,Pandora-Gilboa (Pandora),38,0,,
4,2026-09-11,Riverside (De Graff),34,Milton-Union (West Milton),14,0,,
4,2026-09-11,River Valley (Caledonia),13,Pleasant (Marion),48,0,,
4,2026-09-11,Kent Roosevelt (Kent),21,Tallmadge (Tallmadge),31,0,,
4,2026-09-11,Ross (Hamilton),14,Wilmington (Wilmington),34,0,,
4,2026-09-11,St Clairsville (St Clairsville),29,Linsly (Wheeling),32,0,,WV
4,2026-09-11,St Francis DeSales (Columbus),17,Villa Angela-St Joseph (Cleveland),20,0,,
4,2026-09-11,St Henry (St Henry),39,Anna (Anna),0,0,,
4,2026-09-11,St Ignatius (Cleveland),24,Walsh Jesuit (Cuyahoga Falls),31,0,,
4,2026-09-11,St John School (Ashtabula),14,Crestline (Crestline),0,0,,
4,2026-09-11,St John's Jesuit (Toledo),7,Orchard Lake St Mary (Orchard Lake),56,0,,MI
4,2026-09-11,St Xavier (Cincinnati),31,Westerville North (Westerville),0,0,,
4,2026-09-11,Sandy Valley (Magnolia),15,East Canton (East Canton),25,0,,
4,2026-09-11,Seneca East (Attica),22,Hopewell-Loudon (Bascom),30,0,,
4,2026-09-11,Shadyside (Shadyside),43,Frontier (New Matamoras),21,0,,
4,2026-09-11,Shawnee (Springfield),0,Kenton Ridge (Springfield),40,0,,
4,2026-09-11,Shelby (Shelby),31,Galion (Galion),14,0,,
4,2026-09-11,Shenandoah (Sarahsville),44,Buckeye Trail (Lore City),6,0,,
4,2026-09-11,Sheridan (Thornville),28,Maysville (Zanesville),7,0,,
4,2026-09-11,Shroder (Cincinnati),16,Clermont Northeastern (Batavia),49,0,,
4,2026-09-11,Sidney (Sidney),13,Butler (Vandalia),45,0,,
4,2026-09-11,South Central (Greenwich),8,Monroeville (Monroeville),62,0,,
4,2026-09-11,Southeast (Ravenna),35,Newton Falls (Newton Falls),27,0,,
4,2026-09-11,Southeastern (Chillicothe),12,Unioto (Chillicothe),49,0,,
4,2026-09-11,Southeastern Local (South Charleston),0,Northeastern (South Vienna),6,0,,
4,2026-09-11,South Gallia (Crown City),6,Wahama (Mason),63,0,,WV
4,2026-09-11,Southern (Racine),47,Green (Franklin Furnace),6,0,,
4,2026-09-11,Springfield (Akron),0,Ravenna (Ravenna),40,0,,
4,2026-09-11,Springfield (Holland),13,Perrysburg (Perrysburg),44,0,,
4,2026-09-11,Springfield (New Middletown),7,Mineral Ridge (Mineral Ridge),27,0,,
4,2026-09-11,Stebbins (Riverside),0,Tippecanoe (Tipp City),63,0,,
4,2026-09-11,Amherst Steele (Amherst),14,Berea-Midpark (Berea),20,0,,
4,2026-09-11,Steubenville (Steubenville),21,Cardinal Mooney (Youngstown),16,0,,
4,2026-09-11,Stow-Munroe Falls (Stow),40,Medina (Medina),46,0,,
4,2026-09-11,Swanton (Swanton),0,Liberty Center (Liberty Center),66,0,,
4,2026-09-11,Sycamore (Cincinnati),7,Princeton (Cincinnati),56,0,,
4,2026-09-11,Sylvania Northview (Sylvania),13,Bowling Green (Bowling Green),45,0,,
4,2026-09-11,Sylvania Southview (Sylvania),13,Findlay (Findlay),35,0,,
4,2026-09-11,Symmes Valley (Willow Wood),42,South Point (South Point),8,0,,
4,2026-09-11,Taft (Cincinnati),0,Mount Healthy (Cincinnati),35,0,,
4,2026-09-11,Talawanda (Oxford),35,Franklin (Franklin),0,0,,
4,2026-09-11,Taylor (Cleves),7,Mariemont (Cincinnati),17,0,,
4,2026-09-11,Triad (North Lewisburg),7,Greenon (Enon),41,0,,
4,2026-09-11,Trinity (Garfield Heights),18,Wickliffe (Wickliffe),48,0,,
4,2026-09-11,Tri-Valley (Dresden),29,Philo (Duncan Falls),31,0,,
4,2026-09-11,Troy (Troy),28,Piqua (Piqua),14,0,,
4,2026-09-11,Troy Christian (Troy),7,Bethel (Tipp City),42,0,,
4,2026-09-11,Tuscarawas Valley (Zoarville),0,Fairless (Brewster),37,0,,
4,2026-09-11,Tuslaw (Massillon),28,Orrville (Orrville),34,0,,
4,2026-09-11,Tri-County North (Lewisburg),19,Ansonia (Ansonia),48,0,,
4,2026-09-11,Upper Sandusky (Upper Sandusky),14,Carey (Carey),49,0,,
4,2026-09-11,Upper Scioto Valley (McGuffey),32,Ridgemont (Mt Victory),26,0,,
4,2026-09-11,Ursuline (Youngstown),25,Youngstown (Youngstown),9,0,,
4,2026-09-11,Valley Forge (Parma Heights),6,North Olmsted (North Olmsted),20,0,,
4,2026-09-11,Van Buren (Van Buren),28,Ada (Ada),14,0,,
4,2026-09-11,Van Wert (Van Wert),28,Celina (Celina),49,0,,
4,2026-09-11,Waite (Toledo),31,Rogers (Toledo),6,0,,
4,2026-09-11,Walnut Hills (Cincinnati),7,Little Miami (Morrow),42,0,,
4,2026-09-11,Walnut Ridge (Columbus),0,South (Columbus),6,0,,
4,2026-09-11,Warren (Vincent),50,Hillsboro (Hillsboro),47,0,,
4,2026-09-11,Waterford (Waterford),0,Fort Frye (Beverly),20,0,,
4,2026-09-11,Waverly (Waverly),42,Valley (Lucasville),25,0,,
4,2026-09-11,Wayne (Huber Heights),42,Springboro (Springboro),26,0,,
4,2026-09-11,Waynedale (Apple Creek),13,Smithville (Smithville),43,0,,
4,2026-09-11,Wellston (Wellston),38,Trimble (Glouster),32,0,,
4,2026-09-11,Wellsville (Wellsville),30,Southern (Salineville),34,0,,
4,2026-09-11,West (Columbus),44,Eastmoor Academy (Columbus),0,0,,
4,2026-09-11,Western Brown (Mount Orab),21,Jackson (Jackson),56,0,,
4,2026-09-11,Western Reserve (Berlin Center),32,Waterloo (Atwater),0,0,,
4,2026-09-11,Western Reserve (Collins),56,Mapleton (Ashland),12,0,,
4,2026-09-11,Westerville Central (Westerville),16,Dublin Jerome (Dublin),10,0,,
4,2026-09-11,Westerville South (Westerville),21,Dublin Scioto (Dublin),0,0,,
4,2026-09-11,Westfall (Williamsport),21,Piketon (Piketon),42,0,,
4,2026-09-11,West Clermont (Cincinnati),14,Kings (Kings Mills),45,0,,
4,2026-09-11,West Jefferson (West Jefferson),44,Cedarville (Cedarville),6,0,,
4,2026-09-11,Westlake (Westlake),42,Normandy (Parma),19,0,,
4,2026-09-11,Wheelersburg (Wheelersburg),49,Northwest (McDermott),0,0,,
4,2026-09-11,Whitehall-Yearling (Whitehall),26,Northland (Columbus),6,0,,
4,2026-09-11,Williamsburg (Williamsburg),28,Portsmouth West (West Portsmouth),12,0,,
4,2026-09-11,Windham (Windham),42,Holgate (Holgate),60,0,,
4,2026-09-11,Winton Woods (Cincinnati),45,Turpin (Cincinnati),7,0,,
4,2026-09-11,Withrow (Cincinnati),13,Harrison (Harrison),22,0,,
4,2026-09-11,Woodward (Toledo),6,Bowsher (Toledo),41,0,,
4,2026-09-11,Harvest Prep (Canal Winchester),13,Perkins (Sandusky),52,0,,
4,2026-09-11,Thomas Worthington (Worthington),14,Grove City (Grove City),49,0,,
4,2026-09-11,Worthington Kilbourne (Columbus),49,Westland (Galloway),20,0,,
4,2026-09-11,Wyoming (Cincinnati),48,Indian Hill (Cincinnati),47,0,,
4,2026-09-11,Xenia (Xenia),33,West Carrollton (West Carrollton),8,0,,
4,2026-09-11,Zanesville (Zanesville),22,Garaway (Sugarcreek),48,0,,
4,2026-09-11,Valley Christian School (Youngstown),12,John F Kennedy (Warren),51,0,,
4,2026-09-11,Chapmanville,35,Point Pleasant (Point Pleasant),6,0,WV,WV
4,2026-09-11,Clay-Battelle (Blacksville),34,Valley (Wetzel) (Pine Grove),20,0,WV,WV
4,2026-09-11,John Marshall (Glen Dale),37,Bellaire (Bellaire),40,0,WV,
4,2026-09-11,Madonna (Weirton),0,Southern Garrett (Oakland),54,0,WV,MD
4,2026-09-11,Magnolia (New Martinsville),8,River (Hannibal),40,0,WV,
4,2026-09-11,Oak Glen (New Cumberland),14,South Harrison (Lost Creek),54,0,WV,WV
4,2026-09-11,Weir (Weirton),7,Indian Creek (Wintersville),42,0,WV,
4,2026-09-11,Wheeling Park (Wheeling),16,Musselman,15,0,WV,WV
4,2026-09-11,Ashland Blazer (Ashland),53,East Jessamine,0,0,KY,KY
4,2026-09-11,Beechwood (Fort Mitchell),41,Simon Kenton (Independence),0,0,KY,KY
4,2026-09-11,Belfry (Belfry),49,Russell County,19,0,KY,KY
4,2026-09-11,Boyle County (Danville),21,Highlands (Fort Thomas),41,0,KY,KY
4,2026-09-11,Conner (Hebron),35,Newport Central Catholic,14,0,KY,KY
4,2026-09-11,Covington Catholic (Park Hills),56,Dixie Heights (Edgewood),7,0,KY,KY
4,2026-09-11,Greenup County (Greenup),35,East Carter,21,0,KY,KY
4,2026-09-11,Holy Cross (Covington),42,Holmes (Covington),12,0,KY,KY
4,2026-09-11,Johnson Central,19,Pikeville (Pikeville),48,0,KY,KY
4,2026-09-11,Lloyd Memorial (Erlanger),32,Aiken (Cincinnati),14,0,KY,
4,2026-09-11,Mason County,14,Boyd County (Ashland),28,0,KY,KY
4,2026-09-11,Morgan County (West Liberty),0,Fairview (Ashland),32,0,KY,KY
4,2026-09-11,Pulaski County,21,Corbin (Corbin),14,0,KY,KY
4,2026-09-11,Raceland (Raceland),55,Mercer County,0,0,KY,KY
4,2026-09-11,Russell (Russell),7,Paintsville (Paintsville),13,0,KY,KY
4,2026-09-11,Cooper (Union),21,Campbell County (Alexandria),14,0,KY,KY
4,2026-09-11,Detroit Country Day,7,Dearborn Divine Child (Dearborn),14,0,MI,MI
4,2026-09-11,Brother Rice (Bloomfield Hills),31,Warren De La Salle (Warren),28,0,MI,MI
4,2026-09-11,Burr Oak,78,North Adams-Jerome (North Adams),0,0,MI,MI
4,2026-09-11,Climax-Scotts,34,Adrian Lenawee Christian (Adrian),19,0,MI,MI
4,2026-09-11,Erie Mason (Erie),8,Montpelier (Montpelier),39,0,MI,
4,2026-09-11,New Boston Huron,15,Monroe St Mary Catholic Central (Monroe),55,0,MI,MI
4,2026-09-11,Ottawa Lake Whiteford (Ottawa Lake),48,Hilltop (West Unity),14,0,MI,
4,2026-09-11,Portage Central (Portage),25,Portage Northern,14,0,MI,MI
4,2026-09-11,River Rouge (River Rouge),14,Muskegon (Muskegon),21,0,MI,MI
4,2026-09-11,Sand Creek (Sand Creek),0,North Central (Pioneer),34,0,MI,
4,2026-09-11,Bedford (Temperance),24,Clyde (Clyde),7,0,MI,
4,2026-09-11,Traverse City St Francis,0,Lumen Christi (Jackson),45,0,MI,MI
4,2026-09-11,Waldron (Waldron),28,Camden-Frontier (Camden),6,0,MI,MI
4,2026-09-11,Berlin Brothers Valley,47,Everett (Everett),6,0,PA,PA
4,2026-09-11,Butler (Butler),23,Meadville,0,0,PA,PA
4,2026-09-11,Baldwin,10,Brashear (Pittsburgh),24,0,PA,PA
4,2026-09-11,Pine-Richland (Gibsonia),24,Central Catholic (Pittsburgh),48,0,PA,PA
4,2026-09-11,Jeannette (Jeannette),28,New Brighton,14,0,PA,PA
4,2026-09-11,Western Beaver (Industry),7,Steel Valley,14,0,PA,PA
4,2026-09-11,Farrell (Farrell),84,Reynolds (Greenville),0,0,PA,PA
4,2026-09-11,McDowell (Erie),21,Garfield Heights (Garfield Heights),20,0,PA,
4,2026-09-11,Cathedral Prep (Erie),49,Erie (Erie),7,0,PA,PA
4,2026-09-11,Simon Gratz,14,Friendship Collegiate (Washington),18,0,PA,DC
4,2026-09-11,Roman Catholic (Philadelphia),14,DeMatha Catholic (Hyattsville),7,0,PA,MD
4,2026-09-11,Carroll (Fort Wayne),49,Bishop Dwenger (Fort Wayne),29,0,IN,IN
4,2026-09-11,Franklin County (Brookville),7,East Central (St Leon),63,0,IN,IN
4,2026-09-11,Greensburg,3,Lawrenceburg (Lawrenceburg),49,0,IN,IN
4,2026-09-11,Hamilton Heights (Arcadia),44,Tipton,29,0,IN,IN
4,2026-09-11,Cardinal Ritter (Indianapolis),61,Anderson,0,0,IN,IN
4,2026-09-11,Cathedral (Indianapolis),16,Bishop Chatard (Indianapolis),14,0,IN,IN
4,2026-09-11,Muncie Central,21,Bloomington South (Bloomington),45,0,IN,IN
4,2026-09-11,South Dearborn (Aurora),21,Richmond (Richmond),19,0,IN,IN
4,2026-09-11,Southport (Indianapolis),28,Terre Haute North Vigo,14,0,IN,IN
4,2026-09-11,Phalen Academy,24,Blackhawk Christian (Fort Wayne),42,0,IN,IN
4,2026-09-11,Baylor (Chattanooga),35,Trinity (Louisville),27,0,TN,KY
4,2026-09-11,Christ Presbyterian Academy (Nashville),14,Archbishop Moeller (Cincinnati),42,0,TN,
4,2026-09-11,Grace Baptist Academy,7,Middle Tennessee Christian School (Murfreesboro),55,0,TN,TN
4,2026-09-11,Oakland (Murfreesboro),29,Pearl Cohn,28,0,TN,TN
4,2026-09-11,Tri-Cities Christian Academy (Kingsport),44,Bland County (Rocky Gap),6,0,TN,VA
4,2026-09-11,Loudoun Sports Academy (Leesburg),8,Rabun Gap - Nacoochee (Rabun Gap),35,0,VA,GA
4,2026-09-11,Saint Frances Academy (Baltimore),40,Bryant (Bryant),7,0,MD,AR
4,2026-09-11,Archbishop Spalding (Severn),45,Good Counsel (Wheaton),21,0,MD,MD
4,2026-09-11,Hewlett Sports Academy (Waldorf),0,The Hun School (Princeton),69,0,MD,NJ
4,2026-09-11,Coolidge (Washington),0,Mergenthaler (Baltimore),6,1,DC,MD
4,2026-09-11,Eastern (Washington),0,Gonzaga (Washington),18,0,DC,DC
4,2026-09-11,Bell (CHEC) (Washington),14,Riverdale Baptist (Upper Marlboro),49,0,DC,MD
4,2026-09-11,Digital Pioneers Academy (Washington),28,Roosevelt (Washington),29,0,DC,DC
4,2026-09-11,Canisius (Buffalo),0,Massillon Washington (Massillon),42,0,NY,
4,2026-09-11,St Francis (Hamburg),34,Christian Brothers Academy - Syracuse (Syracuse),19,0,NY,NY
4,2026-09-11,Liverpool,38,University Prep (Rochester),24,0,NY,NY
4,2026-09-11,Health Sciences (Buffalo),46,Jamestown (Jamestown),21,0,NY,NY
4,2026-09-11,St Peter's Prep,45,Long Island St Anthony's (South Huntington),24,0,NJ,NY
4,2026-09-11,Middletown (Middletown),28,Cardinal Hayes (Bronx),30,0,DE,NY
4,2026-09-11,Cardinal Ritter (St Louis),22,Knoxville Catholic,28,0,MO,TN
4,2026-09-11,St Andrew's College (Aurora),14,Muskegon Mona Shores (Muskegon),49,0,ON,MI
4,2026-09-11,Holy Names (Windsor),14,Novi Detroit Catholic Central (Novi),56,0,ON,MI
4,2026-09-11,St Thomas More (Hamilton),14,Grand Rapids Catholic Central,45,0,ON,MI
4,2026-09-11,Huron Heights (Newmarket),0,Zeeland West (Zeeland),24,0,ON,MI
4,2026-09-11,Milton (Milton),42,Battle Ground Academy (Franklin),21,0,GA,TN
4,2026-09-11,Kubasaki (Okinawa),12,Kadena (Okinawa),18,0,JAPAN,JAPAN
