week,date,time,away,home,neutral,away_state,home_state
1,2026-08-22,1:30pm,North Oakland Bucks (club) (Auburn Hills),C4 Lions (club) (Middletown),0,MI,
2,2026-08-27,6pm,Dunbar (Dayton),Stivers (Dayton),0,,
2,2026-08-29,1pm,Eastmoor Academy (Columbus),Cincinnati College Prep (Cincinnati),0,,
2,2026-08-29,6pm,Fairport Harding (Fairport Harbor),St John School (Ashtabula),0,,
2,2026-08-29,12pm,Lorain (Lorain),Elyria (Elyria),0,,
2,2026-08-29,3pm,Millersport (Millersport),Gamble Montessori (Cincinnati),0,,
2,2026-08-29,12pm,Revere (Richfield),Garfield (Akron),0,,
2,2026-08-29,12pm,Rocky River (Rocky River),John Marshall (Cleveland),0,,
2,2026-08-29,6pm,St John's (Delphos),Lima Central Catholic (Lima),0,,
2,2026-08-29,3pm,Warrensville Heights (Warrensville Heights),John F Kennedy (Cleveland),0,,
2,2026-08-29,5pm,Peebles (club) (Peebles),Columbus Crusaders (club) (Columbus),0,,
2,2026-08-29,6pm,Expression Prep Academy (Huntington),North Adams (club) (Seaman),0,WV,
2,2026-08-29,6pm,Phelps,Shelby Valley (Pikeville),0,KY,KY
2,2026-08-29,8:30pm,Prestonsburg,Pikeville (Pikeville),0,KY,KY
2,2026-08-29,3:30pm,Farrell (Farrell),Clairton (Clairton),1,PA,PA
2,2026-08-29,6pm,DuBois,Erie (Erie),0,PA,PA
2,2026-08-29,12:05pm,Hickory (Hermitage),Westinghouse (Pittsburgh),1,PA,PA
2,2026-08-29,,Kennedy Catholic (Hermitage),Coventry Christian (Pottstown),0,PA,PA
2,2026-08-29,12pm,Imani Christian Academy (Pittsburgh),Football North (via Clarkson SS) (Mississauga),1,PA,ON
2,2026-08-29,,South Newton,Greenwood Christian,0,IN,IN
2,2026-08-29,4pm,Noblesville Lions (club) (Noblesville),Foxfire (Zanesville),0,IN,
2,2026-08-29,7pm,Tri-State King's Crusaders (club) (Harlan),St Joseph Central Catholic (Fremont),0,IN,
2,2026-08-29,,Kosciusko Thunder (club),Wabash,0,IN,IN
2,2026-08-29,,The St James Academy (Springfield),Lehi,0,VA,UT
2,2026-08-29,,Annapolis Area Christian (Annapolis),Hewlett Sports Academy (Waldorf),0,MD,MD
2,2026-08-29,4pm,Our Lady of Mount Carmel (Essex),Lutheran East (Cleveland Heights),0,MD,
2,2026-08-29,2:30pm,Mt Zion Prep (Lanham),St John's College (Washington),0,MD,DC
2,2026-08-29,7pm,Model Secondary School f/t Deaf (Washington),Indiana School for the Deaf,0,DC,IN
2,2026-08-29,4pm,Monsignor Farrell (Staten Island),Holy Spirit (Absecon),0,NY,NJ
2,2026-08-29,7pm,Mount St Michael Academy (Bronx),St Francis Prep (Fresh Meadows),0,NY,NY
2,2026-08-29,11am,The Hun School (Princeton),Skyridge (Lehi),0,NJ,UT
2,2026-08-29,6pm,Camden (Camden),Imhotep Charter (Philadelphia),0,NJ,PA
2,2026-08-29,1pm,Salem (Salem),Ironton (Ironton),0,NJ,
2,2026-08-29,,Cornerstone Christian (San Antonio),IMG Academy (Bradenton),0,TX,FL
2,2026-08-29,2pm,Bishop Gorman (Las Vegas),Christopher Columbus (Miami),0,NV,FL
2,2026-08-29,7pm,Cardinal Gibbons (Raleigh),W. A. Hough (Cornelius),1,NC,NC
2,2026-08-29,5am,Humphreys (Pyeongtaek),Kadena (Okinawa),0,SOUTH KOREA,JAPAN
2,2026-08-30,10:45am,Landmark Eagles (club) (Cincinnati),HSAA Angels (club) (Dallas),1,,TX
2,2026-08-30,1pm,Xaverian (Brooklyn),St John Catholic Prep (Buckeystown),0,NY,MD
3,2026-09-03,7pm,Africentric Early College (Columbus),Northland (Columbus),0,,
3,2026-09-03,6:30pm,Belmont (Dayton),South (Columbus),0,,
3,2026-09-03,7pm,Mapleton (Ashland),Crestline (Crestline),0,,
3,2026-09-03,7pm,Monroe Central (Woodsfield),Edison (Richmond),0,,
3,2026-09-03,6:30pm,Roger Bacon (St Bernard),Hughes (Cincinnati),0,,
3,2026-09-03,7pm,Stivers (Dayton),New Miami (Hamilton),0,,
3,2026-09-03,7pm,Adrian Lenawee Christian (Adrian),Colon,0,MI,MI
3,2026-09-03,7pm,Camden-Frontier (Camden),Tekonsha,0,MI,MI
3,2026-09-03,7pm,Dearborn Divine Child (Dearborn),Lake Fenton,0,MI,MI
3,2026-09-03,7pm,Grand Rapids Forest Hills Central,Portage Central (Portage),0,MI,MI
3,2026-09-03,7pm,North Adams-Jerome (North Adams),Athens,0,MI,MI
3,2026-09-03,7pm,Petersburg Summerfield (Petersburg),Detroit Northwestern,0,MI,MI
3,2026-09-03,7pm,Portage Northern,Muskegon Mona Shores (Muskegon),0,MI,MI
3,2026-09-03,7pm,Sand Creek (Sand Creek),Carson City-Crystal,0,MI,MI
3,2026-09-03,7pm,Bedford (Temperance),Ann Arbor Pioneer (Ann Arbor),0,MI,MI
3,2026-09-03,7pm,Waldron (Waldron),Litchfield,0,MI,MI
3,2026-09-03,7pm,Melvindale Academy for Business and Tech (Melvindale),Erie Mason (Erie),0,MI,MI
3,2026-09-03,7pm,St Joseph's Collegiate (Buffalo),Cathedral Prep (Erie),0,NY,PA
3,2026-09-03,6pm,Tottenville (Staten Island),Middletown (Middletown),0,NY,DE
3,2026-09-03,7pm,Holy Names (Windsor),Caledonia (Caledonia),0,ON,MI
3,2026-09-03,5pm,Sandwich (Windsor),Warren De La Salle (Warren),0,ON,MI
3,2026-09-04,7pm,Aiken (Cincinnati),Goshen (Goshen),0,,
3,2026-09-04,7pm,Anna (Anna),Parkway (Rockford),0,,
3,2026-09-04,7pm,Ansonia (Ansonia),National Trail (New Paris),0,,
3,2026-09-04,7pm,Arcanum (Arcanum),Dixie (New Lebanon),0,,
3,2026-09-04,5:30pm,Archbishop Alter (Kettering),Taft (Cincinnati),0,,
3,2026-09-04,7pm,Arlington (Arlington),Ada (Ada),0,,
3,2026-09-04,7pm,Austintown-Fitch (Austintown),Riverside (Painesville),0,,
3,2026-09-04,7pm,Avon (Avon),Upper Arlington (Upper Arlington),0,,
3,2026-09-04,7pm,Avon Lake (Avon Lake),Highland (Medina),0,,
3,2026-09-04,7pm,Ayersville (Defiance),Toledo Christian (Toledo),0,,
3,2026-09-04,7pm,Badin (Hamilton),Edgewood (Trenton),0,,
3,2026-09-04,7pm,Batavia (Batavia),Kenton Ridge (Springfield),0,,
3,2026-09-04,7pm,Bay (Bay Village),Firelands (Oberlin),0,,
3,2026-09-04,7pm,Beachwood (Beachwood),Vanlue (Vanlue),0,,
3,2026-09-04,7:30pm,Beaver Local (East Liverpool),St Clairsville (St Clairsville),0,,
3,2026-09-04,7pm,Bedford (Bedford),Padua Franciscan (Parma),0,,
3,2026-09-04,7pm,Bellaire (Bellaire),Barnesville (Barnesville),0,,
3,2026-09-04,7pm,Beechcroft (Columbus),Maple Heights (Maple Heights),0,,
3,2026-09-04,7pm,Bellevue (Bellevue),Shelby (Shelby),0,,
3,2026-09-04,7pm,Belpre (Belpre),Frontier (New Matamoras),0,,
3,2026-09-04,7pm,Benedictine (Cleveland),Lutheran West (Rocky River),0,,
3,2026-09-04,7pm,Berkshire (Burton),Cardinal (Middlefield),0,,
3,2026-09-04,7pm,Berne Union (Sugar Grove),Symmes Valley (Willow Wood),0,,
3,2026-09-04,7pm,Bexley (Columbus),Mifflin (Columbus),0,,
3,2026-09-04,7pm,Big Walnut (Sunbury),Reynoldsburg (Reynoldsburg),0,,
3,2026-09-04,7pm,Bishop Hartley (Columbus),Chaminade Julienne (Dayton),0,,
3,2026-09-04,7pm,Bishop Ready (Columbus),Galion (Galion),0,,
3,2026-09-04,7pm,Blanchester (Blanchester),Madison (Middletown),0,,
3,2026-09-04,7pm,Boardman (Youngstown),Liberty (Youngstown),0,,
3,2026-09-04,7pm,Bowling Green (Bowling Green),Clay (Oregon),0,,
3,2026-09-04,7pm,Bowsher (Toledo),Bluffton (Bluffton),0,,
3,2026-09-04,7pm,Brecksville-Broadview Heights (Broadview Heights),Berea-Midpark (Berea),0,,
3,2026-09-04,7pm,Bridgeport (Bridgeport),Southern (Salineville),0,,
3,2026-09-04,7pm,Brookfield (Brookfield),Toronto (Toronto),0,,
3,2026-09-04,7pm,Brookville (Brookville),Northridge (Dayton),0,,
3,2026-09-04,7pm,Brush (Lyndhurst),South (Willoughby),0,,
3,2026-09-04,7pm,Buckeye (Medina),Keystone (La Grange),0,,
3,2026-09-04,7pm,Buckeye Central (New Washington),Mohawk (Sycamore),0,,
3,2026-09-04,7pm,Buckeye Local (Rayland),Shadyside (Shadyside),0,,
3,2026-09-04,7pm,Buckeye Trail (Lore City),Newark Catholic (Newark),0,,
3,2026-09-04,7pm,Bucyrus (Bucyrus),Willard (Willard),0,,
3,2026-09-04,7pm,Butler (Vandalia),Xenia (Xenia),0,,
3,2026-09-04,7pm,Canfield (Canfield),Cardinal Mooney (Youngstown),0,,
3,2026-09-04,7pm,Carey (Carey),Lucas (Lucas),0,,
3,2026-09-04,7pm,Carlisle (Carlisle),Bethel (Tipp City),0,,
3,2026-09-04,7pm,Catholic Central (Springfield),Triad (North Lewisburg),0,,
3,2026-09-04,7pm,Catholic Central (Steubenville),Bishop Rosecrans (Zanesville),0,,
3,2026-09-04,7pm,Cedarville (Cedarville),West Liberty-Salem (West Liberty),0,,
3,2026-09-04,7pm,Celina (Celina),St Marys Memorial (St Marys),0,,
3,2026-09-04,7pm,Centennial (Columbus),West (Columbus),0,,
3,2026-09-04,7pm,Central Catholic (Toledo),Walsh Jesuit (Cuyahoga Falls),0,,
3,2026-09-04,7pm,Champion (Warren),Campbell Memorial (Campbell),0,,
3,2026-09-04,7pm,Chardon (Chardon),McDowell (Erie),0,,PA
3,2026-09-04,7pm,Chillicothe (Chillicothe),Western Brown (Mount Orab),0,,
3,2026-09-04,7pm,Cincinnati Hills Christian Academy (Cincinnati),Madeira (Cincinnati),0,,
3,2026-09-04,7pm,Claymont (Uhrichsville),Fairless (Brewster),0,,
3,2026-09-04,7pm,Clermont Northeastern (Batavia),Holy Cross (Covington),0,,KY
3,2026-09-04,7pm,Cloverleaf (Seville),Carrollton (Carrollton),0,,
3,2026-09-04,7pm,Clyde (Clyde),Ashland (Ashland),0,,
3,2026-09-04,7pm,Coldwater (Coldwater),Fort Recovery (Fort Recovery),0,,
3,2026-09-04,7pm,Colerain (Cincinnati),Princeton (Cincinnati),0,,
3,2026-09-04,7pm,Thurgood Marshall (Dayton),Washington (Washington Court House),0,,
3,2026-09-04,7pm,Columbia (Columbia Station),Manchester (New Franklin),0,,
3,2026-09-04,7pm,Columbus Academy (Gahanna),Heath (Heath),0,,
3,2026-09-04,7pm,Conneaut (Conneaut),Edgewood (Ashtabula),0,,
3,2026-09-04,7pm,Conotton Valley (Bowerston),Newcomerstown (Newcomerstown),0,,
3,2026-09-04,7pm,Crestview (Ashland),Independence (Independence),0,,
3,2026-09-04,7pm,Crestwood (Mantua),Mineral Ridge (Mineral Ridge),0,,
3,2026-09-04,7pm,Crooksville (Crooksville),Alexander (Albany),0,,
3,2026-09-04,7pm,Cuyahoga Falls (Cuyahoga Falls),Southeast (Ravenna),0,,
3,2026-09-04,7pm,Cuyahoga Valley Christian Academy (Cuyahoga Falls),Woodridge (Peninsula),0,,
3,2026-09-04,7pm,Dalton (Dalton),Mogadore (Mogadore),0,,
3,2026-09-04,7pm,Danville (Danville),Monroeville (Monroeville),0,,
3,2026-09-04,7pm,Dayton Christian (Miamisburg),Troy Christian (Troy),0,,
3,2026-09-04,7pm,Deer Park (Cincinnati),Miami Valley Christian Academy (Cincinnati),0,,
3,2026-09-04,7pm,Defiance (Defiance),Wapakoneta (Wapakoneta),0,,
3,2026-09-04,7pm,Delta (Delta),Gibsonburg (Gibsonburg),0,,
3,2026-09-04,7pm,East (Akron),Canton South (Canton),0,,
3,2026-09-04,7pm,Youngstown (Youngstown),South Range (Canfield),0,,
3,2026-09-04,7pm,Dublin Jerome (Dublin),Dublin Coffman (Dublin),0,,
3,2026-09-04,7pm,East Clinton (Sabina),Fairfield Christian Academy (Lancaster),0,,
3,2026-09-04,7pm,East Liverpool (East Liverpool),Salem (Salem),0,,
3,2026-09-04,7pm,Eastwood (Pemberville),Wauseon (Wauseon),0,,
3,2026-09-04,7pm,Eaton (Eaton),Talawanda (Oxford),0,,
3,2026-09-04,7pm,Edison (Milan),Start (Toledo),0,,
3,2026-09-04,7pm,Elyria (Elyria),Barberton (Barberton),0,,
3,2026-09-04,7pm,Euclid (Euclid),St John's Jesuit (Toledo),0,,
3,2026-09-04,7pm,Fairbanks (Milford Center),Madison-Plains (London),0,,
3,2026-09-04,6pm,Fairland (Proctorville),Tri-Cities Christian Academy (Kingsport),1,,TN
3,2026-09-04,7pm,Fairport Harding (Fairport Harbor),Grand Valley (Orwell),0,,
3,2026-09-04,7pm,Fairview (Fairview Park),Orange (Pepper Pike),0,,
3,2026-09-04,7pm,Fairview (Sherwood),Bryan (Bryan),0,,
3,2026-09-04,7pm,Fayetteville (Fayetteville),Southeastern (Chillicothe),0,,
3,2026-09-04,7pm,Federal Hocking (Stewart),Millersport (Millersport),0,,
3,2026-09-04,7pm,Bishop Fenwick (Franklin),Franklin (Franklin),0,,
3,2026-09-04,7pm,Findlay (Findlay),Springfield (Holland),0,,
3,2026-09-04,7pm,Fisher Catholic (Lancaster),Notre Dame (Portsmouth),0,,
3,2026-09-04,7pm,Fort Frye (Beverly),Wheeling Central Catholic (Wheeling),0,,WV
3,2026-09-04,7pm,Fort Loramie (Fort Loramie),Lehman Catholic (Sidney),0,,
3,2026-09-04,7pm,Garaway (Sugarcreek),Norwayne (Creston),0,,
3,2026-09-04,7pm,Garfield (Garrettsville),Springfield (New Middletown),0,,
3,2026-09-04,7pm,Garfield Heights (Garfield Heights),Hoover (North Canton),0,,
3,2026-09-04,7pm,Gilmour Academy (Gates Mills),Hawken (Gates Mills),0,,
3,2026-09-04,7pm,Graham Local (St Paris),Covington (Covington),0,,
3,2026-09-04,7pm,Green (Franklin Furnace),Manchester (Manchester),0,,
3,2026-09-04,7pm,Greenon (Enon),West Jefferson (West Jefferson),0,,
3,2026-09-04,7pm,Grove City (Grove City),Hilliard Bradley (Hilliard),0,,
3,2026-09-04,7pm,Grove City Christian (Grove City),Mount Gilead (Mount Gilead),0,,
3,2026-09-04,7pm,Marion Harding (Marion),Bellefontaine (Bellefontaine),0,,
3,2026-09-04,7pm,Warren G Harding (Warren),Perry (Massillon),0,,
3,2026-09-04,7pm,Harrison (Harrison),Beavercreek (Beavercreek),0,,
3,2026-09-04,7pm,Delaware Hayes (Delaware),Thomas Worthington (Worthington),0,,
3,2026-09-04,7pm,Hicksville (Hicksville),Edon (Edon),0,,
3,2026-09-04,7pm,Highland (Marengo),Mount Vernon (Mount Vernon),0,,
3,2026-09-04,7pm,Hillsboro (Hillsboro),Waynesville (Waynesville),0,,
3,2026-09-04,7pm,Hillsdale (Jeromesville),Loudonville (Loudonville),0,,
3,2026-09-04,7pm,Hilltop (West Unity),Antwerp (Antwerp),0,,
3,2026-09-04,7pm,Holy Name (Parma Heights),Madison (Madison),0,,
3,2026-09-04,7pm,Hopewell-Loudon (Bascom),Colonel Crawford (North Robinson),0,,
3,2026-09-04,7pm,Howland (Warren),Shaw (East Cleveland),0,,
3,2026-09-04,7pm,Huron (Huron),Genoa Area (Genoa),0,,
3,2026-09-04,7pm,Independence (Columbus),Hamilton Township (Columbus),0,,
3,2026-09-04,7pm,Indian Creek (Wintersville),Union Local (Belmont),0,,
3,2026-09-04,7pm,Indian Lake (Lewistown),Allen East (Harrod),0,,
3,2026-09-04,7pm,Indian Valley (Gnadenhutten),New Philadelphia (New Philadelphia),0,,
3,2026-09-04,7pm,Jackson (Jackson),Wheelersburg (Wheelersburg),0,,
3,2026-09-04,7pm,Jefferson (Delphos),Paulding (Paulding),0,,
3,2026-09-04,7pm,John F Kennedy (Warren),Hubbard (Hubbard),0,,
3,2026-09-04,7pm,Johnstown (Johnstown),Granville (Granville),0,,
3,2026-09-04,7pm,Jonathan Alder (Plain City),Bloom-Carroll (Carroll),0,,
3,2026-09-04,7pm,Garfield (Akron),Copley (Copley),0,,
3,2026-09-04,7pm,Kenston (Chagrin Falls),Notre Dame-Cathedral Latin (Chardon),0,,
3,2026-09-04,7pm,Kenton (Kenton),Ottawa-Glandorf (Ottawa),0,,
3,2026-09-04,7pm,Kings (Kings Mills),Loveland (Loveland),0,,
3,2026-09-04,7pm,Kirtland (Kirtland),Perry (Perry),0,,
3,2026-09-04,7pm,LaBrae (Leavittsburg),McDonald (McDonald),0,,
3,2026-09-04,7pm,Lake (Millbury),Evergreen (Metamora),0,,
3,2026-09-04,7pm,Lake (Uniontown),Rocky River (Rocky River),0,,
3,2026-09-04,7pm,Lakeview (Cortland),Jefferson Area (Jefferson),0,,
3,2026-09-04,7pm,Lakewood (Hebron),Fairfield Union (Lancaster),0,,
3,2026-09-04,7pm,Lakewood (Lakewood),Harvey (Painesville),0,,
3,2026-09-04,7pm,Lakota (Kansas),Arcadia (Arcadia),0,,
3,2026-09-04,7pm,Lakota East (Liberty Township),Oak Hills (Cincinnati),0,,
3,2026-09-04,7pm,Lakota West (West Chester),Mason (Mason),0,,
3,2026-09-04,7pm,Lancaster (Lancaster),Marysville (Marysville),0,,
3,2026-09-04,7pm,La Salle (Cincinnati),Kettering Fairmont (Kettering),0,,
3,2026-09-04,7pm,Lebanon (Lebanon),West Clermont (Cincinnati),0,,
3,2026-09-04,7pm,Leipsic (Leipsic),Riverdale (Mt Blanchard),0,,
3,2026-09-04,7pm,Lexington (Lexington),Clear Fork (Bellville),0,,
3,2026-09-04,7pm,Liberty-Benton (Findlay),Sylvania Northview (Sylvania),0,,
3,2026-09-04,7pm,Liberty Center (Liberty Center),Otsego (Tontogany),0,,
3,2026-09-04,7pm,Liberty Union (Baltimore),Meigs (Pomeroy),0,,
3,2026-09-04,7pm,Licking Heights (Pataskala),Sheridan (Thornville),0,,
3,2026-09-04,7pm,Lima Senior (Lima),Benjamin Logan (Bellefontaine),0,,
3,2026-09-04,7pm,Lima Central Catholic (Lima),Urbana (Urbana),0,,
3,2026-09-04,7pm,Gahanna Lincoln (Gahanna),Olentangy Liberty (Powell),0,,
3,2026-09-04,7pm,Linden McKinley (Columbus),Eastmoor Academy (Columbus),0,,
3,2026-09-04,7pm,Little Miami (Morrow),Anderson (Cincinnati),0,,
3,2026-09-04,7pm,London (London),Franklin Heights (Columbus),0,,
3,2026-09-04,7pm,Lorain (Lorain),Amherst Steele (Amherst),0,,
3,2026-09-04,7pm,Louisville (Louisville),Dover (Dover),0,,
3,2026-09-04,7pm,Lowellville (Lowellville),East Canton (East Canton),0,,
3,2026-09-04,7pm,Malvern (Malvern),East Palestine (East Palestine),0,,
3,2026-09-04,7pm,Margaretta (Castalia),Brookside (Sheffield),0,,
3,2026-09-04,7pm,Mariemont (Cincinnati),Williamsburg (Williamsburg),0,,
3,2026-09-04,7pm,Marietta (Marietta),Athens (The Plains),0,,
3,2026-09-04,7pm,Marion-Franklin (Columbus),Groveport Madison (Groveport),0,,
3,2026-09-04,7pm,Mathews (Vienna),Newton Falls (Newton Falls),0,,
3,2026-09-04,7pm,Maumee (Maumee),Waite (Toledo),0,,
3,2026-09-04,7pm,Mayfield (Mayfield),Shaker Heights (Shaker Heights),0,,
3,2026-09-04,7pm,Maysville (Zanesville),West Muskingum (Zanesville),0,,
3,2026-09-04,7pm,McComb (McComb),Elmwood (Bloomdale),0,,
3,2026-09-04,7pm,Niles McKinley (Niles),Ravenna (Ravenna),0,,
3,2026-09-04,7pm,Archbishop McNicholas (Cincinnati),Ironton (Ironton),0,,
3,2026-09-04,7pm,Meadowbrook (Byesville),Cambridge (Cambridge),0,,
3,2026-09-04,7pm,Meadowdale (Dayton),Purcell Marian (Cincinnati),0,,
3,2026-09-04,7pm,Mechanicsburg (Mechanicsburg),Southeastern Local (South Charleston),0,,
3,2026-09-04,7pm,Medina (Medina),Brunswick (Brunswick),0,,
3,2026-09-04,7pm,Mentor (Mentor),St Ignatius (Cleveland),0,,
3,2026-09-04,7pm,Miami East (Casstown),Northwestern (Springfield),0,,
3,2026-09-04,7:30pm,Miamisburg (Miamisburg),Hilliard Davidson (Hilliard),0,,
3,2026-09-04,7pm,Miami Trace (Washington Court House),Logan Elm (Circleville),0,,
3,2026-09-04,7pm,Middletown (Middletown),Fairfield (Fairfield),0,,
3,2026-09-04,7pm,Midview (Grafton),Elyria Catholic (Elyria),0,,
3,2026-09-04,7pm,Milford (Milford),Winton Woods (Cincinnati),0,,
3,2026-09-04,7pm,Miller (Corning),Southern (Racine),0,,
3,2026-09-04,7pm,Minford (Minford),Eastern (Beaver),0,,
3,2026-09-04,7pm,Minster (Minster),New Bremen (New Bremen),0,,
3,2026-09-04,7pm,Mississinawa Valley (Union City),Bradford (Bradford),0,,
3,2026-09-04,7pm,Archbishop Moeller (Cincinnati),Trinity (Louisville),0,,KY
3,2026-09-04,7pm,Montpelier (Montpelier),Edgerton (Edgerton),0,,
3,2026-09-04,7pm,Napoleon (Napoleon),Anthony Wayne (Whitehouse),0,,
3,2026-09-04,7pm,Nelsonville-York (Nelsonville),Dawson-Bryant (Coal Grove),0,,
3,2026-09-04,7pm,New Albany (New Albany),Dublin Scioto (Dublin),0,,
3,2026-09-04,7pm,New Lexington (New Lexington),John Glenn (New Concord),0,,
3,2026-09-04,7pm,New London (New London),Waynedale (Apple Creek),0,,
3,2026-09-04,7pm,New Richmond (New Richmond),Indian Hill (Cincinnati),0,,
3,2026-09-04,7pm,Normandy (Parma),Geneva (Geneva),0,,
3,2026-09-04,6pm,North Central (Pioneer),Cuyahoga Heights (Cuyahoga Heights),0,,
3,2026-09-04,7pm,North College Hill (Cincinnati),Bethel-Tate (Bethel),0,,
3,2026-09-04,7pm,Northeastern (South Vienna),Greeneview (Jamestown),0,,
3,2026-09-04,7pm,North Olmsted (North Olmsted),Green (Uniontown),0,,
3,2026-09-04,7pm,Northridge (Johnstown),Grandview Heights (Columbus),0,,
3,2026-09-04,7pm,North Royalton (North Royalton),North Ridgeville (North Ridgeville),0,,
3,2026-09-04,7pm,North Union (Richwood),Northmor (Galion),0,,
3,2026-09-04,7pm,Norton (Norton),Marlington (Alliance),0,,
3,2026-09-04,7pm,Norwalk (Norwalk),Madison Comprehensive (Mansfield),0,,
3,2026-09-04,7pm,Northwest (Canal Fulton),Canton Central Catholic (Canton),0,,
3,2026-09-04,7pm,Northwest (McDermott),Chesapeake (Chesapeake),0,,
3,2026-09-04,7pm,Northwood (Northwood),St Paul (Norwalk),0,,
3,2026-09-04,7pm,Oak Harbor (Oak Harbor),Port Clinton (Port Clinton),0,,
3,2026-09-04,7pm,Oak Hill (Oak Hill),River Valley (Bidwell),0,,
3,2026-09-04,7pm,Oakwood (Dayton),Milton-Union (West Milton),0,,
3,2026-09-04,7pm,Olentangy Berlin (Delaware),Centerville (Centerville),0,,
3,2026-09-04,7pm,Ontario (Ontario),Tiffin Columbian (Tiffin),0,,
3,2026-09-04,7pm,Olentangy Orange (Lewis Center),Olentangy (Lewis Center),0,,
3,2026-09-04,7pm,Paint Valley (Bainbridge),McClain (Greenfield),0,,
3,2026-09-04,7pm,Pandora-Gilboa (Pandora),Van Buren (Van Buren),0,,
3,2026-09-04,7pm,Patrick Henry (Hamler),Columbus Grove (Columbus Grove),0,,
3,2026-09-04,7pm,Ponitz Tech (Dayton),Archbishop Carroll (Dayton),0,,
3,2026-09-04,7pm,Perry (Lima),Cory-Rawson (Rawson),0,,
3,2026-09-04,7pm,Perrysburg (Perrysburg),Fremont Ross (Fremont),0,,
3,2026-09-04,7pm,Philo (Duncan Falls),Morgan (McConnelsville),0,,
3,2026-09-04,7pm,Pickerington North (Pickerington),Pickerington Central (Pickerington),0,,
3,2026-09-04,7pm,Piqua (Piqua),Greenville (Greenville),0,,
3,2026-09-04,7pm,Poland Seminary (Poland),Field (Mogadore),0,,
3,2026-09-04,7:30pm,Portsmouth (Portsmouth),Greenup County (Greenup),0,,KY
3,2026-09-04,7pm,Portsmouth West (West Portsmouth),Huntington (Chillicothe),0,,
3,2026-09-04,7pm,Preble Shawnee (Camden),Twin Valley South (West Alexandria),0,,
3,2026-09-04,7pm,Rhodes (Cleveland),Lakeside (Ashtabula),0,,
3,2026-09-04,7pm,Richmond Heights (Richmond Heights),Brooklyn (Brooklyn),0,,
3,2026-09-04,7pm,Ridgedale (Morral),North Baltimore (North Baltimore),0,,
3,2026-09-04,7pm,Ridgemont (Mt Victory),Hardin Northern (Dola),0,,
3,2026-09-04,7pm,Ridgewood (West Lafayette),Coshocton (Coshocton),0,,
3,2026-09-04,7pm,River Valley (Caledonia),Buckeye Valley (Delaware),0,,
3,2026-09-04,7pm,River View (Warsaw),Chippewa (Doylestown),0,,
3,2026-09-04,7pm,Rogers (Toledo),Rossford (Rossford),0,,
3,2026-09-04,7pm,Kent Roosevelt (Kent),Ellet (Akron),0,,
3,2026-09-04,7pm,Ross (Hamilton),Northwest (Cincinnati),0,,
3,2026-09-04,6:30pm,St Bernard-Elmwood Place (St Bernard),Shroder (Cincinnati),0,,
3,2026-09-04,7pm,St Charles (Columbus),Westerville South (Westerville),0,,
3,2026-09-04,7pm,St Edward (Lakewood),Wayne (Huber Heights),0,,
3,2026-09-04,7pm,St Francis DeSales (Columbus),East (Columbus),0,,
3,2026-09-04,7pm,St Francis de Sales (Toledo),Perkins (Sandusky),0,,
3,2026-09-04,7pm,St John's (Delphos),Marion Local (Maria Stein),0,,
3,2026-09-04,7pm,Villa Angela-St Joseph (Cleveland),Nordonia (Macedonia),0,,
3,2026-09-04,7pm,St Vincent-St Mary (Akron),Hudson (Hudson),0,,
3,2026-09-04,7pm,Sandusky (Sandusky),Canton McKinley (Canton),0,,
3,2026-09-04,7pm,Sandy Valley (Magnolia),Minerva (Minerva),0,,
3,2026-09-04,4pm,Scott (Toledo),John Hay (Cleveland),0,,
3,2026-09-04,7pm,Seneca East (Attica),Calvert (Tiffin),0,,
3,2026-09-04,7pm,Shawnee (Lima),Elida (Elida),0,,
3,2026-09-04,7pm,Shenandoah (Sarahsville),Waterford (Waterford),0,,
3,2026-09-04,7pm,Sidney (Sidney),Stebbins (Riverside),0,,
3,2026-09-04,7pm,Smithville (Smithville),Black River (Sullivan),0,,
3,2026-09-04,7pm,Solon (Solon),Twinsburg (Twinsburg),0,,
3,2026-09-04,7pm,South Central (Greenwich),Rittman (Rittman),0,,
3,2026-09-04,7pm,South Gallia (Crown City),Eastern (Reedsville),0,,
3,2026-09-04,7pm,South Point (South Point),Wellston (Wellston),0,,
3,2026-09-04,7pm,Spencerville (Spencerville),Riverside (De Graff),0,,
3,2026-09-04,6:30pm,Springboro (Springboro),Withrow (Cincinnati),0,,
3,2026-09-04,7pm,Springfield (Akron),Coventry (Coventry Twp),0,,
3,2026-09-04,7pm,Strasburg-Franklin (Strasburg),Harrison Central (Cadiz),0,,
3,2026-09-04,7pm,Streetsboro (Streetsboro),Alliance (Alliance),0,,
3,2026-09-04,7pm,Strongsville (Strongsville),Olmsted Falls (Olmsted Falls),0,,
3,2026-09-04,7pm,Struthers (Struthers),West Branch (Beloit),0,,
3,2026-09-04,7pm,Swanton (Swanton),Ottawa Hills (Toledo),0,,
3,2026-09-04,7pm,Sycamore (Cincinnati),Hamilton (Hamilton),0,,
3,2026-09-04,7pm,Tallmadge (Tallmadge),Aurora (Aurora),0,,
3,2026-09-04,7:30pm,Taylor (Cleves),Lawrenceburg (Lawrenceburg),0,,IN
3,2026-09-04,7pm,Teays Valley (Ashville),Licking Valley (Newark),0,,
3,2026-09-04,7pm,Tecumseh (New Carlisle),Shawnee (Springfield),0,,
3,2026-09-04,7pm,Tinora (Defiance),Archbold (Archbold),0,,
3,2026-09-04,7pm,Tippecanoe (Tipp City),Fairborn (Fairborn),0,,
3,2026-09-04,7pm,Trimble (Glouster),Vinton County (McArthur),0,,
3,2026-09-04,7pm,Trinity (Garfield Heights),Rootstown (Rootstown),0,,
3,2026-09-04,7pm,Tri-Valley (Dresden),Clinton-Massie (Clarksville),0,,
3,2026-09-04,7pm,Tri-Village (New Madison),Tri-County North (Lewisburg),0,,
3,2026-09-04,7pm,Trotwood-Madison (Trotwood),Springfield (Springfield),0,,
3,2026-09-04,7pm,Turpin (Cincinnati),Walnut Hills (Cincinnati),0,,
3,2026-09-04,7pm,Tuscarawas Central Catholic (New Philadelphia),St Thomas Aquinas (Louisville),0,,
3,2026-09-04,7pm,Tuscarawas Valley (Zoarville),East Knox (Howard),0,,
3,2026-09-04,7pm,Tuslaw (Massillon),Caldwell (Caldwell),0,,
3,2026-09-04,7pm,Unioto (Chillicothe),Waverly (Waverly),0,,
3,2026-09-04,7pm,United (Hanoverton),Crestview (Columbiana),0,,
3,2026-09-04,7pm,University School (Hunting Valley),North (Eastlake),0,,
3,2026-09-04,7pm,Upper Scioto Valley (McGuffey),Cardington-Lincoln (Cardington),0,,
3,2026-09-04,7pm,Utica (Utica),Fredericktown (Fredericktown),0,,
3,2026-09-04,7pm,Valley (Lucasville),Piketon (Piketon),0,,
3,2026-09-04,7pm,Valley Forge (Parma Heights),Revere (Richfield),0,,
3,2026-09-04,7pm,Valley View (Germantown),Bellbrook (Bellbrook),0,,
3,2026-09-04,7pm,Van Wert (Van Wert),Bath (Lima),0,,
3,2026-09-04,7pm,Vermilion (Vermilion),Clearview (Lorain),0,,
3,2026-09-04,7pm,Versailles (Versailles),St Henry (St Henry),0,,
3,2026-09-04,7pm,Wadsworth (Wadsworth),Jackson (Massillon),0,,
3,2026-09-04,7pm,Walnut Ridge (Columbus),Hilliard Darby (Hilliard),0,,
3,2026-09-04,7pm,Warren (Vincent),Logan (Logan),0,,
3,2026-09-04,7pm,Warrensville Heights (Warrensville Heights),Westlake (Westlake),0,,
3,2026-09-04,7pm,Waterloo (Atwater),Lisbon David Anderson (Lisbon),0,,
3,2026-09-04,7pm,Watkins Memorial (Pataskala),Mansfield Senior (Mansfield),0,,
3,2026-09-04,7pm,Waynesfield-Goshen (Waynesfield),Elgin (Marion),0,,
3,2026-09-04,7pm,Wayne Trace (Haviland),Crestview (Convoy),0,,
3,2026-09-04,7pm,Wellsville (Wellsville),Leetonia (Leetonia),0,,
3,2026-09-04,7pm,West Carrollton (West Carrollton),Troy (Troy),0,,
3,2026-09-04,7pm,Western Hills (Cincinnati),Cincinnati Country Day (Cincinnati),0,,
3,2026-09-04,7pm,Western Reserve (Berlin Center),Columbiana (Columbiana),0,,
3,2026-09-04,7pm,Western Reserve (Collins),Northwestern (West Salem),0,,
3,2026-09-04,6pm,Westerville North (Westerville),Westerville Central (Westerville),0,,
3,2026-09-04,7pm,Westfall (Williamsport),Circleville (Circleville),0,,
3,2026-09-04,7pm,West Geauga (Chesterland),Chagrin Falls (Chagrin Falls),0,,
3,2026-09-04,7pm,West Holmes (Millersburg),Orrville (Orrville),0,,
3,2026-09-04,7pm,Westland (Galloway),Central Crossing (Grove City),0,,
3,2026-09-04,7pm,Whetstone (Columbus),Briggs (Columbus),0,,
3,2026-09-04,7pm,Whitehall-Yearling (Whitehall),Pleasant (Marion),0,,
3,2026-09-04,7pm,Whitmer (Toledo),Sylvania Southview (Sylvania),0,,
3,2026-09-04,6pm,Wickliffe (Wickliffe),Woodward (Toledo),0,,
3,2026-09-04,7pm,Wilmington (Wilmington),Mount Healthy (Cincinnati),0,,
3,2026-09-04,7pm,Woodmore (Elmore),Fostoria (Fostoria),0,,
3,2026-09-04,7pm,Woodward (Cincinnati),Reading (Reading),0,,
3,2026-09-04,7pm,Wooster (Wooster),Triway (Wooster),0,,
3,2026-09-04,7pm,Worthington Christian (Worthington),Centerburg (Centerburg),0,,
3,2026-09-04,7pm,Worthington Kilbourne (Columbus),Canal Winchester (Canal Winchester),0,,
3,2026-09-04,7pm,Wynford (Bucyrus),Upper Sandusky (Upper Sandusky),0,,
3,2026-09-04,7pm,Wyoming (Cincinnati),Monroe (Monroe),0,,
3,2026-09-04,7pm,Zanesville (Zanesville),Newark (Newark),0,,
3,2026-09-04,7pm,Zane Trace (Chillicothe),Amanda-Clearcreek (Amanda),0,,
3,2026-09-04,7pm,Clark Montessori (Cincinnati),Finneytown (Cincinnati),0,,
3,2026-09-04,7pm,Cincinnati College Prep (Cincinnati),Dunbar (Dayton),0,,
3,2026-09-04,7pm,Gamble Montessori (Cincinnati),Norwood (Norwood),0,,
3,2026-09-04,7pm,KIPP Columbus (Columbus),Northmont (Clayton),0,,
3,2026-09-04,7pm,West Union (club) (West Union),Sciotoville Community (Portsmouth),0,,
3,2026-09-04,7pm,Oak Glen (New Cumberland),River (Hannibal),0,WV,
3,2026-09-04,7pm,Point Pleasant (Point Pleasant),Gallia Academy (Gallipolis),0,WV,
3,2026-09-04,7pm,St Marys (St Marys),Webster County,0,WV,WV
3,2026-09-04,7pm,Valley (Wetzel) (Pine Grove),Cameron (Cameron),0,WV,WV
3,2026-09-04,7pm,Van (Van),Madonna (Weirton),0,WV,WV
3,2026-09-04,7pm,Wahama (Mason),Midland Trail,0,WV,WV
3,2026-09-04,7pm,Weir (Weirton),John Marshall (Glen Dale),0,WV,WV
3,2026-09-04,7pm,Williamstown (Williamstown),Tyler Consolidated,0,WV,WV
3,2026-09-04,7pm,Wirt County (Elizabeth),Magnolia (New Martinsville),0,WV,WV
3,2026-09-04,7pm,Spring Mills (Martinsburg),Wheeling Park (Wheeling),0,WV,WV
3,2026-09-04,7pm,Linsly (Wheeling),Steubenville (Steubenville),0,WV,
3,2026-09-04,7:30pm,Expression Prep Academy (Huntington),Greater Beckley Christian,0,WV,WV
3,2026-09-04,7:30pm,Belfry (Belfry),Johnson Central,0,KY,KY
3,2026-09-04,7:30pm,Boyd County (Ashland),East Carter,0,KY,KY
3,2026-09-04,7:30pm,Bryan Station,Corbin (Corbin),0,KY,KY
3,2026-09-04,7pm,Conner (Hebron),Lloyd Memorial (Erlanger),0,KY,KY
3,2026-09-04,7:30pm,Dixie Heights (Edgewood),Beechwood (Fort Mitchell),0,KY,KY
3,2026-09-04,7:30pm,Fairview (Ashland),Berea,0,KY,KY
3,2026-09-04,7pm,Highlands (Fort Thomas),Campbell County (Alexandria),0,KY,KY
3,2026-09-04,7:30pm,Lawrence County,Ashland Blazer (Ashland),0,KY,KY
3,2026-09-04,7pm,Newport Central Catholic,Boone County,0,KY,KY
3,2026-09-04,7:30pm,Nicholas County,Lewis County (Vanceburg),0,KY,KY
3,2026-09-04,8:30pm,Pikeville (Pikeville),Raceland (Raceland),0,KY,KY
3,2026-09-04,7:30pm,Ryle (Union),Cooper (Union),0,KY,KY
3,2026-09-04,7pm,Simon Kenton (Independence),Covington Catholic (Park Hills),0,KY,KY
3,2026-09-04,7:30pm,Somerset (Somerset),Pulaski Southwestern,0,KY,KY
3,2026-09-04,7pm,St Xavier (Louisville),Male (Louisville),0,KY,KY
3,2026-09-04,7:30pm,West Carter,Russell (Russell),0,KY,KY
3,2026-09-04,7pm,Davison,Novi Detroit Catholic Central (Novi),0,MI,MI
3,2026-09-04,7pm,Detroit King (Detroit),Orchard Lake St Mary (Orchard Lake),0,MI,MI
3,2026-09-04,7pm,Lumen Christi (Jackson),Harvest Prep (Canal Winchester),0,MI,
3,2026-09-04,7pm,Pewamo-Westphalia,Ottawa Lake Whiteford (Ottawa Lake),0,MI,MI
3,2026-09-04,7pm,River Rouge (River Rouge),Brother Rice (Bloomfield Hills),0,MI,MI
3,2026-09-04,7pm,Steelton Highspire,Westinghouse (Pittsburgh),0,PA,PA
3,2026-09-04,7pm,Everett (Everett),Mount Union,0,PA,PA
3,2026-09-04,,New Castle (New Castle),Imani Christian Academy (Pittsburgh),0,PA,PA
3,2026-09-04,7pm,West Allegheny,Pine-Richland (Gibsonia),0,PA,PA
3,2026-09-04,7pm,Seton LaSalle,Western Beaver (Industry),0,PA,PA
3,2026-09-04,7pm,Jeannette (Jeannette),Southmoreland,0,PA,PA
3,2026-09-04,7pm,Taylor Allderdice (Pittsburgh),Butler (Butler),0,PA,PA
3,2026-09-04,7pm,Brashear (Pittsburgh),Martins Ferry (Martins Ferry),0,PA,
3,2026-09-04,7pm,Carrick (Pittsburgh),Baldwin,0,PA,PA
3,2026-09-04,7pm,Perry Traditional Academy (Pittsburgh),Shady Side Academy,0,PA,PA
3,2026-09-04,6pm,Meadville,Erie (Erie),0,PA,PA
3,2026-09-04,7pm,Lakeview,Farrell (Farrell),0,PA,PA
3,2026-09-04,7pm,University Prep (USO co-op) (Pittsburgh),Girard (Girard),0,PA,
3,2026-09-04,7pm,Saint Joseph's Prep (Philadelphia),Brentwood Academy (Brentwood),0,PA,TN
3,2026-09-04,7pm,East Central (St Leon),Elder (Cincinnati),0,IN,
3,2026-09-04,7pm,Fort Wayne Wayne,Bishop Dwenger (Fort Wayne),0,IN,IN
3,2026-09-04,7pm,Hamilton Heights (Arcadia),Logansport,0,IN,IN
3,2026-09-04,7pm,Indianapolis Arsenal Technical (Indianapolis),Southport (Indianapolis),0,IN,IN
3,2026-09-04,7pm,Bishop Chatard (Indianapolis),Roncalli (Indianapolis),0,IN,IN
3,2026-09-04,7pm,Cardinal Ritter (Indianapolis),Providence,0,IN,IN
3,2026-09-04,7pm,Cathedral (Indianapolis),St Xavier (Cincinnati),0,IN,
3,2026-09-04,7pm,Richmond (Richmond),Crispus Attucks (Indianapolis),0,IN,IN
3,2026-09-04,7pm,South Dearborn (Aurora),Batesville,0,IN,IN
3,2026-09-04,7:30pm,South Newton,Indiana School for the Deaf,0,IN,IN
3,2026-09-04,7:30pm,Terre Haute North Vigo,Bloomington South (Bloomington),0,IN,IN
3,2026-09-04,7pm,Wes-Del (Gaston),Blackhawk Christian (Fort Wayne),0,IN,IN
3,2026-09-04,7pm,Indianapolis Crimson Knights (club),Christel House - Manual (Indianapolis),0,IN,IN
3,2026-09-04,8pm,Osceola Grace (club) (Elkhart),Noblesville Lions (club) (Noblesville),0,IN,IN
3,2026-09-04,7pm,Baylor (Chattanooga),Rabun Gap - Nacoochee (Rabun Gap),0,TN,GA
3,2026-09-04,7pm,Christ Presbyterian Academy (Nashville),Tupelo (Tupelo),0,TN,MS
3,2026-09-04,7pm,Middle Tennessee Christian School (Murfreesboro),Rock Hill (Ironton),0,TN,
3,2026-09-04,8pm,Smyrna,Oakland (Murfreesboro),0,TN,TN
3,2026-09-04,7:30pm,Castlewood,Phelps,0,VA,KY
3,2026-09-04,,Bishop Ireton (Alexandria),Our Lady of Mount Carmel (Essex),0,VA,MD
3,2026-09-04,,The St James Academy (Springfield),Paramus Catholic (Paramus),0,VA,NJ
3,2026-09-04,,Saint Frances Academy (Baltimore),Vero Beach (Vero Beach),0,MD,FL
3,2026-09-04,7pm,Riverdale Baptist (Upper Marlboro),North East (North East),0,MD,MD
3,2026-09-04,,Mt Zion Prep (Lanham),Hewlett Sports Academy (Waldorf),0,MD,MD
3,2026-09-04,6:30pm,Coolidge (Washington),Gonzaga (Washington),0,DC,DC
3,2026-09-04,6pm,Archbishop Carroll (Washington),Friendship Collegiate (Washington),0,DC,DC
3,2026-09-04,9pm,St Francis (Hamburg),Lewis J Bennett (Buffalo),1,NY,NY
3,2026-09-04,6pm,Long Island St Anthony's (South Huntington),Red Bank Catholic (Red Bank),0,NY,NJ
3,2026-09-04,5pm,University Prep (Rochester),Bishop Timon - St Jude (Buffalo),0,NY,NY
3,2026-09-04,7pm,Iona Prep (New Rochelle),Christian Brothers Academy - Syracuse (Syracuse),0,NY,NY
3,2026-09-04,1pm,Eagle Academy for Young Men III (Jamaica),St John the Baptist (West Islip),0,NY,NY
3,2026-09-04,7pm,Eagle Academy for Young Men II (Brooklyn),Archbishop Hoban (Akron),0,NY,
3,2026-09-04,7pm,Bergen Catholic (Oradell),Good Counsel (Wheaton),0,NJ,MD
3,2026-09-04,,Cornerstone Christian (San Antonio),Center (Center),0,TX,TX
3,2026-09-04,,Legacy Sport Sciences (Spring),St Charles Catholic (LaPlace),0,TX,LA
3,2026-09-04,8pm,De Smet Jesuit (St Louis),Cardinal Ritter (St Louis),0,MO,MO
3,2026-09-04,7pm,Football North (via Clarkson SS) (Mississauga),Glenville (Cleveland),0,ON,
3,2026-09-04,9pm,Bishop Gorman (Las Vegas),Lone Peak,0,NV,UT
3,2026-09-04,7pm,Wekiva (Apopka),West Orange (Winter Garden),0,FL,FL
3,2026-09-04,7pm,Cardinal Gibbons (Raleigh),Southern Durham (Durham),0,NC,NC
3,2026-09-04,5am,"American School in Japan (Chōfu, Tokyo)",Humphreys (Pyeongtaek),0,JAPAN,SOUTH KOREA
3,2026-09-04,,NFL Academy (Loughborough),Massillon Washington (Massillon),0,UK,
3,2026-09-05,7pm,Adena (Frankfort),Landmark Eagles (club) (Cincinnati),0,,
3,2026-09-05,7pm,Bishop Watterson (Columbus),Ursuline (Youngstown),0,,
3,2026-09-05,12pm,Cleveland Central Catholic (Cleveland),John Marshall (Cleveland),0,,
3,2026-09-05,7pm,Cleveland Heights (Cleveland Heights),GlenOak (Canton),1,,
3,2026-09-05,7pm,Firestone (Akron),Lutheran East (Cleveland Heights),0,,
3,2026-09-05,4pm,Holgate (Holgate),Kennedy Catholic (Hermitage),0,,PA
3,2026-09-05,6pm,Jackson-Milton (North Jackson),St John School (Ashtabula),0,,
3,2026-09-05,2pm,Lake Catholic (Mentor),Buchtel (Akron),0,,
3,2026-09-05,6pm,Sebring McKinley (Sebring),Danbury (Lakeside),0,,
3,2026-09-05,12pm,North (Akron),East Technical (Cleveland),0,,
3,2026-09-05,7pm,Plymouth (Plymouth),St Mary Central Catholic (Sandusky),0,,
3,2026-09-05,7pm,Pymatuning Valley (Andover),Valley Christian School (Youngstown),0,,
3,2026-09-05,6pm,St Joseph Central Catholic (Fremont),Chalker (Southington),0,,
3,2026-09-05,1pm,Stryker (Stryker),Windham (Windham),0,,
3,2026-09-05,5pm,Columbus Crusaders (club) (Columbus),Phalen Academy,0,,IN
3,2026-09-05,5pm,C4 Lions (club) (Middletown),North Adams (club) (Seaman),0,,
3,2026-09-05,3:30pm,Foxfire (Zanesville),Peebles (club) (Peebles),0,,
3,2026-09-05,3pm,Morristown,Tri-State King's Crusaders (club) (Harlan),0,IN,IN
3,2026-09-05,,Kosciusko Thunder (club),Greenwood Christian,0,IN,IN
3,2026-09-05,4pm,Loudoun Sports Academy (Leesburg),The Hun School (Princeton),0,VA,NJ
3,2026-09-05,8pm,Eleanor Roosevelt (Greenbelt),Digital Pioneers Academy (Washington),0,MD,DC
3,2026-09-05,7pm,DeMatha Catholic (Hyattsville),Imhotep Charter (Philadelphia),0,MD,PA
3,2026-09-05,2pm,St John's College (Washington),Archbishop Spalding (Severn),1,DC,MD
3,2026-09-05,3pm,St Francis Prep (Fresh Meadows),Stow-Munroe Falls (Stow),1,NY,
3,2026-09-05,6pm,Health Sciences (Buffalo),Canisius (Buffalo),1,NY,NY
3,2026-09-05,,St Thomas More (Oakdale),St Peter's Prep,0,CT,NJ
3,2026-09-05,12pm,Paulsboro (Paulsboro),Salem (Salem),0,NJ,NJ
3,2026-09-05,,IMG Academy (Bradenton),Saint Louis School,0,FL,HI
4,2026-09-10,7pm,Aurora (Aurora),Mayfield (Mayfield),0,,
4,2026-09-10,7pm,Beachwood (Beachwood),Fairport Harding (Fairport Harbor),0,,
4,2026-09-10,7pm,Chagrin Falls (Chagrin Falls),Fairview (Fairview Park),0,,
4,2026-09-10,7pm,Twinsburg (Twinsburg),Revere (Richfield),0,,
4,2026-09-10,7pm,Copley (Copley),Kenston (Chagrin Falls),0,,
4,2026-09-10,7pm,Sciotoville Community (Portsmouth),Manchester (Manchester),0,,
4,2026-09-10,7pm,Grandview Heights (Columbus),Bexley (Columbus),0,,
4,2026-09-10,7pm,Granville (Granville),Columbus Academy (Gahanna),0,,
4,2026-09-10,7pm,Lutheran West (Rocky River),Orange (Pepper Pike),0,,
4,2026-09-10,7pm,Riverside (Painesville),Shaker Heights (Shaker Heights),0,,
4,2026-09-10,7pm,St Thomas Aquinas (Louisville),North (Akron),0,,
4,2026-09-10,6pm,Scott (Toledo),Start (Toledo),0,,
4,2026-09-10,7pm,Solon (Solon),Wadsworth (Wadsworth),0,,
4,2026-09-10,7pm,University School (Hunting Valley),Grand Valley (Orwell),0,,
4,2026-09-10,7pm,West Geauga (Chesterland),Hawken (Gates Mills),0,,
4,2026-09-10,7pm,Whetstone (Columbus),Beechcroft (Columbus),0,,
4,2026-09-10,6pm,Stivers (Dayton),Belmont (Dayton),0,,
4,2026-09-10,7pm,Cincinnati College Prep (Cincinnati),Cincinnati Country Day (Cincinnati),0,,
4,2026-09-10,7pm,Leechburg,Perry Traditional Academy (Pittsburgh),0,PA,PA
4,2026-09-10,7pm,Taylor Allderdice (Pittsburgh),Clairton (Clairton),0,PA,PA
4,2026-09-10,,Dundalk (Baltimore),Our Lady of Mount Carmel (Essex),0,MD,MD
4,2026-09-10,,Mt Zion Prep (Lanham),McDonogh School (Owings Mills),0,MD,MD
4,2026-09-10,6pm,Dunbar (Washington),Dunbar (Baltimore),1,DC,MD
4,2026-09-10,7pm,Ocoee (Ocoee),West Orange (Winter Garden),0,FL,FL
4,2026-09-10,7pm,Southeast Raleigh (Raleigh),Cardinal Gibbons (Raleigh),0,NC,NC
4,2026-09-11,7pm,Adena (Frankfort),Paint Valley (Bainbridge),0,,
4,2026-09-11,7pm,Africentric Early College (Columbus),Briggs (Columbus),0,,
4,2026-09-11,7pm,Allen East (Harrod),Bluffton (Bluffton),0,,
4,2026-09-11,7pm,Alliance (Alliance),Salem (Salem),0,,
4,2026-09-11,7pm,Anderson (Cincinnati),Lebanon (Lebanon),0,,
4,2026-09-11,7pm,Anthony Wayne (Whitehouse),Liberty-Benton (Findlay),0,,
4,2026-09-11,7pm,Archbishop Alter (Kettering),Trotwood-Madison (Trotwood),0,,
4,2026-09-11,7pm,Lakeside (Ashtabula),South (Willoughby),0,,
4,2026-09-11,7pm,Athens (The Plains),Alexander (Albany),0,,
4,2026-09-11,7pm,Ayersville (Defiance),Wayne Trace (Haviland),0,,
4,2026-09-11,7pm,Badin (Hamilton),Bishop Hartley (Columbus),0,,
4,2026-09-11,7pm,Barnesville (Barnesville),Buckeye Local (Rayland),0,,
4,2026-09-11,7pm,Batavia (Batavia),Miami Trace (Washington Court House),0,,
4,2026-09-11,7pm,Bath (Lima),Shawnee (Lima),0,,
4,2026-09-11,7pm,Bay (Bay Village),Buckeye (Medina),0,,
4,2026-09-11,7pm,Beaver Local (East Liverpool),East Liverpool (East Liverpool),0,,
4,2026-09-11,7pm,Bellevue (Bellevue),Norwalk (Norwalk),0,,
4,2026-09-11,7:30pm,Belpre (Belpre),St Marys (St Marys),0,,WV
4,2026-09-11,7pm,Benjamin Logan (Bellefontaine),Bellefontaine (Bellefontaine),0,,
4,2026-09-11,7pm,Berkshire (Burton),Conneaut (Conneaut),0,,
4,2026-09-11,7pm,Berne Union (Sugar Grove),Miller (Corning),0,,
4,2026-09-11,7pm,Bishop Ready (Columbus),St Charles (Columbus),0,,
4,2026-09-11,7pm,Bishop Rosecrans (Zanesville),Grove City Christian (Grove City),0,,
4,2026-09-11,7pm,Bloom-Carroll (Carroll),Liberty Union (Baltimore),0,,
4,2026-09-11,7pm,Bradford (Bradford),Arcanum (Arcanum),0,,
4,2026-09-11,7pm,Brecksville-Broadview Heights (Broadview Heights),Barberton (Barberton),0,,
4,2026-09-11,7pm,Bridgeport (Bridgeport),Federal Hocking (Stewart),0,,
4,2026-09-11,7pm,Brookfield (Brookfield),Champion (Warren),0,,
4,2026-09-11,7pm,Brooklyn (Brooklyn),Cuyahoga Heights (Cuyahoga Heights),0,,
4,2026-09-11,7pm,Brookville (Brookville),Waynesville (Waynesville),0,,
4,2026-09-11,7pm,Brunswick (Brunswick),Mentor (Mentor),0,,
4,2026-09-11,7pm,Brush (Lyndhurst),Bedford (Bedford),0,,
4,2026-09-11,7pm,Buckeye Central (New Washington),Wynford (Bucyrus),0,,
4,2026-09-11,7pm,Buckeye Valley (Delaware),Licking Heights (Pataskala),0,,
4,2026-09-11,7pm,Harrison Central (Cadiz),Union Local (Belmont),0,,
4,2026-09-11,7pm,Caldwell (Caldwell),Monroe Central (Woodsfield),0,,
4,2026-09-11,7pm,Calvert (Tiffin),Colonel Crawford (North Robinson),0,,
4,2026-09-11,7pm,Cambridge (Cambridge),Brooke (Wellsburg),0,,WV
4,2026-09-11,7pm,Canton McKinley (Canton),GlenOak (Canton),0,,
4,2026-09-11,7pm,Cardinal (Middlefield),Leetonia (Leetonia),0,,
4,2026-09-11,7pm,Cardington-Lincoln (Cardington),Northmor (Galion),0,,
4,2026-09-11,7pm,Carlisle (Carlisle),Valley View (Germantown),0,,
4,2026-09-11,7pm,Carrollton (Carrollton),Claymont (Uhrichsville),0,,
4,2026-09-11,7pm,Catholic Central (Steubenville),Toronto (Toronto),0,,
4,2026-09-11,7pm,Centennial (Columbus),Linden McKinley (Columbus),0,,
4,2026-09-11,7pm,Centerville (Centerville),Kettering Fairmont (Kettering),0,,
4,2026-09-11,7pm,Canton Central Catholic (Canton),Ellet (Akron),0,,
4,2026-09-11,7pm,Central Catholic (Toledo),St Francis de Sales (Toledo),0,,
4,2026-09-11,7pm,Toledo Christian (Toledo),Vanlue (Vanlue),0,,
4,2026-09-11,7pm,Central Crossing (Grove City),Olentangy (Lewis Center),0,,
4,2026-09-11,7pm,Chaminade Julienne (Dayton),Bellbrook (Bellbrook),0,,
4,2026-09-11,7pm,Chardon (Chardon),Madison (Madison),0,,
4,2026-09-11,7pm,Chillicothe (Chillicothe),Hamilton Township (Columbus),0,,
4,2026-09-11,7pm,Chippewa (Doylestown),Northwestern (West Salem),0,,
4,2026-09-11,7pm,Circleville (Circleville),Amanda-Clearcreek (Amanda),0,,
4,2026-09-11,7pm,Clay (Oregon),Napoleon (Napoleon),0,,
4,2026-09-11,7pm,Clear Fork (Bellville),Ontario (Ontario),0,,
4,2026-09-11,7pm,Clearview (Lorain),Black River (Sullivan),0,,
4,2026-09-11,7pm,Cleveland Heights (Cleveland Heights),Strongsville (Strongsville),0,,
4,2026-09-11,7pm,Clinton-Massie (Clarksville),Blanchester (Blanchester),0,,
4,2026-09-11,7pm,Thurgood Marshall (Dayton),Woodward (Cincinnati),0,,
4,2026-09-11,7pm,Columbia (Columbia Station),Wellington (Wellington),0,,
4,2026-09-11,7pm,Columbiana (Columbiana),United (Hanoverton),0,,
4,2026-09-11,7pm,Conotton Valley (Bowerston),Strasburg-Franklin (Strasburg),0,,
4,2026-09-11,7pm,Cory-Rawson (Rawson),Waynesfield-Goshen (Waynesfield),0,,
4,2026-09-11,7pm,Coshocton (Coshocton),Meadowbrook (Byesville),0,,
4,2026-09-11,7pm,Crestview (Ashland),New London (New London),0,,
4,2026-09-11,7pm,Crestview (Convoy),Spencerville (Spencerville),0,,
4,2026-09-11,7pm,Crooksville (Crooksville),New Lexington (New Lexington),0,,
4,2026-09-11,7pm,Cuyahoga Falls (Cuyahoga Falls),Cloverleaf (Seville),0,,
4,2026-09-11,7pm,Dalton (Dalton),Hillsdale (Jeromesville),0,,
4,2026-09-11,7pm,Dawson-Bryant (Coal Grove),Chesapeake (Chesapeake),0,,
4,2026-09-11,7pm,Deer Park (Cincinnati),Reading (Reading),0,,
4,2026-09-11,7pm,Delta (Delta),Archbold (Archbold),0,,
4,2026-09-11,7pm,Dixie (New Lebanon),Preble Shawnee (Camden),0,,
4,2026-09-11,7pm,Dover (Dover),Lexington (Lexington),0,,
4,2026-09-11,7pm,Dublin Coffman (Dublin),Pickerington North (Pickerington),0,,
4,2026-09-11,7pm,Dunbar (Dayton),St Bernard-Elmwood Place (St Bernard),0,,
4,2026-09-11,7pm,East (Akron),Coventry (Coventry Twp),0,,
4,2026-09-11,7pm,East (Columbus),Mifflin (Columbus),0,,
4,2026-09-11,7pm,Eastern (Beaver),Eastern (Reedsville),0,,
4,2026-09-11,7pm,East Knox (Howard),Centerburg (Centerburg),0,,
4,2026-09-11,7pm,East Palestine (East Palestine),Lisbon David Anderson (Lisbon),0,,
4,2026-09-11,4pm,East Technical (Cleveland),John Hay (Cleveland),0,,
4,2026-09-11,7pm,Eastwood (Pemberville),Rossford (Rossford),0,,
4,2026-09-11,7pm,Edgerton (Edgerton),Tinora (Defiance),0,,
4,2026-09-11,7pm,Edon (Edon),Petersburg Summerfield (Petersburg),0,,MI
4,2026-09-11,7pm,Elgin (Marion),Woodmore (Elmore),0,,
4,2026-09-11,7pm,Elida (Elida),Kenton (Kenton),0,,
4,2026-09-11,7pm,Elmwood (Bloomdale),Arcadia (Arcadia),0,,
4,2026-09-11,7pm,Elyria Catholic (Elyria),Vermilion (Vermilion),0,,
4,2026-09-11,7pm,Euclid (Euclid),Lorain (Lorain),0,,
4,2026-09-11,7pm,Evergreen (Metamora),Wauseon (Wauseon),0,,
4,2026-09-11,7pm,Fairfield (Fairfield),Colerain (Cincinnati),0,,
4,2026-09-11,7pm,Fairfield Christian Academy (Lancaster),Fisher Catholic (Lancaster),0,,
4,2026-09-11,7pm,Fairfield Union (Lancaster),Logan Elm (Circleville),0,,
4,2026-09-11,7pm,Fairland (Proctorville),Rock Hill (Ironton),0,,
4,2026-09-11,7pm,Fairview (Sherwood),Hicksville (Hicksville),0,,
4,2026-09-11,7pm,Fayetteville (Fayetteville),New Miami (Hamilton),0,,
4,2026-09-11,7pm,Bishop Fenwick (Franklin),Edgewood (Trenton),0,,
4,2026-09-11,7pm,Field (Mogadore),Woodridge (Peninsula),0,,
4,2026-09-11,7pm,Finneytown (Cincinnati),Madeira (Cincinnati),0,,
4,2026-09-11,7pm,Firelands (Oberlin),Brookside (Sheffield),0,,
4,2026-09-11,7pm,Firestone (Akron),St Vincent-St Mary (Akron),0,,
4,2026-09-11,7pm,Fort Recovery (Fort Recovery),St John's (Delphos),0,,
4,2026-09-11,7pm,Franklin Heights (Columbus),KIPP Columbus (Columbus),0,,
4,2026-09-11,7pm,Fredericktown (Fredericktown),Danville (Danville),0,,
4,2026-09-11,7pm,Fremont Ross (Fremont),Whitmer (Toledo),0,,
4,2026-09-11,7pm,Gallia Academy (Gallipolis),Portsmouth (Portsmouth),0,,
4,2026-09-11,7pm,Geneva (Geneva),Edgewood (Ashtabula),0,,
4,2026-09-11,7pm,Gibsonburg (Gibsonburg),McComb (McComb),0,,
4,2026-09-11,7pm,Girard (Girard),Struthers (Struthers),0,,
4,2026-09-11,7pm,Glenville (Cleveland),Bishop Watterson (Columbus),0,,
4,2026-09-11,7pm,Goshen (Goshen),Bethel-Tate (Bethel),0,,
4,2026-09-11,7pm,Graham Local (St Paris),Urbana (Urbana),0,,
4,2026-09-11,7pm,Green (Uniontown),Hoover (North Canton),0,,
4,2026-09-11,7pm,Greeneview (Jamestown),Fairbanks (Milford Center),0,,
4,2026-09-11,7pm,Greenville (Greenville),Fairborn (Fairborn),0,,
4,2026-09-11,7pm,Hamilton (Hamilton),Lakota West (West Chester),0,,
4,2026-09-11,7pm,Hardin Northern (Dola),Ridgedale (Morral),0,,
4,2026-09-11,7pm,Harvey (Painesville),North (Eastlake),0,,
4,2026-09-11,7pm,Delaware Hayes (Delaware),Big Walnut (Sunbury),0,,
4,2026-09-11,7pm,Heath (Heath),Washington (Washington Court House),0,,
4,2026-09-11,7pm,Highland (Marengo),Marion Harding (Marion),0,,
4,2026-09-11,7pm,Hilliard Davidson (Hilliard),Hilliard Darby (Hilliard),0,,
4,2026-09-11,7pm,Archbishop Hoban (Akron),St Edward (Lakewood),0,,
4,2026-09-11,7pm,Howland (Warren),West Branch (Beloit),0,,
4,2026-09-11,7pm,Hughes (Cincinnati),Purcell Marian (Cincinnati),0,,
4,2026-09-11,7pm,Huntington (Chillicothe),Zane Trace (Chillicothe),0,,
4,2026-09-11,7pm,Huron (Huron),Margaretta (Castalia),0,,
4,2026-09-11,7pm,Independence (Independence),Crestwood (Mantua),0,,
4,2026-09-11,7pm,Indian Lake (Lewistown),London (London),0,,
4,2026-09-11,8pm,Ironton (Ironton),Somerset (Somerset),0,,KY
4,2026-09-11,7pm,Jackson (Massillon),Warren G Harding (Warren),0,,
4,2026-09-11,4pm,John Adams (Cleveland),Rhodes (Cleveland),0,,
4,2026-09-11,7pm,John Glenn (New Concord),River View (Warsaw),0,,
4,2026-09-11,4pm,John Marshall (Cleveland),John F Kennedy (Cleveland),0,,
4,2026-09-11,7pm,Kirtland (Kirtland),Rootstown (Rootstown),0,,
4,2026-09-11,7pm,LaBrae (Leavittsburg),Garfield (Garrettsville),0,,
4,2026-09-11,7pm,Lake (Uniontown),Perry (Massillon),0,,
4,2026-09-11,7pm,Lakeview (Cortland),South Range (Canfield),0,,
4,2026-09-11,7pm,Lakewood (Lakewood),Rocky River (Rocky River),0,,
4,2026-09-11,7pm,Lancaster (Lancaster),Teays Valley (Ashville),0,,
4,2026-09-11,7pm,La Salle (Cincinnati),Elder (Cincinnati),0,,
4,2026-09-11,7pm,Lehman Catholic (Sidney),Northridge (Dayton),0,,
4,2026-09-11,7pm,Leipsic (Leipsic),Arlington (Arlington),0,,
4,2026-09-11,7pm,Liberty (Youngstown),Crestview (Columbiana),0,,
4,2026-09-11,7pm,Licking Valley (Newark),Lakewood (Hebron),0,,
4,2026-09-11,7pm,Lima Senior (Lima),Tiffin Columbian (Tiffin),0,,
4,2026-09-11,7pm,Lima Central Catholic (Lima),Columbus Grove (Columbus Grove),0,,
4,2026-09-11,7pm,Loudonville (Loudonville),Mount Gilead (Mount Gilead),0,,
4,2026-09-11,7pm,Louisville (Louisville),Boardman (Youngstown),0,,
4,2026-09-11,7pm,Loveland (Loveland),Milford (Milford),0,,
4,2026-09-11,7pm,Lowellville (Lowellville),Jackson-Milton (North Jackson),0,,
4,2026-09-11,7pm,Lucas (Lucas),Willard (Willard),0,,
4,2026-09-11,7pm,Madison (Middletown),Dayton Christian (Miamisburg),0,,
4,2026-09-11,7pm,Madison Comprehensive (Mansfield),Wooster (Wooster),0,,
4,2026-09-11,7pm,Madison-Plains (London),Mechanicsburg (Mechanicsburg),0,,
4,2026-09-11,7pm,Malvern (Malvern),Mogadore (Mogadore),0,,
4,2026-09-11,7pm,Manchester (New Franklin),Canton South (Canton),0,,
4,2026-09-11,7pm,Mansfield Senior (Mansfield),West Holmes (Millersburg),0,,
4,2026-09-11,7pm,Maple Heights (Maple Heights),Austintown-Fitch (Austintown),0,,
4,2026-09-11,7pm,Marietta (Marietta),Watkins Memorial (Pataskala),0,,
4,2026-09-11,7pm,Marion Local (Maria Stein),Versailles (Versailles),0,,
4,2026-09-11,7pm,Marion-Franklin (Columbus),Independence (Columbus),0,,
4,2026-09-11,7pm,Martins Ferry (Martins Ferry),Edison (Richmond),0,,
4,2026-09-11,7pm,Marysville (Marysville),Hilliard Bradley (Hilliard),0,,
4,2026-09-11,7pm,Mason (Mason),Lakota East (Liberty Township),0,,
4,2026-09-11,7pm,Maumee (Maumee),Lake (Millbury),0,,
4,2026-09-11,7pm,McClain (Greenfield),East Clinton (Sabina),0,,
4,2026-09-11,7pm,McDonald (McDonald),Campbell Memorial (Campbell),0,,
4,2026-09-11,7pm,Niles McKinley (Niles),Hubbard (Hubbard),0,,
4,2026-09-11,7pm,Sebring McKinley (Sebring),Chalker (Southington),0,,
4,2026-09-11,7pm,Archbishop McNicholas (Cincinnati),Roger Bacon (St Bernard),0,,
4,2026-09-11,7pm,Meadowdale (Dayton),North College Hill (Cincinnati),0,,
4,2026-09-11,7pm,Meigs (Pomeroy),Vinton County (McArthur),0,,
4,2026-09-11,7pm,St Marys Memorial (St Marys),Defiance (Defiance),0,,
4,2026-09-11,7pm,Miami East (Casstown),Covington (Covington),0,,
4,2026-09-11,7pm,Miamisburg (Miamisburg),Springfield (Springfield),0,,
4,2026-09-11,6:30pm,Miami Valley Christian Academy (Cincinnati),Western Hills (Cincinnati),0,,
4,2026-09-11,7pm,Midview (Grafton),Avon Lake (Avon Lake),0,,
4,2026-09-11,7pm,Minerva (Minerva),Marlington (Alliance),0,,
4,2026-09-11,7pm,Mohawk (Sycamore),Bucyrus (Bucyrus),0,,
4,2026-09-11,7pm,Monroe (Monroe),Ponitz Tech (Dayton),0,,
4,2026-09-11,7pm,Morgan (McConnelsville),West Muskingum (Zanesville),0,,
4,2026-09-11,7pm,Mount Vernon (Mount Vernon),Johnstown (Johnstown),0,,
4,2026-09-11,7pm,National Trail (New Paris),Mississinawa Valley (Union City),0,,
4,2026-09-11,7pm,Nelsonville-York (Nelsonville),River Valley (Bidwell),0,,
4,2026-09-11,7pm,New Albany (New Albany),Upper Arlington (Upper Arlington),0,,
4,2026-09-11,7pm,Newark (Newark),Groveport Madison (Groveport),0,,
4,2026-09-11,7pm,Newark Catholic (Newark),Worthington Christian (Worthington),0,,
4,2026-09-11,7pm,New Bremen (New Bremen),Coldwater (Coldwater),0,,
4,2026-09-11,7pm,Newcomerstown (Newcomerstown),Utica (Utica),0,,
4,2026-09-11,7:30pm,New Philadelphia (New Philadelphia),Ashland (Ashland),0,,
4,2026-09-11,7pm,New Richmond (New Richmond),Cincinnati Hills Christian Academy (Cincinnati),0,,
4,2026-09-11,7pm,Nordonia (Macedonia),Highland (Medina),0,,
4,2026-09-11,7pm,North Baltimore (North Baltimore),Perry (Lima),0,,
4,2026-09-11,7pm,Northmont (Clayton),Beavercreek (Beavercreek),0,,
4,2026-09-11,7pm,Northridge (Johnstown),Lakota (Kansas),0,,
4,2026-09-11,7pm,North Ridgeville (North Ridgeville),Avon (Avon),0,,
4,2026-09-11,7pm,North Royalton (North Royalton),Hudson (Hudson),0,,
4,2026-09-11,7pm,North Union (Richwood),Jonathan Alder (Plain City),0,,
4,2026-09-11,7pm,Norton (Norton),Streetsboro (Streetsboro),0,,
4,2026-09-11,7pm,Northwest (Canal Fulton),Triway (Wooster),0,,
4,2026-09-11,7pm,Northwest (Cincinnati),Archbishop Carroll (Dayton),0,,
4,2026-09-11,7pm,Northwestern (Springfield),Tecumseh (New Carlisle),0,,
4,2026-09-11,7pm,Northwood (Northwood),Edison (Milan),0,,
4,2026-09-11,7pm,Norwayne (Creston),Rittman (Rittman),0,,
4,2026-09-11,7pm,Norwood (Norwood),Summit Country Day (Cincinnati),0,,
4,2026-09-11,7pm,Notre Dame-Cathedral Latin (Chardon),Benedictine (Cleveland),0,,
4,2026-09-11,7pm,Oak Harbor (Oak Harbor),Fostoria (Fostoria),0,,
4,2026-09-11,7pm,Oak Hill (Oak Hill),Minford (Minford),0,,
4,2026-09-11,7pm,Oak Hills (Cincinnati),Middletown (Middletown),0,,
4,2026-09-11,7pm,Oakwood (Dayton),Eaton (Eaton),0,,
4,2026-09-11,7pm,Olentangy Liberty (Powell),Olentangy Berlin (Delaware),0,,
4,2026-09-11,7pm,Olmsted Falls (Olmsted Falls),Elyria (Elyria),0,,
4,2026-09-11,7pm,Olentangy Orange (Lewis Center),Gahanna Lincoln (Gahanna),0,,
4,2026-09-11,7pm,Otsego (Tontogany),Genoa Area (Genoa),0,,
4,2026-09-11,7pm,Ottawa-Glandorf (Ottawa),Wapakoneta (Wapakoneta),0,,
4,2026-09-11,7pm,Padua Franciscan (Parma),Sandusky (Sandusky),0,,
4,2026-09-11,7pm,Parkway (Rockford),Minster (Minster),0,,
4,2026-09-11,7pm,Patrick Henry (Hamler),Bryan (Bryan),0,,
4,2026-09-11,7pm,Paulding (Paulding),Antwerp (Antwerp),0,,
4,2026-09-11,7pm,Perry (Perry),Jefferson Area (Jefferson),0,,
4,2026-09-11,7pm,Pickerington Central (Pickerington),Logan (Logan),0,,
4,2026-09-11,7pm,Poland Seminary (Poland),Canfield (Canfield),0,,
4,2026-09-11,7pm,Port Clinton (Port Clinton),Ottawa Hills (Toledo),0,,
4,2026-09-11,7pm,Pymatuning Valley (Andover),Mathews (Vienna),0,,
4,2026-09-11,7pm,Reynoldsburg (Reynoldsburg),Canal Winchester (Canal Winchester),0,,
4,2026-09-11,5pm,Richmond Heights (Richmond Heights),Shaw (East Cleveland),0,,
4,2026-09-11,7pm,Ridgewood (West Lafayette),Wheeling Central Catholic (Wheeling),0,,WV
4,2026-09-11,7pm,Riverdale (Mt Blanchard),Pandora-Gilboa (Pandora),0,,
4,2026-09-11,7pm,Riverside (De Graff),Milton-Union (West Milton),0,,
4,2026-09-11,7pm,River Valley (Caledonia),Pleasant (Marion),0,,
4,2026-09-11,7pm,Kent Roosevelt (Kent),Tallmadge (Tallmadge),0,,
4,2026-09-11,7pm,Ross (Hamilton),Wilmington (Wilmington),0,,
4,2026-09-11,7pm,St Clairsville (St Clairsville),Linsly (Wheeling),0,,WV
4,2026-09-11,7pm,St Francis DeSales (Columbus),Villa Angela-St Joseph (Cleveland),0,,
4,2026-09-11,7pm,St Henry (St Henry),Anna (Anna),0,,
4,2026-09-11,7pm,St Ignatius (Cleveland),Walsh Jesuit (Cuyahoga Falls),0,,
4,2026-09-11,7pm,St John School (Ashtabula),Crestline (Crestline),0,,
4,2026-09-11,7pm,St John's Jesuit (Toledo),Orchard Lake St Mary (Orchard Lake),0,,MI
4,2026-09-11,7pm,St Paul (Norwalk),Keystone (La Grange),0,,
4,2026-09-11,7pm,St Xavier (Cincinnati),Westerville North (Westerville),0,,
4,2026-09-11,7pm,Sandy Valley (Magnolia),East Canton (East Canton),0,,
4,2026-09-11,7pm,Seneca East (Attica),Hopewell-Loudon (Bascom),0,,
4,2026-09-11,7pm,Shadyside (Shadyside),Frontier (New Matamoras),0,,
4,2026-09-11,7pm,Shawnee (Springfield),Kenton Ridge (Springfield),0,,
4,2026-09-11,7pm,Shelby (Shelby),Galion (Galion),0,,
4,2026-09-11,7pm,Shenandoah (Sarahsville),Buckeye Trail (Lore City),0,,
4,2026-09-11,7pm,Sheridan (Thornville),Maysville (Zanesville),0,,
4,2026-09-11,7pm,Shroder (Cincinnati),Clermont Northeastern (Batavia),0,,
4,2026-09-11,7pm,Sidney (Sidney),Butler (Vandalia),0,,
4,2026-09-11,7pm,South (Columbus),Walnut Ridge (Columbus),0,,
4,2026-09-11,7pm,South Central (Greenwich),Monroeville (Monroeville),0,,
4,2026-09-11,7pm,Southeast (Ravenna),Newton Falls (Newton Falls),0,,
4,2026-09-11,7pm,Southeastern (Chillicothe),Unioto (Chillicothe),0,,
4,2026-09-11,7pm,Southeastern Local (South Charleston),Northeastern (South Vienna),0,,
4,2026-09-11,7pm,South Gallia (Crown City),Wahama (Mason),0,,WV
4,2026-09-11,7pm,Southern (Racine),Green (Franklin Furnace),0,,
4,2026-09-11,7pm,Springfield (Akron),Ravenna (Ravenna),0,,
4,2026-09-11,7pm,Springfield (Holland),Perrysburg (Perrysburg),0,,
4,2026-09-11,7pm,Springfield (New Middletown),Mineral Ridge (Mineral Ridge),0,,
4,2026-09-11,7pm,Stebbins (Riverside),Tippecanoe (Tipp City),0,,
4,2026-09-11,7pm,Amherst Steele (Amherst),Berea-Midpark (Berea),0,,
4,2026-09-11,7pm,Steubenville (Steubenville),Cardinal Mooney (Youngstown),0,,
4,2026-09-11,7pm,Stow-Munroe Falls (Stow),Medina (Medina),0,,
4,2026-09-11,7pm,Swanton (Swanton),Liberty Center (Liberty Center),0,,
4,2026-09-11,7pm,Sycamore (Cincinnati),Princeton (Cincinnati),0,,
4,2026-09-11,7pm,Sylvania Northview (Sylvania),Bowling Green (Bowling Green),0,,
4,2026-09-11,7pm,Sylvania Southview (Sylvania),Findlay (Findlay),0,,
4,2026-09-11,7pm,Symmes Valley (Willow Wood),South Point (South Point),0,,
4,2026-09-11,7pm,Taft (Cincinnati),Mount Healthy (Cincinnati),0,,
4,2026-09-11,7pm,Talawanda (Oxford),Franklin (Franklin),0,,
4,2026-09-11,7pm,Taylor (Cleves),Mariemont (Cincinnati),0,,
4,2026-09-11,7pm,Triad (North Lewisburg),Greenon (Enon),0,,
4,2026-09-11,7pm,Trinity (Garfield Heights),Wickliffe (Wickliffe),0,,
4,2026-09-11,7pm,Tri-Valley (Dresden),Philo (Duncan Falls),0,,
4,2026-09-11,7pm,Troy (Troy),Piqua (Piqua),0,,
4,2026-09-11,7pm,Troy Christian (Troy),Bethel (Tipp City),0,,
4,2026-09-11,7pm,Tuscarawas Valley (Zoarville),Fairless (Brewster),0,,
4,2026-09-11,7pm,Tuslaw (Massillon),Orrville (Orrville),0,,
4,2026-09-11,7pm,Tri-County North (Lewisburg),Ansonia (Ansonia),0,,
4,2026-09-11,7pm,Twin Valley South (West Alexandria),Tri-Village (New Madison),0,,
4,2026-09-11,7pm,Upper Sandusky (Upper Sandusky),Carey (Carey),0,,
4,2026-09-11,7pm,Upper Scioto Valley (McGuffey),Ridgemont (Mt Victory),0,,
4,2026-09-11,7pm,Ursuline (Youngstown),Youngstown (Youngstown),0,,
4,2026-09-11,7pm,Valley Forge (Parma Heights),North Olmsted (North Olmsted),0,,
4,2026-09-11,7pm,Van Buren (Van Buren),Ada (Ada),0,,
4,2026-09-11,7pm,Van Wert (Van Wert),Celina (Celina),0,,
4,2026-09-11,6pm,Waite (Toledo),Rogers (Toledo),0,,
4,2026-09-11,7pm,Walnut Hills (Cincinnati),Little Miami (Morrow),0,,
4,2026-09-11,7pm,Warren (Vincent),Hillsboro (Hillsboro),0,,
4,2026-09-11,7pm,Waterford (Waterford),Fort Frye (Beverly),0,,
4,2026-09-11,7pm,Waverly (Waverly),Valley (Lucasville),0,,
4,2026-09-11,7pm,Wayne (Huber Heights),Springboro (Springboro),0,,
4,2026-09-11,7pm,Waynedale (Apple Creek),Smithville (Smithville),0,,
4,2026-09-11,7pm,Wellston (Wellston),Trimble (Glouster),0,,
4,2026-09-11,7pm,Wellsville (Wellsville),Southern (Salineville),0,,
4,2026-09-11,7pm,West (Columbus),Eastmoor Academy (Columbus),0,,
4,2026-09-11,7:30pm,Western Brown (Mount Orab),Jackson (Jackson),0,,
4,2026-09-11,7pm,Western Reserve (Berlin Center),Waterloo (Atwater),0,,
4,2026-09-11,7pm,Western Reserve (Collins),Mapleton (Ashland),0,,
4,2026-09-11,7pm,Westerville Central (Westerville),Dublin Jerome (Dublin),0,,
4,2026-09-11,7pm,Westerville South (Westerville),Dublin Scioto (Dublin),0,,
4,2026-09-11,7pm,Westfall (Williamsport),Piketon (Piketon),0,,
4,2026-09-11,7pm,West Clermont (Cincinnati),Kings (Kings Mills),0,,
4,2026-09-11,7pm,West Jefferson (West Jefferson),Cedarville (Cedarville),0,,
4,2026-09-11,7pm,Westlake (Westlake),Normandy (Parma),0,,
4,2026-09-11,7pm,West Liberty-Salem (West Liberty),Catholic Central (Springfield),0,,
4,2026-09-11,7pm,Wheelersburg (Wheelersburg),Northwest (McDermott),0,,
4,2026-09-11,7pm,Whitehall-Yearling (Whitehall),Northland (Columbus),0,,
4,2026-09-11,7pm,Williamsburg (Williamsburg),Portsmouth West (West Portsmouth),0,,
4,2026-09-11,6pm,Windham (Windham),Holgate (Holgate),0,,
4,2026-09-11,7pm,Winton Woods (Cincinnati),Turpin (Cincinnati),0,,
4,2026-09-11,7pm,Withrow (Cincinnati),Harrison (Harrison),0,,
4,2026-09-11,6pm,Woodward (Toledo),Bowsher (Toledo),0,,
4,2026-09-11,7pm,Harvest Prep (Canal Winchester),Perkins (Sandusky),0,,
4,2026-09-11,7pm,Thomas Worthington (Worthington),Grove City (Grove City),0,,
4,2026-09-11,7pm,Worthington Kilbourne (Columbus),Westland (Galloway),0,,
4,2026-09-11,7pm,Wyoming (Cincinnati),Indian Hill (Cincinnati),0,,
4,2026-09-11,7pm,Xenia (Xenia),West Carrollton (West Carrollton),0,,
4,2026-09-11,7pm,Zanesville (Zanesville),Garaway (Sugarcreek),0,,
4,2026-09-11,7pm,Valley Christian School (Youngstown),John F Kennedy (Warren),0,,
4,2026-09-11,7pm,Chapmanville,Point Pleasant (Point Pleasant),0,WV,WV
4,2026-09-11,7pm,Clay-Battelle (Blacksville),Valley (Wetzel) (Pine Grove),0,WV,WV
4,2026-09-11,7pm,John Marshall (Glen Dale),Bellaire (Bellaire),0,WV,
4,2026-09-11,7pm,Madonna (Weirton),Southern Garrett (Oakland),0,WV,MD
4,2026-09-11,7pm,Magnolia (New Martinsville),River (Hannibal),0,WV,
4,2026-09-11,7pm,Oak Glen (New Cumberland),South Harrison (Lost Creek),0,WV,WV
4,2026-09-11,7pm,Weir (Weirton),Indian Creek (Wintersville),0,WV,
4,2026-09-11,7pm,Wheeling Park (Wheeling),Musselman,0,WV,WV
4,2026-09-11,8pm,Ashland Blazer (Ashland),East Jessamine,0,KY,KY
4,2026-09-11,7pm,Beechwood (Fort Mitchell),Simon Kenton (Independence),0,KY,KY
4,2026-09-11,7:30pm,Belfry (Belfry),Russell County,0,KY,KY
4,2026-09-11,7pm,Boyle County (Danville),Highlands (Fort Thomas),0,KY,KY
4,2026-09-11,7pm,Conner (Hebron),Newport Central Catholic,0,KY,KY
4,2026-09-11,7pm,Covington Catholic (Park Hills),Dixie Heights (Edgewood),0,KY,KY
4,2026-09-11,7:30pm,Greenup County (Greenup),East Carter,0,KY,KY
4,2026-09-11,7:30pm,Holy Cross (Covington),Holmes (Covington),0,KY,KY
4,2026-09-11,7:30pm,Johnson Central,Pikeville (Pikeville),0,KY,KY
4,2026-09-11,7:30pm,Lewis County (Vanceburg),Berea,0,KY,KY
4,2026-09-11,6:30pm,Lloyd Memorial (Erlanger),Aiken (Cincinnati),0,KY,
4,2026-09-11,7:30pm,Mason County,Boyd County (Ashland),0,KY,KY
4,2026-09-11,7:30pm,Morgan County (West Liberty),Fairview (Ashland),0,KY,KY
4,2026-09-11,7:30pm,Pulaski County,Corbin (Corbin),0,KY,KY
4,2026-09-11,7:30pm,Raceland (Raceland),Mercer County,0,KY,KY
4,2026-09-11,7:30pm,Russell (Russell),Paintsville (Paintsville),0,KY,KY
4,2026-09-11,7pm,Cooper (Union),Campbell County (Alexandria),0,KY,KY
4,2026-09-11,7pm,Detroit Country Day,Dearborn Divine Child (Dearborn),0,MI,MI
4,2026-09-11,7pm,Brother Rice (Bloomfield Hills),Warren De La Salle (Warren),0,MI,MI
4,2026-09-11,7pm,Burr Oak,North Adams-Jerome (North Adams),0,MI,MI
4,2026-09-11,7pm,Climax-Scotts,Adrian Lenawee Christian (Adrian),0,MI,MI
4,2026-09-11,5pm,Detroit King (Detroit),Detroit Renaissance,0,MI,MI
4,2026-09-11,7pm,Erie Mason (Erie),Montpelier (Montpelier),0,MI,
4,2026-09-11,7pm,Ottawa Lake Whiteford (Ottawa Lake),Hilltop (West Unity),0,MI,
4,2026-09-11,7pm,Portage Central (Portage),Portage Northern,0,MI,MI
4,2026-09-11,7pm,River Rouge (River Rouge),Muskegon (Muskegon),0,MI,MI
4,2026-09-11,7pm,Sand Creek (Sand Creek),North Central (Pioneer),0,MI,
4,2026-09-11,7pm,Bedford (Temperance),Clyde (Clyde),0,MI,
4,2026-09-11,7pm,Traverse City St Francis,Lumen Christi (Jackson),0,MI,MI
4,2026-09-11,7pm,Waldron (Waldron),Camden-Frontier (Camden),0,MI,MI
4,2026-09-11,7pm,Berlin Brothers Valley,Everett (Everett),0,PA,PA
4,2026-09-11,7pm,Butler (Butler),Meadville,0,PA,PA
4,2026-09-11,7pm,Baldwin,Brashear (Pittsburgh),0,PA,PA
4,2026-09-11,7pm,Pine-Richland (Gibsonia),Central Catholic (Pittsburgh),0,PA,PA
4,2026-09-11,7pm,Jeannette (Jeannette),New Brighton,0,PA,PA
4,2026-09-11,7pm,Western Beaver (Industry),Steel Valley,0,PA,PA
4,2026-09-11,7pm,Farrell (Farrell),Reynolds (Greenville),0,PA,PA
4,2026-09-11,6pm,Cathedral Prep (Erie),Erie (Erie),0,PA,PA
4,2026-09-11,6pm,Simon Gratz,Friendship Collegiate (Washington),0,PA,DC
4,2026-09-11,7pm,Roman Catholic (Philadelphia),DeMatha Catholic (Hyattsville),0,PA,MD
4,2026-09-11,7pm,Carroll (Fort Wayne),Bishop Dwenger (Fort Wayne),0,IN,IN
4,2026-09-11,7:30pm,Franklin County (Brookville),East Central (St Leon),0,IN,IN
4,2026-09-11,7pm,Greensburg,Lawrenceburg (Lawrenceburg),0,IN,IN
4,2026-09-11,7pm,Hamilton Heights (Arcadia),Tipton,0,IN,IN
4,2026-09-11,7pm,Cardinal Ritter (Indianapolis),Anderson,0,IN,IN
4,2026-09-11,7pm,Cathedral (Indianapolis),Bishop Chatard (Indianapolis),0,IN,IN
4,2026-09-11,7pm,Muncie Central,Bloomington South (Bloomington),0,IN,IN
4,2026-09-11,7pm,South Dearborn (Aurora),Richmond (Richmond),0,IN,IN
4,2026-09-11,7:30pm,Southport (Indianapolis),Terre Haute North Vigo,0,IN,IN
4,2026-09-11,7pm,Phalen Academy,Blackhawk Christian (Fort Wayne),0,IN,IN
4,2026-09-11,7pm,Noblesville Lions (club) (Noblesville),Purdue Poly - Englewood (Indianapolis),0,IN,IN
4,2026-09-11,7:30pm,Baylor (Chattanooga),Trinity (Louisville),0,TN,KY
4,2026-09-11,7pm,Christ Presbyterian Academy (Nashville),Archbishop Moeller (Cincinnati),0,TN,
4,2026-09-11,8pm,Grace Baptist Academy,Middle Tennessee Christian School (Murfreesboro),0,TN,TN
4,2026-09-11,8pm,Oakland (Murfreesboro),Pearl Cohn,0,TN,TN
4,2026-09-11,7pm,Tri-Cities Christian Academy (Kingsport),Bland County (Rocky Gap),0,TN,VA
4,2026-09-11,,Loudoun Sports Academy (Leesburg),Rabun Gap - Nacoochee (Rabun Gap),0,VA,GA
4,2026-09-11,,Saint Frances Academy (Baltimore),Bryant (Bryant),0,MD,AR
4,2026-09-11,7pm,Archbishop Spalding (Severn),Good Counsel (Wheaton),0,MD,MD
4,2026-09-11,4pm,Hewlett Sports Academy (Waldorf),The Hun School (Princeton),0,MD,NJ
4,2026-09-11,6pm,Coolidge (Washington),Mergenthaler (Baltimore),1,DC,MD
4,2026-09-11,6:30pm,Eastern (Washington),Gonzaga (Washington),0,DC,DC
4,2026-09-11,7pm,Bell (CHEC) (Washington),Riverdale Baptist (Upper Marlboro),0,DC,MD
4,2026-09-11,6pm,Digital Pioneers Academy (Washington),Roosevelt (Washington),0,DC,DC
4,2026-09-11,7pm,Canisius (Buffalo),Massillon Washington (Massillon),0,NY,
4,2026-09-11,7pm,St Francis (Hamburg),Christian Brothers Academy - Syracuse (Syracuse),0,NY,NY
4,2026-09-11,,Liverpool,University Prep (Rochester),0,NY,NY
4,2026-09-11,7pm,Health Sciences (Buffalo),Jamestown (Jamestown),0,NY,NY
4,2026-09-11,6pm,Eagle Academy for Young Men II (Brooklyn),La Salle Academy (Providence),0,NY,RI
4,2026-09-11,7pm,St Peter's Prep,Long Island St Anthony's (South Huntington),0,NJ,NY
4,2026-09-11,7pm,Middletown (Middletown),Cardinal Hayes (Bronx),0,DE,NY
4,2026-09-11,,Cornerstone Christian (San Antonio),Parish Episcopal (Dallas),0,TX,TX
4,2026-09-11,7pm,Cardinal Ritter (St Louis),Knoxville Catholic,0,MO,TN
4,2026-09-11,7:15pm,St Andrew's College (Aurora),Muskegon Mona Shores (Muskegon),0,ON,MI
4,2026-09-11,7pm,Holy Names (Windsor),Novi Detroit Catholic Central (Novi),0,ON,MI
4,2026-09-11,7pm,St Thomas More (Hamilton),Grand Rapids Catholic Central,0,ON,MI
4,2026-09-11,5pm,Huron Heights (Newmarket),Zeeland West (Zeeland),0,ON,MI
4,2026-09-11,8pm,Milton (Milton),Battle Ground Academy (Franklin),0,GA,TN
4,2026-09-12,2pm,Cuyahoga Valley Christian Academy (Cuyahoga Falls),Garfield (Akron),0,,
4,2026-09-12,4pm,Danbury (Lakeside),Kennedy Catholic (Hermitage),0,,PA
4,2026-09-12,6pm,Fort Loramie (Fort Loramie),Jefferson (Delphos),0,,
4,2026-09-12,7pm,Gilmour Academy (Gates Mills),Lake Catholic (Mentor),0,,
4,2026-09-12,1pm,Lutheran East (Cleveland Heights),Buchtel (Akron),0,,
4,2026-09-12,6pm,Millersport (Millersport),Tuscarawas Central Catholic (New Philadelphia),0,,
4,2026-09-12,7pm,Plymouth (Plymouth),St Joseph Central Catholic (Fremont),0,,
4,2026-09-12,5pm,St Mary Central Catholic (Sandusky),Stryker (Stryker),0,,
4,2026-09-12,12pm,Warrensville Heights (Warrensville Heights),Cleveland Central Catholic (Cleveland),0,,
4,2026-09-12,1pm,Clark Montessori (Cincinnati),Gamble Montessori (Cincinnati),0,,
4,2026-09-12,1:30pm,Columbus Crusaders (club) (Columbus),Washtenaw Saints (club),0,,MI
4,2026-09-12,2pm,Landmark Eagles (club) (Cincinnati),Osceola Grace (club) (Elkhart),0,,IN
4,2026-09-12,7pm,West Union (club) (West Union),North Adams (club) (Seaman),0,,
4,2026-09-12,6pm,Foxfire (Zanesville),C4 Lions (club) (Middletown),0,,
4,2026-09-12,1pm,McDowell (Erie),Garfield Heights (Garfield Heights),0,PA,
4,2026-09-12,1pm,Kiski Prep (Saltsburg),St James (Hagerstown),0,PA,MD
4,2026-09-12,1pm,Saint Joseph's Prep (Philadelphia),Bergen Catholic (Oradell),0,PA,NJ
4,2026-09-12,7pm,Malvern Prep (Malvern),Imhotep Charter (Philadelphia),0,PA,PA
4,2026-09-12,,Union (Dugger),Greenwood Christian,0,IN,IN
4,2026-09-12,12pm,St Joseph's Collegiate (Buffalo),John Carroll School (Bel Air),0,NY,MD
4,2026-09-12,2pm,Lewis J Bennett (Buffalo),St John's College (Washington),0,NY,DC
4,2026-09-12,7:30pm,Holy Cross (Flushing),St Francis Prep (Fresh Meadows),0,NY,NY
4,2026-09-12,1pm,St Joseph by-the-Sea (Staten Island),Long Island Lutheran (Brookville),0,NY,NY
4,2026-09-12,1:30pm,Paramus Catholic (Paramus),Iona Prep (New Rochelle),0,NJ,NY
4,2026-09-12,1pm,DePaul Catholic (Wayne),Monsignor Farrell (Staten Island),0,NJ,NY
4,2026-09-12,12pm,Audubon (Audubon),Salem (Salem),0,NJ,NJ
4,2026-09-12,7pm,California School f/t Deaf (Riverside),Indiana School for the Deaf,0,CA,IN
4,2026-09-14,5pm,Huron Heights (Newmarket),Maple Ridge (Barrie),0,ON,ON
5,2026-09-17,7pm,Beechcroft (Columbus),Linden McKinley (Columbus),0,,
5,2026-09-17,7pm,Centennial (Columbus),Mifflin (Columbus),0,,
5,2026-09-17,6:30pm,East Clinton (Sabina),Gamble Montessori (Cincinnati),0,,
5,2026-09-17,7pm,Eastmoor Academy (Columbus),Briggs (Columbus),0,,
5,2026-09-17,7pm,Fairport Harding (Fairport Harbor),Brooklyn (Brooklyn),0,,
5,2026-09-17,7pm,Independence (Columbus),South (Columbus),0,,
5,2026-09-17,6pm,Jefferson Township (Dayton),Foxfire (Zanesville),0,,
5,2026-09-17,7pm,John F Kennedy (Warren),Grand Valley (Orwell),0,,
5,2026-09-17,7pm,Marion-Franklin (Columbus),Walnut Ridge (Columbus),0,,
5,2026-09-17,7pm,Monroe Central (Woodsfield),Barnesville (Barnesville),0,,
5,2026-09-17,7pm,West (Columbus),Africentric Early College (Columbus),0,,
5,2026-09-17,6pm,Woodward (Toledo),Scott (Toledo),0,,
5,2026-09-17,6pm,Stivers (Dayton),Thurgood Marshall (Dayton),0,,
5,2026-09-17,7pm,Ritchie County (Ellenboro),St Marys (St Marys),0,WV,WV
5,2026-09-17,7pm,Wheeling Central Catholic (Wheeling),Union Local (Belmont),0,WV,
5,2026-09-17,5pm,Detroit Henry Ford,Detroit King (Detroit),0,MI,MI
5,2026-09-17,7pm,Brashear (Pittsburgh),Perry Traditional Academy (Pittsburgh),0,PA,PA
5,2026-09-17,7pm,Erie (Erie),McDowell (Erie),0,PA,PA
5,2026-09-17,,Imani Christian Academy (Pittsburgh),McKeesport (McKeesport),0,PA,PA
5,2026-09-17,,Siegel (Murfreesboro),Oakland (Murfreesboro),0,TN,TN
5,2026-09-17,,Lake Travis (Austin),Cornerstone Christian (San Antonio),0,TX,TX
5,2026-09-17,7pm,SouthLake/Davidson (co-op),Tri-Cities Christian Academy (Kingsport),0,NC,TN
5,2026-09-18,7pm,Ada (Ada),Perry (Lima),0,,
5,2026-09-18,7pm,Alexander (Albany),Wellston (Wellston),0,,
5,2026-09-18,7pm,Alliance (Alliance),Minerva (Minerva),0,,
5,2026-09-18,7pm,Amanda-Clearcreek (Amanda),Hamilton Township (Columbus),0,,
5,2026-09-18,7pm,Anna (Anna),Marion Local (Maria Stein),0,,
5,2026-09-18,7pm,Ansonia (Ansonia),Tri-Village (New Madison),0,,
5,2026-09-18,7pm,Anthony Wayne (Whitehouse),Bowling Green (Bowling Green),0,,
5,2026-09-18,7pm,Antwerp (Antwerp),Edgerton (Edgerton),0,,
5,2026-09-18,7pm,Archbishop Alter (Kettering),Bellbrook (Bellbrook),0,,
5,2026-09-18,7pm,Archbold (Archbold),Evergreen (Metamora),0,,
5,2026-09-18,7pm,Arlington (Arlington),Elmwood (Bloomdale),0,,
5,2026-09-18,7:30pm,Ashland (Ashland),Dover (Dover),0,,
5,2026-09-18,7pm,Avon (Avon),Olmsted Falls (Olmsted Falls),0,,
5,2026-09-18,7pm,Avon Lake (Avon Lake),Amherst Steele (Amherst),0,,
5,2026-09-18,7pm,Ayersville (Defiance),Fairview (Sherwood),0,,
5,2026-09-18,7pm,Barberton (Barberton),Mayfield (Mayfield),0,,
5,2026-09-18,7pm,Beavercreek (Beavercreek),Miamisburg (Miamisburg),0,,
5,2026-09-18,7pm,Bellaire (Bellaire),Cambridge (Cambridge),0,,
5,2026-09-18,7pm,Bellefontaine (Bellefontaine),Indian Lake (Lewistown),0,,
5,2026-09-18,7pm,Belpre (Belpre),Green (Franklin Furnace),0,,
5,2026-09-18,7pm,Benedictine (Cleveland),Lake Catholic (Mentor),0,,
5,2026-09-18,7pm,Berea-Midpark (Berea),Midview (Grafton),0,,
5,2026-09-18,7pm,Bethel (Tipp City),Miami East (Casstown),0,,
5,2026-09-18,7pm,Bethel-Tate (Bethel),Batavia (Batavia),0,,
5,2026-09-18,7pm,Bexley (Columbus),Whetstone (Columbus),0,,
5,2026-09-18,7pm,Big Walnut (Sunbury),Westerville South (Westerville),0,,
5,2026-09-18,7pm,Black River (Sullivan),Columbia (Columbia Station),0,,
5,2026-09-18,7pm,Bloom-Carroll (Carroll),Fairfield Union (Lancaster),0,,
5,2026-09-18,7pm,Bluffton (Bluffton),Jefferson (Delphos),0,,
5,2026-09-18,7pm,Boardman (Youngstown),Cuyahoga Valley Christian Academy (Cuyahoga Falls),0,,
5,2026-09-18,7pm,Bowsher (Toledo),Northwood (Northwood),0,,
5,2026-09-18,7pm,Brookside (Sheffield),Keystone (La Grange),0,,
5,2026-09-18,7pm,Buckeye (Medina),Lakewood (Lakewood),0,,
5,2026-09-18,7pm,Buckeye Trail (Lore City),Ridgewood (West Lafayette),0,,
5,2026-09-18,7pm,Buckeye Valley (Delaware),Bishop Hartley (Columbus),0,,
5,2026-09-18,7pm,Bucyrus (Bucyrus),Buckeye Central (New Washington),0,,
5,2026-09-18,7pm,Butler (Vandalia),Tippecanoe (Tipp City),0,,
5,2026-09-18,7pm,Caldwell (Caldwell),Newcomerstown (Newcomerstown),0,,
5,2026-09-18,7pm,Calvert (Tiffin),Lucas (Lucas),0,,
5,2026-09-18,7pm,Canal Winchester (Canal Winchester),Pickerington Central (Pickerington),0,,
5,2026-09-18,7pm,Canfield (Canfield),Youngstown (Youngstown),0,,
5,2026-09-18,7pm,Cardington-Lincoln (Cardington),Fredericktown (Fredericktown),0,,
5,2026-09-18,7pm,Archbishop Carroll (Dayton),Talawanda (Oxford),0,,
5,2026-09-18,7pm,Catholic Central (Springfield),West Jefferson (West Jefferson),0,,
5,2026-09-18,7pm,Catholic Central (Steubenville),Buckeye Local (Rayland),0,,
5,2026-09-18,7pm,Cedarville (Cedarville),Triad (North Lewisburg),0,,
5,2026-09-18,7pm,Canton Central Catholic (Canton),Cardinal (Middlefield),0,,
5,2026-09-18,7pm,Twinsburg (Twinsburg),Aurora (Aurora),0,,
5,2026-09-18,7pm,Chillicothe (Chillicothe),Wilmington (Wilmington),0,,
5,2026-09-18,7pm,Circleville (Circleville),McClain (Greenfield),0,,
5,2026-09-18,7pm,Clay (Oregon),Liberty-Benton (Findlay),0,,
5,2026-09-18,7pm,Claymont (Uhrichsville),Marietta (Marietta),0,,
5,2026-09-18,7pm,Clermont Northeastern (Batavia),Cincinnati Country Day (Cincinnati),0,,
5,2026-09-18,7pm,Clinton-Massie (Clarksville),Monroe (Monroe),0,,
5,2026-09-18,7pm,Cloverleaf (Seville),Springfield (Akron),0,,
5,2026-09-18,7pm,Coldwater (Coldwater),Minster (Minster),0,,
5,2026-09-18,7pm,Colonel Crawford (North Robinson),Carey (Carey),0,,
5,2026-09-18,7pm,Tiffin Columbian (Tiffin),Huron (Huron),0,,
5,2026-09-18,7pm,Columbus Academy (Gahanna),Worthington Christian (Worthington),0,,
5,2026-09-18,7pm,Columbus Grove (Columbus Grove),Spencerville (Spencerville),0,,
5,2026-09-18,7pm,Conneaut (Conneaut),Kirtland (Kirtland),0,,
5,2026-09-18,7pm,Cory-Rawson (Rawson),Hardin Northern (Dola),0,,
5,2026-09-18,7pm,Covington (Covington),Riverside (De Graff),0,,
5,2026-09-18,7pm,Crestview (Columbiana),Southeast (Ravenna),0,,
5,2026-09-18,7pm,Crestview (Convoy),Fort Loramie (Fort Loramie),0,,
5,2026-09-18,7pm,Crestwood (Mantua),Berkshire (Burton),0,,
5,2026-09-18,7pm,Cuyahoga Falls (Cuyahoga Falls),Field (Mogadore),0,,
5,2026-09-18,7pm,Cuyahoga Heights (Cuyahoga Heights),Fairview (Fairview Park),0,,
5,2026-09-18,7pm,Lisbon David Anderson (Lisbon),United (Hanoverton),0,,
5,2026-09-18,7pm,Deer Park (Cincinnati),Finneytown (Cincinnati),0,,
5,2026-09-18,7pm,Defiance (Defiance),Van Wert (Van Wert),0,,
5,2026-09-18,7pm,Dublin Scioto (Dublin),Worthington Kilbourne (Columbus),0,,
5,2026-09-18,7pm,Dunbar (Dayton),Belmont (Dayton),0,,
5,2026-09-18,7pm,Dublin Jerome (Dublin),New Albany (New Albany),0,,
5,2026-09-18,7pm,Eastern (Beaver),Southern (Racine),0,,
5,2026-09-18,7pm,Eastern (Reedsville),Warren (Vincent),0,,
5,2026-09-18,7pm,East Knox (Howard),Loudonville (Loudonville),0,,
5,2026-09-18,7pm,East Technical (Cleveland),Westland (Galloway),0,,
5,2026-09-18,7pm,Eaton (Eaton),Valley View (Germantown),0,,
5,2026-09-18,7pm,Edgewood (Ashtabula),Lakeside (Ashtabula),0,,
5,2026-09-18,7pm,Edgewood (Trenton),Chaminade Julienne (Dayton),0,,
5,2026-09-18,7pm,Edison (Milan),Norwalk (Norwalk),0,,
5,2026-09-18,7pm,Edison (Richmond),Weir (Weirton),0,,WV
5,2026-09-18,7pm,Elida (Elida),Ottawa-Glandorf (Ottawa),0,,
5,2026-09-18,7pm,Ellet (Akron),Shaw (East Cleveland),0,,
5,2026-09-18,7pm,Elyria (Elyria),North Ridgeville (North Ridgeville),0,,
5,2026-09-18,7pm,Elyria Catholic (Elyria),St Vincent-St Mary (Akron),0,,
5,2026-09-18,7pm,Fairbanks (Milford Center),Southeastern Local (South Charleston),0,,
5,2026-09-18,7pm,Fairborn (Fairborn),Troy (Troy),0,,
5,2026-09-18,7pm,Fairfield (Fairfield),Sycamore (Cincinnati),0,,
5,2026-09-18,7pm,Fairfield Christian Academy (Lancaster),Symmes Valley (Willow Wood),0,,
5,2026-09-18,7pm,Fairland (Proctorville),Gallia Academy (Gallipolis),0,,
5,2026-09-18,7pm,Fayetteville (Fayetteville),Sciotoville Community (Portsmouth),0,,
5,2026-09-18,7pm,Firestone (Akron),Maple Heights (Maple Heights),0,,
5,2026-09-18,7pm,Fisher Catholic (Lancaster),Bishop Rosecrans (Zanesville),0,,
5,2026-09-18,7pm,Fort Frye (Beverly),Grandview Heights (Columbus),0,,
5,2026-09-18,7pm,Fostoria (Fostoria),Eastwood (Pemberville),0,,
5,2026-09-18,7pm,Franklin (Franklin),Carlisle (Carlisle),0,,
5,2026-09-18,7pm,Franklin Heights (Columbus),St Charles (Columbus),0,,
5,2026-09-18,7pm,Fremont Ross (Fremont),Findlay (Findlay),0,,
5,2026-09-18,7pm,Garfield (Garrettsville),Champion (Warren),0,,
5,2026-09-18,7pm,Garfield Heights (Garfield Heights),Villa Angela-St Joseph (Cleveland),0,,
5,2026-09-18,7pm,Genoa Area (Genoa),Maumee (Maumee),0,,
5,2026-09-18,7pm,Girard (Girard),Garaway (Sugarcreek),0,,
5,2026-09-18,7pm,GlenOak (Canton),Lake (Uniontown),0,,
5,2026-09-18,4pm,Glenville (Cleveland),Rhodes (Cleveland),0,,
5,2026-09-18,7pm,Goshen (Goshen),Blanchester (Blanchester),0,,
5,2026-09-18,7pm,Granville (Granville),Lakewood (Hebron),0,,
5,2026-09-18,7pm,Greenon (Enon),West Liberty-Salem (West Liberty),0,,
5,2026-09-18,7pm,Grove City (Grove City),Dublin Coffman (Dublin),0,,
5,2026-09-18,7pm,Groveport Madison (Groveport),Lancaster (Lancaster),0,,
5,2026-09-18,7pm,Marion Harding (Marion),River Valley (Caledonia),0,,
5,2026-09-18,7pm,Harrison (Harrison),Ross (Hamilton),0,,
5,2026-09-18,7pm,Hawken (Gates Mills),Perry (Perry),0,,
5,2026-09-18,7pm,Heath (Heath),Watkins Memorial (Pataskala),0,,
5,2026-09-18,7pm,Highland (Medina),Medina (Medina),0,,
5,2026-09-18,7pm,Hilliard Bradley (Hilliard),Thomas Worthington (Worthington),0,,
5,2026-09-18,7pm,Hilliard Davidson (Hilliard),Central Crossing (Grove City),0,,
5,2026-09-18,7pm,Hillsdale (Jeromesville),Smithville (Smithville),0,,
5,2026-09-18,7pm,Holgate (Holgate),Danbury (Lakeside),0,,
5,2026-09-18,7pm,Holy Name (Parma Heights),Cleveland Central Catholic (Cleveland),0,,
5,2026-09-18,7pm,Howland (Warren),Carrollton (Carrollton),0,,
5,2026-09-18,7pm,Hubbard (Hubbard),Poland Seminary (Poland),0,,
5,2026-09-18,7pm,Hudson (Hudson),Nordonia (Macedonia),0,,
5,2026-09-18,6:30pm,Hughes (Cincinnati),Clark Montessori (Cincinnati),0,,
5,2026-09-18,7pm,Huntington (Chillicothe),Piketon (Piketon),0,,
5,2026-09-18,7pm,Independence (Independence),Trinity (Garfield Heights),0,,
5,2026-09-18,7pm,Indian Creek (Wintersville),Brooke (Wellsburg),0,,WV
5,2026-09-18,7pm,Indian Hill (Cincinnati),Mariemont (Cincinnati),0,,
5,2026-09-18,7:30pm,Ironton (Ironton),Jackson (Jackson),0,,
5,2026-09-18,7pm,Jackson (Massillon),Green (Uniontown),0,,
5,2026-09-18,7pm,Jefferson Area (Jefferson),Geneva (Geneva),0,,
5,2026-09-18,4pm,John Adams (Cleveland),John F Kennedy (Cleveland),0,,
5,2026-09-18,7pm,John Glenn (New Concord),Meadowbrook (Byesville),0,,
5,2026-09-18,7pm,John Hay (Cleveland),Gilmour Academy (Gates Mills),0,,
5,2026-09-18,7pm,John Marshall (Cleveland),St Ignatius (Cleveland),0,,
5,2026-09-18,7pm,Johnstown (Johnstown),Licking Valley (Newark),0,,
5,2026-09-18,7pm,Jonathan Alder (Plain City),Shawnee (Springfield),0,,
5,2026-09-18,7pm,Garfield (Akron),Padua Franciscan (Parma),0,,
5,2026-09-18,7pm,Kenston (Chagrin Falls),Brecksville-Broadview Heights (Broadview Heights),0,,
5,2026-09-18,7pm,Kenton (Kenton),Bath (Lima),0,,
5,2026-09-18,7pm,Kenton Ridge (Springfield),Northwestern (Springfield),0,,
5,2026-09-18,7pm,Kettering Fairmont (Kettering),Wayne (Huber Heights),0,,
5,2026-09-18,7pm,Kings (Kings Mills),Anderson (Cincinnati),0,,
5,2026-09-18,7pm,River Valley (Bidwell),Meigs (Pomeroy),0,,
5,2026-09-18,7pm,Lake (Millbury),Rossford (Rossford),0,,
5,2026-09-18,7pm,Lakeview (Cortland),Niles McKinley (Niles),0,,
5,2026-09-18,7pm,Lakota East (Liberty Township),Hamilton (Hamilton),0,,
5,2026-09-18,7pm,Lakota West (West Chester),Princeton (Cincinnati),0,,
5,2026-09-18,7pm,La Salle (Cincinnati),Badin (Hamilton),0,,
5,2026-09-18,7pm,Liberty (Youngstown),Brookfield (Brookfield),0,,
5,2026-09-18,7pm,Liberty Center (Liberty Center),Bryan (Bryan),0,,
5,2026-09-18,7pm,Liberty Union (Baltimore),Logan Elm (Circleville),0,,
5,2026-09-18,7pm,Licking Heights (Pataskala),Northridge (Johnstown),0,,
5,2026-09-18,7pm,Lima Central Catholic (Lima),Allen East (Harrod),0,,
5,2026-09-18,7pm,Gahanna Lincoln (Gahanna),Hilliard Darby (Hilliard),0,,
5,2026-09-18,7pm,Little Miami (Morrow),Lebanon (Lebanon),0,,
5,2026-09-18,7pm,Logan (Logan),Newark (Newark),0,,
5,2026-09-18,7pm,London (London),Graham Local (St Paris),0,,
5,2026-09-18,7pm,Lorain (Lorain),Cleveland Heights (Cleveland Heights),0,,
5,2026-09-18,7pm,Louisville (Louisville),Hoover (North Canton),0,,
5,2026-09-18,7pm,Lutheran East (Cleveland Heights),Warrensville Heights (Warrensville Heights),0,,
5,2026-09-18,7pm,Lutheran West (Rocky River),Harvey (Painesville),0,,
5,2026-09-18,7pm,Madison (Madison),South (Willoughby),0,,
5,2026-09-18,7pm,Madison (Middletown),Brookville (Brookville),0,,
5,2026-09-18,7pm,Malvern (Malvern),Sandy Valley (Magnolia),0,,
5,2026-09-18,7pm,Manchester (New Franklin),Coventry (Coventry Twp),0,,
5,2026-09-18,7pm,Manchester (Manchester),Vanlue (Vanlue),0,,
5,2026-09-18,7pm,Mansfield Senior (Mansfield),New Philadelphia (New Philadelphia),0,,
5,2026-09-18,7pm,Margaretta (Castalia),St Thomas Aquinas (Louisville),0,,
5,2026-09-18,7pm,Martins Ferry (Martins Ferry),Harrison Central (Cadiz),0,,
5,2026-09-18,7pm,Mathews (Vienna),Leetonia (Leetonia),0,,
5,2026-09-18,7pm,Maysville (Zanesville),Crooksville (Crooksville),0,,
5,2026-09-18,7pm,McDonald (McDonald),Western Reserve (Berlin Center),0,,
5,2026-09-18,6:30pm,Meadowdale (Dayton),Cincinnati College Prep (Cincinnati),0,,
5,2026-09-18,7pm,Mechanicsburg (Mechanicsburg),Greeneview (Jamestown),0,,
5,2026-09-18,7pm,Campbell Memorial (Campbell),Lowellville (Lowellville),0,,
5,2026-09-18,7pm,Mentor (Mentor),Riverside (Painesville),0,,
5,2026-09-18,7pm,Middletown (Middletown),Colerain (Cincinnati),0,,
5,2026-09-18,7pm,Milford (Milford),West Clermont (Cincinnati),0,,
5,2026-09-18,7pm,Miller (Corning),Grove City Christian (Grove City),0,,
5,2026-09-18,7pm,Millersport (Millersport),Berne Union (Sugar Grove),0,,
5,2026-09-18,7pm,Milton-Union (West Milton),Northridge (Dayton),0,,
5,2026-09-18,7pm,Mineral Ridge (Mineral Ridge),Jackson-Milton (North Jackson),0,,
5,2026-09-18,7pm,Mississinawa Valley (Union City),Twin Valley South (West Alexandria),0,,
5,2026-09-18,7pm,Archbishop Moeller (Cincinnati),St Xavier (Cincinnati),0,,
5,2026-09-18,7pm,Mogadore (Mogadore),North (Akron),0,,
5,2026-09-18,7pm,Monroeville (Monroeville),New London (New London),0,,
5,2026-09-18,7pm,Morgan (McConnelsville),Tri-Valley (Dresden),0,,
5,2026-09-18,7pm,Mount Gilead (Mount Gilead),Danville (Danville),0,,
5,2026-09-18,7pm,Mount Healthy (Cincinnati),Bishop Fenwick (Franklin),0,,
5,2026-09-18,7pm,National Trail (New Paris),Dixie (New Lebanon),0,,
5,2026-09-18,7pm,Nelsonville-York (Nelsonville),Waterford (Waterford),0,,
5,2026-09-18,7pm,Newark Catholic (Newark),Mount Vernon (Mount Vernon),0,,
5,2026-09-18,7pm,New Lexington (New Lexington),Coshocton (Coshocton),0,,
5,2026-09-18,7pm,New Miami (Hamilton),Dayton Christian (Miamisburg),0,,
5,2026-09-18,7pm,Newton Falls (Newton Falls),LaBrae (Leavittsburg),0,,
5,2026-09-18,7pm,Normandy (Parma),Bay (Bay Village),0,,
5,2026-09-18,7pm,North (Eastlake),Chardon (Chardon),0,,
5,2026-09-18,7pm,North Baltimore (North Baltimore),Elgin (Marion),0,,
5,2026-09-18,7pm,North Central (Pioneer),Ottawa Lake Whiteford (Ottawa Lake),0,,MI
5,2026-09-18,7pm,Northeastern (South Vienna),Madison-Plains (London),0,,
5,2026-09-18,7pm,Northland (Columbus),East (Columbus),0,,
5,2026-09-18,7pm,Northmont (Clayton),Springboro (Springboro),0,,
5,2026-09-18,7pm,Northmor (Galion),Centerburg (Centerburg),0,,
5,2026-09-18,7pm,North Olmsted (North Olmsted),Westlake (Westlake),0,,
5,2026-09-18,7pm,Northwest (Canal Fulton),Canton South (Canton),0,,
5,2026-09-18,7pm,Northwest (McDermott),Minford (Minford),0,,
5,2026-09-18,7pm,Northwestern (West Salem),Dalton (Dalton),0,,
5,2026-09-18,7pm,Norwayne (Creston),Waynedale (Apple Creek),0,,
5,2026-09-18,7pm,Notre Dame (Portsmouth),Chesapeake (Chesapeake),0,,
5,2026-09-18,7pm,Notre Dame-Cathedral Latin (Chardon),Bedford (Bedford),0,,
5,2026-09-18,7pm,Oak Harbor (Oak Harbor),Otsego (Tontogany),0,,
5,2026-09-18,7pm,Oak Hill (Oak Hill),South Gallia (Crown City),0,,
5,2026-09-18,7pm,Oak Hills (Cincinnati),Mason (Mason),0,,
5,2026-09-18,7pm,Olentangy Berlin (Delaware),Westerville Central (Westerville),0,,
5,2026-09-18,7pm,Olentangy (Lewis Center),Olentangy Liberty (Powell),0,,
5,2026-09-18,7pm,Ontario (Ontario),Galion (Galion),0,,
5,2026-09-18,7pm,Orange (Pepper Pike),West Geauga (Chesterland),0,,
5,2026-09-18,7pm,Orrville (Orrville),Fairless (Brewster),0,,
5,2026-09-18,7pm,Ottawa Hills (Toledo),Toledo Christian (Toledo),0,,
5,2026-09-18,7pm,Paint Valley (Bainbridge),Southeastern (Chillicothe),0,,
5,2026-09-18,7pm,Pandora-Gilboa (Pandora),Leipsic (Leipsic),0,,
5,2026-09-18,7pm,Perkins (Sandusky),Bellevue (Bellevue),0,,
5,2026-09-18,7pm,Perry (Massillon),Canton McKinley (Canton),0,,
5,2026-09-18,7pm,Philo (Duncan Falls),West Muskingum (Zanesville),0,,
5,2026-09-18,7pm,Pickerington North (Pickerington),Olentangy Orange (Lewis Center),0,,
5,2026-09-18,7pm,Pleasant (Marion),Clear Fork (Bellville),0,,
5,2026-09-18,7pm,Plymouth (Plymouth),Sebring McKinley (Sebring),0,,
5,2026-09-18,7pm,Port Clinton (Port Clinton),Clyde (Clyde),0,,
5,2026-09-18,7pm,Portsmouth (Portsmouth),Dawson-Bryant (Coal Grove),0,,
5,2026-09-18,7pm,Preble Shawnee (Camden),Arcanum (Arcanum),0,,
5,2026-09-18,7pm,Purcell Marian (Cincinnati),New Richmond (New Richmond),0,,
5,2026-09-18,7pm,Reading (Reading),Madeira (Cincinnati),0,,
5,2026-09-18,7pm,Revere (Richfield),Copley (Copley),0,,
5,2026-09-18,7pm,Richmond Heights (Richmond Heights),Brush (Lyndhurst),0,,
5,2026-09-18,7pm,Ridgemont (Mt Victory),Ridgedale (Morral),0,,
5,2026-09-18,7pm,Rittman (Rittman),Chippewa (Doylestown),0,,
5,2026-09-18,7pm,River (Hannibal),Cameron (Cameron),0,,WV
5,2026-09-18,7pm,Riverdale (Mt Blanchard),McComb (McComb),0,,
5,2026-09-18,7pm,River View (Warsaw),Sheridan (Thornville),0,,
5,2026-09-18,7pm,Rocky River (Rocky River),Valley Forge (Parma Heights),0,,
5,2026-09-18,7pm,Roger Bacon (St Bernard),Bishop Ready (Columbus),0,,
5,2026-09-18,7pm,Rogers (Toledo),Lima Senior (Lima),0,,
5,2026-09-18,7pm,Rootstown (Rootstown),Chagrin Falls (Chagrin Falls),0,,
5,2026-09-18,7pm,St Bernard-Elmwood Place (St Bernard),Norwood (Norwood),0,,
5,2026-09-18,7pm,St Clairsville (St Clairsville),East Liverpool (East Liverpool),0,,
5,2026-09-18,7pm,St Francis de Sales (Toledo),Orchard Lake St Mary (Orchard Lake),0,,MI
5,2026-09-18,7pm,St Henry (St Henry),Parkway (Rockford),0,,
5,2026-09-18,7pm,St John's (Delphos),New Bremen (New Bremen),0,,
5,2026-09-18,7pm,St John's Jesuit (Toledo),Central Catholic (Toledo),0,,
5,2026-09-18,7pm,St Mary Central Catholic (Sandusky),Windham (Windham),0,,
5,2026-09-18,7pm,St Paul (Norwalk),Western Reserve (Collins),0,,
5,2026-09-18,7pm,Salem (Salem),Beaver Local (East Liverpool),0,,
5,2026-09-18,7pm,Shaker Heights (Shaker Heights),Brunswick (Brunswick),0,,
5,2026-09-18,7pm,Shawnee (Lima),Celina (Celina),0,,
5,2026-09-18,7pm,Shelby (Shelby),Highland (Marengo),0,,
5,2026-09-18,7pm,Solon (Solon),Stow-Munroe Falls (Stow),0,,
5,2026-09-18,7pm,South Central (Greenwich),Crestview (Ashland),0,,
5,2026-09-18,7pm,Southern (Salineville),East Palestine (East Palestine),0,,
5,2026-09-18,7pm,South Point (South Point),Rock Hill (Ironton),0,,
5,2026-09-18,7pm,Springfield (Holland),Whitmer (Toledo),0,,
5,2026-09-18,7pm,Springfield (New Middletown),Waterloo (Atwater),0,,
5,2026-09-18,7pm,Springfield (Springfield),Centerville (Centerville),0,,
5,2026-09-18,6pm,Start (Toledo),Waite (Toledo),0,,
5,2026-09-18,7pm,Stebbins (Riverside),Greenville (Greenville),0,,
5,2026-09-18,7pm,Steubenville (Steubenville),Indian Valley (Gnadenhutten),0,,
5,2026-09-18,7pm,Strasburg-Franklin (Strasburg),Shadyside (Shadyside),0,,
5,2026-09-18,7pm,Streetsboro (Streetsboro),Kent Roosevelt (Kent),0,,
5,2026-09-18,7pm,Strongsville (Strongsville),Euclid (Euclid),0,,
5,2026-09-18,7pm,Struthers (Struthers),South Range (Canfield),0,,
5,2026-09-18,7pm,Summit Country Day (Cincinnati),Miami Valley Christian Academy (Cincinnati),0,,
5,2026-09-18,7pm,Swanton (Swanton),Delta (Delta),0,,
5,2026-09-18,7pm,Sylvania Northview (Sylvania),Napoleon (Napoleon),0,,
5,2026-09-18,7pm,Sylvania Southview (Sylvania),Perrysburg (Perrysburg),0,,
5,2026-09-18,7pm,Tallmadge (Tallmadge),Norton (Norton),0,,
5,2026-09-18,7pm,Teays Valley (Ashville),Reynoldsburg (Reynoldsburg),0,,
5,2026-09-18,7pm,Tecumseh (New Carlisle),Benjamin Logan (Bellefontaine),0,,
5,2026-09-18,7pm,Tinora (Defiance),Hicksville (Hicksville),0,,
5,2026-09-18,7pm,Trimble (Glouster),Shenandoah (Sarahsville),0,,
5,2026-09-18,6:30pm,Trotwood-Madison (Trotwood),Taft (Cincinnati),0,,
5,2026-09-18,7pm,Turpin (Cincinnati),Loveland (Loveland),0,,
5,2026-09-18,7pm,Tuscarawas Central Catholic (New Philadelphia),Federal Hocking (Stewart),0,,
5,2026-09-18,7pm,Tuscarawas Valley (Zoarville),East Canton (East Canton),0,,
5,2026-09-18,7pm,Tuslaw (Massillon),Triway (Wooster),0,,
5,2026-09-18,7pm,Tri-County North (Lewisburg),Bradford (Bradford),0,,
5,2026-09-18,7pm,Unioto (Chillicothe),Westfall (Williamsport),0,,
5,2026-09-18,7pm,Upper Arlington (Upper Arlington),Marysville (Marysville),0,,
5,2026-09-18,7pm,Upper Sandusky (Upper Sandusky),Mohawk (Sycamore),0,,
5,2026-09-18,7pm,Upper Scioto Valley (McGuffey),Waynesfield-Goshen (Waynesfield),0,,
5,2026-09-18,7pm,Urbana (Urbana),North Union (Richwood),0,,
5,2026-09-18,7pm,Ursuline (Youngstown),Warren G Harding (Warren),0,,
5,2026-09-18,7pm,Valley (Lucasville),Wheelersburg (Wheelersburg),0,,
5,2026-09-18,7pm,Van Buren (Van Buren),Arcadia (Arcadia),0,,
5,2026-09-18,7pm,Vermilion (Vermilion),Sandusky (Sandusky),0,,
5,2026-09-18,7pm,Versailles (Versailles),Fort Recovery (Fort Recovery),0,,
5,2026-09-18,7pm,Vinton County (McArthur),Athens (The Plains),0,,
5,2026-09-18,7pm,Wadsworth (Wadsworth),North Royalton (North Royalton),0,,
5,2026-09-18,7pm,Walnut Hills (Cincinnati),Winton Woods (Cincinnati),0,,
5,2026-09-18,7pm,Wapakoneta (Wapakoneta),St Marys Memorial (St Marys),0,,
5,2026-09-18,7pm,Massillon Washington (Massillon),St Edward (Lakewood),0,,
5,2026-09-18,6:30pm,Washington (Washington Court House),Shroder (Cincinnati),0,,
5,2026-09-18,7pm,Wauseon (Wauseon),Patrick Henry (Hamler),0,,
5,2026-09-18,7pm,Waverly (Waverly),Portsmouth West (West Portsmouth),0,,
5,2026-09-18,7pm,Waynesville (Waynesville),Oakwood (Dayton),0,,
5,2026-09-18,7pm,Wayne Trace (Haviland),Paulding (Paulding),0,,
5,2026-09-18,7pm,Wellington (Wellington),Clearview (Lorain),0,,
5,2026-09-18,7pm,West Branch (Beloit),Marlington (Alliance),0,,
5,2026-09-18,7pm,West Carrollton (West Carrollton),Piqua (Piqua),0,,
5,2026-09-18,7pm,Western Brown (Mount Orab),Miami Trace (Washington Court House),0,,
5,2026-09-18,7pm,Western Hills (Cincinnati),North College Hill (Cincinnati),0,,
5,2026-09-18,7pm,Westerville North (Westerville),Delaware Hayes (Delaware),0,,
5,2026-09-18,7pm,West Holmes (Millersburg),Madison Comprehensive (Mansfield),0,,
5,2026-09-18,7pm,Wickliffe (Wickliffe),Beachwood (Beachwood),0,,
5,2026-09-18,7pm,Willard (Willard),Seneca East (Attica),0,,
5,2026-09-18,7pm,Williamsburg (Williamsburg),Hillsboro (Hillsboro),0,,
5,2026-09-18,7pm,Withrow (Cincinnati),Archbishop McNicholas (Cincinnati),0,,
5,2026-09-18,7pm,Woodmore (Elmore),Columbiana (Columbiana),0,,
5,2026-09-18,7pm,Woodridge (Peninsula),Ravenna (Ravenna),0,,
5,2026-09-18,7pm,Woodward (Cincinnati),Northwest (Cincinnati),0,,
5,2026-09-18,7pm,Wooster (Wooster),Lexington (Lexington),0,,
5,2026-09-18,7pm,Harvest Prep (Canal Winchester),Bishop Watterson (Columbus),0,,
5,2026-09-18,7pm,Wynford (Bucyrus),Hopewell-Loudon (Bascom),0,,
5,2026-09-18,7pm,Wyoming (Cincinnati),Taylor (Cleves),0,,
5,2026-09-18,7pm,Xenia (Xenia),Sidney (Sidney),0,,
5,2026-09-18,7pm,Zanesville (Zanesville),Utica (Utica),0,,
5,2026-09-18,7pm,Valley Christian School (Youngstown),Wellsville (Wellsville),0,,
5,2026-09-18,7pm,Zane Trace (Chillicothe),Adena (Frankfort),0,,
5,2026-09-18,7pm,KIPP Columbus (Columbus),Whitehall-Yearling (Whitehall),0,,
5,2026-09-18,7pm,Hedgesville,John Marshall (Glen Dale),0,WV,WV
5,2026-09-18,7pm,Madonna (Weirton),Conotton Valley (Bowerston),0,WV,
5,2026-09-18,7pm,Magnolia (New Martinsville),Bridgeport (Bridgeport),0,WV,
5,2026-09-18,7pm,Oak Glen (New Cumberland),Toronto (Toronto),0,WV,
5,2026-09-18,7pm,Point Pleasant (Point Pleasant),Ripley (Ripley),0,WV,WV
5,2026-09-18,7pm,Roane County (Spencer),Williamstown (Williamstown),0,WV,WV
5,2026-09-18,7pm,Tucker County (Hambleton),Clay-Battelle (Blacksville),0,WV,WV
5,2026-09-18,7pm,Valley (Wetzel) (Pine Grove),Frontier (New Matamoras),0,WV,
5,2026-09-18,7pm,Wahama (Mason),Webster County,0,WV,WV
5,2026-09-18,7pm,Wheeling Park (Wheeling),University (Morgantown),0,WV,WV
5,2026-09-18,,Winfield,Magoffin County,0,WV,KY
5,2026-09-18,7:30pm,Expression Prep Academy (Huntington),Fairview (Ashland),0,WV,KY
5,2026-09-18,7pm,Beechwood (Fort Mitchell),Covington Catholic (Park Hills),0,KY,KY
5,2026-09-18,7:30pm,Belfry (Belfry),Pikeville (Pikeville),0,KY,KY
5,2026-09-18,7:30pm,Boone County,Mason County,0,KY,KY
5,2026-09-18,7pm,Campbell County (Alexandria),Lloyd Memorial (Erlanger),0,KY,KY
5,2026-09-18,7pm,Conner (Hebron),Simon Kenton (Independence),0,KY,KY
5,2026-09-18,7:30pm,Corbin (Corbin),Frederick Douglass (Lexington),0,KY,KY
5,2026-09-18,7:30pm,Dixie Heights (Edgewood),Henry Clay (Lexington),0,KY,KY
5,2026-09-18,7:30pm,East Carter,West Carter,0,KY,KY
5,2026-09-18,7:30pm,Fleming County,Greenup County (Greenup),0,KY,KY
5,2026-09-18,7:30pm,Green County,Somerset (Somerset),0,KY,KY
5,2026-09-18,7pm,Highlands (Fort Thomas),Ryle (Union),0,KY,KY
5,2026-09-18,7:30pm,Johnson Central,Pulaski County,0,KY,KY
5,2026-09-18,7pm,Male (Louisville),Trinity (Louisville),0,KY,KY
5,2026-09-18,,Paris,Newport (Newport),0,KY,KY
5,2026-09-18,7:30pm,Raceland (Raceland),Newport Central Catholic,0,KY,KY
5,2026-09-18,7:30pm,Russell (Russell),Ashland Blazer (Ashland),0,KY,KY
5,2026-09-18,7pm,St Xavier (Louisville),Elder (Cincinnati),0,KY,
5,2026-09-18,7:30pm,Cooper (Union),DuPont Manual,0,KY,KY
5,2026-09-18,7pm,Ann Arbor Gabriel Richard (Ann Arbor),Lumen Christi (Jackson),0,MI,MI
5,2026-09-18,7pm,Brother Rice (Bloomfield Hills),U of D Jesuit (Detroit),0,MI,MI
5,2026-09-18,7pm,Camden-Frontier (Camden),Pittsford,0,MI,MI
5,2026-09-18,7pm,Dearborn Divine Child (Dearborn),Lincoln Park,0,MI,MI
5,2026-09-18,7pm,Erie Mason (Erie),Edon (Edon),0,MI,
5,2026-09-18,7pm,Grand Rapids Union,Muskegon Mona Shores (Muskegon),0,MI,MI
5,2026-09-18,7pm,Kalamazoo Central,Portage Central (Portage),0,MI,MI
5,2026-09-18,7pm,Monroe,Bedford (Temperance),0,MI,MI
5,2026-09-18,7pm,North Adams-Jerome (North Adams),Tekonsha,0,MI,MI
5,2026-09-18,7pm,Petersburg Summerfield (Petersburg),Montpelier (Montpelier),0,MI,
5,2026-09-18,7pm,River Rouge (River Rouge),St Francis DeSales (Columbus),0,MI,
5,2026-09-18,7pm,Southfield Christian,Adrian Lenawee Christian (Adrian),0,MI,MI
5,2026-09-18,7pm,Waldron (Waldron),Morenci (Morenci),0,MI,MI
5,2026-09-18,7pm,Warren De La Salle (Warren),Novi Detroit Catholic Central (Novi),0,MI,MI
5,2026-09-18,,North Oakland Bucks (club) (Auburn Hills),Gibsonburg (Gibsonburg),0,MI,
5,2026-09-18,7pm,Everett (Everett),Northern Bedford County,0,PA,PA
5,2026-09-18,7pm,Butler (Butler),Austintown-Fitch (Austintown),0,PA,
5,2026-09-18,7pm,Pine-Richland (Gibsonia),Mount Lebanon,0,PA,PA
5,2026-09-18,7pm,Riverside (Ellwood City),Western Beaver (Industry),0,PA,PA
5,2026-09-18,7pm,Springdale,Jeannette (Jeannette),0,PA,PA
5,2026-09-18,7pm,Farrell (Farrell),Wilmington (New Wilmington),0,PA,PA
5,2026-09-18,7:30pm,Taylor Allderdice (Pittsburgh),University Prep (USO co-op) (Pittsburgh),0,PA,PA
5,2026-09-18,3:30pm,Carrick (Pittsburgh),Westinghouse (Pittsburgh),0,PA,PA
5,2026-09-18,7pm,Cathedral Prep (Erie),Franklin,0,PA,PA
5,2026-09-18,7:30pm,Batesville,East Central (St Leon),0,IN,IN
5,2026-09-18,7pm,Bloomington South (Bloomington),Greenfield-Central,0,IN,IN
5,2026-09-18,7pm,Bishop Dwenger (Fort Wayne),Homestead,0,IN,IN
5,2026-09-18,7pm,Blackhawk Christian (Fort Wayne),South Adams (Berne),0,IN,IN
5,2026-09-18,7pm,Greensburg,South Dearborn (Aurora),0,IN,IN
5,2026-09-18,5:30pm,Indiana School for the Deaf,Morristown,0,IN,IN
5,2026-09-18,7pm,Bishop Chatard (Indianapolis),Brebeuf Jesuit Preparatory,0,IN,IN
5,2026-09-18,7pm,Cardinal Ritter (Indianapolis),Indianapolis Lutheran (Indianapolis),0,IN,IN
5,2026-09-18,7pm,Cathedral (Indianapolis),Southport (Indianapolis),0,IN,IN
5,2026-09-18,7pm,Lawrenceburg (Lawrenceburg),Franklin County (Brookville),0,IN,IN
5,2026-09-18,7pm,Richmond (Richmond),Lafayette Jefferson,0,IN,IN
5,2026-09-18,7pm,Western,Hamilton Heights (Arcadia),0,IN,IN
5,2026-09-18,7pm,Noblesville Lions (club) (Noblesville),Christel House - Manual (Indianapolis),0,IN,IN
5,2026-09-18,7:30pm,Christ Presbyterian Academy (Nashville),Baylor (Chattanooga),0,TN,TN
5,2026-09-18,8pm,Knoxville Catholic,Montgomery Bell Academy,0,TN,TN
5,2026-09-18,7pm,Middle Tennessee Christian School (Murfreesboro),Concord Christian School (Knoxville),0,TN,TN
5,2026-09-18,,Loudoun Sports Academy (Leesburg),DeMatha Catholic (Hyattsville),0,VA,MD
5,2026-09-18,,Mt Zion Prep (Lanham),The St James Academy (Springfield),0,MD,VA
5,2026-09-18,,Hewlett Sports Academy (Waldorf),Saint Frances Academy (Baltimore),0,MD,MD
5,2026-09-18,6:30pm,Archbishop Carroll (Washington),Gonzaga (Washington),0,DC,DC
5,2026-09-18,6:30pm,St John's College (Washington),West Boca Raton (Boca Raton),0,DC,FL
5,2026-09-18,6pm,Digital Pioneers Academy (Washington),Howard D. Woodson (Washington),0,DC,DC
5,2026-09-18,7pm,St Joseph's Collegiate (Buffalo),St Andrew's College (Aurora),0,NY,ON
5,2026-09-18,,University Prep (Rochester),Rush-Henrietta (Henrietta),0,NY,NY
5,2026-09-18,7:30pm,Health Sciences (Buffalo),Lancaster (Lancaster),0,NY,NY
5,2026-09-18,6pm,Eagle Academy for Young Men II (Brooklyn),Abraham Lincoln (Brooklyn),0,NY,NY
5,2026-09-18,6pm,Salem (Salem),Arthur P Schalick (Pittsgrove),0,NJ,NJ
5,2026-09-18,7pm,Middletown (Middletown),Good Counsel (Wheaton),0,DE,MD
5,2026-09-18,,Legacy Sport Sciences (Spring),Carthage (Carthage),0,TX,TX
5,2026-09-18,4:30pm,Michael Power - St Joseph (Etobicoke),Huron Heights (Newmarket),0,ON,ON
5,2026-09-18,10pm,Bishop Gorman (Las Vegas),Mater Dei (Santa Ana),0,NV,CA
5,2026-09-18,7pm,West Orange (Winter Garden),Lake Mary (Lake Mary),0,FL,FL
5,2026-09-18,,IMG Academy (Bradenton),First Academy (Orlando),0,FL,FL
5,2026-09-18,6pm,Benedictine Military School (Savannah),McDonogh School (Owings Mills),0,GA,MD
5,2026-09-18,7pm,Mallard Creek (Charlotte),McCallie,0,NC,TN
5,2026-09-18,7pm,Cardinal Gibbons (Raleigh),Archbishop Hoban (Akron),0,NC,
5,2026-09-18,8pm,Millard South (Omaha),Cardinal Ritter (St Louis),0,NE,MO
5,2026-09-18,7pm,Providence Day School (Charlotte),Rabun Gap - Nacoochee (Rabun Gap),0,NC,GA
5,2026-09-19,1pm,Cardinal Mooney (Youngstown),Buchtel (Akron),0,,
5,2026-09-19,,Chalker (Southington),Kennedy Catholic (Hermitage),0,,PA
5,2026-09-19,12pm,Cincinnati Hills Christian Academy (Cincinnati),Aiken (Cincinnati),0,,
5,2026-09-19,1pm,East (Akron),University School (Hunting Valley),0,,
5,2026-09-19,4:30pm,Lakota (Kansas),Crestline (Crestline),0,,
5,2026-09-19,7pm,Ponitz Tech (Dayton),Landmark Eagles (club) (Cincinnati),0,,
5,2026-09-19,1pm,Pymatuning Valley (Andover),St John School (Ashtabula),0,,
5,2026-09-19,7pm,Stryker (Stryker),St Joseph Central Catholic (Fremont),0,,
5,2026-09-19,7pm,Troy Christian (Troy),Lehman Catholic (Sidney),0,,
5,2026-09-19,2pm,Columbus Crusaders (club) (Columbus),Northern Virginia Homeschool,1,,VA
5,2026-09-19,,C4 Lions (club) (Middletown),West Union (club) (West Union),0,,
5,2026-09-19,7pm,Sand Creek (Sand Creek),Hilltop (West Unity),0,MI,
5,2026-09-19,,Waldron,Kosciusko Thunder (club),0,IN,IN
5,2026-09-19,,Indianapolis Crimson Knights (club),Grand Valley Patriots (club),0,IN,MI
5,2026-09-19,1pm,Archbishop Spalding (Severn),Mount St Joseph (Baltimore),0,MD,MD
5,2026-09-19,2pm,Bishop Timon - St Jude (Buffalo),St Francis (Hamburg),0,NY,NY
5,2026-09-19,2pm,Canisius (Buffalo),Martinsburg (Martinsburg),0,NY,WV
5,2026-09-19,1:30pm,St Francis Prep (Fresh Meadows),St John the Baptist (West Islip),0,NY,NY
5,2026-09-19,1pm,Long Island Lutheran (Brookville),Red Lion Christian Academy (Bear),0,NY,DE
5,2026-09-19,2pm,The Hun School (Princeton),St Thomas More (Oakdale),0,NJ,CT
5,2026-09-19,3pm,MU Sports Academy (Delson),The Lawrenceville School,0,QB,NJ
5,2026-09-19,1pm,Hoboken (Hoboken),Dunbar (Washington),0,NJ,DC
5,2026-09-19,5am,Humphreys (Pyeongtaek),Kubasaki (Okinawa),0,SOUTH KOREA,JAPAN
6,2026-09-22,4pm,Chaminade College School (North York),Huron Heights (Newmarket),0,ON,ON
6,2026-09-24,6pm,Bowsher (Toledo),Waite (Toledo),0,,
6,2026-09-24,6pm,North College Hill (Cincinnati),Belmont (Dayton),0,,
6,2026-09-24,7pm,Notre Dame-Cathedral Latin (Chardon),Holy Name (Parma Heights),0,,
6,2026-09-24,7pm,River (Hannibal),Everett (Everett),0,,PA
6,2026-09-24,7pm,Walnut Ridge (Columbus),West (Columbus),0,,
6,2026-09-24,6:30pm,Stivers (Dayton),Shroder (Cincinnati),0,,
6,2026-09-24,7pm,Pendleton County (Falmouth),Lloyd Memorial (Erlanger),0,KY,KY
6,2026-09-24,7pm,Taylor Allderdice (Pittsburgh),Carrick (Pittsburgh),0,PA,PA
6,2026-09-25,7pm,Adena (Frankfort),Unioto (Chillicothe),0,,
6,2026-09-25,7pm,Africentric Early College (Columbus),Marion-Franklin (Columbus),0,,
6,2026-09-25,7pm,Alexander (Albany),Vinton County (McArthur),0,,
6,2026-09-25,7pm,Allen East (Harrod),Crestview (Convoy),0,,
6,2026-09-25,7pm,Amanda-Clearcreek (Amanda),Marietta (Marietta),0,,
6,2026-09-25,7pm,Anderson (Cincinnati),Milford (Milford),0,,
6,2026-09-25,7pm,Arcadia (Arcadia),Riverdale (Mt Blanchard),0,,
6,2026-09-25,7pm,Arcanum (Arcanum),National Trail (New Paris),0,,
6,2026-09-25,7pm,Archbold (Archbold),Swanton (Swanton),0,,
6,2026-09-25,7pm,Aurora (Aurora),Revere (Richfield),0,,
6,2026-09-25,7pm,Avon Lake (Avon Lake),Elyria (Elyria),0,,
6,2026-09-25,7pm,Bath (Lima),Elida (Elida),0,,
6,2026-09-25,7pm,Bay (Bay Village),North Olmsted (North Olmsted),0,,
6,2026-09-25,7pm,Beachwood (Beachwood),Brooklyn (Brooklyn),0,,
6,2026-09-25,7pm,Bellbrook (Bellbrook),Edgewood (Trenton),0,,
6,2026-09-25,7pm,Bellefontaine (Bellefontaine),Kenton Ridge (Springfield),0,,
6,2026-09-25,7pm,Berea-Midpark (Berea),Avon (Avon),0,,
6,2026-09-25,7pm,Berkshire (Burton),Fairview (Fairview Park),0,,
6,2026-09-25,7pm,Bethel-Tate (Bethel),Norwood (Norwood),0,,
6,2026-09-25,7:30pm,Bexley (Columbus),Columbus Academy (Gahanna),0,,
6,2026-09-25,7:30pm,Big Walnut (Sunbury),Ironton (Ironton),0,,
6,2026-09-25,7pm,Bishop Hartley (Columbus),St Charles (Columbus),0,,
6,2026-09-25,7pm,Bishop Rosecrans (Zanesville),Fairfield Christian Academy (Lancaster),0,,
6,2026-09-25,7pm,Blanchester (Blanchester),East Clinton (Sabina),0,,
6,2026-09-25,7pm,Bowling Green (Bowling Green),Springfield (Holland),0,,
6,2026-09-25,7pm,Bradford (Bradford),Preble Shawnee (Camden),0,,
6,2026-09-25,7pm,Bridgeport (Bridgeport),Conotton Valley (Bowerston),0,,
6,2026-09-25,7pm,Briggs (Columbus),Independence (Columbus),0,,
6,2026-09-25,7pm,Brookfield (Brookfield),Crestview (Columbiana),0,,
6,2026-09-25,7pm,Brookside (Sheffield),Columbia (Columbia Station),0,,
6,2026-09-25,7pm,Brookville (Brookville),Carlisle (Carlisle),0,,
6,2026-09-25,7pm,Brunswick (Brunswick),Lorain (Lorain),0,,
6,2026-09-25,4:30pm,Brush (Lyndhurst),Garfield Heights (Garfield Heights),0,,
6,2026-09-25,7pm,Bryan (Bryan),Evergreen (Metamora),0,,
6,2026-09-25,7pm,Buckeye Local (Rayland),Oak Glen (New Cumberland),0,,WV
6,2026-09-25,7pm,Harrison Central (Cadiz),Barnesville (Barnesville),0,,
6,2026-09-25,7pm,Canfield (Canfield),West Branch (Beloit),0,,
6,2026-09-25,7pm,Canton McKinley (Canton),Green (Uniontown),0,,
6,2026-09-25,7pm,Cardinal (Middlefield),Wellington (Wellington),0,,
6,2026-09-25,7pm,Carey (Carey),Calvert (Tiffin),0,,
6,2026-09-25,7pm,Carrollton (Carrollton),Alliance (Alliance),0,,
6,2026-09-25,7pm,Celina (Celina),Kenton (Kenton),0,,
6,2026-09-25,7pm,Centerburg (Centerburg),Loudonville (Loudonville),0,,
6,2026-09-25,7pm,Centerville (Centerville),Beavercreek (Beavercreek),0,,
6,2026-09-25,7pm,Canton Central Catholic (Canton),Crestline (Crestline),0,,
6,2026-09-25,7pm,Central Catholic (Toledo),Lumen Christi (Jackson),0,,MI
6,2026-09-25,7pm,Toledo Christian (Toledo),Pandora-Gilboa (Pandora),0,,
6,2026-09-25,7pm,Chalker (Southington),Plymouth (Plymouth),0,,
6,2026-09-25,7pm,Chaminade Julienne (Dayton),Badin (Hamilton),0,,
6,2026-09-25,7pm,Champion (Warren),LaBrae (Leavittsburg),0,,
6,2026-09-25,7pm,Chardon (Chardon),South (Willoughby),0,,
6,2026-09-25,7pm,Chillicothe (Chillicothe),McClain (Greenfield),0,,
6,2026-09-25,7pm,Chippewa (Doylestown),Norwayne (Creston),0,,
6,2026-09-25,7pm,Cincinnati Country Day (Cincinnati),New Miami (Hamilton),0,,
6,2026-09-25,7pm,Clear Fork (Bellville),Marion Harding (Marion),0,,
6,2026-09-25,7pm,Clearview (Lorain),Firelands (Oberlin),0,,
6,2026-09-25,7pm,Cleveland Central Catholic (Cleveland),Richmond Heights (Richmond Heights),0,,
6,2026-09-25,7pm,Cleveland Heights (Cleveland Heights),Mentor (Mentor),0,,
6,2026-09-25,7pm,Clinton-Massie (Clarksville),New Richmond (New Richmond),0,,
6,2026-09-25,7pm,Cloverleaf (Seville),Streetsboro (Streetsboro),0,,
6,2026-09-25,7pm,Colerain (Cincinnati),Oak Hills (Cincinnati),0,,
6,2026-09-25,7pm,Columbiana (Columbiana),Southern (Salineville),0,,
6,2026-09-25,7pm,Conneaut (Conneaut),Crestwood (Mantua),0,,
6,2026-09-25,7pm,Copley (Copley),Barberton (Barberton),0,,
6,2026-09-25,7pm,Cory-Rawson (Rawson),Ridgedale (Morral),0,,
6,2026-09-25,7pm,Coshocton (Coshocton),Maysville (Zanesville),0,,
6,2026-09-25,7pm,Coventry (Coventry Twp),Northwest (Canal Fulton),0,,
6,2026-09-25,7pm,Covington (Covington),Troy Christian (Troy),0,,
6,2026-09-25,7pm,Crooksville (Crooksville),River View (Warsaw),0,,
6,2026-09-25,7pm,Dalton (Dalton),Rittman (Rittman),0,,
6,2026-09-25,7pm,Danville (Danville),Northmor (Galion),0,,
6,2026-09-25,7pm,Defiance (Defiance),Shawnee (Lima),0,,
6,2026-09-25,7pm,Delta (Delta),Wauseon (Wauseon),0,,
6,2026-09-25,7pm,Dixie (New Lebanon),Tri-County North (Lewisburg),0,,
6,2026-09-25,7pm,Dover (Dover),West Holmes (Millersburg),0,,
6,2026-09-25,7pm,Dublin Coffman (Dublin),Olentangy Liberty (Powell),0,,
6,2026-09-25,7pm,Dublin Scioto (Dublin),Westland (Galloway),0,,
6,2026-09-25,7pm,Sciotoville Community (Portsmouth),Eastern (Beaver),0,,
6,2026-09-25,7pm,Dublin Jerome (Dublin),Marysville (Marysville),0,,
6,2026-09-25,7pm,East Canton (East Canton),Tuscarawas Central Catholic (New Philadelphia),0,,
6,2026-09-25,7pm,Eastern (Reedsville),Waterford (Waterford),0,,
6,2026-09-25,7pm,East Knox (Howard),Cardington-Lincoln (Cardington),0,,
6,2026-09-25,7pm,East Liverpool (East Liverpool),Cambridge (Cambridge),0,,
6,2026-09-25,7pm,East Palestine (East Palestine),Wellsville (Wellsville),0,,
6,2026-09-25,7pm,Eaton (Eaton),Madison (Middletown),0,,
6,2026-09-25,7pm,Edgerton (Edgerton),Wayne Trace (Haviland),0,,
6,2026-09-25,7pm,Edison (Milan),Bellevue (Bellevue),0,,
6,2026-09-25,7pm,Edison (Richmond),Toronto (Toronto),0,,
6,2026-09-25,7pm,Edon (Edon),Sand Creek (Sand Creek),0,,MI
6,2026-09-25,7pm,Elmwood (Bloomdale),Van Buren (Van Buren),0,,
6,2026-09-25,7pm,Euclid (Euclid),Shaker Heights (Shaker Heights),0,,
6,2026-09-25,7pm,Fairfield (Fairfield),Lakota West (West Chester),0,,
6,2026-09-25,7pm,Fairfield Union (Lancaster),Liberty Union (Baltimore),0,,
6,2026-09-25,7pm,Fairport Harding (Fairport Harbor),Rootstown (Rootstown),0,,
6,2026-09-25,7pm,Fairview (Sherwood),Tinora (Defiance),0,,
6,2026-09-25,7pm,Federal Hocking (Stewart),Belpre (Belpre),0,,
6,2026-09-25,7pm,Bishop Fenwick (Franklin),Archbishop Alter (Kettering),0,,
6,2026-09-25,7pm,Field (Mogadore),Kent Roosevelt (Kent),0,,
6,2026-09-25,7pm,Findlay (Findlay),Clay (Oregon),0,,
6,2026-09-25,7pm,Finneytown (Cincinnati),Reading (Reading),0,,
6,2026-09-25,7pm,Firestone (Akron),Ellet (Akron),0,,
6,2026-09-25,7pm,Fort Frye (Beverly),Caldwell (Caldwell),0,,
6,2026-09-25,7pm,Fort Recovery (Fort Recovery),Anna (Anna),0,,
6,2026-09-25,7pm,Fostoria (Fostoria),Lake (Millbury),0,,
6,2026-09-25,7pm,Franklin Heights (Columbus),Buckeye Valley (Delaware),0,,
6,2026-09-25,7:30pm,Frontier (New Matamoras),St Marys (St Marys),0,,WV
6,2026-09-25,7pm,Galion (Galion),Highland (Marengo),0,,
6,2026-09-25,7pm,Gallia Academy (Gallipolis),Dawson-Bryant (Coal Grove),0,,
6,2026-09-25,7pm,Garaway (Sugarcreek),Tuscarawas Valley (Zoarville),0,,
6,2026-09-25,7pm,Garfield (Garrettsville),Southeast (Ravenna),0,,
6,2026-09-25,7pm,Genoa Area (Genoa),Oak Harbor (Oak Harbor),0,,
6,2026-09-25,7pm,Gibsonburg (Gibsonburg),Ottawa Hills (Toledo),0,,
6,2026-09-25,7pm,Girard (Girard),Lakeview (Cortland),0,,
6,2026-09-25,7pm,GlenOak (Canton),Hoover (North Canton),0,,
6,2026-09-25,4pm,Glenville (Cleveland),John Hay (Cleveland),0,,
6,2026-09-25,7pm,Goshen (Goshen),Batavia (Batavia),0,,
6,2026-09-25,7pm,Graham Local (St Paris),Benjamin Logan (Bellefontaine),0,,
6,2026-09-25,7pm,Grandview Heights (Columbus),Linden McKinley (Columbus),0,,
6,2026-09-25,7pm,Greeneview (Jamestown),Cedarville (Cedarville),0,,
6,2026-09-25,7pm,Greenville (Greenville),Butler (Vandalia),0,,
6,2026-09-25,7pm,Grove City (Grove City),New Albany (New Albany),0,,
6,2026-09-25,7pm,Grove City Christian (Grove City),Millersport (Millersport),0,,
6,2026-09-25,7pm,Groveport Madison (Groveport),Teays Valley (Ashville),0,,
6,2026-09-25,7pm,Hamilton (Hamilton),Mason (Mason),0,,
6,2026-09-25,7pm,Hamilton Township (Columbus),Circleville (Circleville),0,,
6,2026-09-25,7pm,Hardin Northern (Dola),Vanlue (Vanlue),0,,
6,2026-09-25,7pm,Harvey (Painesville),Lakeside (Ashtabula),0,,
6,2026-09-25,7pm,Hawken (Gates Mills),Orange (Pepper Pike),0,,
6,2026-09-25,7pm,Delaware Hayes (Delaware),Worthington Kilbourne (Columbus),0,,
6,2026-09-25,7pm,Hicksville (Hicksville),Antwerp (Antwerp),0,,
6,2026-09-25,7pm,Highland (Medina),Stow-Munroe Falls (Stow),0,,
6,2026-09-25,7pm,Hilliard Davidson (Hilliard),Olentangy Orange (Lewis Center),0,,
6,2026-09-25,7pm,Hillsboro (Hillsboro),Washington (Washington Court House),0,,
6,2026-09-25,7pm,Hilltop (West Unity),Erie Mason (Erie),0,,MI
6,2026-09-25,7pm,Archbishop Hoban (Akron),Walsh Jesuit (Cuyahoga Falls),0,,
6,2026-09-25,7pm,Holgate (Holgate),St Mary Central Catholic (Sandusky),0,,
6,2026-09-25,7pm,Hopewell-Loudon (Bascom),Upper Sandusky (Upper Sandusky),0,,
6,2026-09-25,7pm,Hudson (Hudson),Solon (Solon),0,,
6,2026-09-25,6:30pm,Hughes (Cincinnati),Aiken (Cincinnati),0,,
6,2026-09-25,7pm,Huron (Huron),Port Clinton (Port Clinton),0,,
6,2026-09-25,7pm,Indian Creek (Wintersville),Bellaire (Bellaire),0,,
6,2026-09-25,7pm,Indian Valley (Gnadenhutten),Ridgewood (West Lafayette),0,,
6,2026-09-25,7pm,Jackson (Massillon),Perry (Massillon),0,,
6,2026-09-25,7pm,Jackson-Milton (North Jackson),McDonald (McDonald),0,,
6,2026-09-25,7pm,Jefferson (Delphos),Columbus Grove (Columbus Grove),0,,
6,2026-09-25,4pm,John Adams (Cleveland),East Technical (Cleveland),0,,
6,2026-09-25,7pm,Kenston (Chagrin Falls),Twinsburg (Twinsburg),0,,
6,2026-09-25,7pm,Keystone (La Grange),Black River (Sullivan),0,,
6,2026-09-25,7pm,Kirtland (Kirtland),Chagrin Falls (Chagrin Falls),0,,
6,2026-09-25,7pm,Lake (Uniontown),Louisville (Louisville),0,,
6,2026-09-25,7pm,Lake Catholic (Mentor),Cuyahoga Valley Christian Academy (Cuyahoga Falls),0,,
6,2026-09-25,7pm,Lebanon (Lebanon),Kings (Kings Mills),0,,
6,2026-09-25,7pm,Leetonia (Leetonia),Pymatuning Valley (Andover),0,,
6,2026-09-25,7pm,Lehman Catholic (Sidney),Milton-Union (West Milton),0,,
6,2026-09-25,7pm,Leipsic (Leipsic),Ada (Ada),0,,
6,2026-09-25,7pm,Lexington (Lexington),Mansfield Senior (Mansfield),0,,
6,2026-09-25,7pm,Liberty-Benton (Findlay),Fremont Ross (Fremont),0,,
6,2026-09-25,7pm,Liberty Center (Liberty Center),Patrick Henry (Hamler),0,,
6,2026-09-25,7pm,Lima Senior (Lima),Woodward (Toledo),0,,
6,2026-09-25,7pm,Lima Central Catholic (Lima),Fort Loramie (Fort Loramie),0,,
6,2026-09-25,7pm,Gahanna Lincoln (Gahanna),Central Crossing (Grove City),0,,
6,2026-09-25,7pm,Logan (Logan),Reynoldsburg (Reynoldsburg),0,,
6,2026-09-25,7pm,Logan Elm (Circleville),Bloom-Carroll (Carroll),0,,
6,2026-09-25,7pm,Loveland (Loveland),Walnut Hills (Cincinnati),0,,
6,2026-09-25,7pm,Lucas (Lucas),Colonel Crawford (North Robinson),0,,
6,2026-09-25,7pm,Lutheran East (Cleveland Heights),John F Kennedy (Warren),0,,
6,2026-09-25,7pm,Madeira (Cincinnati),Deer Park (Cincinnati),0,,
6,2026-09-25,7pm,Madison (Madison),Jefferson Area (Jefferson),0,,
6,2026-09-25,7pm,Madison Comprehensive (Mansfield),Ashland (Ashland),0,,
6,2026-09-25,7pm,Madison-Plains (London),Catholic Central (Springfield),0,,
6,2026-09-25,7pm,Manchester (New Franklin),Tuslaw (Massillon),0,,
6,2026-09-25,7pm,Maple Heights (Maple Heights),Warrensville Heights (Warrensville Heights),0,,
6,2026-09-25,7pm,Mapleton (Ashland),South Central (Greenwich),0,,
6,2026-09-25,7pm,Margaretta (Castalia),Lakota (Kansas),0,,
6,2026-09-25,7pm,Mariemont (Cincinnati),Wyoming (Cincinnati),0,,
6,2026-09-25,7pm,Marion Local (Maria Stein),St Henry (St Henry),0,,
6,2026-09-25,7pm,Marlington (Alliance),Howland (Warren),0,,
6,2026-09-25,7pm,Mayfield (Mayfield),Brecksville-Broadview Heights (Broadview Heights),0,,
6,2026-09-25,7pm,McComb (McComb),Arlington (Arlington),0,,
6,2026-09-25,7pm,Sebring McKinley (Sebring),Windham (Windham),0,,
6,2026-09-25,7pm,Archbishop McNicholas (Cincinnati),Archbishop Carroll (Dayton),0,,
6,2026-09-25,7pm,Meadowbrook (Byesville),Philo (Duncan Falls),0,,
6,2026-09-25,7pm,Medina (Medina),Wadsworth (Wadsworth),0,,
6,2026-09-25,7pm,Meigs (Pomeroy),Nelsonville-York (Nelsonville),0,,
6,2026-09-25,7pm,Campbell Memorial (Campbell),Springfield (New Middletown),0,,
6,2026-09-25,7pm,Miamisburg (Miamisburg),Kettering Fairmont (Kettering),0,,
6,2026-09-25,7pm,Miami Trace (Washington Court House),Jackson (Jackson),0,,
6,2026-09-25,7pm,Miami Valley Christian Academy (Cincinnati),Fayetteville (Fayetteville),0,,
6,2026-09-25,7pm,Midview (Grafton),North Ridgeville (North Ridgeville),0,,
6,2026-09-25,7pm,Mifflin (Columbus),Beechcroft (Columbus),0,,
6,2026-09-25,7pm,Mineral Ridge (Mineral Ridge),Waterloo (Atwater),0,,
6,2026-09-25,7pm,Minster (Minster),St John's (Delphos),0,,
6,2026-09-25,7pm,Archbishop Moeller (Cincinnati),La Salle (Cincinnati),0,,
6,2026-09-25,7pm,Mohawk (Sycamore),Wynford (Bucyrus),0,,
6,2026-09-25,7pm,Monroe (Monroe),Franklin (Franklin),0,,
6,2026-09-25,7pm,Montpelier (Montpelier),Ottawa Lake Whiteford (Ottawa Lake),0,,MI
6,2026-09-25,7pm,Mount Gilead (Mount Gilead),Fredericktown (Fredericktown),0,,
6,2026-09-25,7pm,Mount Vernon (Mount Vernon),Granville (Granville),0,,
6,2026-09-25,7pm,Napoleon (Napoleon),Sylvania Southview (Sylvania),0,,
6,2026-09-25,7pm,Newark (Newark),Canal Winchester (Canal Winchester),0,,
6,2026-09-25,7pm,Newark Catholic (Newark),Johnstown (Johnstown),0,,
6,2026-09-25,7pm,New Bremen (New Bremen),Versailles (Versailles),0,,
6,2026-09-25,7pm,Newcomerstown (Newcomerstown),Malvern (Malvern),0,,
6,2026-09-25,7pm,New Philadelphia (New Philadelphia),Wooster (Wooster),0,,
6,2026-09-25,7pm,Newton Falls (Newton Falls),Liberty (Youngstown),0,,
6,2026-09-25,7pm,North (Eastlake),Lutheran West (Rocky River),0,,
6,2026-09-25,7pm,North Baltimore (North Baltimore),Ridgemont (Mt Victory),0,,
6,2026-09-25,7pm,North Central (Pioneer),Petersburg Summerfield (Petersburg),0,,MI
6,2026-09-25,7pm,Northland (Columbus),Centennial (Columbus),0,,
6,2026-09-25,7pm,Northridge (Dayton),Miami East (Casstown),0,,
6,2026-09-25,7pm,Northridge (Johnstown),Lakewood (Hebron),0,,
6,2026-09-25,7pm,North Royalton (North Royalton),Nordonia (Macedonia),0,,
6,2026-09-25,7pm,North Union (Richwood),Indian Lake (Lewistown),0,,
6,2026-09-25,7pm,Norton (Norton),Woodridge (Peninsula),0,,
6,2026-09-25,7pm,Norwalk (Norwalk),Vermilion (Vermilion),0,,
6,2026-09-25,7pm,Northwest (Cincinnati),Mount Healthy (Cincinnati),0,,
6,2026-09-25,7pm,Northwest (McDermott),Valley (Lucasville),0,,
6,2026-09-25,7pm,Notre Dame (Portsmouth),South Gallia (Crown City),0,,
6,2026-09-25,7pm,Oak Hill (Oak Hill),Waverly (Waverly),0,,
6,2026-09-25,7pm,Olentangy Berlin (Delaware),Hilliard Darby (Hilliard),0,,
6,2026-09-25,7pm,Olentangy (Lewis Center),Thomas Worthington (Worthington),0,,
6,2026-09-25,7pm,Ontario (Ontario),Pleasant (Marion),0,,
6,2026-09-25,7pm,Otsego (Tontogany),Eastwood (Pemberville),0,,
6,2026-09-25,7pm,Ottawa-Glandorf (Ottawa),St Marys Memorial (St Marys),0,,
6,2026-09-25,7pm,Padua Franciscan (Parma),Elyria Catholic (Elyria),0,,
6,2026-09-25,7pm,Paint Valley (Bainbridge),Westfall (Williamsport),0,,
6,2026-09-25,7pm,Parkway (Rockford),Coldwater (Coldwater),0,,
6,2026-09-25,7pm,Ponitz Tech (Dayton),Dunbar (Dayton),0,,
6,2026-09-25,7pm,Paulding (Paulding),Ayersville (Defiance),0,,
6,2026-09-25,7pm,Perkins (Sandusky),Clyde (Clyde),0,,
6,2026-09-25,7pm,Perry (Perry),Geneva (Geneva),0,,
6,2026-09-25,7pm,Perrysburg (Perrysburg),Sylvania Northview (Sylvania),0,,
6,2026-09-25,7pm,Pickerington Central (Pickerington),Lancaster (Lancaster),0,,
6,2026-09-25,7pm,Pickerington North (Pickerington),Westerville Central (Westerville),0,,
6,2026-09-25,7pm,Piketon (Piketon),Zane Trace (Chillicothe),0,,
6,2026-09-25,7pm,Piqua (Piqua),Xenia (Xenia),0,,
6,2026-09-25,7pm,Poland Seminary (Poland),South Range (Canfield),0,,
6,2026-09-25,7pm,Portsmouth (Portsmouth),Chesapeake (Chesapeake),0,,
6,2026-09-25,7pm,Portsmouth West (West Portsmouth),Minford (Minford),0,,
6,2026-09-25,7pm,Princeton (Cincinnati),Lakota East (Liberty Township),0,,
6,2026-09-25,7pm,Ravenna (Ravenna),Tallmadge (Tallmadge),0,,
6,2026-09-25,4pm,Rhodes (Cleveland),John Marshall (Cleveland),0,,
6,2026-09-25,7pm,Riverside (De Graff),Bethel (Tipp City),0,,
6,2026-09-25,7pm,River Valley (Caledonia),Shelby (Shelby),0,,
6,2026-09-25,7pm,Rock Hill (Ironton),Purcell Marian (Cincinnati),0,,
6,2026-09-25,7pm,Rocky River (Rocky River),Normandy (Parma),0,,
6,2026-09-25,6pm,Rogers (Toledo),Start (Toledo),0,,
6,2026-09-25,7pm,Rossford (Rossford),Maumee (Maumee),0,,
6,2026-09-25,7pm,St Bernard-Elmwood Place (St Bernard),Summit Country Day (Cincinnati),0,,
6,2026-09-25,7pm,St Francis DeSales (Columbus),Bishop Watterson (Columbus),0,,
6,2026-09-25,7pm,St Ignatius (Cleveland),Benedictine (Cleveland),0,,
6,2026-09-25,7pm,St Vincent-St Mary (Akron),Villa Angela-St Joseph (Cleveland),0,,
6,2026-09-25,7pm,St Xavier (Cincinnati),Elder (Cincinnati),0,,
6,2026-09-25,7pm,Salem (Salem),Minerva (Minerva),0,,
6,2026-09-25,7pm,Sandusky (Sandusky),Tiffin Columbian (Tiffin),0,,
6,2026-09-25,7pm,Sandy Valley (Magnolia),Claymont (Uhrichsville),0,,
6,2026-09-25,7pm,Scott (Toledo),Warren G Harding (Warren),0,,
6,2026-09-25,7pm,Seneca East (Attica),Bucyrus (Bucyrus),0,,
6,2026-09-25,7pm,Shaw (East Cleveland),Niles McKinley (Niles),0,,
6,2026-09-25,7pm,Shawnee (Springfield),Northwestern (Springfield),0,,
6,2026-09-25,7pm,Shenandoah (Sarahsville),Shadyside (Shadyside),0,,
6,2026-09-25,7pm,Sheridan (Thornville),Morgan (McConnelsville),0,,
6,2026-09-25,7pm,Smithville (Smithville),Northwestern (West Salem),0,,
6,2026-09-25,7pm,Canton South (Canton),Orrville (Orrville),0,,
6,2026-09-25,7pm,South (Columbus),Eastmoor Academy (Columbus),0,,
6,2026-09-25,7pm,Southeastern (Chillicothe),Huntington (Chillicothe),0,,
6,2026-09-25,7pm,Southeastern Local (South Charleston),Greenon (Enon),0,,
6,2026-09-25,7pm,South Point (South Point),Fairland (Proctorville),0,,
6,2026-09-25,7pm,Spencerville (Spencerville),Bluffton (Bluffton),0,,
6,2026-09-25,7pm,Springboro (Springboro),Springfield (Springfield),0,,
6,2026-09-25,7pm,Springfield (Akron),Cuyahoga Falls (Cuyahoga Falls),0,,
6,2026-09-25,7pm,Amherst Steele (Amherst),Olmsted Falls (Olmsted Falls),0,,
6,2026-09-25,7pm,Strasburg-Franklin (Strasburg),Buckeye Trail (Lore City),0,,
6,2026-09-25,7pm,Strongsville (Strongsville),Riverside (Painesville),0,,
6,2026-09-25,7pm,Struthers (Struthers),Hubbard (Hubbard),0,,
6,2026-09-25,7pm,Sycamore (Cincinnati),Middletown (Middletown),0,,
6,2026-09-25,7pm,Symmes Valley (Willow Wood),Green (Franklin Furnace),0,,
6,2026-09-25,7pm,Taft (Cincinnati),Cincinnati Hills Christian Academy (Cincinnati),0,,
6,2026-09-25,7pm,Talawanda (Oxford),Ross (Hamilton),0,,
6,2026-09-25,7pm,Taylor (Cleves),Indian Hill (Cincinnati),0,,
6,2026-09-25,7pm,Tecumseh (New Carlisle),Jonathan Alder (Plain City),0,,
6,2026-09-25,7pm,Tippecanoe (Tipp City),Sidney (Sidney),0,,
6,2026-09-25,7pm,Triad (North Lewisburg),Mechanicsburg (Mechanicsburg),0,,
6,2026-09-25,7pm,Trimble (Glouster),Southern (Racine),0,,
6,2026-09-25,7pm,Trinity (Garfield Heights),Cuyahoga Heights (Cuyahoga Heights),0,,
6,2026-09-25,7pm,Tri-Valley (Dresden),New Lexington (New Lexington),0,,
6,2026-09-25,7pm,Tri-Village (New Madison),Mississinawa Valley (Union City),0,,
6,2026-09-25,7pm,Triway (Wooster),Fairless (Brewster),0,,
6,2026-09-25,7pm,Troy (Troy),Stebbins (Riverside),0,,
6,2026-09-25,7pm,Twin Valley South (West Alexandria),Ansonia (Ansonia),0,,
6,2026-09-25,7pm,Union Local (Belmont),Martins Ferry (Martins Ferry),0,,
6,2026-09-25,7pm,Upper Arlington (Upper Arlington),Hilliard Bradley (Hilliard),0,,
6,2026-09-25,7pm,Upper Scioto Valley (McGuffey),Elgin (Marion),0,,
6,2026-09-25,7pm,Urbana (Urbana),London (London),0,,
6,2026-09-25,7pm,Ursuline (Youngstown),Farrell (Farrell),0,,PA
6,2026-09-25,7pm,Utica (Utica),Heath (Heath),0,,
6,2026-09-25,7pm,Valley Forge (Parma Heights),Buckeye (Medina),0,,
6,2026-09-25,7pm,Valley View (Germantown),Oakwood (Dayton),0,,
6,2026-09-25,7pm,Van Wert (Van Wert),Wapakoneta (Wapakoneta),0,,
6,2026-09-25,7pm,Warren (Vincent),Athens (The Plains),0,,
6,2026-09-25,7pm,Watkins Memorial (Pataskala),Licking Valley (Newark),0,,
6,2026-09-25,7pm,Wayne (Huber Heights),Northmont (Clayton),0,,
6,2026-09-25,7pm,Waynedale (Apple Creek),Hillsdale (Jeromesville),0,,
6,2026-09-25,7pm,Waynesfield-Goshen (Waynesfield),Perry (Lima),0,,
6,2026-09-25,7pm,Waynesville (Waynesville),Dayton Christian (Miamisburg),0,,
6,2026-09-25,7pm,Wellston (Wellston),River Valley (Bidwell),0,,
6,2026-09-25,7pm,West Carrollton (West Carrollton),Fairborn (Fairborn),0,,
6,2026-09-25,6:30pm,Western Hills (Cincinnati),Withrow (Cincinnati),0,,
6,2026-09-25,7pm,Western Reserve (Berlin Center),Lowellville (Lowellville),0,,
6,2026-09-25,7pm,Western Reserve (Collins),Monroeville (Monroeville),0,,
6,2026-09-25,6pm,Westerville South (Westerville),Westerville North (Westerville),0,,
6,2026-09-25,7pm,West Clermont (Cincinnati),Turpin (Cincinnati),0,,
6,2026-09-25,7pm,West Geauga (Chesterland),Edgewood (Ashtabula),0,,
6,2026-09-25,7pm,West Jefferson (West Jefferson),Northeastern (South Vienna),0,,
6,2026-09-25,7pm,Westlake (Westlake),Lakewood (Lakewood),0,,
6,2026-09-25,7pm,West Liberty-Salem (West Liberty),Fairbanks (Milford Center),0,,
6,2026-09-25,7pm,West Muskingum (Zanesville),John Glenn (New Concord),0,,
6,2026-09-25,6pm,Wheelersburg (Wheelersburg),Steubenville (Steubenville),0,,
6,2026-09-25,7pm,Whetstone (Columbus),East (Columbus),0,,
6,2026-09-25,7pm,Whitehall-Yearling (Whitehall),Bishop Ready (Columbus),0,,
6,2026-09-25,7pm,Whitmer (Toledo),Anthony Wayne (Whitehouse),0,,
6,2026-09-25,7pm,Wickliffe (Wickliffe),Independence (Independence),0,,
6,2026-09-25,7pm,Willard (Willard),Buckeye Central (New Washington),0,,
6,2026-09-25,7pm,Williamsburg (Williamsburg),Clermont Northeastern (Batavia),0,,
6,2026-09-25,7pm,Wilmington (Wilmington),Western Brown (Mount Orab),0,,
6,2026-09-25,7pm,Winton Woods (Cincinnati),Little Miami (Morrow),0,,
6,2026-09-25,7pm,Woodmore (Elmore),Northwood (Northwood),0,,
6,2026-09-25,7pm,Harvest Prep (Canal Winchester),Roger Bacon (St Bernard),0,,
6,2026-09-25,7pm,Worthington Christian (Worthington),Berne Union (Sugar Grove),0,,
6,2026-09-25,7pm,Zanesville (Zanesville),Licking Heights (Pataskala),0,,
6,2026-09-25,6:30pm,KIPP Columbus (Columbus),Cincinnati College Prep (Cincinnati),0,,
6,2026-09-25,7pm,Brooke (Wellsburg),Beaver Local (East Liverpool),0,WV,
6,2026-09-25,7pm,Cameron (Cameron),Tucker County (Hambleton),0,WV,WV
6,2026-09-25,7pm,Gilmer County (Glenville),Clay-Battelle (Blacksville),0,WV,WV
6,2026-09-25,7pm,Magnolia (New Martinsville),Ritchie County (Ellenboro),0,WV,WV
6,2026-09-25,7pm,Parkersburg South (Parkersburg),John Marshall (Glen Dale),0,WV,WV
6,2026-09-25,7pm,Point Pleasant (Point Pleasant),Lincoln County (Hamlin),0,WV,WV
6,2026-09-25,7pm,Tyler Consolidated,Weir (Weirton),0,WV,WV
6,2026-09-25,7pm,Valley (Wetzel) (Pine Grove),Meadow Bridge,0,WV,WV
6,2026-09-25,7pm,Wheeling Central Catholic (Wheeling),Monroe Central (Woodsfield),0,WV,
6,2026-09-25,7:30pm,Wheeling Park (Wheeling),St Clairsville (St Clairsville),0,WV,
6,2026-09-25,7pm,Williamstown (Williamstown),Chapmanville,0,WV,WV
6,2026-09-25,7pm,Wirt County (Elizabeth),Wahama (Mason),0,WV,WV
6,2026-09-25,7pm,Linsly (Wheeling),Mogadore (Mogadore),0,WV,
6,2026-09-25,7:30pm,Ashland Blazer (Ashland),Greenup County (Greenup),0,KY,KY
6,2026-09-25,7:30pm,Bath County,Lewis County (Vanceburg),0,KY,KY
6,2026-09-25,7pm,Beechwood (Fort Mitchell),Owen County,0,KY,KY
6,2026-09-25,7:30pm,Bryan Station,Simon Kenton (Independence),0,KY,KY
6,2026-09-25,7pm,Central (Louisville),Covington Catholic (Park Hills),0,KY,KY
6,2026-09-25,7:30pm,Fairview (Ashland),Phelps,0,KY,KY
6,2026-09-25,7:30pm,Fleming County,Russell (Russell),0,KY,KY
6,2026-09-25,7pm,Harrison County (Cynthiana),Highlands (Fort Thomas),0,KY,KY
6,2026-09-25,,Holmes (Covington),Jackson County,0,KY,KY
6,2026-09-25,7pm,Holy Cross (Covington),Eminence,0,KY,KY
6,2026-09-25,7:30pm,Johnson Central,Boyd County (Ashland),0,KY,KY
6,2026-09-25,7:30pm,Pike County Central,Belfry (Belfry),0,KY,KY
6,2026-09-25,7:30pm,Pikeville (Pikeville),Powell County,0,KY,KY
6,2026-09-25,7pm,Scott (Covington),Dixie Heights (Edgewood),0,KY,KY
6,2026-09-25,7pm,Somerset (Somerset),Metcalfe County,0,KY,KY
6,2026-09-25,8pm,Trinity (Louisville),St Xavier (Louisville),0,KY,KY
6,2026-09-25,4pm,Dearborn Divine Child (Dearborn),Ann Arbor Gabriel Richard (Ann Arbor),0,MI,MI
6,2026-09-25,5pm,Detroit King (Detroit),Detroit Cass Tech (Detroit),0,MI,MI
6,2026-09-25,7pm,Litchfield,Camden-Frontier (Camden),0,MI,MI
6,2026-09-25,7pm,Orchard Lake St Mary (Orchard Lake),Brother Rice (Bloomfield Hills),0,MI,MI
6,2026-09-25,7pm,Pittsford,North Adams-Jerome (North Adams),0,MI,MI
6,2026-09-25,7pm,Portage Central (Portage),Kalamazoo Loy Norrix,0,MI,MI
6,2026-09-25,7pm,Novi Detroit Catholic Central (Novi),St John's Jesuit (Toledo),0,MI,
6,2026-09-25,7pm,River Rouge (River Rouge),Grand Blanc,0,MI,MI
6,2026-09-25,7pm,Waldron (Waldron),Burr Oak,0,MI,MI
6,2026-09-25,7pm,Warren De La Salle (Warren),St Francis de Sales (Toledo),0,MI,
6,2026-09-25,7pm,Ann Arbor Skyline (Ann Arbor),Bedford (Temperance),0,MI,MI
6,2026-09-25,7pm,Britton-Deerfield (Britton),Adrian Lenawee Christian (Adrian),0,MI,MI
6,2026-09-25,7:30pm,North Allegheny (Wexford),Pine-Richland (Gibsonia),0,PA,PA
6,2026-09-25,7pm,Riverview,Jeannette (Jeannette),0,PA,PA
6,2026-09-25,7pm,Western Beaver (Industry),Hopewell,0,PA,PA
6,2026-09-25,7:30pm,Perry Traditional Academy (Pittsburgh),Westinghouse (Pittsburgh),0,PA,PA
6,2026-09-25,7pm,McDowell (Erie),Boardman (Youngstown),0,PA,
6,2026-09-25,7pm,Cathedral Prep (Erie),Oil City (Oil City),0,PA,PA
6,2026-09-25,7pm,Hickory (Hermitage),Butler (Butler),0,PA,PA
6,2026-09-25,3:30pm,University Prep (USO co-op) (Pittsburgh),Brashear (Pittsburgh),0,PA,PA
6,2026-09-25,7pm,Erie (Erie),Austintown-Fitch (Austintown),0,PA,
6,2026-09-25,7pm,Columbus North,Bloomington South (Bloomington),0,IN,IN
6,2026-09-25,7pm,East Central (St Leon),Harrison (Harrison),0,IN,
6,2026-09-25,7pm,Fort Wayne Northrop,Bishop Dwenger (Fort Wayne),0,IN,IN
6,2026-09-25,7:30pm,Hamilton Heights (Arcadia),Lafayette Central Catholic,0,IN,IN
6,2026-09-25,7pm,Heritage,Blackhawk Christian (Fort Wayne),0,IN,IN
6,2026-09-25,7pm,Cardinal Ritter (Indianapolis),Heritage Christian,0,IN,IN
6,2026-09-25,7pm,Cathedral (Indianapolis),Trotwood-Madison (Trotwood),0,IN,
6,2026-09-25,7pm,Lawrenceburg (Lawrenceburg),Batesville,0,IN,IN
6,2026-09-25,7pm,Madison Consolidated,South Dearborn (Aurora),0,IN,IN
6,2026-09-25,7pm,Muncie Central,Richmond (Richmond),0,IN,IN
6,2026-09-25,7pm,Union (Dugger),Indiana School for the Deaf,0,IN,IN
6,2026-09-25,7pm,Guerin Catholic,Bishop Chatard (Indianapolis),0,IN,IN
6,2026-09-25,7pm,Crispus Attucks (Indianapolis),Southport (Indianapolis),0,IN,IN
6,2026-09-25,8pm,Blackman (Murfreesboro),Oakland (Murfreesboro),0,TN,TN
6,2026-09-25,8pm,Knoxville Catholic,Hoover (Hoover),0,TN,AL
6,2026-09-25,8pm,Ravenwood (Brentwood),Christ Presbyterian Academy (Nashville),0,TN,TN
6,2026-09-25,7pm,Tri-Cities Christian Academy (Kingsport),West-Oak (Westminster),0,TN,SC
6,2026-09-25,8pm,Providence Academy (Johnson City),Middle Tennessee Christian School (Murfreesboro),0,TN,TN
6,2026-09-25,7pm,Loudoun Sports Academy (Leesburg),McCallie,0,VA,TN
6,2026-09-25,7pm,Good Counsel (Wheaton),Malvern Prep (Malvern),0,MD,PA
6,2026-09-25,7pm,DeMatha Catholic (Hyattsville),Riverdale Baptist (Upper Marlboro),0,MD,MD
6,2026-09-25,,Our Lady of Mount Carmel (Essex),St Paul's School (Brooklandville),0,MD,MD
6,2026-09-25,,St Frances Academy (Regional),Mt Zion Prep (Lanham),0,MD,MD
6,2026-09-25,4pm,Gonzaga (Washington),Benedictine Military School (Savannah),0,DC,GA
6,2026-09-25,6pm,KIPP DC College Prep (Washington),Friendship Collegiate (Washington),0,DC,DC
6,2026-09-25,7pm,Digital Pioneers Academy (Washington),Paul VI (Chantilly),0,DC,VA
6,2026-09-25,7pm,St Francis (Hamburg),Cardinal Mooney (Youngstown),0,NY,
6,2026-09-25,7pm,Lewis J Bennett (Buffalo),Health Sciences (Buffalo),0,NY,NY
6,2026-09-25,6pm,Monsignor Farrell (Staten Island),Iona Prep (New Rochelle),0,NY,NY
6,2026-09-25,,University Prep (Rochester),Hutchinson Central Technical (Buffalo),0,NY,NY
6,2026-09-25,7pm,The Hun School (Princeton),Paramus Catholic (Paramus),0,NJ,NJ
6,2026-09-25,,Legacy Sport Sciences (Spring),IMG Academy (Bradenton),0,TX,FL
6,2026-09-25,7pm,Cardinal Ritter (St Louis),The St James Academy (Springfield),0,MO,VA
6,2026-09-25,7pm,Football North (via Clarkson SS) (Mississauga),Massillon Washington (Massillon),0,ON,
6,2026-09-25,7pm,MU Sports Academy (Delson),Southern Durham (Durham),0,QB,NC
6,2026-09-25,10pm,Faith Lutheran (Las Vegas),Bishop Gorman (Las Vegas),0,NV,NV
6,2026-09-25,7pm,West Orange (Winter Garden),Edgewater (Orlando),0,FL,FL
6,2026-09-25,,King-Drew,Saint Frances Academy (Baltimore),0,CA,MD
6,2026-09-26,3pm,Bedford (Bedford),John F Kennedy (Cleveland),0,,
6,2026-09-26,2pm,Buchtel (Akron),North (Akron),0,,
6,2026-09-26,5pm,Danbury (Lakeside),Stryker (Stryker),0,,
6,2026-09-26,7pm,Lisbon David Anderson (Lisbon),Valley Christian School (Youngstown),0,,
6,2026-09-26,2pm,East (Akron),Garfield (Akron),0,,
6,2026-09-26,1pm,Gilmour Academy (Gates Mills),University School (Hunting Valley),0,,
6,2026-09-26,6pm,Grand Valley (Orwell),St John School (Ashtabula),0,,
6,2026-09-26,7pm,Mathews (Vienna),Madonna (Weirton),0,,WV
6,2026-09-26,12pm,Meadowdale (Dayton),Thurgood Marshall (Dayton),0,,
6,2026-09-26,7pm,Miller (Corning),Fisher Catholic (Lancaster),0,,
6,2026-09-26,7pm,New London (New London),St Paul (Norwalk),0,,
6,2026-09-26,7pm,St Thomas Aquinas (Louisville),Catholic Central (Steubenville),0,,
6,2026-09-26,1pm,Woodward (Cincinnati),Gamble Montessori (Cincinnati),0,,
6,2026-09-26,7pm,Clark Montessori (Cincinnati),Manchester (Manchester),0,,
6,2026-09-26,,Landmark Eagles (club) (Cincinnati),C4 Lions (club) (Middletown),0,,
6,2026-09-26,5pm,Foxfire (Zanesville),North Adams (club) (Seaman),0,,
6,2026-09-26,6pm,Kennedy Catholic (Hermitage),St Joseph Central Catholic (Fremont),0,PA,
6,2026-09-26,3pm,Waldron,Tri-State King's Crusaders (club) (Harlan),0,IN,IN
6,2026-09-26,,Greenwood Christian,Morristown,0,IN,IN
6,2026-09-26,5pm,Noblesville Lions (club) (Noblesville),Columbus Crusaders (club) (Columbus),0,IN,
6,2026-09-26,,Indianapolis Crimson Knights (club),Kingdom/Christian Life Academy Lions (club) (Hopedale),0,IN,IL
6,2026-09-26,1pm,St John's College (Washington),St Edward (Lakewood),0,DC,
6,2026-09-26,2pm,Canisius (Buffalo),St Joseph's Collegiate (Buffalo),0,NY,NY
6,2026-09-26,7:30pm,Chaminade (Mineola),St Francis Prep (Fresh Meadows),0,NY,NY
6,2026-09-26,1pm,Long Island Lutheran (Brookville),Episcopal Academy (Newtown Square),0,NY,PA
6,2026-09-26,12pm,Woodbridge College (Woodbridge),Huron Heights (Newmarket),0,ON,ON
6,2026-09-26,7pm,Rabun Gap - Nacoochee (Rabun Gap),Ambassador Christian (Huntersville),0,GA,NC
6,2026-09-26,12pm,Overbrook (Pine Hill),Salem (Salem),0,NJ,NJ
6,2026-09-27,11am,Erasmus Hall Campus (Brooklyn),Eagle Academy for Young Men II (Brooklyn),0,NY,NY
7,2026-10-01,7:30pm,Harrison Central (Cadiz),Indian Creek (Wintersville),0,,
7,2026-10-01,6pm,Thurgood Marshall (Dayton),Ponitz Tech (Dayton),0,,
7,2026-10-01,7pm,East (Columbus),Beechcroft (Columbus),0,,
7,2026-10-01,7pm,Linden McKinley (Columbus),Whetstone (Columbus),0,,
7,2026-10-01,6pm,Steubenville (Steubenville),Ursuline (Youngstown),0,,
7,2026-10-01,6pm,Woodward (Toledo),Waite (Toledo),0,,
7,2026-10-01,7pm,Harvest Prep (Canal Winchester),Centennial (Columbus),0,,
7,2026-10-01,7:30pm,Belfry (Belfry),East Ridge,0,KY,KY
7,2026-10-01,7:30pm,Shelby Valley (Pikeville),Pike County Central,0,KY,KY
7,2026-10-01,7pm,Westinghouse (Pittsburgh),University Prep (USO co-op) (Pittsburgh),0,PA,PA
7,2026-10-01,8pm,Clay County (Celina),Middle Tennessee Christian School (Murfreesboro),0,TN,TN
7,2026-10-01,8pm,Oakland (Murfreesboro),Rockvale (Rockvale),0,TN,TN
7,2026-10-01,7pm,Camden (Camden),Permian (Odessa),0,NJ,TX
7,2026-10-02,7pm,Ada (Ada),Elmwood (Bloomdale),0,,
7,2026-10-02,7pm,Adena (Frankfort),Huntington (Chillicothe),0,,
7,2026-10-02,6:30pm,Aiken (Cincinnati),Western Hills (Cincinnati),0,,
7,2026-10-02,7pm,Anthony Wayne (Whitehouse),Clay (Oregon),0,,
7,2026-10-02,7pm,Antwerp (Antwerp),Tinora (Defiance),0,,
7,2026-10-02,7pm,Arcanum (Arcanum),Twin Valley South (West Alexandria),0,,
7,2026-10-02,7pm,Archbishop Alter (Kettering),Archbishop Carroll (Dayton),0,,
7,2026-10-02,7pm,Lakeside (Ashtabula),North (Eastlake),0,,
7,2026-10-02,7pm,Athens (The Plains),Meigs (Pomeroy),0,,
7,2026-10-02,7pm,Aurora (Aurora),Kenston (Chagrin Falls),0,,
7,2026-10-02,7pm,Avon (Avon),Midview (Grafton),0,,
7,2026-10-02,7pm,Ayersville (Defiance),Edgerton (Edgerton),0,,
7,2026-10-02,7pm,Badin (Hamilton),Bishop Fenwick (Franklin),0,,
7,2026-10-02,7pm,Barberton (Barberton),Twinsburg (Twinsburg),0,,
7,2026-10-02,7pm,Barnesville (Barnesville),Fort Frye (Beverly),0,,
7,2026-10-02,7pm,Beachwood (Beachwood),Independence (Independence),0,,
7,2026-10-02,7pm,Beaver Local (East Liverpool),Hubbard (Hubbard),0,,
7,2026-10-02,7pm,Beavercreek (Beavercreek),Springboro (Springboro),0,,
7,2026-10-02,7:30pm,Bellaire (Bellaire),St Clairsville (St Clairsville),0,,
7,2026-10-02,7pm,Bellefontaine (Bellefontaine),London (London),0,,
7,2026-10-02,7pm,Bellevue (Bellevue),Huron (Huron),0,,
7,2026-10-02,7pm,Belpre (Belpre),Trimble (Glouster),0,,
7,2026-10-02,7pm,Benedictine (Cleveland),Cardinal Mooney (Youngstown),0,,
7,2026-10-02,7pm,Benjamin Logan (Bellefontaine),North Union (Richwood),0,,
7,2026-10-02,7pm,Berne Union (Sugar Grove),Grove City Christian (Grove City),0,,
7,2026-10-02,7pm,Bethel (Tipp City),Covington (Covington),0,,
7,2026-10-02,7pm,Bishop Hartley (Columbus),Villa Angela-St Joseph (Cleveland),0,,
7,2026-10-02,7pm,Bishop Rosecrans (Zanesville),Caldwell (Caldwell),0,,
7,2026-10-02,7pm,Bloom-Carroll (Carroll),St Francis DeSales (Columbus),0,,
7,2026-10-02,7pm,Bowling Green (Bowling Green),Liberty-Benton (Findlay),0,,
7,2026-10-02,7pm,Bradford (Bradford),Ansonia (Ansonia),0,,
7,2026-10-02,7pm,Bridgeport (Bridgeport),Cameron (Cameron),0,,WV
7,2026-10-02,7pm,Brunswick (Brunswick),Euclid (Euclid),0,,
7,2026-10-02,7pm,Bryan (Bryan),Swanton (Swanton),0,,
7,2026-10-02,7pm,Buchtel (Akron),Firestone (Akron),0,,
7,2026-10-02,7pm,Buckeye (Medina),Normandy (Parma),0,,
7,2026-10-02,7pm,Buckeye Central (New Washington),Lucas (Lucas),0,,
7,2026-10-02,7pm,Buckeye Trail (Lore City),East Canton (East Canton),0,,
7,2026-10-02,7pm,Buckeye Valley (Delaware),Bishop Ready (Columbus),0,,
7,2026-10-02,7pm,Bucyrus (Bucyrus),Upper Sandusky (Upper Sandusky),0,,
7,2026-10-02,7pm,Butler (Vandalia),Troy (Troy),0,,
7,2026-10-02,7pm,Cambridge (Cambridge),Union Local (Belmont),0,,
7,2026-10-02,7pm,Canal Winchester (Canal Winchester),Teays Valley (Ashville),0,,
7,2026-10-02,7pm,Cardington-Lincoln (Cardington),Centerburg (Centerburg),0,,
7,2026-10-02,7pm,Catholic Central (Springfield),Southeastern Local (South Charleston),0,,
7,2026-10-02,7pm,Cedarville (Cedarville),Greenon (Enon),0,,
7,2026-10-02,7pm,Celina (Celina),Elida (Elida),0,,
7,2026-10-02,7pm,Centerville (Centerville),Miamisburg (Miamisburg),0,,
7,2026-10-02,7pm,Central Crossing (Grove City),Pickerington North (Pickerington),0,,
7,2026-10-02,7pm,Chagrin Falls (Chagrin Falls),Brooklyn (Brooklyn),0,,
7,2026-10-02,7pm,Chardon (Chardon),Lutheran West (Rocky River),0,,
7,2026-10-02,7pm,Chesapeake (Chesapeake),South Point (South Point),0,,
7,2026-10-02,7pm,Chippewa (Doylestown),Waynedale (Apple Creek),0,,
7,2026-10-02,7pm,Cincinnati Country Day (Cincinnati),Miami Valley Christian Academy (Cincinnati),0,,
7,2026-10-02,7pm,Claymont (Uhrichsville),Ridgewood (West Lafayette),0,,
7,2026-10-02,7pm,Clearview (Lorain),Brookside (Sheffield),0,,
7,2026-10-02,7pm,Clermont Northeastern (Batavia),Blanchester (Blanchester),0,,
7,2026-10-02,7pm,Clyde (Clyde),Edison (Milan),0,,
7,2026-10-02,7pm,Coldwater (Coldwater),Versailles (Versailles),0,,
7,2026-10-02,7pm,Colerain (Cincinnati),Sycamore (Cincinnati),0,,
7,2026-10-02,7pm,Colonel Crawford (North Robinson),Wynford (Bucyrus),0,,
7,2026-10-02,7pm,Columbus Academy (Gahanna),Franklin Heights (Columbus),0,,
7,2026-10-02,7pm,Columbus Grove (Columbus Grove),Allen East (Harrod),0,,
7,2026-10-02,7pm,Conotton Valley (Bowerston),Frontier (New Matamoras),0,,
7,2026-10-02,7pm,Copley (Copley),Brecksville-Broadview Heights (Broadview Heights),0,,
7,2026-10-02,7pm,Coshocton (Coshocton),Morgan (McConnelsville),0,,
7,2026-10-02,7pm,Coventry (Coventry Twp),Canton Central Catholic (Canton),0,,
7,2026-10-02,7pm,Crestline (Crestline),Toledo Christian (Toledo),0,,
7,2026-10-02,7pm,Crestview (Ashland),St Paul (Norwalk),0,,
7,2026-10-02,7pm,Crestview (Columbiana),Newton Falls (Newton Falls),0,,
7,2026-10-02,7pm,Crestview (Convoy),Jefferson (Delphos),0,,
7,2026-10-02,7pm,Cuyahoga Falls (Cuyahoga Falls),Norton (Norton),0,,
7,2026-10-02,7pm,Cuyahoga Heights (Cuyahoga Heights),Wickliffe (Wickliffe),0,,
7,2026-10-02,7pm,Danbury (Lakeside),Chalker (Southington),0,,
7,2026-10-02,7pm,Lisbon David Anderson (Lisbon),Wellsville (Wellsville),0,,
7,2026-10-02,7pm,Dawson-Bryant (Coal Grove),KIPP Columbus (Columbus),0,,
7,2026-10-02,6:30pm,Dayton Christian (Miamisburg),Cincinnati College Prep (Cincinnati),0,,
7,2026-10-02,7pm,Deer Park (Cincinnati),Mariemont (Cincinnati),0,,
7,2026-10-02,7pm,Dixie (New Lebanon),Tri-Village (New Madison),0,,
7,2026-10-02,7pm,Dunbar (Dayton),Trotwood-Madison (Trotwood),0,,
7,2026-10-02,7pm,East Clinton (Sabina),Bethel-Tate (Bethel),0,,
7,2026-10-02,7pm,Eastern (Beaver),Symmes Valley (Willow Wood),0,,
7,2026-10-02,7pm,Eastern (Reedsville),Federal Hocking (Stewart),0,,
7,2026-10-02,7pm,East Liverpool (East Liverpool),Edison (Richmond),0,,
7,2026-10-02,7pm,Eastmoor Academy (Columbus),Walnut Ridge (Columbus),0,,
7,2026-10-02,4pm,East Technical (Cleveland),Glenville (Cleveland),0,,
7,2026-10-02,7pm,Eastwood (Pemberville),Oak Harbor (Oak Harbor),0,,
7,2026-10-02,7pm,Edgewood (Ashtabula),Hawken (Gates Mills),0,,
7,2026-10-02,7pm,Edgewood (Trenton),Ross (Hamilton),0,,
7,2026-10-02,7pm,Elder (Cincinnati),Archbishop Moeller (Cincinnati),0,,
7,2026-10-02,7pm,Elgin (Marion),Cory-Rawson (Rawson),0,,
7,2026-10-02,7pm,Elyria (Elyria),Amherst Steele (Amherst),0,,
7,2026-10-02,7pm,Elyria Catholic (Elyria),Lake Catholic (Mentor),0,,
7,2026-10-02,7pm,Evergreen (Metamora),Liberty Center (Liberty Center),0,,
7,2026-10-02,7pm,Fairfield Christian Academy (Lancaster),Miller (Corning),0,,
7,2026-10-02,7pm,Fairfield Union (Lancaster),Circleville (Circleville),0,,
7,2026-10-02,7pm,Fairland (Proctorville),Portsmouth (Portsmouth),0,,
7,2026-10-02,7pm,Fairless (Brewster),Manchester (New Franklin),0,,
7,2026-10-02,7pm,Fairport Harding (Fairport Harbor),Trinity (Garfield Heights),0,,
7,2026-10-02,7pm,Fairview (Fairview Park),Conneaut (Conneaut),0,,
7,2026-10-02,7pm,Field (Mogadore),Cloverleaf (Seville),0,,
7,2026-10-02,7pm,Firelands (Oberlin),Black River (Sullivan),0,,
7,2026-10-02,7pm,Fisher Catholic (Lancaster),Millersport (Millersport),0,,
7,2026-10-02,7pm,Fort Recovery (Fort Recovery),Marion Local (Maria Stein),0,,
7,2026-10-02,7pm,Franklin (Franklin),Bellbrook (Bellbrook),0,,
7,2026-10-02,7pm,Garaway (Sugarcreek),Sandy Valley (Magnolia),0,,
7,2026-10-02,7pm,Garfield Heights (Garfield Heights),Bedford (Bedford),0,,
7,2026-10-02,7pm,Gibsonburg (Gibsonburg),Lakota (Kansas),0,,
7,2026-10-02,7pm,Graham Local (St Paris),Northwestern (Springfield),0,,
7,2026-10-02,7pm,Grandview Heights (Columbus),Worthington Christian (Worthington),0,,
7,2026-10-02,7pm,Granville (Granville),Zanesville (Zanesville),0,,
7,2026-10-02,7pm,Green (Franklin Furnace),Notre Dame (Portsmouth),0,,
7,2026-10-02,7pm,Green (Uniontown),GlenOak (Canton),0,,
7,2026-10-02,7pm,Greeneview (Jamestown),Madison-Plains (London),0,,
7,2026-10-02,7pm,Marion Harding (Marion),Ontario (Ontario),0,,
7,2026-10-02,7pm,Warren G Harding (Warren),Boardman (Youngstown),0,,
7,2026-10-02,7pm,Heath (Heath),Northridge (Johnstown),0,,
7,2026-10-02,7pm,Highland (Medina),North Royalton (North Royalton),0,,
7,2026-10-02,7pm,Highland (Marengo),River Valley (Caledonia),0,,
7,2026-10-02,7pm,Hilliard Bradley (Hilliard),Hilliard Davidson (Hilliard),0,,
7,2026-10-02,7pm,Hilliard Darby (Hilliard),Dublin Jerome (Dublin),0,,
7,2026-10-02,7pm,Hillsboro (Hillsboro),Jackson (Jackson),0,,
7,2026-10-02,7pm,Holgate (Holgate),Plymouth (Plymouth),0,,
7,2026-10-02,7pm,Holy Name (Parma Heights),Cuyahoga Valley Christian Academy (Cuyahoga Falls),0,,
7,2026-10-02,7pm,Hoover (North Canton),Canton McKinley (Canton),0,,
7,2026-10-02,7pm,Hopewell-Loudon (Bascom),Calvert (Tiffin),0,,
7,2026-10-02,7pm,Howland (Warren),Alliance (Alliance),0,,
7,2026-10-02,7pm,Independence (Columbus),Africentric Early College (Columbus),0,,
7,2026-10-02,7pm,Indian Hill (Cincinnati),Finneytown (Cincinnati),0,,
7,2026-10-02,7pm,Indian Lake (Lewistown),Shawnee (Springfield),0,,
7,2026-10-02,7pm,Jefferson Area (Jefferson),West Geauga (Chesterland),0,,
7,2026-10-02,7pm,Jefferson Township (Dayton),Fayetteville (Fayetteville),0,,
7,2026-10-02,4pm,John F Kennedy (Cleveland),Rhodes (Cleveland),0,,
7,2026-10-02,7pm,John F Kennedy (Warren),Columbia (Columbia Station),0,,
7,2026-10-02,4pm,John Marshall (Cleveland),John Adams (Cleveland),0,,
7,2026-10-02,7pm,Johnstown (Johnstown),Utica (Utica),0,,
7,2026-10-02,7pm,Jonathan Alder (Plain City),Urbana (Urbana),0,,
7,2026-10-02,7pm,Kenton (Kenton),Defiance (Defiance),0,,
7,2026-10-02,7pm,Kenton Ridge (Springfield),Tecumseh (New Carlisle),0,,
7,2026-10-02,7pm,Kettering Fairmont (Kettering),Northmont (Clayton),0,,
7,2026-10-02,7pm,Kirtland (Kirtland),Crestwood (Mantua),0,,
7,2026-10-02,7pm,River Valley (Bidwell),Alexander (Albany),0,,
7,2026-10-02,7pm,LaBrae (Leavittsburg),Brookfield (Brookfield),0,,
7,2026-10-02,7pm,Lake (Millbury),Otsego (Tontogany),0,,
7,2026-10-02,7pm,Lake (Uniontown),Jackson (Massillon),0,,
7,2026-10-02,7pm,Lakeview (Cortland),Struthers (Struthers),0,,
7,2026-10-02,7pm,Lakewood (Hebron),Newark Catholic (Newark),0,,
7,2026-10-02,7pm,Lakewood (Lakewood),Bay (Bay Village),0,,
7,2026-10-02,7pm,Lakota East (Liberty Township),Fairfield (Fairfield),0,,
7,2026-10-02,7pm,Lakota West (West Chester),Middletown (Middletown),0,,
7,2026-10-02,7pm,Lancaster (Lancaster),Logan (Logan),0,,
7,2026-10-02,7pm,Leetonia (Leetonia),Grand Valley (Orwell),0,,
7,2026-10-02,7pm,Leipsic (Leipsic),Arcadia (Arcadia),0,,
7,2026-10-02,7pm,Liberty (Youngstown),Garfield (Garrettsville),0,,
7,2026-10-02,7pm,Liberty Union (Baltimore),Hamilton Township (Columbus),0,,
7,2026-10-02,7pm,Licking Heights (Pataskala),Watkins Memorial (Pataskala),0,,
7,2026-10-02,7pm,Licking Valley (Newark),Mount Vernon (Mount Vernon),0,,
7,2026-10-02,7pm,Lima Senior (Lima),Start (Toledo),0,,
7,2026-10-02,7pm,Lima Central Catholic (Lima),Bluffton (Bluffton),0,,
7,2026-10-02,7pm,Little Miami (Morrow),Kings (Kings Mills),0,,
7,2026-10-02,7pm,Logan Elm (Circleville),Amanda-Clearcreek (Amanda),0,,
7,2026-10-02,7pm,Loudonville (Loudonville),Danville (Danville),0,,
7,2026-10-02,7pm,Louisville (Louisville),Canfield (Canfield),0,,
7,2026-10-02,7pm,Lowellville (Lowellville),Mineral Ridge (Mineral Ridge),0,,
7,2026-10-02,7pm,Lutheran East (Cleveland Heights),Shaw (East Cleveland),0,,
7,2026-10-02,7pm,Madison (Madison),Harvey (Painesville),0,,
7,2026-10-02,7pm,Malvern (Malvern),Tuscarawas Central Catholic (New Philadelphia),0,,
7,2026-10-02,7pm,Mansfield Senior (Mansfield),Ashland (Ashland),0,,
7,2026-10-02,7pm,Maple Heights (Maple Heights),Youngstown (Youngstown),0,,
7,2026-10-02,7pm,Margaretta (Castalia),Northwood (Northwood),0,,
7,2026-10-02,7pm,Marlington (Alliance),Salem (Salem),0,,
7,2026-10-02,7pm,Martins Ferry (Martins Ferry),Buckeye Local (Rayland),0,,
7,2026-10-02,7pm,Marysville (Marysville),Olentangy (Lewis Center),0,,
7,2026-10-02,7pm,Mason (Mason),Princeton (Cincinnati),0,,
7,2026-10-02,7pm,Mathews (Vienna),Cardinal (Middlefield),0,,
7,2026-10-02,7pm,Maumee (Maumee),Fostoria (Fostoria),0,,
7,2026-10-02,7pm,Maysville (Zanesville),Tri-Valley (Dresden),0,,
7,2026-10-02,7pm,McClain (Greenfield),Washington (Washington Court House),0,,
7,2026-10-02,7pm,Niles McKinley (Niles),Poland Seminary (Poland),0,,
7,2026-10-02,7pm,Archbishop McNicholas (Cincinnati),Chaminade Julienne (Dayton),0,,
7,2026-10-02,7pm,Meadowbrook (Byesville),New Lexington (New Lexington),0,,
7,2026-10-02,7pm,Meadowdale (Dayton),Cincinnati Hills Christian Academy (Cincinnati),0,,
7,2026-10-02,7pm,Mechanicsburg (Mechanicsburg),Fairbanks (Milford Center),0,,
7,2026-10-02,7pm,Medina (Medina),Hudson (Hudson),0,,
7,2026-10-02,7pm,St Marys Memorial (St Marys),Van Wert (Van Wert),0,,
7,2026-10-02,7pm,Mentor (Mentor),Strongsville (Strongsville),0,,
7,2026-10-02,7pm,Miami East (Casstown),Lehman Catholic (Sidney),0,,
7,2026-10-02,7pm,Miami Trace (Washington Court House),Chillicothe (Chillicothe),0,,
7,2026-10-02,7pm,Mifflin (Columbus),Northland (Columbus),0,,
7,2026-10-02,7pm,Milford (Milford),Lebanon (Lebanon),0,,
7,2026-10-02,7pm,Minster (Minster),Anna (Anna),0,,
7,2026-10-02,7pm,Mohawk (Sycamore),Willard (Willard),0,,
7,2026-10-02,7pm,Monroe (Monroe),Eaton (Eaton),0,,
7,2026-10-02,7pm,Monroe Central (Woodsfield),Shenandoah (Sarahsville),0,,
7,2026-10-02,7pm,Monroeville (Monroeville),Mapleton (Ashland),0,,
7,2026-10-02,7pm,Montpelier (Montpelier),Sand Creek (Sand Creek),0,,MI
7,2026-10-02,7pm,Mount Gilead (Mount Gilead),East Knox (Howard),0,,
7,2026-10-02,7pm,Mount Healthy (Cincinnati),Harrison (Harrison),0,,
7,2026-10-02,7pm,Napoleon (Napoleon),Springfield (Holland),0,,
7,2026-10-02,7pm,National Trail (New Paris),Tri-County North (Lewisburg),0,,
7,2026-10-02,7pm,Nelsonville-York (Nelsonville),Wellston (Wellston),0,,
7,2026-10-02,7pm,New Albany (New Albany),Gahanna Lincoln (Gahanna),0,,
7,2026-10-02,7pm,Newark (Newark),Pickerington Central (Pickerington),0,,
7,2026-10-02,7pm,New Bremen (New Bremen),St Henry (St Henry),0,,
7,2026-10-02,7pm,New Miami (Hamilton),Purcell Marian (Cincinnati),0,,
7,2026-10-02,7pm,New Philadelphia (New Philadelphia),Madison Comprehensive (Mansfield),0,,
7,2026-10-02,7pm,New Richmond (New Richmond),Goshen (Goshen),0,,
7,2026-10-02,7pm,Nordonia (Macedonia),Solon (Solon),0,,
7,2026-10-02,7pm,North College Hill (Cincinnati),Summit Country Day (Cincinnati),0,,
7,2026-10-02,7pm,Northeastern (South Vienna),West Liberty-Salem (West Liberty),0,,
7,2026-10-02,7pm,Northmor (Galion),Fredericktown (Fredericktown),0,,
7,2026-10-02,7pm,North Olmsted (North Olmsted),Rocky River (Rocky River),0,,
7,2026-10-02,7pm,North Ridgeville (North Ridgeville),Berea-Midpark (Berea),0,,
7,2026-10-02,7pm,Norwalk (Norwalk),Tiffin Columbian (Tiffin),0,,
7,2026-10-02,7pm,Northwest (Canal Fulton),Orrville (Orrville),0,,
7,2026-10-02,7pm,Northwestern (West Salem),Hillsdale (Jeromesville),0,,
7,2026-10-02,7pm,Norwayne (Creston),Dalton (Dalton),0,,
7,2026-10-02,7pm,Notre Dame-Cathedral Latin (Chardon),Padua Franciscan (Parma),0,,
7,2026-10-02,7pm,Oak Hill (Oak Hill),Wheelersburg (Wheelersburg),0,,
7,2026-10-02,7pm,Oak Hills (Cincinnati),Hamilton (Hamilton),0,,
7,2026-10-02,7pm,Oakwood (Dayton),Brookville (Brookville),0,,
7,2026-10-02,7pm,Olentangy Liberty (Powell),Upper Arlington (Upper Arlington),0,,
7,2026-10-02,7pm,Olmsted Falls (Olmsted Falls),Avon Lake (Avon Lake),0,,
7,2026-10-02,7pm,Olentangy Orange (Lewis Center),Dublin Coffman (Dublin),0,,
7,2026-10-02,7pm,Ottawa-Glandorf (Ottawa),Bath (Lima),0,,
7,2026-10-02,7pm,Ottawa Hills (Toledo),Woodmore (Elmore),0,,
7,2026-10-02,7pm,Pandora-Gilboa (Pandora),McComb (McComb),0,,
7,2026-10-02,7pm,Patrick Henry (Hamler),Delta (Delta),0,,
7,2026-10-02,7pm,Paulding (Paulding),Fairview (Sherwood),0,,
7,2026-10-02,7pm,Perry (Lima),Hardin Northern (Dola),0,,
7,2026-10-02,7pm,Perry (Massillon),Austintown-Fitch (Austintown),0,,
7,2026-10-02,7pm,Perry (Perry),Orange (Pepper Pike),0,,
7,2026-10-02,7pm,Perrysburg (Perrysburg),Findlay (Findlay),0,,
7,2026-10-02,7pm,Piqua (Piqua),Fairborn (Fairborn),0,,
7,2026-10-02,7pm,Pleasant (Marion),Galion (Galion),0,,
7,2026-10-02,7pm,Preble Shawnee (Camden),Mississinawa Valley (Union City),0,,
7,2026-10-02,7pm,Pymatuning Valley (Andover),Mogadore (Mogadore),0,,
7,2026-10-02,7pm,Reading (Reading),Taylor (Cleves),0,,
7,2026-10-02,7pm,Revere (Richfield),Mayfield (Mayfield),0,,
7,2026-10-02,7pm,Reynoldsburg (Reynoldsburg),Groveport Madison (Groveport),0,,
7,2026-10-02,7pm,Richmond Heights (Richmond Heights),St John School (Ashtabula),0,,
7,2026-10-02,7pm,Ridgedale (Morral),Upper Scioto Valley (McGuffey),0,,
7,2026-10-02,7pm,Ridgemont (Mt Victory),Van Buren (Van Buren),0,,
7,2026-10-02,7pm,Rittman (Rittman),Smithville (Smithville),0,,
7,2026-10-02,7pm,Riverdale (Mt Blanchard),Arlington (Arlington),0,,
7,2026-10-02,7pm,Riverside (De Graff),Northridge (Dayton),0,,
7,2026-10-02,7pm,Riverside (Painesville),Cleveland Heights (Cleveland Heights),0,,
7,2026-10-02,7pm,River View (Warsaw),Philo (Duncan Falls),0,,
7,2026-10-02,7pm,Rock Hill (Ironton),Gallia Academy (Gallipolis),0,,
7,2026-10-02,7pm,Roger Bacon (St Bernard),Williamsburg (Williamsburg),0,,
7,2026-10-02,7pm,Kent Roosevelt (Kent),Springfield (Akron),0,,
7,2026-10-02,7pm,Rootstown (Rootstown),Berkshire (Burton),0,,
7,2026-10-02,7pm,Rossford (Rossford),Genoa Area (Genoa),0,,
7,2026-10-02,7pm,St Charles (Columbus),Dublin Scioto (Dublin),0,,
7,2026-10-02,7pm,St Edward (Lakewood),St Ignatius (Cleveland),0,,
7,2026-10-02,7pm,St Francis de Sales (Toledo),Brother Rice (Bloomfield Hills),0,,MI
7,2026-10-02,7pm,St John's (Delphos),Parkway (Rockford),0,,
7,2026-10-02,7pm,St John's Jesuit (Toledo),Dearborn Divine Child (Dearborn),0,,MI
7,2026-10-02,7pm,St Joseph Central Catholic (Fremont),Windham (Windham),0,,
7,2026-10-02,7pm,St Mary Central Catholic (Sandusky),Sebring McKinley (Sebring),0,,
7,2026-10-02,7pm,St Thomas Aquinas (Louisville),Minerva (Minerva),0,,
7,2026-10-02,7pm,St Vincent-St Mary (Akron),Walsh Jesuit (Cuyahoga Falls),0,,
7,2026-10-02,7pm,St Xavier (Cincinnati),Trinity (Louisville),0,,KY
7,2026-10-02,7pm,Sandusky (Sandusky),Perkins (Sandusky),0,,
7,2026-10-02,6pm,Scott (Toledo),Bowsher (Toledo),0,,
7,2026-10-02,7pm,Seneca East (Attica),Carey (Carey),0,,
7,2026-10-02,7pm,Shadyside (Shadyside),River (Hannibal),0,,
7,2026-10-02,7pm,Shaker Heights (Shaker Heights),Lorain (Lorain),0,,
7,2026-10-02,7pm,Shawnee (Lima),Wapakoneta (Wapakoneta),0,,
7,2026-10-02,7pm,Shelby (Shelby),Clear Fork (Bellville),0,,
7,2026-10-02,7pm,Sheridan (Thornville),John Glenn (New Concord),0,,
7,2026-10-02,6:30pm,Shroder (Cincinnati),Clark Montessori (Cincinnati),0,,
7,2026-10-02,7pm,Sidney (Sidney),Greenville (Greenville),0,,
7,2026-10-02,7pm,South (Columbus),Briggs (Columbus),0,,
7,2026-10-02,7pm,South (Willoughby),Geneva (Geneva),0,,
7,2026-10-02,7pm,South Central (Greenwich),Western Reserve (Collins),0,,
7,2026-10-02,7pm,Southeast (Ravenna),Champion (Warren),0,,
7,2026-10-02,7pm,Southern (Racine),Waterford (Waterford),0,,
7,2026-10-02,7pm,South Range (Canfield),Girard (Girard),0,,
7,2026-10-02,7pm,Spencerville (Spencerville),Fort Loramie (Fort Loramie),0,,
7,2026-10-02,7pm,Springfield (New Middletown),Jackson-Milton (North Jackson),0,,
7,2026-10-02,7pm,Stebbins (Riverside),West Carrollton (West Carrollton),0,,
7,2026-10-02,7pm,Strasburg-Franklin (Strasburg),Newcomerstown (Newcomerstown),0,,
7,2026-10-02,7pm,Streetsboro (Streetsboro),Ravenna (Ravenna),0,,
7,2026-10-02,7pm,Sylvania Northview (Sylvania),Whitmer (Toledo),0,,
7,2026-10-02,7pm,Sylvania Southview (Sylvania),Fremont Ross (Fremont),0,,
7,2026-10-02,6:30pm,Taft (Cincinnati),Hughes (Cincinnati),0,,
7,2026-10-02,7pm,Talawanda (Oxford),Northwest (Cincinnati),0,,
7,2026-10-02,7pm,Tallmadge (Tallmadge),Woodridge (Peninsula),0,,
7,2026-10-02,7pm,Toronto (Toronto),Tuslaw (Massillon),0,,
7,2026-10-02,7pm,Triad (North Lewisburg),West Jefferson (West Jefferson),0,,
7,2026-10-02,7pm,Triway (Wooster),Canton South (Canton),0,,
7,2026-10-02,7pm,Troy Christian (Troy),Milton-Union (West Milton),0,,
7,2026-10-02,7pm,Turpin (Cincinnati),Anderson (Cincinnati),0,,
7,2026-10-02,7pm,Tuscarawas Valley (Zoarville),Indian Valley (Gnadenhutten),0,,
7,2026-10-02,7pm,Unioto (Chillicothe),Piketon (Piketon),0,,
7,2026-10-02,7pm,United (Hanoverton),East Palestine (East Palestine),0,,
7,2026-10-02,7pm,University School (Hunting Valley),John Hay (Cleveland),0,,
7,2026-10-02,7pm,Valley (Lucasville),Portsmouth West (West Portsmouth),0,,
7,2026-10-02,7pm,Valley Forge (Parma Heights),Westlake (Westlake),0,,
7,2026-10-02,7pm,Valley View (Germantown),Madison (Middletown),0,,
7,2026-10-02,7pm,Vanlue (Vanlue),Rogers (Toledo),0,,
7,2026-10-02,7pm,Vermilion (Vermilion),Port Clinton (Port Clinton),0,,
7,2026-10-02,7pm,Vinton County (McArthur),Northwest (McDermott),0,,
7,2026-10-02,7pm,Wadsworth (Wadsworth),Stow-Munroe Falls (Stow),0,,
7,2026-10-02,7pm,Walnut Hills (Cincinnati),West Clermont (Cincinnati),0,,
7,2026-10-02,7pm,Warren (Vincent),John Marshall (Glen Dale),0,,WV
7,2026-10-02,7pm,Warrensville Heights (Warrensville Heights),Brush (Lyndhurst),0,,
7,2026-10-02,7pm,Waterloo (Atwater),McDonald (McDonald),0,,
7,2026-10-02,7pm,Wauseon (Wauseon),Archbold (Archbold),0,,
7,2026-10-02,7pm,Waverly (Waverly),Minford (Minford),0,,
7,2026-10-02,7pm,Wayne (Huber Heights),Springfield (Springfield),0,,
7,2026-10-02,7pm,Waynesfield-Goshen (Waynesfield),North Baltimore (North Baltimore),0,,
7,2026-10-02,7pm,Waynesville (Waynesville),Carlisle (Carlisle),0,,
7,2026-10-02,7pm,Wayne Trace (Haviland),Hicksville (Hicksville),0,,
7,2026-10-02,7pm,Wellington (Wellington),Keystone (La Grange),0,,
7,2026-10-02,7pm,West (Columbus),Marion-Franklin (Columbus),0,,
7,2026-10-02,7pm,West Branch (Beloit),Carrollton (Carrollton),0,,
7,2026-10-02,7pm,Western Brown (Mount Orab),Batavia (Batavia),0,,
7,2026-10-02,7pm,Western Reserve (Berlin Center),Campbell Memorial (Campbell),0,,
7,2026-10-02,7pm,Westerville Central (Westerville),Grove City (Grove City),0,,
7,2026-10-02,7pm,Westerville North (Westerville),Westland (Galloway),0,,
7,2026-10-02,7pm,Westerville South (Westerville),Delaware Hayes (Delaware),0,,
7,2026-10-02,7pm,Westfall (Williamsport),Southeastern (Chillicothe),0,,
7,2026-10-02,7pm,West Holmes (Millersburg),Lexington (Lexington),0,,
7,2026-10-02,7pm,West Muskingum (Zanesville),Crooksville (Crooksville),0,,
7,2026-10-02,7pm,Whitehall-Yearling (Whitehall),Bexley (Columbus),0,,
7,2026-10-02,7pm,Wilmington (Wilmington),Clinton-Massie (Clarksville),0,,
7,2026-10-02,7pm,Winton Woods (Cincinnati),Loveland (Loveland),0,,
7,2026-10-02,7pm,Withrow (Cincinnati),La Salle (Cincinnati),0,,
7,2026-10-02,7pm,Woodward (Cincinnati),Archbishop Hoban (Akron),0,,
7,2026-10-02,7pm,Wooster (Wooster),Dover (Dover),0,,
7,2026-10-02,7pm,Thomas Worthington (Worthington),Olentangy Berlin (Delaware),0,,
7,2026-10-02,7pm,Worthington Kilbourne (Columbus),Big Walnut (Sunbury),0,,
7,2026-10-02,7pm,Wyoming (Cincinnati),Madeira (Cincinnati),0,,
7,2026-10-02,7pm,Xenia (Xenia),Tippecanoe (Tipp City),0,,
7,2026-10-02,7pm,Valley Christian School (Youngstown),Columbiana (Columbiana),0,,
7,2026-10-02,7pm,Zane Trace (Chillicothe),Paint Valley (Bainbridge),0,,
7,2026-10-02,7pm,Stivers (Dayton),Norwood (Norwood),0,,
7,2026-10-02,7pm,Gamble Montessori (Cincinnati),St Bernard-Elmwood Place (St Bernard),0,,
7,2026-10-02,7pm,Calhoun County,Madonna (Weirton),0,WV,WV
7,2026-10-02,7pm,Clay-Battelle (Blacksville),Meadow Bridge,0,WV,WV
7,2026-10-02,7pm,Morgantown (Morgantown),Wheeling Park (Wheeling),0,WV,WV
7,2026-10-02,7pm,Nitro,Point Pleasant (Point Pleasant),0,WV,WV
7,2026-10-02,7:30pm,Oak Glen (New Cumberland),St Marys (St Marys),0,WV,WV
7,2026-10-02,7pm,Ripley (Ripley),Brooke (Wellsburg),0,WV,WV
7,2026-10-02,7pm,Wahama (Mason),Tyler Consolidated,0,WV,WV
7,2026-10-02,7pm,Weir (Weirton),Keyser (Keyser),0,WV,WV
7,2026-10-02,7pm,Wheeling Central Catholic (Wheeling),Windber,0,WV,PA
7,2026-10-02,7pm,Williamstown (Williamstown),Marietta (Marietta),0,WV,
7,2026-10-02,7pm,Linsly (Wheeling),University (Morgantown),0,WV,WV
7,2026-10-02,7:30pm,Ashland Blazer (Ashland),Rowan County,0,KY,KY
7,2026-10-02,7:30pm,Bath County,East Carter,0,KY,KY
7,2026-10-02,6pm,Berea,Foxfire (Zanesville),0,KY,
7,2026-10-02,7:30pm,Boyd County (Ashland),Greenup County (Greenup),0,KY,KY
7,2026-10-02,7pm,Boyle County (Danville),St Xavier (Louisville),0,KY,KY
7,2026-10-02,7pm,Campbell County (Alexandria),Newport Central Catholic,0,KY,KY
7,2026-10-02,7:30pm,Clinton County (Albany),Somerset (Somerset),0,KY,KY
7,2026-10-02,7:30pm,Corbin (Corbin),Johnson Central,0,KY,KY
7,2026-10-02,7:30pm,Dixie Heights (Edgewood),Cooper (Union),0,KY,KY
7,2026-10-02,7:30pm,Fairview (Ashland),Nicholas County,0,KY,KY
7,2026-10-02,7:30pm,Hazard,Raceland (Raceland),0,KY,KY
7,2026-10-02,7pm,Highlands (Fort Thomas),Covington Catholic (Park Hills),0,KY,KY
7,2026-10-02,7pm,Holy Cross (Covington),Harlan County,0,KY,KY
7,2026-10-02,7:30pm,Lewis County (Vanceburg),Fleming County,0,KY,KY
7,2026-10-02,7:30pm,Lloyd Memorial (Erlanger),Bourbon County (Paris),0,KY,KY
7,2026-10-02,,Paintsville (Paintsville),Paris,0,KY,KY
7,2026-10-02,7:30pm,Pulaski Southwestern,Pikeville (Pikeville),0,KY,KY
7,2026-10-02,7:30pm,Walton-Verona (Walton),Beechwood (Fort Mitchell),0,KY,KY
7,2026-10-02,7pm,Battle Creek Lakeview,Portage Central (Portage),0,MI,MI
7,2026-10-02,7pm,Burr Oak,Camden-Frontier (Camden),0,MI,MI
7,2026-10-02,7pm,Byron Center,Muskegon Mona Shores (Muskegon),0,MI,MI
7,2026-10-02,5pm,Detroit King (Detroit),Detroit East English (Detroit),0,MI,MI
7,2026-10-02,7pm,U of D Jesuit (Detroit),Lumen Christi (Jackson),0,MI,MI
7,2026-10-02,7pm,DeWitt (DeWitt),East Lansing,0,MI,MI
7,2026-10-02,7pm,Erie Mason (Erie),North Central (Pioneer),0,MI,
7,2026-10-02,7pm,Morenci (Morenci),Adrian Lenawee Christian (Adrian),0,MI,MI
7,2026-10-02,7pm,North Adams-Jerome (North Adams),Litchfield,0,MI,MI
7,2026-10-02,7pm,Orchard Lake St Mary (Orchard Lake),Warren De La Salle (Warren),0,MI,MI
7,2026-10-02,7pm,Ottawa Lake Whiteford (Ottawa Lake),Edon (Edon),0,MI,
7,2026-10-02,7pm,Petersburg Summerfield (Petersburg),Hilltop (West Unity),0,MI,
7,2026-10-02,7pm,River Rouge (River Rouge),Davison,0,MI,MI
7,2026-10-02,7pm,Tekonsha,Waldron (Waldron),0,MI,MI
7,2026-10-02,7pm,Bedford (Temperance),Dexter,0,MI,MI
7,2026-10-02,7pm,North Star,Everett (Everett),0,PA,PA
7,2026-10-02,7pm,Butler (Butler),Hollidaysburg,0,PA,PA
7,2026-10-02,7pm,Pine-Richland (Gibsonia),Moon,0,PA,PA
7,2026-10-02,7pm,Jeannette (Jeannette),Serra Catholic (McKeesport),0,PA,PA
7,2026-10-02,7pm,Western Beaver (Industry),New Brighton,0,PA,PA
7,2026-10-02,7pm,Farrell (Farrell),Massillon Washington (Massillon),0,PA,
7,2026-10-02,3:30pm,Brashear (Pittsburgh),Taylor Allderdice (Pittsburgh),0,PA,PA
7,2026-10-02,7:30pm,Carrick (Pittsburgh),Perry Traditional Academy (Pittsburgh),0,PA,PA
7,2026-10-02,7pm,McDowell (Erie),Cathedral Prep (Erie),0,PA,PA
7,2026-10-02,7pm,Erie (Erie),Hickory (Hermitage),0,PA,PA
7,2026-10-02,7pm,Malvern Prep (Malvern),Gonzaga (Washington),0,PA,DC
7,2026-10-02,7:30pm,Benton Central,Hamilton Heights (Arcadia),0,IN,IN
7,2026-10-02,7pm,Covenant Christian (Indianapolis),Cardinal Ritter (Indianapolis),1,IN,IN
7,2026-10-02,7pm,East Central (St Leon),Connersville,0,IN,IN
7,2026-10-02,7pm,Bishop Luers (Fort Wayne),Bishop Dwenger (Fort Wayne),0,IN,IN
7,2026-10-02,7pm,Bishop Chatard (Indianapolis),Columbus East,0,IN,IN
7,2026-10-02,7pm,Marion,Richmond (Richmond),0,IN,IN
7,2026-10-02,7pm,Monroe Central,Blackhawk Christian (Fort Wayne),0,IN,IN
7,2026-10-02,7pm,Rushville Consolidated,Lawrenceburg (Lawrenceburg),0,IN,IN
7,2026-10-02,7pm,South Dearborn (Aurora),Franklin County (Brookville),0,IN,IN
7,2026-10-02,7pm,Southport (Indianapolis),Mt. Vernon (Fortville),0,IN,IN
7,2026-10-02,7:30pm,Baylor (Chattanooga),McCallie,1,TN,TN
7,2026-10-02,7:30pm,Grace Baptist Academy,Tri-Cities Christian Academy (Kingsport),0,TN,TN
7,2026-10-02,8pm,Montgomery Bell Academy,Christ Presbyterian Academy (Nashville),0,TN,TN
7,2026-10-02,,Beacon Hill (club),Football North (via Clarkson SS) (Mississauga),1,VA,ON
7,2026-10-02,,Saint Frances Academy (Baltimore),Legacy Sport Sciences (Spring),0,MD,TX
7,2026-10-02,,John Carroll School (Bel Air),Our Lady of Mount Carmel (Essex),0,MD,MD
7,2026-10-02,7pm,St Mary's Ryken (Leonardtown),Good Counsel (Wheaton),0,MD,MD
7,2026-10-02,,Mt Zion Prep (Lanham),DeMatha Catholic (Hyattsville),0,MD,MD
7,2026-10-02,,Friendship Collegiate (Washington),Loudoun Sports Academy (Leesburg),0,DC,VA
7,2026-10-02,7pm,Digital Pioneers Academy (Washington),Riverdale Baptist (Upper Marlboro),0,DC,MD
7,2026-10-02,,Niagara Falls (Niagara Falls),University Prep (Rochester),0,NY,NY
7,2026-10-02,7pm,Lockport (Lockport),Health Sciences (Buffalo),0,NY,NY
7,2026-10-02,7pm,St Francis Prep (Fresh Meadows),St Joseph by-the-Sea (Staten Island),0,NY,NY
7,2026-10-02,8pm,Naperville Central (Naperville),Cardinal Ritter (St Louis),0,IL,MO
7,2026-10-02,8pm,Rabun Gap - Nacoochee (Rabun Gap),Christian Brothers,0,GA,MO
7,2026-10-02,7pm,Cardinal Gibbons (Raleigh),Felton Grove (Apex),0,NC,NC
7,2026-10-02,5am,Humphreys (Pyeongtaek),Kinnick (Yokosuka),0,SOUTH KOREA,JAPAN
7,2026-10-03,7pm,Belmont (Dayton),Manchester (Manchester),0,,
7,2026-10-03,1pm,Central Catholic (Toledo),Novi Detroit Catholic Central (Novi),0,,MI
7,2026-10-03,12pm,East (Akron),Ellet (Akron),0,,
7,2026-10-03,12pm,Gilmour Academy (Gates Mills),Cleveland Central Catholic (Cleveland),0,,
7,2026-10-03,12pm,North (Akron),Garfield (Akron),0,,
7,2026-10-03,,South Gallia (Crown City),Sciotoville Community (Portsmouth),0,,
7,2026-10-03,7pm,Southern (Salineville),Catholic Central (Steubenville),0,,
7,2026-10-03,7pm,Columbus Crusaders (club) (Columbus),Landmark Eagles (club) (Cincinnati),0,,
7,2026-10-03,6pm,North Adams (club) (Seaman),West Union (club) (West Union),0,,
7,2026-10-03,5pm,C4 Lions (club) (Middletown),Noblesville Lions (club) (Noblesville),0,,IN
7,2026-10-03,1pm,Expression Prep Academy (Huntington),Peebles (club) (Peebles),0,WV,
7,2026-10-03,7pm,Kennedy Catholic (Hermitage),Stryker (Stryker),0,PA,
7,2026-10-03,7pm,Bloomington South (Bloomington),Ironton (Ironton),0,IN,
7,2026-10-03,7pm,Indiana School for the Deaf,Florida School for the Deaf (St. Augustine),0,IN,FL
7,2026-10-03,,Greenwood Christian,Waldron,0,IN,IN
7,2026-10-03,,The St James Academy (Springfield),IMG Academy (Bradenton),0,VA,FL
7,2026-10-03,2pm,St Francis (Hamburg),Canisius (Buffalo),0,NY,NY
7,2026-10-03,2pm,St Joseph's Collegiate (Buffalo),Bishop Timon - St Jude (Buffalo),0,NY,NY
7,2026-10-03,1:30pm,Long Island St Anthony's (South Huntington),Iona Prep (New Rochelle),0,NY,NY
7,2026-10-03,2pm,Cornerstone Christian (San Antonio),St John's College (Washington),0,TX,DC
7,2026-10-03,2pm,Huron Heights (Newmarket),Aquinas Institute (Rochester),0,ON,NY
7,2026-10-03,3:30pm,Aces Elite Steam Academy,The Hun School (Princeton),0,AZ,NJ
7,2026-10-03,12pm,Woodstown (Woodstown),Salem (Salem),0,NJ,NJ
7,2026-10-04,11am,Eagle Academy for Young Men II (Brooklyn),Susan Wagner (Staten Island),0,NY,NY
8,2026-10-07,6pm,Thurgood Marshall (Dayton),Belmont (Dayton),0,,
8,2026-10-08,7pm,Bay (Bay Village),Valley Forge (Parma Heights),0,,
8,2026-10-08,7pm,Buckeye (Medina),North Olmsted (North Olmsted),0,,
8,2026-10-08,3:30pm,East Technical (Cleveland),John F Kennedy (Cleveland),0,,
8,2026-10-08,7pm,Garfield Heights (Garfield Heights),Warrensville Heights (Warrensville Heights),0,,
8,2026-10-08,7pm,Independence (Columbus),West (Columbus),0,,
8,2026-10-08,7pm,Lima Senior (Lima),Bowsher (Toledo),0,,
8,2026-10-08,7pm,Linden McKinley (Columbus),Mifflin (Columbus),0,,
8,2026-10-08,7pm,Maple Heights (Maple Heights),Bedford (Bedford),0,,
8,2026-10-08,7pm,Marion-Franklin (Columbus),Eastmoor Academy (Columbus),0,,
8,2026-10-08,7pm,Normandy (Parma),Lakewood (Lakewood),0,,
8,2026-10-08,7pm,North (Eastlake),Madison (Madison),0,,
8,2026-10-08,6pm,Northwest (Cincinnati),Dunbar (Dayton),0,,
8,2026-10-08,3:30pm,Rhodes (Cleveland),John Hay (Cleveland),0,,
8,2026-10-08,6pm,Rogers (Toledo),Woodward (Toledo),0,,
8,2026-10-08,7pm,St Vincent-St Mary (Akron),Boardman (Youngstown),0,,
8,2026-10-08,7pm,Westlake (Westlake),Rocky River (Rocky River),0,,
8,2026-10-08,7pm,Dixie Heights (Edgewood),Conner (Hebron),0,KY,KY
8,2026-10-08,7:30pm,Lloyd Memorial (Erlanger),Henry County,0,KY,KY
8,2026-10-08,7:30pm,Russell (Russell),Lewis County (Vanceburg),0,KY,KY
8,2026-10-08,7pm,Bedford (Temperance),Ann Arbor Huron,0,MI,MI
8,2026-10-08,7pm,Brashear (Pittsburgh),Westinghouse (Pittsburgh),0,PA,PA
8,2026-10-08,,Legacy Sport Sciences (Spring),Regents (Austin),0,TX,TX
8,2026-10-08,5am,Kadena (Okinawa),Humphreys (Pyeongtaek),0,JAPAN,SOUTH KOREA
8,2026-10-09,7pm,Adena (Frankfort),Southeastern (Chillicothe),0,,
8,2026-10-09,7pm,Africentric Early College (Columbus),South (Columbus),0,,
8,2026-10-09,6:30pm,Aiken (Cincinnati),Withrow (Cincinnati),0,,
8,2026-10-09,7pm,Alexander (Albany),Nelsonville-York (Nelsonville),0,,
8,2026-10-09,7pm,Allen East (Harrod),Spencerville (Spencerville),0,,
8,2026-10-09,7pm,Alliance (Alliance),Coventry (Coventry Twp),0,,
8,2026-10-09,7pm,Anderson (Cincinnati),Walnut Hills (Cincinnati),0,,
8,2026-10-09,7pm,Anna (Anna),Coldwater (Coldwater),0,,
8,2026-10-09,7pm,Ansonia (Ansonia),Dixie (New Lebanon),0,,
8,2026-10-09,7pm,Anthony Wayne (Whitehouse),Sylvania Northview (Sylvania),0,,
8,2026-10-09,7pm,Arcadia (Arcadia),Pandora-Gilboa (Pandora),0,,
8,2026-10-09,7pm,Archbishop Alter (Kettering),Archbishop McNicholas (Cincinnati),0,,
8,2026-10-09,7pm,Archbold (Archbold),Patrick Henry (Hamler),0,,
8,2026-10-09,7pm,Arlington (Arlington),Ridgedale (Morral),0,,
8,2026-10-09,7pm,Ashland (Ashland),West Holmes (Millersburg),0,,
8,2026-10-09,7pm,Austintown-Fitch (Austintown),McDowell (Erie),0,,PA
8,2026-10-09,7pm,Avon Lake (Avon Lake),North Ridgeville (North Ridgeville),0,,
8,2026-10-09,7pm,Barnesville (Barnesville),Martins Ferry (Martins Ferry),0,,
8,2026-10-09,7pm,Batavia (Batavia),Wilmington (Wilmington),0,,
8,2026-10-09,7pm,Bath (Lima),Celina (Celina),0,,
8,2026-10-09,7pm,Beachwood (Beachwood),Kirtland (Kirtland),0,,
8,2026-10-09,7pm,Bellaire (Bellaire),Harrison Central (Cadiz),0,,
8,2026-10-09,7pm,Bellbrook (Bellbrook),Monroe (Monroe),0,,
8,2026-10-09,7pm,Benjamin Logan (Bellefontaine),Indian Lake (Lewistown),0,,
8,2026-10-09,7pm,Berea-Midpark (Berea),Olmsted Falls (Olmsted Falls),0,,
8,2026-10-09,7pm,Bethel-Tate (Bethel),Clermont Northeastern (Batavia),0,,
8,2026-10-09,7pm,Big Walnut (Sunbury),Westerville North (Westerville),0,,
8,2026-10-09,7pm,Bishop Ready (Columbus),Bexley (Columbus),0,,
8,2026-10-09,7pm,Bishop Watterson (Columbus),Bishop Hartley (Columbus),0,,
8,2026-10-09,7pm,Black River (Sullivan),Brookside (Sheffield),0,,
8,2026-10-09,7pm,Bluffton (Bluffton),Crestview (Convoy),0,,
8,2026-10-09,7pm,Bowling Green (Bowling Green),Napoleon (Napoleon),0,,
8,2026-10-09,7pm,Brecksville-Broadview Heights (Broadview Heights),Aurora (Aurora),0,,
8,2026-10-09,7pm,Brookfield (Brookfield),Southeast (Ravenna),0,,
8,2026-10-09,7pm,Brookville (Brookville),Eaton (Eaton),0,,
8,2026-10-09,5pm,Brush (Lyndhurst),Shaw (East Cleveland),0,,
8,2026-10-09,7pm,Buckeye Local (Rayland),Union Local (Belmont),0,,
8,2026-10-09,7pm,Buckeye Valley (Delaware),Columbus Academy (Gahanna),0,,
8,2026-10-09,7pm,Calvert (Tiffin),Buckeye Central (New Washington),0,,
8,2026-10-09,7pm,Cambridge (Cambridge),Weir (Weirton),0,,WV
8,2026-10-09,7pm,Canfield (Canfield),Wheeling Park (Wheeling),0,,WV
8,2026-10-09,7pm,Canton McKinley (Canton),Lake (Uniontown),0,,
8,2026-10-09,7pm,Carey (Carey),Hopewell-Loudon (Bascom),0,,
8,2026-10-09,7pm,Carlisle (Carlisle),Oakwood (Dayton),0,,
8,2026-10-09,7pm,Archbishop Carroll (Dayton),Badin (Hamilton),0,,
8,2026-10-09,7pm,Carrollton (Carrollton),Marlington (Alliance),0,,
8,2026-10-09,7pm,Catholic Central (Steubenville),Bridgeport (Bridgeport),0,,
8,2026-10-09,7pm,Centennial (Columbus),East (Columbus),0,,
8,2026-10-09,7pm,Centerburg (Centerburg),Mount Gilead (Mount Gilead),0,,
8,2026-10-09,7pm,Toledo Christian (Toledo),Beechcroft (Columbus),0,,
8,2026-10-09,7pm,Central Crossing (Grove City),New Albany (New Albany),0,,
8,2026-10-09,7pm,Chagrin Falls (Chagrin Falls),Berkshire (Burton),0,,
8,2026-10-09,7pm,Twinsburg (Twinsburg),Copley (Copley),0,,
8,2026-10-09,7pm,Chaminade Julienne (Dayton),Bishop Fenwick (Franklin),0,,
8,2026-10-09,7pm,Chardon (Chardon),Perry (Perry),0,,
8,2026-10-09,7pm,Circleville (Circleville),Liberty Union (Baltimore),0,,
8,2026-10-09,7pm,Clay (Oregon),Perrysburg (Perrysburg),0,,
8,2026-10-09,7pm,Claymont (Uhrichsville),Tuscarawas Valley (Zoarville),0,,
8,2026-10-09,7pm,Clear Fork (Bellville),Highland (Marengo),0,,
8,2026-10-09,7pm,Cleveland Central Catholic (Cleveland),Lutheran East (Cleveland Heights),0,,
8,2026-10-09,7pm,Cleveland Heights (Cleveland Heights),Euclid (Euclid),0,,
8,2026-10-09,7pm,Cloverleaf (Seville),Tallmadge (Tallmadge),0,,
8,2026-10-09,7pm,Clyde (Clyde),Sandusky (Sandusky),0,,
8,2026-10-09,7pm,Colerain (Cincinnati),Lakota West (West Chester),0,,
8,2026-10-09,7pm,Tiffin Columbian (Tiffin),Bellevue (Bellevue),0,,
8,2026-10-09,7pm,Columbiana (Columbiana),Wellsville (Wellsville),0,,
8,2026-10-09,7pm,Conneaut (Conneaut),Rootstown (Rootstown),0,,
8,2026-10-09,7pm,Covington (Covington),Northridge (Dayton),0,,
8,2026-10-09,7pm,Crestline (Crestline),Conotton Valley (Bowerston),0,,
8,2026-10-09,7pm,Crestview (Columbiana),Champion (Warren),0,,
8,2026-10-09,7pm,Crestwood (Mantua),Fairview (Fairview Park),0,,
8,2026-10-09,7pm,Crooksville (Crooksville),Coshocton (Coshocton),0,,
8,2026-10-09,7pm,Cuyahoga Valley Christian Academy (Cuyahoga Falls),Notre Dame-Cathedral Latin (Chardon),0,,
8,2026-10-09,7pm,Dalton (Dalton),Chippewa (Doylestown),0,,
8,2026-10-09,7pm,Danbury (Lakeside),Plymouth (Plymouth),0,,
8,2026-10-09,7pm,Danville (Danville),Cardington-Lincoln (Cardington),0,,
8,2026-10-09,7pm,Dawson-Bryant (Coal Grove),South Point (South Point),0,,
8,2026-10-09,7pm,Dublin Scioto (Dublin),Delaware Hayes (Delaware),0,,
8,2026-10-09,7pm,East (Akron),North (Akron),0,,
8,2026-10-09,7pm,East Canton (East Canton),Strasburg-Franklin (Strasburg),0,,
8,2026-10-09,7pm,East Clinton (Sabina),Fayetteville (Fayetteville),0,,
8,2026-10-09,7pm,Edgerton (Edgerton),Paulding (Paulding),0,,
8,2026-10-09,7pm,Edgewood (Trenton),Valley View (Germantown),0,,
8,2026-10-09,7pm,Elder (Cincinnati),Highlands (Fort Thomas),0,,KY
8,2026-10-09,7pm,Elgin (Marion),Ridgemont (Mt Victory),0,,
8,2026-10-09,7pm,Elida (Elida),Defiance (Defiance),0,,
8,2026-10-09,7pm,Elmwood (Bloomdale),Leipsic (Leipsic),0,,
8,2026-10-09,7pm,Elyria Catholic (Elyria),Holy Name (Parma Heights),0,,
8,2026-10-09,7pm,Fairbanks (Milford Center),Northeastern (South Vienna),0,,
8,2026-10-09,7pm,Fairborn (Fairborn),Xenia (Xenia),0,,
8,2026-10-09,7pm,Fairfield (Fairfield),Mason (Mason),0,,
8,2026-10-09,7pm,Fairfield Union (Lancaster),Amanda-Clearcreek (Amanda),0,,
8,2026-10-09,7:30pm,Fairland (Proctorville),Logan Elm (Circleville),0,,
8,2026-10-09,7pm,Fairview (Sherwood),Antwerp (Antwerp),0,,
8,2026-10-09,7pm,Finneytown (Cincinnati),Wyoming (Cincinnati),0,,
8,2026-10-09,7pm,Firelands (Oberlin),Wellington (Wellington),0,,
8,2026-10-09,7pm,Fisher Catholic (Lancaster),Berne Union (Sugar Grove),0,,
8,2026-10-09,7pm,Fort Loramie (Fort Loramie),Columbus Grove (Columbus Grove),0,,
8,2026-10-09,7pm,Fostoria (Fostoria),Rossford (Rossford),0,,
8,2026-10-09,7pm,Franklin Heights (Columbus),Whitehall-Yearling (Whitehall),0,,
8,2026-10-09,7pm,Fredericktown (Fredericktown),Loudonville (Loudonville),0,,
8,2026-10-09,7pm,Galion (Galion),River Valley (Caledonia),0,,
8,2026-10-09,7pm,Gallia Academy (Gallipolis),Chesapeake (Chesapeake),0,,
8,2026-10-09,7pm,Geneva (Geneva),West Geauga (Chesterland),0,,
8,2026-10-09,7pm,Genoa Area (Genoa),Eastwood (Pemberville),0,,
8,2026-10-09,7pm,Girard (Girard),Poland Seminary (Poland),0,,
8,2026-10-09,7pm,GlenOak (Canton),Jackson (Massillon),0,,
8,2026-10-09,7pm,Glenville (Cleveland),Archbishop Hoban (Akron),0,,
8,2026-10-09,7pm,Goshen (Goshen),Clinton-Massie (Clarksville),0,,
8,2026-10-09,7pm,Grand Valley (Orwell),Cardinal (Middlefield),0,,
8,2026-10-09,7pm,Grandview Heights (Columbus),Grove City Christian (Grove City),0,,
8,2026-10-09,7pm,Green (Franklin Furnace),South Gallia (Crown City),0,,
8,2026-10-09,7pm,Green (Uniontown),Louisville (Louisville),0,,
8,2026-10-09,7pm,Greenon (Enon),Catholic Central (Springfield),0,,
8,2026-10-09,7pm,Groveport Madison (Groveport),Pickerington Central (Pickerington),0,,
8,2026-10-09,7pm,Hamilton Township (Columbus),Bloom-Carroll (Carroll),0,,
8,2026-10-09,7pm,Warren G Harding (Warren),Cardinal Mooney (Youngstown),0,,
8,2026-10-09,7pm,Hardin Northern (Dola),Waynesfield-Goshen (Waynesfield),0,,
8,2026-10-09,7pm,Hawken (Gates Mills),Jefferson Area (Jefferson),0,,
8,2026-10-09,7pm,Heath (Heath),Johnstown (Johnstown),0,,
8,2026-10-09,7pm,Hicksville (Hicksville),Ayersville (Defiance),0,,
8,2026-10-09,7pm,Hilliard Bradley (Hilliard),Olentangy Liberty (Powell),0,,
8,2026-10-09,7pm,Hilliard Davidson (Hilliard),Dublin Coffman (Dublin),0,,
8,2026-10-09,7pm,Hillsboro (Hillsboro),Miami Trace (Washington Court House),0,,
8,2026-10-09,7pm,Hillsdale (Jeromesville),Rittman (Rittman),0,,
8,2026-10-09,7pm,Hoover (North Canton),Perry (Massillon),0,,
8,2026-10-09,7pm,Hubbard (Hubbard),Lakeview (Cortland),0,,
8,2026-10-09,7pm,Hudson (Hudson),Wadsworth (Wadsworth),0,,
8,2026-10-09,7pm,Hughes (Cincinnati),Woodward (Cincinnati),0,,
8,2026-10-09,7pm,Huntington (Chillicothe),Unioto (Chillicothe),0,,
8,2026-10-09,7pm,Huron (Huron),Vermilion (Vermilion),0,,
8,2026-10-09,7pm,Independence (Independence),Cuyahoga Heights (Cuyahoga Heights),0,,
8,2026-10-09,7pm,Indian Creek (Wintersville),Beaver Local (East Liverpool),0,,
8,2026-10-09,7pm,Indian Valley (Gnadenhutten),Garaway (Sugarcreek),0,,
8,2026-10-09,7pm,Ironton (Ironton),Harvest Prep (Canal Winchester),0,,
8,2026-10-09,7pm,Jackson (Jackson),McClain (Greenfield),0,,
8,2026-10-09,7pm,Jackson-Milton (North Jackson),Waterloo (Atwater),0,,
8,2026-10-09,7pm,Jefferson (Delphos),Lima Central Catholic (Lima),0,,
8,2026-10-09,7pm,Jefferson Township (Dayton),Vanlue (Vanlue),0,,
8,2026-10-09,7pm,John Adams (Cleveland),Richmond Heights (Richmond Heights),0,,
8,2026-10-09,7pm,John F Kennedy (Warren),Canton Central Catholic (Canton),0,,
8,2026-10-09,7pm,John Glenn (New Concord),Maysville (Zanesville),0,,
8,2026-10-09,7pm,John Marshall (Cleveland),Gilmour Academy (Gates Mills),0,,
8,2026-10-09,7pm,Keystone (La Grange),Columbia (Columbia Station),0,,
8,2026-10-09,7pm,Kings (Kings Mills),Milford (Milford),0,,
8,2026-10-09,7pm,Lakota (Kansas),Ottawa Hills (Toledo),0,,
8,2026-10-09,7pm,Lebanon (Lebanon),Turpin (Cincinnati),0,,
8,2026-10-09,7pm,Lexington (Lexington),New Philadelphia (New Philadelphia),0,,
8,2026-10-09,7pm,Liberty (Youngstown),LaBrae (Leavittsburg),0,,
8,2026-10-09,7pm,Liberty-Benton (Findlay),Sylvania Southview (Sylvania),0,,
8,2026-10-09,7pm,Liberty Center (Liberty Center),Delta (Delta),0,,
8,2026-10-09,7pm,Licking Valley (Newark),Licking Heights (Pataskala),0,,
8,2026-10-09,7pm,Gahanna Lincoln (Gahanna),Westerville Central (Westerville),0,,
8,2026-10-09,7pm,Logan (Logan),Canal Winchester (Canal Winchester),0,,
8,2026-10-09,7pm,London (London),Jonathan Alder (Plain City),0,,
8,2026-10-09,7pm,Lorain (Lorain),Strongsville (Strongsville),0,,
8,2026-10-09,7pm,Loveland (Loveland),Little Miami (Morrow),0,,
8,2026-10-09,7pm,Lowellville (Lowellville),McDonald (McDonald),0,,
8,2026-10-09,7pm,Lucas (Lucas),Seneca East (Attica),0,,
8,2026-10-09,7pm,Lutheran West (Rocky River),Lakeside (Ashtabula),0,,
8,2026-10-09,7pm,Madeira (Cincinnati),Indian Hill (Cincinnati),0,,
8,2026-10-09,7pm,Madison (Middletown),Waynesville (Waynesville),0,,
8,2026-10-09,7pm,Madison Comprehensive (Mansfield),Dover (Dover),0,,
8,2026-10-09,7pm,Madison-Plains (London),Cedarville (Cedarville),0,,
8,2026-10-09,7pm,Malvern (Malvern),Buckeye Trail (Lore City),0,,
8,2026-10-09,7pm,Mapleton (Ashland),New London (New London),0,,
8,2026-10-09,7pm,Mariemont (Cincinnati),Reading (Reading),0,,
8,2026-10-09,7pm,Marietta (Marietta),Fort Frye (Beverly),0,,
8,2026-10-09,7pm,Marion Local (Maria Stein),New Bremen (New Bremen),0,,
8,2026-10-09,7pm,Mayfield (Mayfield),Kenston (Chagrin Falls),0,,
8,2026-10-09,7pm,McComb (McComb),Ada (Ada),0,,
8,2026-10-09,7pm,Campbell Memorial (Campbell),Mineral Ridge (Mineral Ridge),0,,
8,2026-10-09,7pm,St Marys Memorial (St Marys),Shawnee (Lima),0,,
8,2026-10-09,7pm,Mentor (Mentor),Shaker Heights (Shaker Heights),0,,
8,2026-10-09,7pm,Miamisburg (Miamisburg),Wayne (Huber Heights),0,,
8,2026-10-09,7pm,Middletown (Middletown),Lakota East (Liberty Township),0,,
8,2026-10-09,7pm,Midview (Grafton),Elyria (Elyria),0,,
8,2026-10-09,7pm,Miller (Corning),Bishop Rosecrans (Zanesville),0,,
8,2026-10-09,7pm,Millersport (Millersport),Fairfield Christian Academy (Lancaster),0,,
8,2026-10-09,7pm,Milton-Union (West Milton),Miami East (Casstown),0,,
8,2026-10-09,7pm,Minford (Minford),Meigs (Pomeroy),0,,
8,2026-10-09,7pm,Mississinawa Valley (Union City),Arcanum (Arcanum),0,,
8,2026-10-09,7pm,Archbishop Moeller (Cincinnati),St Ignatius (Cleveland),0,,
8,2026-10-09,7pm,Mogadore (Mogadore),Clearview (Lorain),0,,
8,2026-10-09,7pm,Mohawk (Sycamore),Colonel Crawford (North Robinson),0,,
8,2026-10-09,7pm,Morgan (McConnelsville),Meadowbrook (Byesville),0,,
8,2026-10-09,7pm,Mount Healthy (Cincinnati),Trotwood-Madison (Trotwood),0,,
8,2026-10-09,7pm,Mount Vernon (Mount Vernon),Zanesville (Zanesville),0,,
8,2026-10-09,7pm,New Lexington (New Lexington),West Muskingum (Zanesville),0,,
8,2026-10-09,7pm,New Richmond (New Richmond),Western Brown (Mount Orab),0,,
8,2026-10-09,7pm,Newton Falls (Newton Falls),Garfield (Garrettsville),0,,
8,2026-10-09,7pm,Nordonia (Macedonia),Stow-Munroe Falls (Stow),0,,
8,2026-10-09,7pm,North Baltimore (North Baltimore),Cory-Rawson (Rawson),0,,
8,2026-10-09,7pm,North Central (Pioneer),Edon (Edon),0,,
8,2026-10-09,7pm,Northland (Columbus),Whetstone (Columbus),0,,
8,2026-10-09,7pm,Northmont (Clayton),Centerville (Centerville),0,,
8,2026-10-09,7pm,Northmor (Galion),East Knox (Howard),0,,
8,2026-10-09,7pm,North Royalton (North Royalton),Medina (Medina),0,,
8,2026-10-09,7pm,Norton (Norton),Kent Roosevelt (Kent),0,,
8,2026-10-09,7pm,Northwest (Canal Fulton),Tuslaw (Massillon),0,,
8,2026-10-09,7pm,Northwest (McDermott),Portsmouth West (West Portsmouth),0,,
8,2026-10-09,7pm,Northwestern (Springfield),North Union (Richwood),0,,
8,2026-10-09,7pm,Northwestern (West Salem),Waynedale (Apple Creek),0,,
8,2026-10-09,7pm,Northwood (Northwood),Gibsonburg (Gibsonburg),0,,
8,2026-10-09,7pm,Norwood (Norwood),Cincinnati Country Day (Cincinnati),0,,
8,2026-10-09,7pm,Notre Dame (Portsmouth),Eastern (Beaver),0,,
8,2026-10-09,7pm,Oak Harbor (Oak Harbor),Lake (Millbury),0,,
8,2026-10-09,7pm,Olentangy Berlin (Delaware),Dublin Jerome (Dublin),0,,
8,2026-10-09,7pm,Olentangy (Lewis Center),Hilliard Darby (Hilliard),0,,
8,2026-10-09,7pm,Ontario (Ontario),Shelby (Shelby),0,,
8,2026-10-09,7pm,Orange (Pepper Pike),Edgewood (Ashtabula),0,,
8,2026-10-09,7pm,Orrville (Orrville),Worthington Christian (Worthington),0,,
8,2026-10-09,7pm,Otsego (Tontogany),Maumee (Maumee),0,,
8,2026-10-09,7pm,Padua Franciscan (Parma),Lake Catholic (Mentor),0,,
8,2026-10-09,7pm,Parkway (Rockford),Fort Recovery (Fort Recovery),0,,
8,2026-10-09,7pm,Perkins (Sandusky),Norwalk (Norwalk),0,,
8,2026-10-09,7pm,Perry (Lima),Upper Scioto Valley (McGuffey),0,,
8,2026-10-09,7pm,Philo (Duncan Falls),Sheridan (Thornville),0,,
8,2026-10-09,7pm,Pickerington North (Pickerington),Grove City (Grove City),0,,
8,2026-10-09,7pm,Piketon (Piketon),Paint Valley (Bainbridge),0,,
8,2026-10-09,7pm,Pleasant (Marion),Marion Harding (Marion),0,,
8,2026-10-09,7pm,Port Clinton (Port Clinton),Edison (Milan),0,,
8,2026-10-09,7pm,Princeton (Cincinnati),Hamilton (Hamilton),0,,
8,2026-10-09,7pm,Purcell Marian (Cincinnati),Cincinnati Hills Christian Academy (Cincinnati),0,,
8,2026-10-09,7pm,Pymatuning Valley (Andover),East Palestine (East Palestine),0,,
8,2026-10-09,7pm,Ravenna (Ravenna),Cuyahoga Falls (Cuyahoga Falls),0,,
8,2026-10-09,7pm,Revere (Richfield),Barberton (Barberton),0,,
8,2026-10-09,7pm,Reynoldsburg (Reynoldsburg),Lancaster (Lancaster),0,,
8,2026-10-09,7pm,Ridgewood (West Lafayette),Sandy Valley (Magnolia),0,,
8,2026-10-09,7pm,Riverdale (Mt Blanchard),Van Buren (Van Buren),0,,
8,2026-10-09,7pm,Riverside (Painesville),Brunswick (Brunswick),0,,
8,2026-10-09,7pm,Rock Hill (Ironton),Portsmouth (Portsmouth),0,,
8,2026-10-09,7pm,Ross (Hamilton),Franklin (Franklin),0,,
8,2026-10-09,7pm,St Charles (Columbus),St Francis DeSales (Columbus),0,,
8,2026-10-09,7pm,St Francis de Sales (Toledo),Lumen Christi (Jackson),0,,MI
8,2026-10-09,7pm,St Henry (St Henry),Minster (Minster),0,,
8,2026-10-09,7pm,St John School (Ashtabula),Mathews (Vienna),0,,
8,2026-10-09,7pm,Villa Angela-St Joseph (Cleveland),Youngstown (Youngstown),0,,
8,2026-10-09,7pm,St Paul (Norwalk),South Central (Greenwich),0,,
8,2026-10-09,7pm,St Thomas Aquinas (Louisville),Leetonia (Leetonia),0,,
8,2026-10-09,7pm,St Xavier (Cincinnati),La Salle (Cincinnati),0,,
8,2026-10-09,7pm,Salem (Salem),Howland (Warren),0,,
8,2026-10-09,7pm,Shadyside (Shadyside),Caldwell (Caldwell),0,,
8,2026-10-09,7pm,Shawnee (Springfield),Graham Local (St Paris),0,,
8,2026-10-09,7pm,Shenandoah (Sarahsville),River (Hannibal),0,,
8,2026-10-09,7pm,Smithville (Smithville),Norwayne (Creston),0,,
8,2026-10-09,7pm,Solon (Solon),Highland (Medina),0,,
8,2026-10-09,7pm,Canton South (Canton),Fairless (Brewster),0,,
8,2026-10-09,7pm,South (Willoughby),Harvey (Painesville),0,,
8,2026-10-09,7pm,Southeastern Local (South Charleston),Greeneview (Jamestown),0,,
8,2026-10-09,7pm,Southern (Racine),Belpre (Belpre),0,,
8,2026-10-09,7pm,Southern (Salineville),Lisbon David Anderson (Lisbon),0,,
8,2026-10-09,7pm,South Range (Canfield),Niles McKinley (Niles),0,,
8,2026-10-09,7pm,Springboro (Springboro),Kettering Fairmont (Kettering),0,,
8,2026-10-09,7pm,Springfield (Holland),Fremont Ross (Fremont),0,,
8,2026-10-09,7pm,Springfield (New Middletown),Western Reserve (Berlin Center),0,,
8,2026-10-09,7pm,Springfield (Springfield),Beavercreek (Beavercreek),0,,
8,2026-10-09,7pm,Start (Toledo),Blackhawk Christian (Fort Wayne),0,,IN
8,2026-10-09,7pm,Stebbins (Riverside),Piqua (Piqua),0,,
8,2026-10-09,7pm,Amherst Steele (Amherst),Avon (Avon),0,,
8,2026-10-09,7pm,Streetsboro (Streetsboro),Field (Mogadore),0,,
8,2026-10-09,7pm,Summit Country Day (Cincinnati),Stivers (Dayton),0,,
8,2026-10-09,7pm,Swanton (Swanton),Evergreen (Metamora),0,,
8,2026-10-09,7pm,Sycamore (Cincinnati),Oak Hills (Cincinnati),0,,
8,2026-10-09,7pm,Symmes Valley (Willow Wood),Sciotoville Community (Portsmouth),0,,
8,2026-10-09,6:30pm,Taft (Cincinnati),Western Hills (Cincinnati),0,,
8,2026-10-09,7pm,Talawanda (Oxford),Harrison (Harrison),0,,
8,2026-10-09,7pm,Taylor (Cleves),Deer Park (Cincinnati),0,,
8,2026-10-09,7pm,Teays Valley (Ashville),Newark (Newark),0,,
8,2026-10-09,7pm,Tecumseh (New Carlisle),Bellefontaine (Bellefontaine),0,,
8,2026-10-09,7pm,Tinora (Defiance),Wayne Trace (Haviland),0,,
8,2026-10-09,7pm,Tippecanoe (Tipp City),Greenville (Greenville),0,,
8,2026-10-09,7pm,Toronto (Toronto),Monroe Central (Woodsfield),0,,
8,2026-10-09,7pm,Trimble (Glouster),Eastern (Reedsville),0,,
8,2026-10-09,7pm,Tri-Valley (Dresden),River View (Warsaw),0,,
8,2026-10-09,7pm,Tri-Village (New Madison),Bradford (Bradford),0,,
8,2026-10-09,7pm,Triway (Wooster),Manchester (New Franklin),0,,
8,2026-10-09,7pm,Troy (Troy),Sidney (Sidney),0,,
8,2026-10-09,7pm,Troy Christian (Troy),Riverside (De Graff),0,,
8,2026-10-09,7pm,Tuscarawas Central Catholic (New Philadelphia),Newcomerstown (Newcomerstown),0,,
8,2026-10-09,7pm,Tri-County North (Lewisburg),Preble Shawnee (Camden),0,,
8,2026-10-09,7pm,Twin Valley South (West Alexandria),National Trail (New Paris),0,,
8,2026-10-09,7pm,University School (Hunting Valley),Struthers (Struthers),0,,
8,2026-10-09,7pm,Upper Arlington (Upper Arlington),Olentangy Orange (Lewis Center),0,,
8,2026-10-09,7pm,Urbana (Urbana),Kenton Ridge (Springfield),0,,
8,2026-10-09,7pm,Ursuline (Youngstown),Walsh Jesuit (Cuyahoga Falls),0,,
8,2026-10-09,7pm,Utica (Utica),Lakewood (Hebron),0,,
8,2026-10-09,7pm,Valley (Lucasville),Oak Hill (Oak Hill),0,,
8,2026-10-09,7pm,Van Wert (Van Wert),Ottawa-Glandorf (Ottawa),0,,
8,2026-10-09,7pm,Versailles (Versailles),St John's (Delphos),0,,
8,2026-10-09,7pm,Vinton County (McArthur),River Valley (Bidwell),0,,
8,2026-10-09,6pm,Waite (Toledo),Scott (Toledo),0,,
8,2026-10-09,7pm,Walnut Ridge (Columbus),Briggs (Columbus),0,,
8,2026-10-09,7pm,Wapakoneta (Wapakoneta),Kenton (Kenton),0,,
8,2026-10-09,7pm,Warren (Vincent),Edison (Richmond),0,,
8,2026-10-09,7pm,Washington (Washington Court House),Chillicothe (Chillicothe),0,,
8,2026-10-09,7pm,Waterford (Waterford),Federal Hocking (Stewart),0,,
8,2026-10-09,7pm,Watkins Memorial (Pataskala),Granville (Granville),0,,
8,2026-10-09,7pm,Wauseon (Wauseon),Bryan (Bryan),0,,
8,2026-10-09,7pm,Wellston (Wellston),Athens (The Plains),0,,
8,2026-10-09,7pm,West Branch (Beloit),Minerva (Minerva),0,,
8,2026-10-09,7pm,West Carrollton (West Carrollton),Butler (Vandalia),0,,
8,2026-10-09,7pm,Western Reserve (Collins),Crestview (Ashland),0,,
8,2026-10-09,7pm,West Clermont (Cincinnati),Winton Woods (Cincinnati),0,,
8,2026-10-09,7pm,West Jefferson (West Jefferson),Mechanicsburg (Mechanicsburg),0,,
8,2026-10-09,7pm,Westland (Galloway),Westerville South (Westerville),0,,
8,2026-10-09,7pm,West Liberty-Salem (West Liberty),Triad (North Lewisburg),0,,
8,2026-10-09,7pm,Wheelersburg (Wheelersburg),Waverly (Waverly),0,,
8,2026-10-09,7pm,Whitmer (Toledo),Findlay (Findlay),0,,
8,2026-10-09,7pm,Willard (Willard),Upper Sandusky (Upper Sandusky),0,,
8,2026-10-09,7pm,Williamsburg (Williamsburg),Blanchester (Blanchester),0,,
8,2026-10-09,7pm,Woodmore (Elmore),Margaretta (Castalia),0,,
8,2026-10-09,7pm,Woodridge (Peninsula),Springfield (Akron),0,,
8,2026-10-09,7pm,Wooster (Wooster),Mansfield Senior (Mansfield),0,,
8,2026-10-09,7pm,Thomas Worthington (Worthington),Marysville (Marysville),0,,
8,2026-10-09,7pm,Wynford (Bucyrus),Bucyrus (Bucyrus),0,,
8,2026-10-09,7pm,Zane Trace (Chillicothe),Westfall (Williamsport),0,,
8,2026-10-09,7pm,Clark Montessori (Cincinnati),North College Hill (Cincinnati),0,,
8,2026-10-09,7pm,Gamble Montessori (Cincinnati),Dayton Christian (Miamisburg),0,,
8,2026-10-09,7pm,KIPP Columbus (Columbus),Worthington Kilbourne (Columbus),0,,
8,2026-10-09,7:30pm,Brooke (Wellsburg),St Clairsville (St Clairsville),0,WV,
8,2026-10-09,7pm,Cameron (Cameron),Frontier (New Matamoras),0,WV,
8,2026-10-09,7pm,Frankfort (Ridgeley),John Marshall (Glen Dale),0,WV,WV
8,2026-10-09,7:30pm,Gilmer County (Glenville),St Marys (St Marys),0,WV,WV
8,2026-10-09,7pm,Magnolia (New Martinsville),Tyler Consolidated,0,WV,WV
8,2026-10-09,7pm,Oak Glen (New Cumberland),East Liverpool (East Liverpool),0,WV,
8,2026-10-09,7pm,Poca,Williamstown (Williamstown),0,WV,WV
8,2026-10-09,7pm,Point Pleasant (Point Pleasant),Herbert Hoover (Elkview),0,WV,WV
8,2026-10-09,7pm,Richwood,Clay-Battelle (Blacksville),0,WV,WV
8,2026-10-09,7pm,Wahama (Mason),Calhoun County,0,WV,WV
8,2026-10-09,7pm,Wheeling Central Catholic (Wheeling),Nitro,0,WV,WV
8,2026-10-09,7:30pm,Ballard,Trinity (Louisville),0,KY,KY
8,2026-10-09,7pm,Beechwood (Fort Mitchell),St Henry (Erlanger),0,KY,KY
8,2026-10-09,7pm,Bishop Brossart (Alexandria),Holy Cross (Covington),0,KY,KY
8,2026-10-09,7:30pm,Boyd County (Ashland),Ashland Blazer (Ashland),0,KY,KY
8,2026-10-09,7pm,Covington Catholic (Park Hills),Cathedral (Indianapolis),0,KY,IN
8,2026-10-09,7pm,DuPont Manual,St Xavier (Louisville),0,KY,KY
8,2026-10-09,7:30pm,East Carter,Fleming County,0,KY,KY
8,2026-10-09,,Jackson County,West Carter,0,KY,KY
8,2026-10-09,7pm,Newport (Newport),Newport Central Catholic,0,KY,KY
8,2026-10-09,,Phelps,Montcalm (Rock),0,KY,WV
8,2026-10-09,,Pike County Central,East Ridge,0,KY,KY
8,2026-10-09,7:30pm,Raceland (Raceland),Fairview (Ashland),0,KY,KY
8,2026-10-09,7:30pm,Rowan County,Johnson Central,0,KY,KY
8,2026-10-09,7:30pm,Shelby Valley (Pikeville),Betsy Lane,0,KY,KY
8,2026-10-09,7:30pm,Simon Kenton (Independence),Great Crossing (Georgetown),0,KY,KY
8,2026-10-09,7:30pm,Harlan County,Corbin (Corbin),0,KY,KY
8,2026-10-09,7pm,Adrian Lenawee Christian (Adrian),Camden-Frontier (Camden),0,MI,MI
8,2026-10-09,7pm,Brother Rice (Bloomfield Hills),Central Catholic (Toledo),0,MI,
8,2026-10-09,5pm,Detroit Southeastern,Detroit King (Detroit),0,MI,MI
8,2026-10-09,7pm,U of D Jesuit (Detroit),Dearborn Divine Child (Dearborn),0,MI,MI
8,2026-10-09,7pm,North Adams-Jerome (North Adams),Waldron (Waldron),0,MI,MI
8,2026-10-09,7pm,Ottawa Lake Whiteford (Ottawa Lake),Erie Mason (Erie),0,MI,MI
8,2026-10-09,7pm,Portage Central (Portage),Battle Creek Central,0,MI,MI
8,2026-10-09,7pm,Novi Detroit Catholic Central (Novi),Orchard Lake St Mary (Orchard Lake),0,MI,MI
8,2026-10-09,7pm,River Rouge (River Rouge),Saline,0,MI,MI
8,2026-10-09,7pm,Sand Creek (Sand Creek),Petersburg Summerfield (Petersburg),0,MI,MI
8,2026-10-09,7pm,Warren De La Salle (Warren),St John's Jesuit (Toledo),0,MI,
8,2026-10-09,7pm,Everett (Everett),Windber,0,PA,PA
8,2026-10-09,7pm,Penn Hills,Pine-Richland (Gibsonia),0,PA,PA
8,2026-10-09,7pm,Baldwin,Butler (Butler),0,PA,PA
8,2026-10-09,7pm,Mohawk (New Castle),Western Beaver (Industry),0,PA,PA
8,2026-10-09,7pm,Jeannette (Jeannette),Greensburg Central Catholic,0,PA,PA
8,2026-10-09,7pm,Farrell (Farrell),Sharpsville (Sharpsville),0,PA,PA
8,2026-10-09,3:30pm,Taylor Allderdice (Pittsburgh),Perry Traditional Academy (Pittsburgh),0,PA,PA
8,2026-10-09,7pm,Cathedral Prep (Erie),General McLane (Edinboro),0,PA,PA
8,2026-10-09,7:30pm,University Prep (USO co-op) (Pittsburgh),Carrick (Pittsburgh),0,PA,PA
8,2026-10-09,7pm,Erie (Erie),St Francis (Hamburg),0,PA,NY
8,2026-10-09,7:30pm,Brebeuf Jesuit Preparatory,Bloomington South (Bloomington),0,IN,IN
8,2026-10-09,7:30pm,Columbus North,East Central (St Leon),0,IN,IN
8,2026-10-09,7pm,Connersville,Lawrenceburg (Lawrenceburg),0,IN,IN
8,2026-10-09,7pm,Bishop Dwenger (Fort Wayne),Fort Wayne Snider,0,IN,IN
8,2026-10-09,7:30pm,Hamilton Heights (Arcadia),Twin Lakes,0,IN,IN
8,2026-10-09,7pm,Indianapolis Scecina Memorial (Indianapolis),Cardinal Ritter (Indianapolis),0,IN,IN
8,2026-10-09,7pm,Richmond (Richmond),Anderson,0,IN,IN
8,2026-10-09,7pm,Rushville Consolidated,South Dearborn (Aurora),0,IN,IN
8,2026-10-09,7pm,Southport (Indianapolis),Roger Bacon (St Bernard),0,IN,
8,2026-10-09,7pm,Terre Haute South Vigo,Bishop Chatard (Indianapolis),0,IN,IN
8,2026-10-09,8pm,Christ Presbyterian Academy (Nashville),Ensworth (Nashville),0,TN,TN
8,2026-10-09,,Loudoun Sports Academy (Leesburg),St Thomas More (Oakdale),0,VA,CT
8,2026-10-09,,Saint Frances Academy (Baltimore),The St James Academy (Springfield),0,MD,VA
8,2026-10-09,,Severn School (Severna Park),Our Lady of Mount Carmel (Essex),0,MD,MD
8,2026-10-09,7pm,Good Counsel (Wheaton),DeMatha Catholic (Hyattsville),0,MD,MD
8,2026-10-09,,Hewlett Sports Academy (Waldorf),Beacon Hill (club),0,MD,VA
8,2026-10-09,,Friendship Collegiate (Washington),Mt Zion Prep (Lanham),0,DC,MD
8,2026-10-09,6pm,Digital Pioneers Academy (Washington),KIPP DC College Prep (Washington),0,DC,DC
8,2026-10-09,,University Prep (Rochester),Christian Brothers Academy - Syracuse (Syracuse),0,NY,NY
8,2026-10-09,6pm,St Francis Prep (Fresh Meadows),Fordham Prep (Bronx),0,NY,NY
8,2026-10-09,7pm,St Peter's (Staten Island),Long Island St Anthony's (South Huntington),0,NY,NY
8,2026-10-09,7pm,Health Sciences (Buffalo),Steubenville (Steubenville),0,NY,
8,2026-10-09,6pm,Clayton (Clayton),Salem (Salem),0,NJ,NJ
8,2026-10-09,7pm,Cornerstone Christian (San Antonio),Massillon Washington (Massillon),0,TX,
8,2026-10-09,7pm,Football North (via Clarkson SS) (Mississauga),St Edward (Lakewood),0,ON,
8,2026-10-09,10pm,Pinecrest Academy of Nevada Sloan Canyon (Henderson),Bishop Gorman (Las Vegas),0,NV,NV
8,2026-10-09,7pm,West Orange (Winter Garden),Dr. Phillips (Orlando),0,FL,FL
8,2026-10-09,,IMG Academy (Bradenton),New Palestine,0,FL,IN
8,2026-10-09,7pm,Rabun Gap - Nacoochee (Rabun Gap),Charlotte Christian (Charlotte),0,GA,NC
8,2026-10-09,7pm,Cardinal Gibbons (Raleigh),Holly Springs (Holly Springs),0,NC,NC
8,2026-10-10,7pm,Bethel (Tipp City),Lehman Catholic (Sidney),0,,
8,2026-10-10,2pm,Brooklyn (Brooklyn),Trinity (Garfield Heights),0,,
8,2026-10-10,12pm,Ellet (Akron),Buchtel (Akron),0,,
8,2026-10-10,12pm,Firestone (Akron),Garfield (Akron),0,,
8,2026-10-10,1pm,Hilltop (West Unity),Montpelier (Montpelier),0,,
8,2026-10-10,1:30pm,Manchester (Manchester),Linsly (Wheeling),0,,WV
8,2026-10-10,7pm,Sebring McKinley (Sebring),St Joseph Central Catholic (Fremont),0,,
8,2026-10-10,7pm,New Miami (Hamilton),St Bernard-Elmwood Place (St Bernard),0,,
8,2026-10-10,7pm,Northridge (Johnstown),Newark Catholic (Newark),0,,
8,2026-10-10,7pm,Ponitz Tech (Dayton),Meadowdale (Dayton),0,,
8,2026-10-10,1pm,Shroder (Cincinnati),Cincinnati College Prep (Cincinnati),0,,
8,2026-10-10,6pm,Stryker (Stryker),Holgate (Holgate),0,,
8,2026-10-10,7pm,United (Hanoverton),Valley Christian School (Youngstown),0,,
8,2026-10-10,7pm,Wickliffe (Wickliffe),Fairport Harding (Fairport Harbor),0,,
8,2026-10-10,6pm,Windham (Windham),Chalker (Southington),0,,
8,2026-10-10,5pm,Landmark Eagles (club) (Cincinnati),Noblesville Lions (club) (Noblesville),0,,IN
8,2026-10-10,7pm,North Adams (club) (Seaman),Peebles (club) (Peebles),0,,
8,2026-10-10,5pm,C4 Lions (club) (Middletown),Columbus Crusaders (club) (Columbus),0,,
8,2026-10-10,7pm,Kennedy Catholic (Hermitage),St Mary Central Catholic (Sandusky),0,PA,
8,2026-10-10,,Wabash,Greenwood Christian,0,IN,IN
8,2026-10-10,,Kosciusko Thunder (club),Tri-State King's Crusaders (club) (Harlan),0,IN,IN
8,2026-10-10,2pm,Bishop McNamara (Forestville),Gonzaga (Washington),0,MD,DC
8,2026-10-10,4pm,Long Island Lutheran (Brookville),Riverdale Baptist (Upper Marlboro),0,NY,MD
8,2026-10-10,12pm,The Hun School (Princeton),Naval Academy Prep (Newport),0,NJ,RI
8,2026-10-10,2pm,Cardinal Ritter (St Louis),Lift for Life Academy (St Louis),0,MO,MO
8,2026-10-10,2pm,Huron Heights (Newmarket),Canisius (Buffalo),0,ON,NY
9,2026-10-15,6pm,Belmont (Dayton),Meadowdale (Dayton),0,,
9,2026-10-15,7pm,Sciotoville Community (Portsmouth),Green (Franklin Furnace),0,,
9,2026-10-15,6pm,Start (Toledo),Bowsher (Toledo),0,,
9,2026-10-15,6:30pm,Cincinnati College Prep (Cincinnati),Gamble Montessori (Cincinnati),0,,
9,2026-10-15,7pm,Fort Cherry,Jeannette (Jeannette),0,PA,PA
9,2026-10-15,7pm,Carrick (Pittsburgh),Brashear (Pittsburgh),0,PA,PA
9,2026-10-15,8pm,Christian Brothers,Cardinal Ritter (St Louis),0,MO,MO
9,2026-10-16,7pm,Ada (Ada),Riverdale (Mt Blanchard),0,,
9,2026-10-16,6:30pm,Aiken (Cincinnati),Taft (Cincinnati),0,,
9,2026-10-16,7pm,Alexander (Albany),Fairfield Union (Lancaster),0,,
9,2026-10-16,7pm,Alliance (Alliance),West Branch (Beloit),0,,
9,2026-10-16,7pm,Antwerp (Antwerp),Wayne Trace (Haviland),0,,
9,2026-10-16,7pm,Arcadia (Arcadia),McComb (McComb),0,,
9,2026-10-16,7pm,Arcanum (Arcanum),Ansonia (Ansonia),0,,
9,2026-10-16,7pm,Arlington (Arlington),Pandora-Gilboa (Pandora),0,,
9,2026-10-16,7pm,Ashland (Ashland),Wooster (Wooster),0,,
9,2026-10-16,7pm,Lakeside (Ashtabula),Chardon (Chardon),0,,
9,2026-10-16,7pm,Aurora (Aurora),Barberton (Barberton),0,,
9,2026-10-16,7pm,Avon (Avon),Avon Lake (Avon Lake),0,,
9,2026-10-16,7pm,Ayersville (Defiance),Tinora (Defiance),0,,
9,2026-10-16,7pm,Badin (Hamilton),Archbishop Alter (Kettering),0,,
9,2026-10-16,7pm,Batavia (Batavia),New Richmond (New Richmond),0,,
9,2026-10-16,7pm,Beavercreek (Beavercreek),Wayne (Huber Heights),0,,
9,2026-10-16,7pm,Bellbrook (Bellbrook),Oakwood (Dayton),0,,
9,2026-10-16,7pm,Beechcroft (Columbus),Centennial (Columbus),0,,
9,2026-10-16,7pm,Bellefontaine (Bellefontaine),Urbana (Urbana),0,,
9,2026-10-16,7pm,Benedictine (Cleveland),Villa Angela-St Joseph (Cleveland),0,,
9,2026-10-16,7pm,Berea-Midpark (Berea),Elyria (Elyria),0,,
9,2026-10-16,7pm,Bexley (Columbus),Franklin Heights (Columbus),0,,
9,2026-10-16,7pm,Big Walnut (Sunbury),Dublin Scioto (Dublin),0,,
9,2026-10-16,7pm,Bishop Rosecrans (Zanesville),Millersport (Millersport),0,,
9,2026-10-16,7pm,Bishop Watterson (Columbus),Walsh Jesuit (Cuyahoga Falls),0,,
9,2026-10-16,7pm,Black River (Sullivan),Wellington (Wellington),0,,
9,2026-10-16,7pm,Blanchester (Blanchester),Bethel-Tate (Bethel),0,,
9,2026-10-16,7pm,Bloom-Carroll (Carroll),Circleville (Circleville),0,,
9,2026-10-16,7pm,Bluffton (Bluffton),Fort Loramie (Fort Loramie),0,,
9,2026-10-16,7pm,Boardman (Youngstown),Austintown-Fitch (Austintown),0,,
9,2026-10-16,7pm,Bradford (Bradford),National Trail (New Paris),0,,
9,2026-10-16,7pm,Brecksville-Broadview Heights (Broadview Heights),Twinsburg (Twinsburg),0,,
9,2026-10-16,7pm,Briggs (Columbus),Marion-Franklin (Columbus),0,,
9,2026-10-16,7pm,Brookfield (Brookfield),Newton Falls (Newton Falls),0,,
9,2026-10-16,7pm,Brooklyn (Brooklyn),Wickliffe (Wickliffe),0,,
9,2026-10-16,7pm,Brookside (Sheffield),Western Reserve (Collins),0,,
9,2026-10-16,7pm,Bryan (Bryan),Archbold (Archbold),0,,
9,2026-10-16,7pm,Bucyrus (Bucyrus),Calvert (Tiffin),0,,
9,2026-10-16,7pm,Harrison Central (Cadiz),Edison (Richmond),0,,
9,2026-10-16,7pm,Cambridge (Cambridge),Beaver Local (East Liverpool),0,,
9,2026-10-16,7pm,Canal Winchester (Canal Winchester),Lancaster (Lancaster),0,,
9,2026-10-16,7pm,Cardinal (Middlefield),Pymatuning Valley (Andover),0,,
9,2026-10-16,7pm,Cardinal Mooney (Youngstown),St Vincent-St Mary (Akron),0,,
9,2026-10-16,7pm,Carey (Carey),Mohawk (Sycamore),0,,
9,2026-10-16,7pm,Archbishop Carroll (Dayton),Chaminade Julienne (Dayton),0,,
9,2026-10-16,7pm,Carrollton (Carrollton),Salem (Salem),0,,
9,2026-10-16,7pm,Cedarville (Cedarville),Catholic Central (Springfield),0,,
9,2026-10-16,7pm,Celina (Celina),Ottawa-Glandorf (Ottawa),0,,
9,2026-10-16,7pm,Centerburg (Centerburg),Danville (Danville),0,,
9,2026-10-16,7pm,Centerville (Centerville),Springboro (Springboro),0,,
9,2026-10-16,7pm,Canton Central Catholic (Canton),Triway (Wooster),0,,
9,2026-10-16,7pm,Toledo Christian (Toledo),Elmwood (Bloomdale),0,,
9,2026-10-16,7pm,Chagrin Falls (Chagrin Falls),Conneaut (Conneaut),0,,
9,2026-10-16,7pm,Champion (Warren),Liberty (Youngstown),0,,
9,2026-10-16,7pm,Chesapeake (Chesapeake),Rock Hill (Ironton),0,,
9,2026-10-16,7pm,Chillicothe (Chillicothe),Hillsboro (Hillsboro),0,,
9,2026-10-16,7pm,Chippewa (Doylestown),Smithville (Smithville),0,,
9,2026-10-16,7pm,Cincinnati Country Day (Cincinnati),North College Hill (Cincinnati),0,,
9,2026-10-16,7pm,Cincinnati Hills Christian Academy (Cincinnati),Roger Bacon (St Bernard),0,,
9,2026-10-16,7pm,Clay (Oregon),Whitmer (Toledo),0,,
9,2026-10-16,7pm,Clermont Northeastern (Batavia),Fayetteville (Fayetteville),0,,
9,2026-10-16,7pm,Cleveland Central Catholic (Cleveland),John F Kennedy (Warren),0,,
9,2026-10-16,7pm,Cleveland Heights (Cleveland Heights),Brunswick (Brunswick),0,,
9,2026-10-16,7pm,Clinton-Massie (Clarksville),Western Brown (Mount Orab),0,,
9,2026-10-16,7pm,Cloverleaf (Seville),Ravenna (Ravenna),0,,
9,2026-10-16,7pm,Coldwater (Coldwater),St Henry (St Henry),0,,
9,2026-10-16,7pm,Colonel Crawford (North Robinson),Seneca East (Attica),0,,
9,2026-10-16,7pm,Columbia (Columbia Station),Clearview (Lorain),0,,
9,2026-10-16,7pm,Tiffin Columbian (Tiffin),Clyde (Clyde),0,,
9,2026-10-16,7pm,Columbus Academy (Gahanna),Bishop Ready (Columbus),0,,
9,2026-10-16,7pm,Columbus Grove (Columbus Grove),Crestview (Convoy),0,,
9,2026-10-16,7pm,Coshocton (Coshocton),West Muskingum (Zanesville),0,,
9,2026-10-16,7pm,Coventry (Coventry Twp),St Thomas Aquinas (Louisville),0,,
9,2026-10-16,7pm,Crestline (Crestline),North Baltimore (North Baltimore),0,,
9,2026-10-16,7pm,Crestview (Ashland),Monroeville (Monroeville),0,,
9,2026-10-16,7pm,Cuyahoga Heights (Cuyahoga Heights),Beachwood (Beachwood),0,,
9,2026-10-16,7pm,Dawson-Bryant (Coal Grove),Fairland (Proctorville),0,,
9,2026-10-16,7pm,Dayton Christian (Miamisburg),Worthington Christian (Worthington),0,,
9,2026-10-16,7pm,Deer Park (Cincinnati),Indian Hill (Cincinnati),0,,
9,2026-10-16,7pm,Defiance (Defiance),Bath (Lima),0,,
9,2026-10-16,7pm,Delta (Delta),Evergreen (Metamora),0,,
9,2026-10-16,7pm,Dover (Dover),Mansfield Senior (Mansfield),0,,
9,2026-10-16,7pm,Dublin Coffman (Dublin),Upper Arlington (Upper Arlington),0,,
9,2026-10-16,7pm,East (Columbus),Ponitz Tech (Dayton),0,,
9,2026-10-16,7pm,Youngstown (Youngstown),Bedford (Bedford),0,,
9,2026-10-16,7pm,Dublin Jerome (Dublin),Olentangy (Lewis Center),0,,
9,2026-10-16,7pm,East Clinton (Sabina),Williamsburg (Williamsburg),0,,
9,2026-10-16,7pm,Eastern (Beaver),South Gallia (Crown City),0,,
9,2026-10-16,7pm,Eastern (Reedsville),Belpre (Belpre),0,,
9,2026-10-16,7pm,East Knox (Howard),Fredericktown (Fredericktown),0,,
9,2026-10-16,7pm,East Liverpool (East Liverpool),Weir (Weirton),0,,WV
9,2026-10-16,7pm,Eastmoor Academy (Columbus),Independence (Columbus),0,,
9,2026-10-16,7pm,East Palestine (East Palestine),Columbiana (Columbiana),0,,
9,2026-10-16,3:30pm,East Technical (Cleveland),John Marshall (Cleveland),0,,
9,2026-10-16,7pm,Eastwood (Pemberville),Lake (Millbury),0,,
9,2026-10-16,7pm,Eaton (Eaton),Waynesville (Waynesville),0,,
9,2026-10-16,7pm,Edgerton (Edgerton),Fairview (Sherwood),0,,
9,2026-10-16,7pm,Edgewood (Ashtabula),Perry (Perry),0,,
9,2026-10-16,7pm,Elgin (Marion),Perry (Lima),0,,
9,2026-10-16,7pm,Elyria Catholic (Elyria),Notre Dame-Cathedral Latin (Chardon),0,,
9,2026-10-16,7pm,Euclid (Euclid),Riverside (Painesville),0,,
9,2026-10-16,7pm,Fairborn (Fairborn),Stebbins (Riverside),0,,
9,2026-10-16,7pm,Fairfield Christian Academy (Lancaster),Berne Union (Sugar Grove),0,,
9,2026-10-16,7pm,Fairless (Brewster),Northwest (Canal Fulton),0,,
9,2026-10-16,7pm,Fairport Harding (Fairport Harbor),Independence (Independence),0,,
9,2026-10-16,7pm,Fairview (Fairview Park),Kirtland (Kirtland),0,,
9,2026-10-16,7pm,Federal Hocking (Stewart),Southern (Racine),0,,
9,2026-10-16,7pm,Bishop Fenwick (Franklin),Archbishop McNicholas (Cincinnati),0,,
9,2026-10-16,7pm,Findlay (Findlay),Sylvania Northview (Sylvania),0,,
9,2026-10-16,7pm,Firestone (Akron),East (Akron),0,,
9,2026-10-16,7pm,Fort Frye (Beverly),Warren (Vincent),0,,
9,2026-10-16,7pm,Franklin (Franklin),Edgewood (Trenton),0,,
9,2026-10-16,7pm,Fremont Ross (Fremont),Napoleon (Napoleon),0,,
9,2026-10-16,7pm,Frontier (New Matamoras),Shenandoah (Sarahsville),0,,
9,2026-10-16,7pm,Gallia Academy (Gallipolis),Ironton (Ironton),0,,
9,2026-10-16,7pm,Garaway (Sugarcreek),Claymont (Uhrichsville),0,,
9,2026-10-16,7pm,Garfield (Garrettsville),Crestview (Columbiana),0,,
9,2026-10-16,7pm,Geneva (Geneva),Hawken (Gates Mills),0,,
9,2026-10-16,7pm,Genoa Area (Genoa),Fostoria (Fostoria),0,,
9,2026-10-16,7pm,GlenOak (Canton),Louisville (Louisville),0,,
9,2026-10-16,3:30pm,Glenville (Cleveland),John Adams (Cleveland),0,,
9,2026-10-16,7pm,Graham Local (St Paris),Indian Lake (Lewistown),0,,
9,2026-10-16,7pm,Grand Valley (Orwell),Mathews (Vienna),0,,
9,2026-10-16,7pm,Grandview Heights (Columbus),Valley (Lucasville),0,,
9,2026-10-16,7pm,Granville (Granville),Licking Valley (Newark),0,,
9,2026-10-16,7pm,Greeneview (Jamestown),Greenon (Enon),0,,
9,2026-10-16,7pm,Greenville (Greenville),Xenia (Xenia),0,,
9,2026-10-16,7pm,Grove City (Grove City),Gahanna Lincoln (Gahanna),0,,
9,2026-10-16,7pm,Hamilton (Hamilton),Fairfield (Fairfield),0,,
9,2026-10-16,7pm,Marion Harding (Marion),Galion (Galion),0,,
9,2026-10-16,7pm,Harrison (Harrison),La Salle (Cincinnati),0,,
9,2026-10-16,7pm,Harvey (Painesville),West Geauga (Chesterland),0,,
9,2026-10-16,7pm,Delaware Hayes (Delaware),Westland (Galloway),0,,
9,2026-10-16,7pm,Highland (Marengo),Ontario (Ontario),0,,
9,2026-10-16,7pm,Hilliard Davidson (Hilliard),Olentangy Liberty (Powell),0,,
9,2026-10-16,7pm,Hilliard Darby (Hilliard),Thomas Worthington (Worthington),0,,
9,2026-10-16,7pm,Archbishop Hoban (Akron),Cathedral (Indianapolis),0,,IN
9,2026-10-16,7pm,Hopewell-Loudon (Bascom),Lucas (Lucas),0,,
9,2026-10-16,7pm,Hubbard (Hubbard),Girard (Girard),0,,
9,2026-10-16,6:30pm,Hughes (Cincinnati),Withrow (Cincinnati),0,,
9,2026-10-16,7pm,Huntington (Chillicothe),Westfall (Williamsport),0,,
9,2026-10-16,7:30pm,Indian Creek (Wintersville),St Clairsville (St Clairsville),0,,
9,2026-10-16,7pm,Jackson (Massillon),Canton McKinley (Canton),0,,
9,2026-10-16,7pm,Jefferson (Delphos),Allen East (Harrod),0,,
9,2026-10-16,7pm,Jefferson Area (Jefferson),Orange (Pepper Pike),0,,
9,2026-10-16,7:30pm,Jefferson Township (Dayton),Landmark Eagles (club) (Cincinnati),0,,
9,2026-10-16,7pm,John Glenn (New Concord),Philo (Duncan Falls),0,,
9,2026-10-16,3:30pm,John Hay (Cleveland),John F Kennedy (Cleveland),0,,
9,2026-10-16,7pm,Kenston (Chagrin Falls),Revere (Richfield),0,,
9,2026-10-16,7pm,Kenton (Kenton),St Marys Memorial (St Marys),0,,
9,2026-10-16,7pm,Kenton Ridge (Springfield),Jonathan Alder (Plain City),0,,
9,2026-10-16,7pm,Kettering Fairmont (Kettering),Springfield (Springfield),0,,
9,2026-10-16,7pm,Keystone (La Grange),Firelands (Oberlin),0,,
9,2026-10-16,7pm,River Valley (Bidwell),Athens (The Plains),0,,
9,2026-10-16,7pm,LaBrae (Leavittsburg),Southeast (Ravenna),0,,
9,2026-10-16,7pm,Lake (Uniontown),Hoover (North Canton),0,,
9,2026-10-16,7pm,Lake Catholic (Mentor),Holy Name (Parma Heights),0,,
9,2026-10-16,7pm,Lakewood (Hebron),Johnstown (Johnstown),0,,
9,2026-10-16,7pm,Lakota (Kansas),Woodmore (Elmore),0,,
9,2026-10-16,7pm,Lakota East (Liberty Township),Colerain (Cincinnati),0,,
9,2026-10-16,7pm,Lakota West (West Chester),Sycamore (Cincinnati),0,,
9,2026-10-16,7pm,Lehman Catholic (Sidney),Riverside (De Graff),0,,
9,2026-10-16,7pm,Liberty-Benton (Findlay),Springfield (Holland),0,,
9,2026-10-16,7pm,Liberty Center (Liberty Center),Wauseon (Wauseon),0,,
9,2026-10-16,7pm,Liberty Union (Baltimore),Amanda-Clearcreek (Amanda),0,,
9,2026-10-16,7pm,Lima Central Catholic (Lima),Spencerville (Spencerville),0,,
9,2026-10-16,7pm,Linden McKinley (Columbus),Northland (Columbus),0,,
9,2026-10-16,7pm,Little Miami (Morrow),Milford (Milford),0,,
9,2026-10-16,7pm,Logan (Logan),Groveport Madison (Groveport),0,,
9,2026-10-16,7pm,Logan Elm (Circleville),Hamilton Township (Columbus),0,,
9,2026-10-16,7pm,Lorain (Lorain),Mentor (Mentor),0,,
9,2026-10-16,7pm,Loudonville (Loudonville),Cardington-Lincoln (Cardington),0,,
9,2026-10-16,7pm,Loveland (Loveland),West Clermont (Cincinnati),0,,
9,2026-10-16,7pm,Lutheran East (Cleveland Heights),Brush (Lyndhurst),0,,
9,2026-10-16,7pm,Madison (Madison),Lutheran West (Rocky River),0,,
9,2026-10-16,7pm,Madison (Middletown),Carlisle (Carlisle),0,,
9,2026-10-16,7pm,Madison Comprehensive (Mansfield),Lexington (Lexington),0,,
9,2026-10-16,7pm,Madison-Plains (London),Southeastern Local (South Charleston),0,,
9,2026-10-16,7pm,Manchester (Manchester),New Miami (Hamilton),0,,
9,2026-10-16,4:30pm,Maple Heights (Maple Heights),Garfield Heights (Garfield Heights),0,,
9,2026-10-16,7pm,Mapleton (Ashland),St Paul (Norwalk),0,,
9,2026-10-16,7pm,Margaretta (Castalia),Gibsonburg (Gibsonburg),0,,
9,2026-10-16,7pm,Mariemont (Cincinnati),Finneytown (Cincinnati),0,,
9,2026-10-16,7pm,Mason (Mason),Middletown (Middletown),0,,
9,2026-10-16,7pm,Mayfield (Mayfield),Copley (Copley),0,,
9,2026-10-16,7pm,Maysville (Zanesville),River View (Warsaw),0,,
9,2026-10-16,7pm,McClain (Greenfield),Miami Trace (Washington Court House),0,,
9,2026-10-16,7pm,McDonald (McDonald),Springfield (New Middletown),0,,
9,2026-10-16,7pm,Sebring McKinley (Sebring),Holgate (Holgate),0,,
9,2026-10-16,7pm,Meadowbrook (Byesville),Crooksville (Crooksville),0,,
9,2026-10-16,7pm,Mechanicsburg (Mechanicsburg),Northeastern (South Vienna),0,,
9,2026-10-16,7pm,Medina (Medina),Nordonia (Macedonia),0,,
9,2026-10-16,7pm,Campbell Memorial (Campbell),Jackson-Milton (North Jackson),0,,
9,2026-10-16,7pm,Miami East (Casstown),Troy Christian (Troy),0,,
9,2026-10-16,7pm,Midview (Grafton),Olmsted Falls (Olmsted Falls),0,,
9,2026-10-16,7pm,Mifflin (Columbus),Whetstone (Columbus),0,,
9,2026-10-16,7pm,Milton-Union (West Milton),Covington (Covington),0,,
9,2026-10-16,7pm,Minerva (Minerva),Howland (Warren),0,,
9,2026-10-16,7pm,Minford (Minford),Wheelersburg (Wheelersburg),0,,
9,2026-10-16,7pm,Minster (Minster),Marion Local (Maria Stein),0,,
9,2026-10-16,7pm,Mississinawa Valley (Union City),Tri-County North (Lewisburg),0,,
9,2026-10-16,7pm,Mogadore (Mogadore),Marlington (Alliance),0,,
9,2026-10-16,7pm,Monroe (Monroe),Ross (Hamilton),0,,
9,2026-10-16,7pm,Monroe Central (Woodsfield),Cameron (Cameron),0,,WV
9,2026-10-16,7pm,Montpelier (Montpelier),North Central (Pioneer),0,,
9,2026-10-16,7pm,Morgan (McConnelsville),New Lexington (New Lexington),0,,
9,2026-10-16,7pm,Mount Gilead (Mount Gilead),Northmor (Galion),0,,
9,2026-10-16,7pm,Mount Vernon (Mount Vernon),Licking Heights (Pataskala),0,,
9,2026-10-16,7pm,Nelsonville-York (Nelsonville),Vinton County (McArthur),0,,
9,2026-10-16,7pm,Newark (Newark),Reynoldsburg (Reynoldsburg),0,,
9,2026-10-16,7pm,Newark Catholic (Newark),Heath (Heath),0,,
9,2026-10-16,7pm,New Bremen (New Bremen),Fort Recovery (Fort Recovery),0,,
9,2026-10-16,7pm,Newcomerstown (Newcomerstown),East Canton (East Canton),0,,
9,2026-10-16,7pm,New London (New London),South Central (Greenwich),0,,
9,2026-10-16,7pm,New Philadelphia (New Philadelphia),West Holmes (Millersburg),0,,
9,2026-10-16,7pm,Northmont (Clayton),Miamisburg (Miamisburg),0,,
9,2026-10-16,7pm,North Olmsted (North Olmsted),Normandy (Parma),0,,
9,2026-10-16,7pm,Northridge (Dayton),Bethel (Tipp City),0,,
9,2026-10-16,7pm,Northridge (Johnstown),Utica (Utica),0,,
9,2026-10-16,7pm,North Ridgeville (North Ridgeville),Amherst Steele (Amherst),0,,
9,2026-10-16,7pm,North Royalton (North Royalton),Solon (Solon),0,,
9,2026-10-16,7pm,North Union (Richwood),Shawnee (Springfield),0,,
9,2026-10-16,7pm,Norwalk (Norwalk),Sandusky (Sandusky),0,,
9,2026-10-16,7pm,Northwest (Cincinnati),KIPP Columbus (Columbus),0,,
9,2026-10-16,7pm,Northwestern (Springfield),Benjamin Logan (Bellefontaine),0,,
9,2026-10-16,7pm,Norwayne (Creston),Hillsdale (Jeromesville),0,,
9,2026-10-16,7pm,Oak Harbor (Oak Harbor),Maumee (Maumee),0,,
9,2026-10-16,7pm,Oak Hills (Cincinnati),Princeton (Cincinnati),0,,
9,2026-10-16,7pm,Olentangy Berlin (Delaware),Marysville (Marysville),0,,
9,2026-10-16,7pm,Orrville (Orrville),Manchester (New Franklin),0,,
9,2026-10-16,7pm,Olentangy Orange (Lewis Center),Hilliard Bradley (Hilliard),0,,
9,2026-10-16,7pm,Otsego (Tontogany),Rossford (Rossford),0,,
9,2026-10-16,7pm,Ottawa Hills (Toledo),Northwood (Northwood),0,,
9,2026-10-16,7pm,Padua Franciscan (Parma),Cuyahoga Valley Christian Academy (Cuyahoga Falls),0,,
9,2026-10-16,7pm,Paint Valley (Bainbridge),Unioto (Chillicothe),0,,
9,2026-10-16,7pm,Patrick Henry (Hamler),Swanton (Swanton),0,,
9,2026-10-16,7pm,Paulding (Paulding),Hicksville (Hicksville),0,,
9,2026-10-16,7pm,Perkins (Sandusky),Huron (Huron),0,,
9,2026-10-16,7pm,Perry (Massillon),Green (Uniontown),0,,
9,2026-10-16,7pm,Perrysburg (Perrysburg),Anthony Wayne (Whitehouse),0,,
9,2026-10-16,7pm,Pickerington Central (Pickerington),Teays Valley (Ashville),0,,
9,2026-10-16,7pm,Pickerington North (Pickerington),New Albany (New Albany),0,,
9,2026-10-16,7pm,Piketon (Piketon),Adena (Frankfort),0,,
9,2026-10-16,7pm,Piqua (Piqua),Butler (Vandalia),0,,
9,2026-10-16,7pm,Poland Seminary (Poland),Lakeview (Cortland),0,,
9,2026-10-16,7pm,Port Clinton (Port Clinton),Bellevue (Bellevue),0,,
9,2026-10-16,7pm,Portsmouth (Portsmouth),South Point (South Point),0,,
9,2026-10-16,7pm,Portsmouth West (West Portsmouth),Oak Hill (Oak Hill),0,,
9,2026-10-16,7pm,Preble Shawnee (Camden),Tri-Village (New Madison),0,,
9,2026-10-16,6:30pm,Purcell Marian (Cincinnati),Shroder (Cincinnati),0,,
9,2026-10-16,7pm,Reading (Reading),Wyoming (Cincinnati),0,,
9,2026-10-16,7pm,Rhodes (Cleveland),Gilmour Academy (Gates Mills),0,,
9,2026-10-16,7pm,Richmond Heights (Richmond Heights),Warrensville Heights (Warrensville Heights),0,,
9,2026-10-16,7pm,Ridgedale (Morral),Waynesfield-Goshen (Waynesfield),0,,
9,2026-10-16,7pm,Ridgemont (Mt Victory),Cory-Rawson (Rawson),0,,
9,2026-10-16,7pm,Rittman (Rittman),Northwestern (West Salem),0,,
9,2026-10-16,7pm,River (Hannibal),Caldwell (Caldwell),0,,
9,2026-10-16,7pm,River Valley (Caledonia),Clear Fork (Bellville),0,,
9,2026-10-16,7pm,Rocky River (Rocky River),Buckeye (Medina),0,,
9,2026-10-16,6pm,Rogers (Toledo),Scott (Toledo),0,,
9,2026-10-16,7pm,Kent Roosevelt (Kent),Cuyahoga Falls (Cuyahoga Falls),0,,
9,2026-10-16,7pm,Rootstown (Rootstown),Crestwood (Mantua),0,,
9,2026-10-16,7pm,St Francis DeSales (Columbus),Steubenville (Steubenville),0,,
9,2026-10-16,6pm,St Ignatius (Cleveland),St Xavier (Cincinnati),0,,
9,2026-10-16,7pm,St John's (Delphos),Anna (Anna),0,,
9,2026-10-16,7pm,St John School (Ashtabula),Leetonia (Leetonia),0,,
9,2026-10-16,7pm,St John's Jesuit (Toledo),Brother Rice (Bloomfield Hills),0,,MI
9,2026-10-16,7pm,Sandy Valley (Magnolia),Indian Valley (Gnadenhutten),0,,
9,2026-10-16,7pm,Shadyside (Shadyside),Bridgeport (Bridgeport),0,,
9,2026-10-16,7pm,Shaw (East Cleveland),Ursuline (Youngstown),0,,
9,2026-10-16,7pm,Shawnee (Lima),Van Wert (Van Wert),0,,
9,2026-10-16,7pm,Shelby (Shelby),Pleasant (Marion),0,,
9,2026-10-16,7pm,Sheridan (Thornville),Tri-Valley (Dresden),0,,
9,2026-10-16,7pm,Sidney (Sidney),West Carrollton (West Carrollton),0,,
9,2026-10-16,7pm,South (Willoughby),North (Eastlake),0,,
9,2026-10-16,7pm,Southeastern (Chillicothe),Zane Trace (Chillicothe),0,,
9,2026-10-16,7pm,South Range (Canfield),Canfield (Canfield),0,,
9,2026-10-16,7pm,Springfield (Akron),Norton (Norton),0,,
9,2026-10-16,7pm,Stow-Munroe Falls (Stow),Hudson (Hudson),0,,
9,2026-10-16,7pm,Strasburg-Franklin (Strasburg),Malvern (Malvern),0,,
9,2026-10-16,7pm,Strongsville (Strongsville),Shaker Heights (Shaker Heights),0,,
9,2026-10-16,7pm,Struthers (Struthers),Niles McKinley (Niles),0,,
9,2026-10-16,7pm,Sylvania Southview (Sylvania),Bowling Green (Bowling Green),0,,
9,2026-10-16,7pm,Symmes Valley (Willow Wood),Notre Dame (Portsmouth),0,,
9,2026-10-16,7pm,Talawanda (Oxford),Mount Healthy (Cincinnati),0,,
9,2026-10-16,7pm,Tallmadge (Tallmadge),Field (Mogadore),0,,
9,2026-10-16,7pm,Taylor (Cleves),Madeira (Cincinnati),0,,
9,2026-10-16,7pm,Tecumseh (New Carlisle),London (London),0,,
9,2026-10-16,7pm,Tippecanoe (Tipp City),Troy (Troy),0,,
9,2026-10-16,7pm,Toronto (Toronto),Buckeye Local (Rayland),0,,
9,2026-10-16,7pm,Triad (North Lewisburg),Fairbanks (Milford Center),0,,
9,2026-10-16,7pm,Trinity (Garfield Heights),Berkshire (Burton),0,,
9,2026-10-16,7pm,Turpin (Cincinnati),Kings (Kings Mills),0,,
9,2026-10-16,7pm,Tuscarawas Valley (Zoarville),Ridgewood (West Lafayette),0,,
9,2026-10-16,7pm,Tuslaw (Massillon),Canton South (Canton),0,,
9,2026-10-16,7pm,Twin Valley South (West Alexandria),Dixie (New Lebanon),0,,
9,2026-10-16,7pm,University School (Hunting Valley),St Charles (Columbus),0,,
9,2026-10-16,7pm,Upper Sandusky (Upper Sandusky),Buckeye Central (New Washington),0,,
9,2026-10-16,7pm,Upper Scioto Valley (McGuffey),Hardin Northern (Dola),0,,
9,2026-10-16,7pm,Valley Forge (Parma Heights),Lakewood (Lakewood),0,,
9,2026-10-16,7pm,Valley View (Germantown),Brookville (Brookville),0,,
9,2026-10-16,7pm,Van Buren (Van Buren),Leipsic (Leipsic),0,,
9,2026-10-16,7pm,Vermilion (Vermilion),Edison (Milan),0,,
9,2026-10-16,7pm,Versailles (Versailles),Parkway (Rockford),0,,
9,2026-10-16,7pm,Wadsworth (Wadsworth),Highland (Medina),0,,
9,2026-10-16,7pm,Waite (Toledo),Lima Senior (Lima),0,,
9,2026-10-16,7pm,Walnut Hills (Cincinnati),Lebanon (Lebanon),0,,
9,2026-10-16,7pm,Walnut Ridge (Columbus),Africentric Early College (Columbus),0,,
9,2026-10-16,7pm,Wapakoneta (Wapakoneta),Elida (Elida),0,,
9,2026-10-16,7pm,Massillon Washington (Massillon),Warren G Harding (Warren),0,,
9,2026-10-16,7pm,Washington (Washington Court House),Jackson (Jackson),0,,
9,2026-10-16,7pm,Waterford (Waterford),Trimble (Glouster),0,,
9,2026-10-16,7pm,Waterloo (Atwater),Lowellville (Lowellville),0,,
9,2026-10-16,7pm,Waverly (Waverly),Northwest (McDermott),0,,
9,2026-10-16,7pm,Waynedale (Apple Creek),Dalton (Dalton),0,,
9,2026-10-16,7pm,Wellston (Wellston),Meigs (Pomeroy),0,,
9,2026-10-16,7pm,Wellsville (Wellsville),United (Hanoverton),0,,
9,2026-10-16,7pm,West (Columbus),South (Columbus),0,,
9,2026-10-16,7pm,Western Reserve (Berlin Center),Mineral Ridge (Mineral Ridge),0,,
9,2026-10-16,7pm,Westerville Central (Westerville),Central Crossing (Grove City),0,,
9,2026-10-16,7pm,Westerville North (Westerville),Worthington Kilbourne (Columbus),0,,
9,2026-10-16,7pm,Westerville South (Westerville),Harvest Prep (Canal Winchester),0,,
9,2026-10-16,7pm,West Jefferson (West Jefferson),West Liberty-Salem (West Liberty),0,,
9,2026-10-16,7pm,Westlake (Westlake),Bay (Bay Village),0,,
9,2026-10-16,7pm,Whitehall-Yearling (Whitehall),Buckeye Valley (Delaware),0,,
9,2026-10-16,7pm,Wilmington (Wilmington),Goshen (Goshen),0,,
9,2026-10-16,7pm,Winton Woods (Cincinnati),Anderson (Cincinnati),0,,
9,2026-10-16,7pm,Woodridge (Peninsula),Streetsboro (Streetsboro),0,,
9,2026-10-16,6:30pm,Woodward (Cincinnati),Western Hills (Cincinnati),0,,
9,2026-10-16,7pm,Woodward (Toledo),Martins Ferry (Martins Ferry),0,,
9,2026-10-16,7pm,Wynford (Bucyrus),Willard (Willard),0,,
9,2026-10-16,7pm,Zanesville (Zanesville),Watkins Memorial (Pataskala),0,,
9,2026-10-16,7pm,Valley Christian School (Youngstown),Southern (Salineville),0,,
9,2026-10-16,7pm,Stivers (Dayton),Vanlue (Vanlue),0,,
9,2026-10-16,7pm,Calhoun County,Valley (Wetzel) (Pine Grove),0,WV,WV
9,2026-10-16,7pm,Clay-Battelle (Blacksville),Tygarts Valley,0,WV,WV
9,2026-10-16,7pm,Jefferson,Wheeling Park (Wheeling),0,WV,WV
9,2026-10-16,7pm,John Marshall (Glen Dale),Brooke (Wellsburg),0,WV,WV
9,2026-10-16,7pm,Madonna (Weirton),Lisbon David Anderson (Lisbon),0,WV,
9,2026-10-16,7pm,Point Pleasant (Point Pleasant),Marietta (Marietta),0,WV,
9,2026-10-16,7pm,St Marys (St Marys),Magnolia (New Martinsville),0,WV,WV
9,2026-10-16,7pm,South Harrison (Lost Creek),Williamstown (Williamstown),0,WV,WV
9,2026-10-16,,Tolsia,Phelps,0,WV,KY
9,2026-10-16,7pm,Tyler Consolidated,Oak Glen (New Cumberland),0,WV,WV
9,2026-10-16,7pm,Wheeling Central Catholic (Wheeling),Barnesville (Barnesville),0,WV,
9,2026-10-16,7:30pm,Expression Prep Academy (Huntington),Van (Van),0,WV,WV
9,2026-10-16,7:30pm,Bath County,Russell (Russell),0,KY,KY
9,2026-10-16,7:30pm,Betsy Lane,Belfry (Belfry),0,KY,KY
9,2026-10-16,7pm,Boone County,Dixie Heights (Edgewood),0,KY,KY
9,2026-10-16,7:30pm,Corbin (Corbin),Whitley County,0,KY,KY
9,2026-10-16,7:30pm,Covington Catholic (Park Hills),Harrison County (Cynthiana),0,KY,KY
9,2026-10-16,7:30pm,Gallatin County,Beechwood (Fort Mitchell),0,KY,KY
9,2026-10-16,7:30pm,Greenup County (Greenup),Johnson Central,0,KY,KY
9,2026-10-16,7pm,Holy Cross (Covington),Trimble County,0,KY,KY
9,2026-10-16,7:30pm,Lewis County (Vanceburg),East Carter,0,KY,KY
9,2026-10-16,7pm,Mason County,Highlands (Fort Thomas),0,KY,KY
9,2026-10-16,7:30pm,Newport Central Catholic,Dayton (Dayton),0,KY,KY
9,2026-10-16,,Pike County Central,Magoffin County,0,KY,KY
9,2026-10-16,7:30pm,Pikeville (Pikeville),Paintsville (Paintsville),0,KY,KY
9,2026-10-16,7:30pm,Raceland (Raceland),Paris,0,KY,KY
9,2026-10-16,7:30pm,Rowan County,Boyd County (Ashland),0,KY,KY
9,2026-10-16,7pm,Simon Kenton (Independence),Campbell County (Alexandria),0,KY,KY
9,2026-10-16,7pm,Somerset (Somerset),Monroe County,0,KY,KY
9,2026-10-16,7:30pm,St Xavier (Louisville),North Hardin (Radcliff),0,KY,KY
9,2026-10-16,7:30pm,Trinity (Louisville),Eastern (Louisville),0,KY,KY
9,2026-10-16,7:30pm,East Ridge,Shelby Valley (Pikeville),0,KY,KY
9,2026-10-16,7pm,Adrian Lenawee Christian (Adrian),Concord (Concord),0,MI,MI
9,2026-10-16,7pm,Camden-Frontier (Camden),North Adams-Jerome (North Adams),0,MI,MI
9,2026-10-16,7pm,DeWitt (DeWitt),Grand Ledge,0,MI,MI
9,2026-10-16,7pm,Grand Rapids Forest Hills Northern,Muskegon Mona Shores (Muskegon),0,MI,MI
9,2026-10-16,7pm,Lumen Christi (Jackson),Detroit Country Day,0,MI,MI
9,2026-10-16,7pm,Mattawan,Portage Central (Portage),0,MI,MI
9,2026-10-16,7pm,Orchard Lake St Mary (Orchard Lake),Central Catholic (Toledo),0,MI,
9,2026-10-16,7pm,Petersburg Summerfield (Petersburg),Ottawa Lake Whiteford (Ottawa Lake),0,MI,MI
9,2026-10-16,7pm,Pittsford,Waldron (Waldron),0,MI,MI
9,2026-10-16,7pm,Novi Detroit Catholic Central (Novi),St Francis de Sales (Toledo),0,MI,
9,2026-10-16,7pm,Saline,Bedford (Temperance),0,MI,MI
9,2026-10-16,7pm,Sand Creek (Sand Creek),Erie Mason (Erie),0,MI,MI
9,2026-10-16,7pm,Tussey Mountain,Everett (Everett),0,PA,PA
9,2026-10-16,7pm,Butler (Butler),Karns City,0,PA,PA
9,2026-10-16,7pm,Freedom,Western Beaver (Industry),0,PA,PA
9,2026-10-16,3:30pm,Perry Traditional Academy (Pittsburgh),University Prep (USO co-op) (Pittsburgh),0,PA,PA
9,2026-10-16,7:30pm,Westinghouse (Pittsburgh),Taylor Allderdice (Pittsburgh),0,PA,PA
9,2026-10-16,7pm,Warren,Cathedral Prep (Erie),0,PA,PA
9,2026-10-16,7pm,Greenville,Farrell (Farrell),0,PA,PA
9,2026-10-16,7pm,Erie (Erie),Jamestown (Jamestown),0,PA,NY
9,2026-10-16,7pm,Armstrong (Kittaning),Pine-Richland (Gibsonia),0,PA,PA
9,2026-10-16,7pm,Bloomington South (Bloomington),Center Grove (Greenwood),0,IN,IN
9,2026-10-16,7pm,Brebeuf Jesuit Preparatory,Cardinal Ritter (Indianapolis),1,IN,IN
9,2026-10-16,7pm,Bishop Dwenger (Fort Wayne),Fort Wayne South Side,0,IN,IN
9,2026-10-16,7pm,Blackhawk Christian (Fort Wayne),Bluffton (Bluffton),0,IN,IN
9,2026-10-16,5:30pm,Indiana School for the Deaf,Waldron,0,IN,IN
9,2026-10-16,7pm,Bishop Chatard (Indianapolis),Elder (Cincinnati),0,IN,
9,2026-10-16,7pm,Kokomo,Richmond (Richmond),0,IN,IN
9,2026-10-16,7pm,Lawrenceburg (Lawrenceburg),South Dearborn (Aurora),0,IN,IN
9,2026-10-16,7pm,Pendleton Heights,Southport (Indianapolis),0,IN,IN
9,2026-10-16,7:30pm,Roncalli (Indianapolis),East Central (St Leon),0,IN,IN
9,2026-10-16,7pm,West Lafayette,Hamilton Heights (Arcadia),0,IN,IN
9,2026-10-16,7pm,Knoxville Catholic,McCallie,0,TN,TN
9,2026-10-16,,LaVergne,Oakland (Murfreesboro),0,TN,TN
9,2026-10-16,8pm,Tipton-Rosemark Academy,Middle Tennessee Christian School (Murfreesboro),0,TN,TN
9,2026-10-16,,Tri-Cities Christian Academy (Kingsport),King's Academy,0,TN,TN
9,2026-10-16,,Loudoun Sports Academy (Leesburg),Mt Zion Prep (Lanham),0,VA,MD
9,2026-10-16,6pm,Riverdale Baptist (Upper Marlboro),KIPP DC Legacy College Prep (Washington),0,MD,DC
9,2026-10-16,,Our Lady of Mount Carmel (Essex),Boys' Latin School (Baltimore),0,MD,MD
9,2026-10-16,7pm,St John's College (Washington),Good Counsel (Wheaton),0,DC,MD
9,2026-10-16,7pm,St Francis (Hamburg),McDowell (Erie),0,NY,PA
9,2026-10-16,7pm,Hutchinson Central Technical (Buffalo),Health Sciences (Buffalo),0,NY,NY
9,2026-10-16,6pm,Salem (Salem),Burlington City (Burlington),0,NJ,NJ
9,2026-10-16,,Cornerstone Christian (San Antonio),Evangel Christian Academy,0,TX,LA
9,2026-10-16,,Legacy Sport Sciences (Spring),Baylor (Chattanooga),0,TX,TN
9,2026-10-16,7pm,St Andrew's College (Aurora),Bishop Timon - St Jude (Buffalo),0,ON,NY
9,2026-10-16,7pm,Huron Heights (Newmarket),River Rouge (River Rouge),0,ON,MI
9,2026-10-16,7pm,MU Sports Academy (Delson),The St James Academy (Springfield),0,QB,VA
9,2026-10-16,10pm,Sports Leadership and Management Academy (Henderson),Bishop Gorman (Las Vegas),0,NV,NV
9,2026-10-16,,First Academy (Orlando),Hewlett Sports Academy (Waldorf),0,FL,MD
9,2026-10-16,7pm,South Lake (Groveland),West Orange (Winter Garden),0,FL,FL
9,2026-10-16,7pm,Rabun Gap - Nacoochee (Rabun Gap),Christ School (Arden),0,GA,NC
9,2026-10-16,7pm,Middle Creek (Apex),Cardinal Gibbons (Raleigh),0,NC,NC
9,2026-10-16,,NFL Academy (Loughborough),IMG Academy (Bradenton),0,UK,FL
9,2026-10-17,7pm,Buckeye Trail (Lore City),Tuscarawas Central Catholic (New Philadelphia),0,,
9,2026-10-17,6pm,Chalker (Southington),St Mary Central Catholic (Sandusky),0,,
9,2026-10-17,12pm,Thurgood Marshall (Dayton),Dunbar (Dayton),0,,
9,2026-10-17,7pm,Conotton Valley (Bowerston),Catholic Central (Steubenville),0,,
9,2026-10-17,5pm,Edon (Edon),Hilltop (West Unity),0,,
9,2026-10-17,12pm,Ellet (Akron),North (Akron),0,,
9,2026-10-17,7pm,Grove City Christian (Grove City),Fisher Catholic (Lancaster),0,,
9,2026-10-17,12pm,Garfield (Akron),Buchtel (Akron),0,,
9,2026-10-17,7pm,Miami Valley Christian Academy (Cincinnati),St Bernard-Elmwood Place (St Bernard),0,,
9,2026-10-17,1pm,Norwood (Norwood),Clark Montessori (Cincinnati),0,,
9,2026-10-17,1pm,Plymouth (Plymouth),Stryker (Stryker),0,,
9,2026-10-17,3pm,St Edward (Lakewood),Archbishop Moeller (Cincinnati),0,,
9,2026-10-17,6pm,St Joseph Central Catholic (Fremont),Danbury (Lakeside),0,,
9,2026-10-17,1:30pm,Summit Country Day (Cincinnati),Miller (Corning),0,,
9,2026-10-17,12pm,Union Local (Belmont),Bellaire (Bellaire),0,,
9,2026-10-17,,Windham (Windham),Kennedy Catholic (Hermitage),0,,PA
9,2026-10-17,6pm,Peebles (club) (Peebles),West Union (club) (West Union),0,,
9,2026-10-17,4pm,Independence (Coal City),Linsly (Wheeling),0,WV,WV
9,2026-10-17,1pm,Dearborn Divine Child (Dearborn),Warren De La Salle (Warren),0,MI,MI
9,2026-10-17,3pm,Calumet Christian (Griffith),Columbus Crusaders (club) (Columbus),0,IN,
9,2026-10-17,,Greenwood Christian,Tri-State King's Crusaders (club) (Harlan),0,IN,IN
9,2026-10-17,,Kosciusko Thunder (club),Union (Dugger),0,IN,IN
9,2026-10-17,2pm,Saint Frances Academy (Baltimore),The Hun School (Princeton),0,MD,NJ
9,2026-10-17,2pm,Christian Brothers Academy - Syracuse (Syracuse),Canisius (Buffalo),0,NY,NY
9,2026-10-17,2pm,University Prep (Rochester),St Joseph's Collegiate (Buffalo),0,NY,NY
9,2026-10-17,2pm,Port Richmond (Staten Island),Eagle Academy for Young Men II (Brooklyn),0,NY,NY
9,2026-10-17,3:30pm,Crossroads (Illinois) Crusaders (club) (Big Rock),Noblesville Lions (club) (Noblesville),0,IL,IN
10,2026-10-21,6pm,Belmont (Dayton),Ponitz Tech (Dayton),0,,
10,2026-10-22,6pm,Bowsher (Toledo),Rogers (Toledo),0,,
10,2026-10-22,7pm,John F Kennedy (Cleveland),John F Kennedy (Warren),0,,
10,2026-10-22,6pm,Meadowdale (Dayton),Dunbar (Dayton),0,,
10,2026-10-22,7pm,St Thomas Aquinas (Louisville),Canton Central Catholic (Canton),0,,
10,2026-10-22,7pm,Spencerville (Spencerville),Jefferson (Delphos),0,,
10,2026-10-22,6:30pm,Woodward (Cincinnati),Aiken (Cincinnati),0,,
10,2026-10-22,6pm,Woodward (Toledo),Start (Toledo),0,,
10,2026-10-23,7pm,Ada (Ada),Pandora-Gilboa (Pandora),0,,
10,2026-10-23,7pm,Amanda-Clearcreek (Amanda),Bloom-Carroll (Carroll),0,,
10,2026-10-23,7pm,Anderson (Cincinnati),Loveland (Loveland),0,,
10,2026-10-23,7pm,Anna (Anna),Versailles (Versailles),0,,
10,2026-10-23,7pm,Ansonia (Ansonia),Mississinawa Valley (Union City),0,,
10,2026-10-23,7pm,Antwerp (Antwerp),Ayersville (Defiance),0,,
10,2026-10-23,7pm,Arcadia (Arcadia),Arlington (Arlington),0,,
10,2026-10-23,7pm,Archbold (Archbold),Liberty Center (Liberty Center),0,,
10,2026-10-23,7pm,Lakeside (Ashtabula),Madison (Madison),0,,
10,2026-10-23,7pm,Athens (The Plains),Nelsonville-York (Nelsonville),0,,
10,2026-10-23,7pm,Avon Lake (Avon Lake),Berea-Midpark (Berea),0,,
10,2026-10-23,7pm,Barberton (Barberton),Kenston (Chagrin Falls),0,,
10,2026-10-23,7pm,Batavia (Batavia),Clinton-Massie (Clarksville),0,,
10,2026-10-23,7pm,Bath (Lima),Wapakoneta (Wapakoneta),0,,
10,2026-10-23,7pm,Bay (Bay Village),Rocky River (Rocky River),0,,
10,2026-10-23,7pm,Beaver Local (East Liverpool),Lakeview (Cortland),0,,
10,2026-10-23,7pm,Beavercreek (Beavercreek),Kettering Fairmont (Kettering),0,,
10,2026-10-23,7pm,Bedford (Bedford),Warrensville Heights (Warrensville Heights),0,,
10,2026-10-23,7pm,Bellaire (Bellaire),Martins Ferry (Martins Ferry),0,,
10,2026-10-23,7pm,Beechcroft (Columbus),Northland (Columbus),0,,
10,2026-10-23,7pm,Bellevue (Bellevue),Vermilion (Vermilion),0,,
10,2026-10-23,7pm,Belpre (Belpre),Waterford (Waterford),0,,
10,2026-10-23,7pm,Benedictine (Cleveland),St Vincent-St Mary (Akron),0,,
10,2026-10-23,7pm,Benjamin Logan (Bellefontaine),Shawnee (Springfield),0,,
10,2026-10-23,7pm,Berkshire (Burton),Kirtland (Kirtland),0,,
10,2026-10-23,7pm,Berne Union (Sugar Grove),Bishop Rosecrans (Zanesville),0,,
10,2026-10-23,7pm,Bethel (Tipp City),Milton-Union (West Milton),0,,
10,2026-10-23,7pm,Bethel-Tate (Bethel),Williamsburg (Williamsburg),0,,
10,2026-10-23,7pm,Bexley (Columbus),Buckeye Valley (Delaware),0,,
10,2026-10-23,7pm,Bishop Hartley (Columbus),St Francis DeSales (Columbus),0,,
10,2026-10-23,7pm,Bishop Ready (Columbus),Franklin Heights (Columbus),0,,
10,2026-10-23,7pm,Black River (Sullivan),South Central (Greenwich),0,,
10,2026-10-23,7pm,Blanchester (Blanchester),Talawanda (Oxford),0,,
10,2026-10-23,7pm,Boardman (Youngstown),Canfield (Canfield),0,,
10,2026-10-23,7pm,Bridgeport (Bridgeport),Clay-Battelle (Blacksville),0,,WV
10,2026-10-23,7pm,Briggs (Columbus),West (Columbus),0,,
10,2026-10-23,7pm,Brunswick (Brunswick),Strongsville (Strongsville),0,,
10,2026-10-23,7pm,Brush (Lyndhurst),Mogadore (Mogadore),0,,
10,2026-10-23,7pm,Bryan (Bryan),Delta (Delta),0,,
10,2026-10-23,7pm,Buckeye (Medina),Westlake (Westlake),0,,
10,2026-10-23,7pm,Buckeye Central (New Washington),Hopewell-Loudon (Bascom),0,,
10,2026-10-23,7pm,Buckeye Local (Rayland),Harrison Central (Cadiz),0,,
10,2026-10-23,7pm,Butler (Vandalia),Fairborn (Fairborn),0,,
10,2026-10-23,7pm,Caldwell (Caldwell),Shenandoah (Sarahsville),0,,
10,2026-10-23,7pm,Calvert (Tiffin),Mohawk (Sycamore),0,,
10,2026-10-23,7pm,Cardinal (Middlefield),St John School (Ashtabula),0,,
10,2026-10-23,7pm,Cardington-Lincoln (Cardington),Mount Gilead (Mount Gilead),0,,
10,2026-10-23,7pm,Carlisle (Carlisle),Eaton (Eaton),0,,
10,2026-10-23,7pm,Catholic Central (Springfield),Greeneview (Jamestown),0,,
10,2026-10-23,7pm,Celina (Celina),Defiance (Defiance),0,,
10,2026-10-23,7pm,Central Catholic (Toledo),Warren De La Salle (Warren),0,,MI
10,2026-10-23,7pm,Central Crossing (Grove City),Grove City (Grove City),0,,
10,2026-10-23,7pm,Twinsburg (Twinsburg),Mayfield (Mayfield),0,,
10,2026-10-23,7pm,Chaminade Julienne (Dayton),Archbishop Alter (Kettering),0,,
10,2026-10-23,7pm,Champion (Warren),Newton Falls (Newton Falls),0,,
10,2026-10-23,7pm,Chesapeake (Chesapeake),Fairland (Proctorville),0,,
10,2026-10-23,7pm,Clearview (Lorain),Keystone (La Grange),0,,
10,2026-10-23,7pm,Clermont Northeastern (Batavia),East Clinton (Sabina),0,,
10,2026-10-23,7pm,Clyde (Clyde),Norwalk (Norwalk),0,,
10,2026-10-23,7pm,Colerain (Cincinnati),Mason (Mason),0,,
10,2026-10-23,7pm,Colonel Crawford (North Robinson),Bucyrus (Bucyrus),0,,
10,2026-10-23,7pm,Tiffin Columbian (Tiffin),Perkins (Sandusky),0,,
10,2026-10-23,7pm,Columbus Academy (Gahanna),Whitehall-Yearling (Whitehall),0,,
10,2026-10-23,7pm,Columbus Grove (Columbus Grove),Bluffton (Bluffton),0,,
10,2026-10-23,7pm,Copley (Copley),Aurora (Aurora),0,,
10,2026-10-23,7am,Cory-Rawson (Rawson),Toledo Christian (Toledo),0,,
10,2026-10-23,7pm,Covington (Covington),Lehman Catholic (Sidney),0,,
10,2026-10-23,7pm,Crestview (Columbiana),LaBrae (Leavittsburg),0,,
10,2026-10-23,7pm,Crestview (Convoy),Lima Central Catholic (Lima),0,,
10,2026-10-23,7:30pm,Crestwood (Mantua),Chagrin Falls (Chagrin Falls),0,,
10,2026-10-23,7pm,Crooksville (Crooksville),Morgan (McConnelsville),0,,
10,2026-10-23,7pm,Cuyahoga Falls (Cuyahoga Falls),Woodridge (Peninsula),0,,
10,2026-10-23,7pm,Cuyahoga Heights (Cuyahoga Heights),Fairport Harding (Fairport Harbor),0,,
10,2026-10-23,7pm,Cuyahoga Valley Christian Academy (Cuyahoga Falls),Elyria Catholic (Elyria),0,,
10,2026-10-23,7pm,Danville (Danville),East Knox (Howard),0,,
10,2026-10-23,7pm,Lisbon David Anderson (Lisbon),Columbiana (Columbiana),0,,
10,2026-10-23,7pm,Dayton Christian (Miamisburg),Thurgood Marshall (Dayton),0,,
10,2026-10-23,7pm,Dixie (New Lebanon),Bradford (Bradford),0,,
10,2026-10-23,7pm,Dover (Dover),New Philadelphia (New Philadelphia),0,,
10,2026-10-23,7pm,Dublin Scioto (Dublin),Westerville North (Westerville),0,,
10,2026-10-23,7pm,East (Columbus),Linden McKinley (Columbus),0,,
10,2026-10-23,7pm,Sciotoville Community (Portsmouth),Notre Dame (Portsmouth),0,,
10,2026-10-23,7pm,East Canton (East Canton),Malvern (Malvern),0,,
10,2026-10-23,7pm,Eastmoor Academy (Columbus),Africentric Early College (Columbus),0,,
10,2026-10-23,7pm,Edgewood (Trenton),Monroe (Monroe),0,,
10,2026-10-23,7pm,Edison (Milan),Huron (Huron),0,,
10,2026-10-23,7pm,Edison (Richmond),Indian Creek (Wintersville),0,,
10,2026-10-23,7pm,Edon (Edon),Montpelier (Montpelier),0,,
10,2026-10-23,7pm,Elmwood (Bloomdale),Riverdale (Mt Blanchard),0,,
10,2026-10-23,7pm,Elyria (Elyria),Avon (Avon),0,,
10,2026-10-23,7pm,Evergreen (Metamora),Patrick Henry (Hamler),0,,
10,2026-10-23,7pm,Fairbanks (Milford Center),West Jefferson (West Jefferson),0,,
10,2026-10-23,7pm,Fairfield (Fairfield),Princeton (Cincinnati),0,,
10,2026-10-23,7pm,Fairless (Brewster),Tuslaw (Massillon),0,,
10,2026-10-23,7pm,Fairview (Fairview Park),Rootstown (Rootstown),0,,
10,2026-10-23,7pm,Fayetteville (Fayetteville),River Valley (Bidwell),0,,
10,2026-10-23,7pm,Federal Hocking (Stewart),Trimble (Glouster),0,,
10,2026-10-23,7pm,Bishop Fenwick (Franklin),Archbishop Carroll (Dayton),0,,
10,2026-10-23,7pm,Field (Mogadore),Springfield (Akron),0,,
10,2026-10-23,7pm,Findlay (Findlay),Anthony Wayne (Whitehouse),0,,
10,2026-10-23,7pm,Finneytown (Cincinnati),Taylor (Cleves),0,,
10,2026-10-23,7pm,Firelands (Oberlin),Columbia (Columbia Station),0,,
10,2026-10-23,7pm,Fort Frye (Beverly),Liberty Union (Baltimore),0,,
10,2026-10-23,7pm,Fort Loramie (Fort Loramie),Allen East (Harrod),0,,
10,2026-10-23,7pm,Fort Recovery (Fort Recovery),Minster (Minster),0,,
10,2026-10-23,7pm,Fostoria (Fostoria),Otsego (Tontogany),0,,
10,2026-10-23,7pm,Franklin (Franklin),Brookville (Brookville),0,,
10,2026-10-23,7pm,Fredericktown (Fredericktown),Centerburg (Centerburg),0,,
10,2026-10-23,7pm,Fremont Ross (Fremont),Bowling Green (Bowling Green),0,,
10,2026-10-23,7pm,Frontier (New Matamoras),River (Hannibal),0,,
10,2026-10-23,7pm,Galion (Galion),Clear Fork (Bellville),0,,
10,2026-10-23,7pm,Garfield (Garrettsville),Brookfield (Brookfield),0,,
10,2026-10-23,7pm,Gibsonburg (Gibsonburg),Woodmore (Elmore),0,,
10,2026-10-23,7pm,Gilmour Academy (Gates Mills),Maple Heights (Maple Heights),0,,
10,2026-10-23,7pm,Green (Franklin Furnace),Eastern (Beaver),0,,
10,2026-10-23,7pm,Green (Uniontown),Lake (Uniontown),0,,
10,2026-10-23,7pm,Greenon (Enon),Madison-Plains (London),0,,
10,2026-10-23,7pm,Grove City Christian (Grove City),Fairfield Christian Academy (Lancaster),0,,
10,2026-10-23,7pm,Groveport Madison (Groveport),Canal Winchester (Canal Winchester),0,,
10,2026-10-23,7pm,Hamilton Township (Columbus),Fairfield Union (Lancaster),0,,
10,2026-10-23,7pm,Marion Harding (Marion),Shelby (Shelby),0,,
10,2026-10-23,7pm,Warren G Harding (Warren),Austintown-Fitch (Austintown),0,,
10,2026-10-23,7pm,Hardin Northern (Dola),Elgin (Marion),0,,
10,2026-10-23,7pm,Harvey (Painesville),Chardon (Chardon),0,,
10,2026-10-23,7pm,Hicksville (Hicksville),Edgerton (Edgerton),0,,
10,2026-10-23,7pm,Highland (Medina),Hudson (Hudson),0,,
10,2026-10-23,7pm,Hilliard Bradley (Hilliard),Dublin Coffman (Dublin),0,,
10,2026-10-23,7pm,Hillsdale (Jeromesville),Chippewa (Doylestown),0,,
10,2026-10-23,7pm,Hilltop (West Unity),North Central (Pioneer),0,,
10,2026-10-23,7pm,Holy Name (Parma Heights),Padua Franciscan (Parma),0,,
10,2026-10-23,7pm,Hoover (North Canton),Jackson (Massillon),0,,
10,2026-10-23,7pm,Independence (Independence),Brooklyn (Brooklyn),0,,
10,2026-10-23,7pm,Indian Hill (Cincinnati),Reading (Reading),0,,
10,2026-10-23,7pm,Indian Lake (Lewistown),Northwestern (Springfield),0,,
10,2026-10-23,7pm,Indian Valley (Gnadenhutten),Claymont (Uhrichsville),0,,
10,2026-10-23,7pm,Ironton (Ironton),Portsmouth (Portsmouth),0,,
10,2026-10-23,7pm,Jackson (Jackson),Chillicothe (Chillicothe),0,,
10,2026-10-23,7pm,Jackson-Milton (North Jackson),Western Reserve (Berlin Center),0,,
10,2026-10-23,7pm,Jefferson Area (Jefferson),Edgewood (Ashtabula),0,,
10,2026-10-23,3:30pm,John Adams (Cleveland),John Hay (Cleveland),0,,
10,2026-10-23,3:30pm,John Marshall (Cleveland),Glenville (Cleveland),0,,
10,2026-10-23,7pm,Johnstown (Johnstown),Northridge (Johnstown),0,,
10,2026-10-23,7pm,Jonathan Alder (Plain City),Bellefontaine (Bellefontaine),0,,
10,2026-10-23,7pm,Garfield (Akron),Ellet (Akron),0,,
10,2026-10-23,7pm,Kings (Kings Mills),Walnut Hills (Cincinnati),0,,
10,2026-10-23,7pm,Lake (Millbury),Genoa Area (Genoa),0,,
10,2026-10-23,7pm,Lake Catholic (Mentor),Notre Dame-Cathedral Latin (Chardon),0,,
10,2026-10-23,7pm,Lakewood (Hebron),Heath (Heath),0,,
10,2026-10-23,7pm,Lakewood (Lakewood),North Olmsted (North Olmsted),0,,
10,2026-10-23,7pm,Lakota West (West Chester),Oak Hills (Cincinnati),0,,
10,2026-10-23,7pm,Lancaster (Lancaster),Newark (Newark),0,,
10,2026-10-23,7pm,Lebanon (Lebanon),Winton Woods (Cincinnati),0,,
10,2026-10-23,7pm,Leetonia (Leetonia),Madonna (Weirton),0,,WV
10,2026-10-23,7pm,Lexington (Lexington),Ashland (Ashland),0,,
10,2026-10-23,7pm,Licking Heights (Pataskala),Granville (Granville),0,,
10,2026-10-23,7pm,Licking Valley (Newark),Zanesville (Zanesville),0,,
10,2026-10-23,7pm,Lima Senior (Lima),Scott (Toledo),0,,
10,2026-10-23,7pm,Gahanna Lincoln (Gahanna),Pickerington North (Pickerington),0,,
10,2026-10-23,7pm,Logan Elm (Circleville),Circleville (Circleville),0,,
10,2026-10-23,7pm,London (London),Kenton Ridge (Springfield),0,,
10,2026-10-23,7pm,Lowellville (Lowellville),Springfield (New Middletown),0,,
10,2026-10-23,7pm,Lucas (Lucas),Wynford (Bucyrus),0,,
10,2026-10-23,7pm,Lutheran East (Cleveland Heights),Richmond Heights (Richmond Heights),0,,
10,2026-10-23,7pm,Lutheran West (Rocky River),South (Willoughby),0,,
10,2026-10-23,7pm,Madeira (Cincinnati),Mariemont (Cincinnati),0,,
10,2026-10-23,7pm,Manchester (New Franklin),Northwest (Canal Fulton),0,,
10,2026-10-23,7pm,Manchester (Manchester),Fisher Catholic (Lancaster),0,,
10,2026-10-23,7pm,Mansfield Senior (Mansfield),Madison Comprehensive (Mansfield),0,,
10,2026-10-23,7pm,Mapleton (Ashland),Crestview (Ashland),0,,
10,2026-10-23,7pm,Marietta (Marietta),Warren (Vincent),0,,
10,2026-10-23,7pm,Marion Local (Maria Stein),Coldwater (Coldwater),0,,
10,2026-10-23,7pm,Marlington (Alliance),Alliance (Alliance),0,,
10,2026-10-23,7pm,Marysville (Marysville),Hilliard Darby (Hilliard),0,,
10,2026-10-23,7pm,Mathews (Vienna),Conotton Valley (Bowerston),0,,
10,2026-10-23,7pm,Maumee (Maumee),Eastwood (Pemberville),0,,
10,2026-10-23,7pm,McClain (Greenfield),Hillsboro (Hillsboro),0,,
10,2026-10-23,7pm,Niles McKinley (Niles),Girard (Girard),0,,
10,2026-10-23,7pm,Archbishop McNicholas (Cincinnati),Badin (Hamilton),0,,
10,2026-10-23,7pm,Meigs (Pomeroy),Alexander (Albany),0,,
10,2026-10-23,7pm,St Marys Memorial (St Marys),Elida (Elida),0,,
10,2026-10-23,7pm,Mentor (Mentor),Euclid (Euclid),0,,
10,2026-10-23,7pm,Miami Trace (Washington Court House),Washington (Washington Court House),0,,
10,2026-10-23,7pm,Middletown (Middletown),Hamilton (Hamilton),0,,
10,2026-10-23,7pm,Mifflin (Columbus),Grandview Heights (Columbus),0,,
10,2026-10-23,7pm,Milford (Milford),Turpin (Cincinnati),0,,
10,2026-10-23,7pm,Millersport (Millersport),Miller (Corning),0,,
10,2026-10-23,7pm,Mineral Ridge (Mineral Ridge),McDonald (McDonald),0,,
10,2026-10-23,7pm,Minerva (Minerva),Carrollton (Carrollton),0,,
10,2026-10-23,7pm,Minford (Minford),Valley (Lucasville),0,,
10,2026-10-23,7pm,Monroe Central (Woodsfield),Shadyside (Shadyside),0,,
10,2026-10-23,7pm,Mount Healthy (Cincinnati),La Salle (Cincinnati),0,,
10,2026-10-23,7pm,Napoleon (Napoleon),Liberty-Benton (Findlay),0,,
10,2026-10-23,7pm,National Trail (New Paris),Preble Shawnee (Camden),0,,
10,2026-10-23,7pm,New Albany (New Albany),Westerville Central (Westerville),0,,
10,2026-10-23,7pm,Newcomerstown (Newcomerstown),Buckeye Trail (Lore City),0,,
10,2026-10-23,7pm,New Lexington (New Lexington),Sheridan (Thornville),0,,
10,2026-10-23,7pm,New Miami (Hamilton),Miami Valley Christian Academy (Cincinnati),0,,
10,2026-10-23,7pm,New Richmond (New Richmond),Wilmington (Wilmington),0,,
10,2026-10-23,7pm,Nordonia (Macedonia),Wadsworth (Wadsworth),0,,
10,2026-10-23,7pm,Normandy (Parma),Valley Forge (Parma Heights),0,,
10,2026-10-23,7pm,North (Eastlake),Hawken (Gates Mills),0,,
10,2026-10-23,7pm,North Baltimore (North Baltimore),Upper Scioto Valley (McGuffey),0,,
10,2026-10-23,7pm,North College Hill (Cincinnati),Norwood (Norwood),0,,
10,2026-10-23,7pm,Northeastern (South Vienna),Triad (North Lewisburg),0,,
10,2026-10-23,7pm,Northmor (Galion),Loudonville (Loudonville),0,,
10,2026-10-23,7pm,Northridge (Dayton),Troy Christian (Troy),0,,
10,2026-10-23,7pm,North Union (Richwood),Graham Local (St Paris),0,,
10,2026-10-23,7pm,Norton (Norton),Cloverleaf (Seville),0,,
10,2026-10-23,7pm,Northwest (Cincinnati),Harrison (Harrison),0,,
10,2026-10-23,7pm,Northwestern (West Salem),Norwayne (Creston),0,,
10,2026-10-23,7pm,Northwood (Northwood),Lakota (Kansas),0,,
10,2026-10-23,7pm,Oak Hill (Oak Hill),Northwest (McDermott),0,,
10,2026-10-23,7pm,Oakwood (Dayton),Madison (Middletown),0,,
10,2026-10-23,7pm,Olentangy (Lewis Center),Olentangy Berlin (Delaware),0,,
10,2026-10-23,7pm,Olentangy Liberty (Powell),Olentangy Orange (Lewis Center),0,,
10,2026-10-23,7pm,Olmsted Falls (Olmsted Falls),North Ridgeville (North Ridgeville),0,,
10,2026-10-23,7pm,Ontario (Ontario),River Valley (Caledonia),0,,
10,2026-10-23,7pm,Orange (Pepper Pike),Geneva (Geneva),0,,
10,2026-10-23,7pm,Orrville (Orrville),Triway (Wooster),0,,
10,2026-10-23,7pm,Ottawa-Glandorf (Ottawa),Shawnee (Lima),0,,
10,2026-10-23,7pm,Ottawa Hills (Toledo),Margaretta (Castalia),0,,
10,2026-10-23,7pm,Paint Valley (Bainbridge),Huntington (Chillicothe),0,,
10,2026-10-23,7pm,Parkway (Rockford),New Bremen (New Bremen),0,,
10,2026-10-23,7pm,Perry (Lima),Ridgedale (Morral),0,,
10,2026-10-23,7pm,Perry (Massillon),GlenOak (Canton),0,,
10,2026-10-23,7pm,Philo (Duncan Falls),Maysville (Zanesville),0,,
10,2026-10-23,7pm,Piketon (Piketon),Southeastern (Chillicothe),0,,
10,2026-10-23,7pm,Pleasant (Marion),Highland (Marengo),0,,
10,2026-10-23,7pm,Poland Seminary (Poland),Struthers (Struthers),0,,
10,2026-10-23,7pm,Pymatuning Valley (Andover),Grand Valley (Orwell),0,,
10,2026-10-23,7pm,Ravenna (Ravenna),Kent Roosevelt (Kent),0,,
10,2026-10-23,7pm,Revere (Richfield),Brecksville-Broadview Heights (Broadview Heights),0,,
10,2026-10-23,7pm,Reynoldsburg (Reynoldsburg),Pickerington Central (Pickerington),0,,
10,2026-10-23,3:30pm,Rhodes (Cleveland),East Technical (Cleveland),0,,
10,2026-10-23,7pm,Ridgewood (West Lafayette),Garaway (Sugarcreek),0,,
10,2026-10-23,7pm,Rittman (Rittman),Waynedale (Apple Creek),0,,
10,2026-10-23,7pm,Riverside (De Graff),Miami East (Casstown),0,,
10,2026-10-23,7pm,Riverside (Painesville),Lorain (Lorain),0,,
10,2026-10-23,7pm,River View (Warsaw),Coshocton (Coshocton),0,,
10,2026-10-23,7pm,Rock Hill (Ironton),Dawson-Bryant (Coal Grove),0,,
10,2026-10-23,7pm,Roger Bacon (St Bernard),Purcell Marian (Cincinnati),0,,
10,2026-10-23,7pm,Ross (Hamilton),Bellbrook (Bellbrook),0,,
10,2026-10-23,7pm,Rossford (Rossford),Oak Harbor (Oak Harbor),0,,
10,2026-10-23,7pm,St Charles (Columbus),Bishop Watterson (Columbus),0,,
10,2026-10-23,7pm,St Clairsville (St Clairsville),Cambridge (Cambridge),0,,
10,2026-10-23,7pm,St Francis de Sales (Toledo),St John's Jesuit (Toledo),0,,
10,2026-10-23,7pm,St Henry (St Henry),St John's (Delphos),0,,
10,2026-10-23,7pm,Villa Angela-St Joseph (Cleveland),Delaware Hayes (Delaware),0,,
10,2026-10-23,7pm,St Paul (Norwalk),Monroeville (Monroeville),0,,
10,2026-10-23,7pm,Salem (Salem),West Branch (Beloit),0,,
10,2026-10-23,7pm,Sandusky (Sandusky),Port Clinton (Port Clinton),0,,
10,2026-10-23,7pm,Shaker Heights (Shaker Heights),Cleveland Heights (Cleveland Heights),0,,
10,2026-10-23,7pm,Sidney (Sidney),Piqua (Piqua),0,,
10,2026-10-23,7pm,Smithville (Smithville),Dalton (Dalton),0,,
10,2026-10-23,7pm,Solon (Solon),Medina (Medina),0,,
10,2026-10-23,7pm,Canton South (Canton),Coventry (Coventry Twp),0,,
10,2026-10-23,7pm,South (Columbus),Marion-Franklin (Columbus),0,,
10,2026-10-23,7pm,Southeast (Ravenna),Liberty (Youngstown),0,,
10,2026-10-23,7pm,Southeastern Local (South Charleston),Cedarville (Cedarville),0,,
10,2026-10-23,7pm,South Gallia (Crown City),Symmes Valley (Willow Wood),0,,
10,2026-10-23,7pm,South Point (South Point),Gallia Academy (Gallipolis),0,,
10,2026-10-23,7pm,South Range (Canfield),Hubbard (Hubbard),0,,
10,2026-10-23,7pm,Springboro (Springboro),Miamisburg (Miamisburg),0,,
10,2026-10-23,7pm,Springfield (Holland),Sylvania Southview (Sylvania),0,,
10,2026-10-23,7pm,Springfield (Springfield),Northmont (Clayton),0,,
10,2026-10-23,7pm,Amherst Steele (Amherst),Midview (Grafton),0,,
10,2026-10-23,7pm,Stow-Munroe Falls (Stow),North Royalton (North Royalton),0,,
10,2026-10-23,7pm,Streetsboro (Streetsboro),Tallmadge (Tallmadge),0,,
10,2026-10-23,6pm,Stryker (Stryker),Sebring McKinley (Sebring),0,,
10,2026-10-23,7pm,Summit Country Day (Cincinnati),Cincinnati Hills Christian Academy (Cincinnati),0,,
10,2026-10-23,7pm,Sycamore (Cincinnati),Lakota East (Liberty Township),0,,
10,2026-10-23,7pm,Sylvania Northview (Sylvania),Clay (Oregon),0,,
10,2026-10-23,7pm,Teays Valley (Ashville),Logan (Logan),0,,
10,2026-10-23,7pm,Tinora (Defiance),Paulding (Paulding),0,,
10,2026-10-23,7pm,Trinity (Garfield Heights),Beachwood (Beachwood),0,,
10,2026-10-23,7pm,Tri-Valley (Dresden),John Glenn (New Concord),0,,
10,2026-10-23,7pm,Tri-Village (New Madison),Arcanum (Arcanum),0,,
10,2026-10-23,7pm,Troy (Troy),Greenville (Greenville),0,,
10,2026-10-23,7pm,Tuscarawas Central Catholic (New Philadelphia),Strasburg-Franklin (Strasburg),0,,
10,2026-10-23,7pm,Tuscarawas Valley (Zoarville),Sandy Valley (Magnolia),0,,
10,2026-10-23,7pm,Tri-County North (Lewisburg),Twin Valley South (West Alexandria),0,,
10,2026-10-23,7pm,Union Local (Belmont),Barnesville (Barnesville),0,,
10,2026-10-23,7pm,Unioto (Chillicothe),Zane Trace (Chillicothe),0,,
10,2026-10-23,7pm,United (Hanoverton),Southern (Salineville),0,,
10,2026-10-23,7pm,University School (Hunting Valley),Howland (Warren),0,,
10,2026-10-23,7pm,Upper Arlington (Upper Arlington),Hilliard Davidson (Hilliard),0,,
10,2026-10-23,7pm,Upper Sandusky (Upper Sandusky),Seneca East (Attica),0,,
10,2026-10-23,7pm,Urbana (Urbana),Tecumseh (New Carlisle),0,,
10,2026-10-23,7pm,Ursuline (Youngstown),Cardinal Mooney (Youngstown),0,,
10,2026-10-23,7pm,Van Buren (Van Buren),McComb (McComb),0,,
10,2026-10-23,7pm,Vanlue (Vanlue),Crestline (Crestline),0,,
10,2026-10-23,7pm,Van Wert (Van Wert),Kenton (Kenton),0,,
10,2026-10-23,7pm,Vinton County (McArthur),Wellston (Wellston),0,,
10,2026-10-23,7pm,Waite (Toledo),Leipsic (Leipsic),0,,
10,2026-10-23,7pm,Walnut Ridge (Columbus),Independence (Columbus),0,,
10,2026-10-23,7pm,Walsh Jesuit (Cuyahoga Falls),Trotwood-Madison (Trotwood),0,,
10,2026-10-23,7pm,Waterloo (Atwater),Campbell Memorial (Campbell),0,,
10,2026-10-23,7pm,Watkins Memorial (Pataskala),Mount Vernon (Mount Vernon),0,,
10,2026-10-23,7pm,Wauseon (Wauseon),Swanton (Swanton),0,,
10,2026-10-23,7pm,Wayne (Huber Heights),Centerville (Centerville),0,,
10,2026-10-23,7pm,Waynesfield-Goshen (Waynesfield),Ridgemont (Mt Victory),0,,
10,2026-10-23,7pm,Waynesville (Waynesville),Valley View (Germantown),0,,
10,2026-10-23,7pm,Wayne Trace (Haviland),Fairview (Sherwood),0,,
10,2026-10-23,7pm,Wellington (Wellington),Brookside (Sheffield),0,,
10,2026-10-23,7pm,West Carrollton (West Carrollton),Tippecanoe (Tipp City),0,,
10,2026-10-23,7pm,Western Brown (Mount Orab),Goshen (Goshen),0,,
10,2026-10-23,6:30pm,Western Hills (Cincinnati),Hughes (Cincinnati),0,,
10,2026-10-23,7pm,Western Reserve (Collins),New London (New London),0,,
10,2026-10-23,7pm,Westfall (Williamsport),Adena (Frankfort),0,,
10,2026-10-23,7pm,West Clermont (Cincinnati),Little Miami (Morrow),0,,
10,2026-10-23,7pm,West Geauga (Chesterland),Perry (Perry),0,,
10,2026-10-23,7pm,West Holmes (Millersburg),Wooster (Wooster),0,,
10,2026-10-23,7pm,Westland (Galloway),Big Walnut (Sunbury),0,,
10,2026-10-23,7pm,West Liberty-Salem (West Liberty),Mechanicsburg (Mechanicsburg),0,,
10,2026-10-23,7pm,West Muskingum (Zanesville),Meadowbrook (Byesville),0,,
10,2026-10-23,7pm,Wheelersburg (Wheelersburg),Portsmouth West (West Portsmouth),0,,
10,2026-10-23,7pm,Whetstone (Columbus),Centennial (Columbus),0,,
10,2026-10-23,7pm,Whitmer (Toledo),Perrysburg (Perrysburg),0,,
10,2026-10-23,7pm,Wickliffe (Wickliffe),Conneaut (Conneaut),0,,
10,2026-10-23,7pm,Willard (Willard),Carey (Carey),0,,
10,2026-10-23,7pm,Harvest Prep (Canal Winchester),KIPP Columbus (Columbus),0,,
10,2026-10-23,7pm,Thomas Worthington (Worthington),Dublin Jerome (Dublin),0,,
10,2026-10-23,7pm,Worthington Christian (Worthington),Waverly (Waverly),0,,
10,2026-10-23,7pm,Worthington Kilbourne (Columbus),Westerville South (Westerville),0,,
10,2026-10-23,7pm,Wyoming (Cincinnati),Deer Park (Cincinnati),0,,
10,2026-10-23,7pm,Xenia (Xenia),Stebbins (Riverside),0,,
10,2026-10-23,7pm,Clark Montessori (Cincinnati),Cincinnati Country Day (Cincinnati),0,,
10,2026-10-23,6pm,Cincinnati College Prep (Cincinnati),Wheeling Central Catholic (Wheeling),0,,WV
10,2026-10-23,7pm,Brooke (Wellsburg),East Liverpool (East Liverpool),0,WV,
10,2026-10-23,7pm,Buffalo (Buffalo),Point Pleasant (Point Pleasant),0,WV,WV
10,2026-10-23,7pm,Cameron (Cameron),Toronto (Toronto),0,WV,
10,2026-10-23,7pm,John Marshall (Glen Dale),Cabell Midland (Ona),0,WV,WV
10,2026-10-23,7pm,Magnolia (New Martinsville),Mount View,0,WV,WV
10,2026-10-23,7pm,St Marys (St Marys),Calhoun County,0,WV,WV
10,2026-10-23,7pm,Valley (Wetzel) (Pine Grove),Wirt County (Elizabeth),0,WV,WV
10,2026-10-23,7pm,Wheeling Park (Wheeling),Oak Hill,0,WV,WV
10,2026-10-23,7pm,Williamstown (Williamstown),Doddridge County,0,WV,WV
10,2026-10-23,7pm,Linsly (Wheeling),Louisville (Louisville),0,WV,
10,2026-10-23,7pm,Beechwood (Fort Mitchell),Bracken County,0,KY,KY
10,2026-10-23,7:30pm,Belfry (Belfry),Shelby Valley (Pikeville),0,KY,KY
10,2026-10-23,7pm,Bellevue (Bellevue),Newport Central Catholic,0,KY,KY
10,2026-10-23,7:30pm,Boyd County (Ashland),McCreary Central,0,KY,KY
10,2026-10-23,7:30pm,Carroll County (Carrollton),Lloyd Memorial (Erlanger),0,KY,KY
10,2026-10-23,7:30pm,Corbin (Corbin),Perry County Central,0,KY,KY
10,2026-10-23,7:30pm,Greenup County (Greenup),Rowan County,0,KY,KY
10,2026-10-23,7:30pm,Hazard,Pikeville (Pikeville),0,KY,KY
10,2026-10-23,7:30pm,Highlands (Fort Thomas),Scott County (Georgetown),0,KY,KY
10,2026-10-23,7:30pm,Johnson Central,Ashland Blazer (Ashland),0,KY,KY
10,2026-10-23,7:30pm,Lewis County (Vanceburg),Holmes (Covington),0,KY,KY
10,2026-10-23,7pm,Ludlow (Ludlow),Holy Cross (Covington),0,KY,KY
10,2026-10-23,7pm,Mason County,Covington Catholic (Park Hills),0,KY,KY
10,2026-10-23,7:30pm,Nicholas County,Raceland (Raceland),0,KY,KY
10,2026-10-23,7:30pm,Paris,Fairview (Ashland),0,KY,KY
10,2026-10-23,7pm,Pleasure Ridge Park (Louisville),St Xavier (Louisville),0,KY,KY
10,2026-10-23,7:30pm,Russell (Russell),East Carter,0,KY,KY
10,2026-10-23,,Ryle (Union),Simon Kenton (Independence),0,KY,KY
10,2026-10-23,6:30pm,Somerset (Somerset),Christian County,0,KY,KY
10,2026-10-23,7:30pm,Trinity (Louisville),Oldham County,0,KY,KY
10,2026-10-23,7pm,Adrian Lenawee Christian (Adrian),Mendon,0,MI,MI
10,2026-10-23,7pm,Camden-Frontier (Camden),Britton-Deerfield (Britton),0,MI,MI
10,2026-10-23,7pm,Detroit King (Detroit),Archbishop Moeller (Cincinnati),0,MI,
10,2026-10-23,7pm,U of D Jesuit (Detroit),Orchard Lake St Mary (Orchard Lake),0,MI,MI
10,2026-10-23,7pm,Erie Mason (Erie),Petersburg Summerfield (Petersburg),0,MI,MI
10,2026-10-23,7pm,Lumen Christi (Jackson),Dearborn Divine Child (Dearborn),0,MI,MI
10,2026-10-23,7pm,Muskegon Mona Shores (Muskegon),River Rouge (River Rouge),0,MI,MI
10,2026-10-23,7pm,Okemos,DeWitt (DeWitt),0,MI,MI
10,2026-10-23,7pm,Ottawa Lake Whiteford (Ottawa Lake),Sand Creek (Sand Creek),0,MI,MI
10,2026-10-23,7pm,Portage Central (Portage),St Joseph,0,MI,MI
10,2026-10-23,,Novi Detroit Catholic Central (Novi),Brother Rice (Bloomfield Hills),0,MI,MI
10,2026-10-23,7pm,Southfield Christian,Waldron (Waldron),0,MI,MI
10,2026-10-23,7pm,Bedford (Temperance),Grand Ledge,0,MI,MI
10,2026-10-23,7pm,Everett (Everett),Meyersdale,0,PA,PA
10,2026-10-23,6pm,Butler (Butler),Erie (Erie),0,PA,PA
10,2026-10-23,7pm,Pine-Richland (Gibsonia),North Hills,0,PA,PA
10,2026-10-23,7pm,Western Beaver (Industry),Beaver Falls,0,PA,PA
10,2026-10-23,7pm,Leechburg,Jeannette (Jeannette),0,PA,PA
10,2026-10-23,7pm,McDowell (Erie),Meadville,0,PA,PA
10,2026-10-23,7pm,Harbor Creek (Harborcreek),Cathedral Prep (Erie),0,PA,PA
10,2026-10-23,7pm,Mercer,Farrell (Farrell),0,PA,PA
10,2026-10-23,7pm,Kennedy Catholic (Hermitage),Plymouth (Plymouth),0,PA,
10,2026-10-23,,IHSAA playoffs - round one,Hamilton Heights (Arcadia),0,IN,IN
10,2026-10-23,,IHSAA playoffs - round one,Cardinal Ritter (Indianapolis),0,IN,IN
10,2026-10-23,,IHSAA playoffs - round one,Blackhawk Christian (Fort Wayne),0,IN,IN
10,2026-10-23,,IHSAA playoffs - round one,Bishop Chatard (Indianapolis),0,IN,IN
10,2026-10-23,,IHSAA playoffs - round one,South Dearborn (Aurora),0,IN,IN
10,2026-10-23,,IHSAA playoffs - round one,Bishop Dwenger (Fort Wayne),0,IN,IN
10,2026-10-23,,IHSAA playoffs - round one,Richmond (Richmond),0,IN,IN
10,2026-10-23,,IHSAA playoffs - round one,East Central (St Leon),0,IN,IN
10,2026-10-23,,IHSAA playoffs - round one,Lawrenceburg (Lawrenceburg),0,IN,IN
10,2026-10-23,,Knoxville Catholic,Christ Presbyterian Academy (Nashville),0,TN,TN
10,2026-10-23,,Oakland (Murfreesboro),Stewarts Creek (Smyrna),0,TN,TN
10,2026-10-23,7pm,The St James Academy (Springfield),St Xavier (Cincinnati),0,VA,
10,2026-10-23,7pm,Southern Garrett (Oakland),Oak Glen (New Cumberland),0,MD,WV
10,2026-10-23,,Archbishop Curley (Baltimore),Our Lady of Mount Carmel (Essex),0,MD,MD
10,2026-10-23,7pm,Mt Zion Prep (Lanham),Elder (Cincinnati),0,MD,
10,2026-10-23,7pm,Gonzaga (Washington),Good Counsel (Wheaton),0,DC,MD
10,2026-10-23,6pm,Digital Pioneers Academy (Washington),Steubenville (Steubenville),0,DC,
10,2026-10-23,6:30pm,St Mary's (Lancaster),Bishop Timon - St Jude (Buffalo),0,NY,NY
10,2026-10-23,6pm,Canisius (Buffalo),Monroe (Rochester),0,NY,NY
10,2026-10-23,6pm,Eagle Academy for Young Men II (Brooklyn),Canarsie Campus (Brooklyn),0,NY,NY
10,2026-10-23,,St Thomas More (Oakdale),Hewlett Sports Academy (Waldorf),1,CT,MD
10,2026-10-23,7:30pm,The Hun School (Princeton),Cornerstone Christian (San Antonio),0,NJ,TX
10,2026-10-23,6pm,Salem (Salem),Pennsville Memorial (Pennsville),0,NJ,NJ
10,2026-10-23,8pm,Hayti,Middle Tennessee Christian School (Murfreesboro),0,MO,TN
10,2026-10-23,8pm,Cardinal Ritter (St Louis),Jackson,0,MO,MO
10,2026-10-23,7pm,St Andrew's College (Aurora),St Francis (Hamburg),0,ON,NY
10,2026-10-23,5pm,Huron Heights (Newmarket),Detroit Cass Tech (Detroit),0,ON,MI
10,2026-10-23,7pm,Football North (via Clarkson SS) (Mississauga),St Ignatius (Cleveland),0,ON,
10,2026-10-23,7pm,Olympia (Orlando),West Orange (Winter Garden),0,FL,FL
10,2026-10-23,7pm,Cardinal Gibbons (Raleigh),Sanderson (Raleigh),0,NC,NC
10,2026-10-23,,Aces Elite Steam Academy,Saint Frances Academy (Baltimore),0,AZ,MD
10,2026-10-23,7pm,Cabarrus (Cannon/Concord co-op),Rabun Gap - Nacoochee (Rabun Gap),0,NC,GA
10,2026-10-24,12pm,Buchtel (Akron),East (Akron),0,,
10,2026-10-24,2pm,Canton McKinley (Canton),Massillon Washington (Massillon),0,,
10,2026-10-24,2pm,Youngstown (Youngstown),Garfield Heights (Garfield Heights),0,,
10,2026-10-24,7pm,East Palestine (East Palestine),Valley Christian School (Youngstown),0,,
10,2026-10-24,4pm,Holgate (Holgate),Chalker (Southington),0,,
10,2026-10-24,12pm,North (Akron),Firestone (Akron),0,,
10,2026-10-24,6pm,St Bernard-Elmwood Place (St Bernard),Stivers (Dayton),0,,
10,2026-10-24,7pm,St Mary Central Catholic (Sandusky),St Joseph Central Catholic (Fremont),0,,
10,2026-10-24,12pm,Shaw (East Cleveland),Cleveland Central Catholic (Cleveland),0,,
10,2026-10-24,12pm,Shroder (Cincinnati),Gamble Montessori (Cincinnati),0,,
10,2026-10-24,7pm,Southern (Racine),Eastern (Reedsville),0,,
10,2026-10-24,7pm,Utica (Utica),Newark Catholic (Newark),0,,
10,2026-10-24,7pm,Wellsville (Wellsville),Catholic Central (Steubenville),0,,
10,2026-10-24,6pm,Windham (Windham),Danbury (Lakeside),0,,
10,2026-10-24,3pm,Withrow (Cincinnati),Taft (Cincinnati),0,,
10,2026-10-24,1pm,Frankfort (Ridgeley),Wahama (Mason),0,WV,WV
10,2026-10-24,6pm,Expression Prep Academy (Huntington),North Adams (club) (Seaman),0,WV,
10,2026-10-24,1pm,Colon,North Adams-Jerome (North Adams),0,MI,MI
10,2026-10-24,6pm,St Michael the Archangel (Fredericksburg),Friendship Collegiate (Washington),0,VA,DC
10,2026-10-24,1pm,Loudoun Sports Academy (Leesburg),St Edward (Lakewood),0,VA,
10,2026-10-24,2pm,DeMatha Catholic (Hyattsville),St John's College (Washington),0,MD,DC
10,2026-10-24,2pm,Christian Brothers Academy - Syracuse (Syracuse),St Joseph's Collegiate (Buffalo),0,NY,NY
10,2026-10-24,2pm,Health Sciences (Buffalo),Niagara Falls (Niagara Falls),0,NY,NY
10,2026-10-25,1pm,Xaverian (Brooklyn),St Francis Prep (Fresh Meadows),0,NY,NY
11,2026-10-29,8pm,Middle Tennessee Christian School (Murfreesboro),Providence Christian Academy (Murfreesboro),0,TN,TN
11,2026-10-29,7pm,Castlewood,Tri-Cities Christian Academy (Kingsport),0,VA,TN
11,2026-10-30,7pm,Clay-Battelle (Blacksville),Madonna (Weirton),0,WV,WV
11,2026-10-30,7pm,East Hardy (Baker),Cameron (Cameron),0,WV,WV
11,2026-10-30,7pm,Elkins,Brooke (Wellsburg),0,WV,WV
11,2026-10-30,7:30pm,Greater Beckley Christian,Expression Prep Academy (Huntington),0,WV,WV
11,2026-10-30,7:30pm,Liberty (Raleigh),St Marys (St Marys),0,WV,WV
11,2026-10-30,7pm,Moorefield,Weir (Weirton),0,WV,WV
11,2026-10-30,7pm,Valley (Wetzel) (Pine Grove),Magnolia (New Martinsville),0,WV,WV
11,2026-10-30,7pm,Wahama (Mason),Gilmer County (Glenville),0,WV,WV
11,2026-10-30,7pm,Wayne,Williamstown (Williamstown),0,WV,WV
11,2026-10-30,7:30pm,Ashland Blazer (Ashland),Lexington Catholic (Lexington),0,KY,KY
11,2026-10-30,7pm,Beechwood (Fort Mitchell),Campbell County (Alexandria),0,KY,KY
11,2026-10-30,7pm,Bellevue (Bellevue),Holy Cross (Covington),0,KY,KY
11,2026-10-30,7:30pm,Boyd County (Ashland),Lawrence County,0,KY,KY
11,2026-10-30,7:30pm,Breathitt County (Jackson),Russell (Russell),0,KY,KY
11,2026-10-30,7:30pm,East Carter,Raceland (Raceland),0,KY,KY
11,2026-10-30,7:30pm,Fairview (Ashland),Lewis County (Vanceburg),0,KY,KY
11,2026-10-30,7:30pm,Hazard,Somerset (Somerset),0,KY,KY
11,2026-10-30,7:30pm,Letcher County Central,Belfry (Belfry),0,KY,KY
11,2026-10-30,7pm,Lloyd Memorial (Erlanger),Boone County,0,KY,KY
11,2026-10-30,7:30pm,Montgomery County,Greenup County (Greenup),0,KY,KY
11,2026-10-30,7:30pm,Newport Central Catholic,Mason County,0,KY,KY
11,2026-10-30,7:30pm,Pikeville (Pikeville),Bracken County,0,KY,KY
11,2026-10-30,7pm,Ryle (Union),Dixie Heights (Edgewood),0,KY,KY
11,2026-10-30,7:30pm,Simon Kenton (Independence),Cooper (Union),0,KY,KY
11,2026-10-30,7:30pm,St Xavier (Louisville),Madison Central,0,KY,KY
11,2026-10-30,7:30pm,Great Crossing (Georgetown),Corbin (Corbin),0,KY,KY
11,2026-10-30,7pm,Everett (Everett),Curwensville,0,PA,PA
11,2026-10-30,7pm,Pine-Richland (Gibsonia),Plum,0,PA,PA
11,2026-10-30,7pm,Jeannette (Jeannette),Clairton (Clairton),0,PA,PA
11,2026-10-30,7pm,Western Beaver (Industry),Neshannock,0,PA,PA
11,2026-10-30,7pm,Meadville,Cathedral Prep (Erie),0,PA,PA
11,2026-10-30,7pm,Erie (Erie),Farrell (Farrell),0,PA,PA
11,2026-10-30,7pm,Central Clarion (co-op),Butler (Butler),0,PA,PA
11,2026-10-30,,McCallie,Christ Presbyterian Academy (Nashville),0,TN,TN
11,2026-10-30,,Oakland (Murfreesboro),Riverdale,0,TN,TN
11,2026-10-30,6pm,Riverdale Baptist (Upper Marlboro),Friendship Collegiate (Washington),0,MD,DC
11,2026-10-30,,Our Lady of Mount Carmel (Essex),Annapolis Area Christian (Annapolis),0,MD,MD
11,2026-10-30,,Mt Zion Prep (Lanham),Rabun Gap - Nacoochee (Rabun Gap),0,MD,GA
11,2026-10-30,7pm,KIPP DC Legacy College Prep (Washington),Digital Pioneers Academy (Washington),0,DC,DC
11,2026-10-30,7pm,Canisius (Buffalo),Bishop Timon - St Jude (Buffalo),0,NY,NY
11,2026-10-30,7pm,Salesianum (Wilmington),Middletown (Middletown),0,DE,DE
11,2026-10-30,7pm,Huron Heights (Newmarket),Martinsburg (Martinsburg),0,ON,WV
11,2026-10-30,,Football North (via Clarkson SS) (Mississauga),Saint Frances Academy (Baltimore),0,ON,MD
11,2026-10-30,10pm,Mater Academy East (Las Vegas),Bishop Gorman (Las Vegas),0,NV,NV
11,2026-10-30,7pm,West Orange (Winter Garden),Jones (Orlando),0,FL,FL
11,2026-10-30,7pm,Cary (Cary),Cardinal Gibbons (Raleigh),0,NC,NC
11,2026-10-30,,AZ Compass Prep (Chandler),Cornerstone Christian (San Antonio),0,AZ,TX
11,2026-10-31,12pm,West Union (club) (West Union),Peebles (club) (Peebles),0,,
11,2026-10-31,,Kiski Prep (Saltsburg),Linsly (Wheeling),0,PA,WV
11,2026-10-31,,The St James Academy (Springfield),Loudoun Sports Academy (Leesburg),0,VA,VA
11,2026-10-31,2pm,DeMatha Catholic (Hyattsville),Gonzaga (Washington),0,MD,DC
11,2026-10-31,2pm,St John's College (Washington),Bishop McNamara (Forestville),0,DC,MD
11,2026-10-31,7pm,St Joseph's Collegiate (Buffalo),St Francis (Hamburg),0,NY,NY
11,2026-10-31,1pm,St Francis Prep (Fresh Meadows),Kellenberg Memorial (Uniondale),0,NY,NY
11,2026-10-31,2pm,New Dorp (Staten Island),Eagle Academy for Young Men II (Brooklyn),0,NY,NY
11,2026-10-31,7pm,The Hun School (Princeton),IMG Academy (Bradenton),0,NJ,FL
11,2026-10-31,12pm,Pennington (Pennington),Long Island Lutheran (Brookville),0,NJ,NY
12,2026-11-05,,Saint Frances Academy (Baltimore),St Thomas More (Oakdale),0,MD,CT
12,2026-11-05,6:30pm,Riverdale Baptist (Upper Marlboro),St John Catholic Prep (Buckeystown),0,MD,MD
12,2026-11-06,7pm,Cameron (Cameron),Pendleton County,0,WV,WV
12,2026-11-06,7pm,Clay-Battelle (Blacksville),Magnolia (New Martinsville),0,WV,WV
12,2026-11-06,7pm,Hampshire,Oak Glen (New Cumberland),0,WV,WV
12,2026-11-06,7pm,John Marshall (Glen Dale),Wheeling Park (Wheeling),0,WV,WV
12,2026-11-06,7pm,Madonna (Weirton),Tucker County (Hambleton),0,WV,WV
12,2026-11-06,7pm,Richwood,Valley (Wetzel) (Pine Grove),0,WV,WV
12,2026-11-06,7pm,St Marys (St Marys),Wirt County (Elizabeth),0,WV,WV
12,2026-11-06,7:30pm,Wahama (Mason),Man,0,WV,WV
12,2026-11-06,7pm,Weir (Weirton),Brooke (Wellsburg),0,WV,WV
12,2026-11-06,7pm,Wheeling Central Catholic (Wheeling),Williamstown (Williamstown),0,WV,WV
12,2026-11-06,7pm,Winfield,Point Pleasant (Point Pleasant),0,WV,WV
12,2026-11-06,,Loudoun Sports Academy (Leesburg),Cornerstone Christian (San Antonio),0,VA,TX
12,2026-11-06,,Our Lady of Mount Carmel (Essex),St Vincent Pallotti (Laurel),0,MD,MD
12,2026-11-06,6:30pm,The Hun School (Princeton),U.S. Military Academy Prep (West Point),0,NJ,NY
12,2026-11-06,7pm,Paul M. Hodgson Vo-Tech (Newark),Middletown (Middletown),0,DE,DE
12,2026-11-06,,Legacy Sport Sciences (Spring),Catholic (Baton Rouge),0,TX,LA
12,2026-11-06,,Football North (via Clarkson SS) (Mississauga),Hewlett Sports Academy (Waldorf),0,ON,MD
12,2026-11-06,10pm,CIVICA Academy (North Las Vegas),Bishop Gorman (Las Vegas),0,NV,NV
12,2026-11-07,,Linsly (Wheeling),Wyoming Seminary,0,WV,PA
12,2026-11-07,7pm,Good Counsel (Wheaton),Bishop McNamara (Forestville),0,MD,MD
12,2026-11-07,1pm,Concordia Prep (Towson),Long Island Lutheran (Brookville),0,MD,NY
12,2026-11-07,1pm,Gonzaga (Washington),St John's College (Washington),0,DC,DC
12,2026-11-07,11am,Tottenville (Staten Island),Eagle Academy for Young Men II (Brooklyn),0,NY,NY
12,2026-11-07,3pm,Huron Heights (Newmarket),Mt Zion Prep (Lanham),0,ON,MD
13,2026-11-13,7pm,Middletown (Middletown),Appoquinimink (Middletown),0,DE,DE
13,2026-11-13,,Legacy Sport Sciences (Spring),Cornerstone Christian (San Antonio),0,TX,TX
13,2026-11-13,,IMG Academy (Bradenton),Saint Frances Academy (Baltimore),0,FL,MD
13,2026-11-14,12pm,Eagle Academy for Young Men II (Brooklyn),DeWitt Clinton (Bronx),0,NY,NY
13,2026-11-14,12pm,Huron Heights (Newmarket),Long Island Lutheran (Brookville),0,ON,NY
